    PRAGMA journal_mode=OFF;    PRAGMA count_changes=OFF;    DROP TABLE IF EXISTS files;    DROP TABLE IF EXISTS symbols;    DROP TABLE IF EXISTS mainrows;    DROP TABLE IF EXISTS children;    DROP TABLE IF EXISTS parents;    DROP TABLE IF EXISTS summary;    CREATE TABLE children (        self_id INTEGER CONSTRAINT self_exists REFERENCES mainrows(id),        parent_id INTEGER CONSTRAINT parent_exists REFERENCES mainrows(id),        from_parent_count INTEGER,        from_parent_calls INTEGER,        from_parent_paths INTEGER,        pct REAL    );    CREATE TABLE files (        id,        name TEXT    );    CREATE TABLE mainrows (        id INTEGER PRIMARY KEY,        symbol_id INTEGER CONSTRAINT symbol_id_exists REFERENCES symbols(id),        self_count INTEGER,        cumulative_count INTEGER,        kids INTEGER,        self_calls INTEGER,        total_calls INTEGER,        self_paths INTEGER,        total_paths INTEGER,        pct REAL    );    CREATE TABLE parents (        self_id INTEGER CONSTRAINT self_exists REFERENCES mainrows(id),        child_id INTEGER CONSTRAINT child_exists REFERENCES mainrows(id),        to_child_count INTEGER,        to_child_calls INTEGER,        to_child_paths INTEGER,        pct REAL    );    CREATE TABLE summary (        counter TEXT,        total_count INTEGER,        total_freq INTEGER,        tick_period REAL    );    CREATE TABLE symbols (        id,        name TEXT,        filename_id INTEGER CONSTRAINT file_id_exists REFERENCES files(id)    );    CREATE UNIQUE INDEX fileIndex ON files (id);    CREATE INDEX selfCountIndex ON mainrows(self_count);    CREATE UNIQUE INDEX symbolsIndex ON symbols (id);    CREATE INDEX totalCountIndex ON mainrows(cumulative_count);
INSERT INTO files(id, name) VALUES(10,"root");
INSERT INTO symbols(id, name, filename_id) VALUES (10,"root", 10);
INSERT INTO symbols(id, name, filename_id) VALUES (11,"AlcaBeamMonitor", 10);
INSERT INTO symbols(id, name, filename_id) VALUES (12,"Debug", 11);
INSERT INTO symbols(id, name, filename_id) VALUES (13,"Service", 11);
INSERT INTO symbols(id, name, filename_id) VALUES (14,"Validation", 11);
INSERT INTO symbols(id, name, filename_id) VALUES (15,"Btag", 10);
INSERT INTO symbols(id, name, filename_id) VALUES (16,"CSVTag_ETA_0-1v4", 15);
INSERT INTO symbols(id, name, filename_id) VALUES (17,"CSVTag_ETA_1v4-2v4", 15);
INSERT INTO symbols(id, name, filename_id) VALUES (18,"CSVTag_GLOBAL", 15);
INSERT INTO symbols(id, name, filename_id) VALUES (19,"CSV_ETA_0-1v4", 15);
INSERT INTO symbols(id, name, filename_id) VALUES (20,"CSV_ETA_1v4-2v4", 15);
INSERT INTO symbols(id, name, filename_id) VALUES (21,"CSV_GLOBAL", 15);
INSERT INTO symbols(id, name, filename_id) VALUES (22,"GhTrk_ETA_0-1v4", 15);
INSERT INTO symbols(id, name, filename_id) VALUES (23,"GhTrk_ETA_1v4-2v4", 15);
INSERT INTO symbols(id, name, filename_id) VALUES (24,"GhTrk_GLOBAL", 15);
INSERT INTO symbols(id, name, filename_id) VALUES (25,"IPTag_ETA_0-1v4", 15);
INSERT INTO symbols(id, name, filename_id) VALUES (26,"IPTag_ETA_1v4-2v4", 15);
INSERT INTO symbols(id, name, filename_id) VALUES (27,"IPTag_GLOBAL", 15);
INSERT INTO symbols(id, name, filename_id) VALUES (28,"JBP_ETA_0-1v4", 15);
INSERT INTO symbols(id, name, filename_id) VALUES (29,"JBP_ETA_1v4-2v4", 15);
INSERT INTO symbols(id, name, filename_id) VALUES (30,"JBP_GLOBAL", 15);
INSERT INTO symbols(id, name, filename_id) VALUES (31,"JP_ETA_0-1v4", 15);
INSERT INTO symbols(id, name, filename_id) VALUES (32,"JP_ETA_1v4-2v4", 15);
INSERT INTO symbols(id, name, filename_id) VALUES (33,"JP_GLOBAL", 15);
INSERT INTO symbols(id, name, filename_id) VALUES (34,"SET_ETA_0-1v4", 15);
INSERT INTO symbols(id, name, filename_id) VALUES (35,"SET_ETA_1v4-2v4", 15);
INSERT INTO symbols(id, name, filename_id) VALUES (36,"SET_GLOBAL", 15);
INSERT INTO symbols(id, name, filename_id) VALUES (37,"SMT_ETA_0-1v4", 15);
INSERT INTO symbols(id, name, filename_id) VALUES (38,"SMT_ETA_1v4-2v4", 15);
INSERT INTO symbols(id, name, filename_id) VALUES (39,"SMT_GLOBAL", 15);
INSERT INTO symbols(id, name, filename_id) VALUES (40,"SSVHE_ETA_0-1v4", 15);
INSERT INTO symbols(id, name, filename_id) VALUES (41,"SSVHE_ETA_1v4-2v4", 15);
INSERT INTO symbols(id, name, filename_id) VALUES (42,"SSVHE_GLOBAL", 15);
INSERT INTO symbols(id, name, filename_id) VALUES (43,"SSVHP_ETA_0-1v4", 15);
INSERT INTO symbols(id, name, filename_id) VALUES (44,"SSVHP_ETA_1v4-2v4", 15);
INSERT INTO symbols(id, name, filename_id) VALUES (45,"SSVHP_GLOBAL", 15);
INSERT INTO symbols(id, name, filename_id) VALUES (46,"TCHE_ETA_0-1v4", 15);
INSERT INTO symbols(id, name, filename_id) VALUES (47,"TCHE_ETA_1v4-2v4", 15);
INSERT INTO symbols(id, name, filename_id) VALUES (48,"TCHE_GLOBAL", 15);
INSERT INTO symbols(id, name, filename_id) VALUES (49,"TCHP_ETA_0-1v4", 15);
INSERT INTO symbols(id, name, filename_id) VALUES (50,"TCHP_ETA_1v4-2v4", 15);
INSERT INTO symbols(id, name, filename_id) VALUES (51,"TCHP_GLOBAL", 15);
INSERT INTO symbols(id, name, filename_id) VALUES (52,"CSC", 10);
INSERT INTO symbols(id, name, filename_id) VALUES (53,"CSCOfflineMonitor", 52);
INSERT INTO symbols(id, name, filename_id) VALUES (54,"BXMonitor", 53);
INSERT INTO symbols(id, name, filename_id) VALUES (55,"Digis", 53);
INSERT INTO symbols(id, name, filename_id) VALUES (56,"Efficiency", 53);
INSERT INTO symbols(id, name, filename_id) VALUES (57,"Occupancy", 53);
INSERT INTO symbols(id, name, filename_id) VALUES (58,"PedestalNoise", 53);
INSERT INTO symbols(id, name, filename_id) VALUES (59,"Resolution", 53);
INSERT INTO symbols(id, name, filename_id) VALUES (60,"Segments", 53);
INSERT INTO symbols(id, name, filename_id) VALUES (61,"recHits", 53);
INSERT INTO symbols(id, name, filename_id) VALUES (62,"EventInfo", 52);
INSERT INTO symbols(id, name, filename_id) VALUES (63,"FED", 52);
INSERT INTO symbols(id, name, filename_id) VALUES (64,"FED_750", 63);
INSERT INTO symbols(id, name, filename_id) VALUES (65,"FED_751", 63);
INSERT INTO symbols(id, name, filename_id) VALUES (66,"FED_752", 63);
INSERT INTO symbols(id, name, filename_id) VALUES (67,"FED_753", 63);
INSERT INTO symbols(id, name, filename_id) VALUES (68,"FED_754", 63);
INSERT INTO symbols(id, name, filename_id) VALUES (69,"FED_755", 63);
INSERT INTO symbols(id, name, filename_id) VALUES (70,"FED_756", 63);
INSERT INTO symbols(id, name, filename_id) VALUES (71,"FED_757", 63);
INSERT INTO symbols(id, name, filename_id) VALUES (72,"Summary", 52);
INSERT INTO symbols(id, name, filename_id) VALUES (73,"CaloTowersD", 10);
INSERT INTO symbols(id, name, filename_id) VALUES (74,"CaloTowersTask", 73);
INSERT INTO symbols(id, name, filename_id) VALUES (75,"Castor", 10);
INSERT INTO symbols(id, name, filename_id) VALUES (76,"CastorChannelQuality", 75);
INSERT INTO symbols(id, name, filename_id) VALUES (77,"CastorDataIntegrityMonitor", 75);
INSERT INTO symbols(id, name, filename_id) VALUES (78,"CastorDigiMonitor", 75);
INSERT INTO symbols(id, name, filename_id) VALUES (79,"CastorEventProducts", 75);
INSERT INTO symbols(id, name, filename_id) VALUES (80,"CastorHIMonitor", 75);
INSERT INTO symbols(id, name, filename_id) VALUES (81,"EnergyUnits", 80);
INSERT INTO symbols(id, name, filename_id) VALUES (82,"furtherPlots", 81);
INSERT INTO symbols(id, name, filename_id) VALUES (83,"CastorLEDMonitor", 75);
INSERT INTO symbols(id, name, filename_id) VALUES (84,"CastorLEDPerChannel", 83);
INSERT INTO symbols(id, name, filename_id) VALUES (85,"CastorPSMonitor", 75);
INSERT INTO symbols(id, name, filename_id) VALUES (86,"CastorRecHitMonitor", 75);
INSERT INTO symbols(id, name, filename_id) VALUES (87,"EnergyFraction", 86);
INSERT INTO symbols(id, name, filename_id) VALUES (88,"CastorTowerJetMonitor", 75);
INSERT INTO symbols(id, name, filename_id) VALUES (89,"DQM Job Status", 75);
INSERT INTO symbols(id, name, filename_id) VALUES (90,"EventInfo", 75);
INSERT INTO symbols(id, name, filename_id) VALUES (91,"reportSummaryContents", 90);
INSERT INTO symbols(id, name, filename_id) VALUES (92,"DQM", 10);
INSERT INTO symbols(id, name, filename_id) VALUES (93,"TimerService", 92);
INSERT INTO symbols(id, name, filename_id) VALUES (94,"process RECO", 93);
INSERT INTO symbols(id, name, filename_id) VALUES (95,"Paths", 94);
INSERT INTO symbols(id, name, filename_id) VALUES (96,"DT", 10);
INSERT INTO symbols(id, name, filename_id) VALUES (97,"00-DataIntegrity", 96);
INSERT INTO symbols(id, name, filename_id) VALUES (98,"FED770", 97);
INSERT INTO symbols(id, name, filename_id) VALUES (99,"ROS1", 98);
INSERT INTO symbols(id, name, filename_id) VALUES (100,"ROS10", 98);
INSERT INTO symbols(id, name, filename_id) VALUES (101,"ROS11", 98);
INSERT INTO symbols(id, name, filename_id) VALUES (102,"ROS12", 98);
INSERT INTO symbols(id, name, filename_id) VALUES (103,"ROS2", 98);
INSERT INTO symbols(id, name, filename_id) VALUES (104,"ROS3", 98);
INSERT INTO symbols(id, name, filename_id) VALUES (105,"ROS4", 98);
INSERT INTO symbols(id, name, filename_id) VALUES (106,"ROS5", 98);
INSERT INTO symbols(id, name, filename_id) VALUES (107,"ROS6", 98);
INSERT INTO symbols(id, name, filename_id) VALUES (108,"ROS7", 98);
INSERT INTO symbols(id, name, filename_id) VALUES (109,"ROS8", 98);
INSERT INTO symbols(id, name, filename_id) VALUES (110,"ROS9", 98);
INSERT INTO symbols(id, name, filename_id) VALUES (111,"FED771", 97);
INSERT INTO symbols(id, name, filename_id) VALUES (112,"ROS1", 111);
INSERT INTO symbols(id, name, filename_id) VALUES (113,"ROS10", 111);
INSERT INTO symbols(id, name, filename_id) VALUES (114,"ROS11", 111);
INSERT INTO symbols(id, name, filename_id) VALUES (115,"ROS12", 111);
INSERT INTO symbols(id, name, filename_id) VALUES (116,"ROS2", 111);
INSERT INTO symbols(id, name, filename_id) VALUES (117,"ROS3", 111);
INSERT INTO symbols(id, name, filename_id) VALUES (118,"ROS4", 111);
INSERT INTO symbols(id, name, filename_id) VALUES (119,"ROS5", 111);
INSERT INTO symbols(id, name, filename_id) VALUES (120,"ROS6", 111);
INSERT INTO symbols(id, name, filename_id) VALUES (121,"ROS7", 111);
INSERT INTO symbols(id, name, filename_id) VALUES (122,"ROS8", 111);
INSERT INTO symbols(id, name, filename_id) VALUES (123,"ROS9", 111);
INSERT INTO symbols(id, name, filename_id) VALUES (124,"FED772", 97);
INSERT INTO symbols(id, name, filename_id) VALUES (125,"ROS1", 124);
INSERT INTO symbols(id, name, filename_id) VALUES (126,"ROS10", 124);
INSERT INTO symbols(id, name, filename_id) VALUES (127,"ROS11", 124);
INSERT INTO symbols(id, name, filename_id) VALUES (128,"ROS12", 124);
INSERT INTO symbols(id, name, filename_id) VALUES (129,"ROS2", 124);
INSERT INTO symbols(id, name, filename_id) VALUES (130,"ROS3", 124);
INSERT INTO symbols(id, name, filename_id) VALUES (131,"ROS4", 124);
INSERT INTO symbols(id, name, filename_id) VALUES (132,"ROS5", 124);
INSERT INTO symbols(id, name, filename_id) VALUES (133,"ROS6", 124);
INSERT INTO symbols(id, name, filename_id) VALUES (134,"ROS7", 124);
INSERT INTO symbols(id, name, filename_id) VALUES (135,"ROS8", 124);
INSERT INTO symbols(id, name, filename_id) VALUES (136,"ROS9", 124);
INSERT INTO symbols(id, name, filename_id) VALUES (137,"FED773", 97);
INSERT INTO symbols(id, name, filename_id) VALUES (138,"ROS1", 137);
INSERT INTO symbols(id, name, filename_id) VALUES (139,"ROS10", 137);
INSERT INTO symbols(id, name, filename_id) VALUES (140,"ROS11", 137);
INSERT INTO symbols(id, name, filename_id) VALUES (141,"ROS12", 137);
INSERT INTO symbols(id, name, filename_id) VALUES (142,"ROS2", 137);
INSERT INTO symbols(id, name, filename_id) VALUES (143,"ROS3", 137);
INSERT INTO symbols(id, name, filename_id) VALUES (144,"ROS4", 137);
INSERT INTO symbols(id, name, filename_id) VALUES (145,"ROS5", 137);
INSERT INTO symbols(id, name, filename_id) VALUES (146,"ROS6", 137);
INSERT INTO symbols(id, name, filename_id) VALUES (147,"ROS7", 137);
INSERT INTO symbols(id, name, filename_id) VALUES (148,"ROS8", 137);
INSERT INTO symbols(id, name, filename_id) VALUES (149,"ROS9", 137);
INSERT INTO symbols(id, name, filename_id) VALUES (150,"FED774", 97);
INSERT INTO symbols(id, name, filename_id) VALUES (151,"ROS1", 150);
INSERT INTO symbols(id, name, filename_id) VALUES (152,"ROS10", 150);
INSERT INTO symbols(id, name, filename_id) VALUES (153,"ROS11", 150);
INSERT INTO symbols(id, name, filename_id) VALUES (154,"ROS12", 150);
INSERT INTO symbols(id, name, filename_id) VALUES (155,"ROS2", 150);
INSERT INTO symbols(id, name, filename_id) VALUES (156,"ROS3", 150);
INSERT INTO symbols(id, name, filename_id) VALUES (157,"ROS4", 150);
INSERT INTO symbols(id, name, filename_id) VALUES (158,"ROS5", 150);
INSERT INTO symbols(id, name, filename_id) VALUES (159,"ROS6", 150);
INSERT INTO symbols(id, name, filename_id) VALUES (160,"ROS7", 150);
INSERT INTO symbols(id, name, filename_id) VALUES (161,"ROS8", 150);
INSERT INTO symbols(id, name, filename_id) VALUES (162,"ROS9", 150);
INSERT INTO symbols(id, name, filename_id) VALUES (163,"FED775", 97);
INSERT INTO symbols(id, name, filename_id) VALUES (164,"ROS1", 163);
INSERT INTO symbols(id, name, filename_id) VALUES (165,"ROS10", 163);
INSERT INTO symbols(id, name, filename_id) VALUES (166,"ROS11", 163);
INSERT INTO symbols(id, name, filename_id) VALUES (167,"ROS12", 163);
INSERT INTO symbols(id, name, filename_id) VALUES (168,"ROS2", 163);
INSERT INTO symbols(id, name, filename_id) VALUES (169,"ROS3", 163);
INSERT INTO symbols(id, name, filename_id) VALUES (170,"ROS4", 163);
INSERT INTO symbols(id, name, filename_id) VALUES (171,"ROS5", 163);
INSERT INTO symbols(id, name, filename_id) VALUES (172,"ROS6", 163);
INSERT INTO symbols(id, name, filename_id) VALUES (173,"ROS7", 163);
INSERT INTO symbols(id, name, filename_id) VALUES (174,"ROS8", 163);
INSERT INTO symbols(id, name, filename_id) VALUES (175,"ROS9", 163);
INSERT INTO symbols(id, name, filename_id) VALUES (176,"FED776", 97);
INSERT INTO symbols(id, name, filename_id) VALUES (177,"ROS1", 176);
INSERT INTO symbols(id, name, filename_id) VALUES (178,"ROS10", 176);
INSERT INTO symbols(id, name, filename_id) VALUES (179,"ROS11", 176);
INSERT INTO symbols(id, name, filename_id) VALUES (180,"ROS12", 176);
INSERT INTO symbols(id, name, filename_id) VALUES (181,"ROS2", 176);
INSERT INTO symbols(id, name, filename_id) VALUES (182,"ROS3", 176);
INSERT INTO symbols(id, name, filename_id) VALUES (183,"ROS4", 176);
INSERT INTO symbols(id, name, filename_id) VALUES (184,"ROS5", 176);
INSERT INTO symbols(id, name, filename_id) VALUES (185,"ROS6", 176);
INSERT INTO symbols(id, name, filename_id) VALUES (186,"ROS7", 176);
INSERT INTO symbols(id, name, filename_id) VALUES (187,"ROS8", 176);
INSERT INTO symbols(id, name, filename_id) VALUES (188,"ROS9", 176);
INSERT INTO symbols(id, name, filename_id) VALUES (189,"FED777", 97);
INSERT INTO symbols(id, name, filename_id) VALUES (190,"ROS1", 189);
INSERT INTO symbols(id, name, filename_id) VALUES (191,"ROS10", 189);
INSERT INTO symbols(id, name, filename_id) VALUES (192,"ROS11", 189);
INSERT INTO symbols(id, name, filename_id) VALUES (193,"ROS12", 189);
INSERT INTO symbols(id, name, filename_id) VALUES (194,"ROS2", 189);
INSERT INTO symbols(id, name, filename_id) VALUES (195,"ROS3", 189);
INSERT INTO symbols(id, name, filename_id) VALUES (196,"ROS4", 189);
INSERT INTO symbols(id, name, filename_id) VALUES (197,"ROS5", 189);
INSERT INTO symbols(id, name, filename_id) VALUES (198,"ROS6", 189);
INSERT INTO symbols(id, name, filename_id) VALUES (199,"ROS7", 189);
INSERT INTO symbols(id, name, filename_id) VALUES (200,"ROS8", 189);
INSERT INTO symbols(id, name, filename_id) VALUES (201,"ROS9", 189);
INSERT INTO symbols(id, name, filename_id) VALUES (202,"FED778", 97);
INSERT INTO symbols(id, name, filename_id) VALUES (203,"ROS1", 202);
INSERT INTO symbols(id, name, filename_id) VALUES (204,"ROS10", 202);
INSERT INTO symbols(id, name, filename_id) VALUES (205,"ROS11", 202);
INSERT INTO symbols(id, name, filename_id) VALUES (206,"ROS12", 202);
INSERT INTO symbols(id, name, filename_id) VALUES (207,"ROS2", 202);
INSERT INTO symbols(id, name, filename_id) VALUES (208,"ROS3", 202);
INSERT INTO symbols(id, name, filename_id) VALUES (209,"ROS4", 202);
INSERT INTO symbols(id, name, filename_id) VALUES (210,"ROS5", 202);
INSERT INTO symbols(id, name, filename_id) VALUES (211,"ROS6", 202);
INSERT INTO symbols(id, name, filename_id) VALUES (212,"ROS7", 202);
INSERT INTO symbols(id, name, filename_id) VALUES (213,"ROS8", 202);
INSERT INTO symbols(id, name, filename_id) VALUES (214,"ROS9", 202);
INSERT INTO symbols(id, name, filename_id) VALUES (215,"FED779", 97);
INSERT INTO symbols(id, name, filename_id) VALUES (216,"ROS1", 215);
INSERT INTO symbols(id, name, filename_id) VALUES (217,"ROS10", 215);
INSERT INTO symbols(id, name, filename_id) VALUES (218,"ROS11", 215);
INSERT INTO symbols(id, name, filename_id) VALUES (219,"ROS12", 215);
INSERT INTO symbols(id, name, filename_id) VALUES (220,"ROS2", 215);
INSERT INTO symbols(id, name, filename_id) VALUES (221,"ROS3", 215);
INSERT INTO symbols(id, name, filename_id) VALUES (222,"ROS4", 215);
INSERT INTO symbols(id, name, filename_id) VALUES (223,"ROS5", 215);
INSERT INTO symbols(id, name, filename_id) VALUES (224,"ROS6", 215);
INSERT INTO symbols(id, name, filename_id) VALUES (225,"ROS7", 215);
INSERT INTO symbols(id, name, filename_id) VALUES (226,"ROS8", 215);
INSERT INTO symbols(id, name, filename_id) VALUES (227,"ROS9", 215);
INSERT INTO symbols(id, name, filename_id) VALUES (228,"00-ROChannels", 96);
INSERT INTO symbols(id, name, filename_id) VALUES (229,"02-Segments", 96);
INSERT INTO symbols(id, name, filename_id) VALUES (230,"00-MeanRes", 229);
INSERT INTO symbols(id, name, filename_id) VALUES (231,"01-SigmaRes", 229);
INSERT INTO symbols(id, name, filename_id) VALUES (232,"02-MeanVDrift", 229);
INSERT INTO symbols(id, name, filename_id) VALUES (233,"02-SigmaVDrift", 229);
INSERT INTO symbols(id, name, filename_id) VALUES (234,"03-MeanT0", 229);
INSERT INTO symbols(id, name, filename_id) VALUES (235,"03-SigmaT0", 229);
INSERT INTO symbols(id, name, filename_id) VALUES (236,"Wheel-1", 229);
INSERT INTO symbols(id, name, filename_id) VALUES (237,"Sector1", 236);
INSERT INTO symbols(id, name, filename_id) VALUES (238,"Station1", 237);
INSERT INTO symbols(id, name, filename_id) VALUES (239,"Station2", 237);
INSERT INTO symbols(id, name, filename_id) VALUES (240,"Station3", 237);
INSERT INTO symbols(id, name, filename_id) VALUES (241,"Station4", 237);
INSERT INTO symbols(id, name, filename_id) VALUES (242,"Sector10", 236);
INSERT INTO symbols(id, name, filename_id) VALUES (243,"Station1", 242);
INSERT INTO symbols(id, name, filename_id) VALUES (244,"Station2", 242);
INSERT INTO symbols(id, name, filename_id) VALUES (245,"Station3", 242);
INSERT INTO symbols(id, name, filename_id) VALUES (246,"Station4", 242);
INSERT INTO symbols(id, name, filename_id) VALUES (247,"Sector11", 236);
INSERT INTO symbols(id, name, filename_id) VALUES (248,"Station1", 247);
INSERT INTO symbols(id, name, filename_id) VALUES (249,"Station2", 247);
INSERT INTO symbols(id, name, filename_id) VALUES (250,"Station3", 247);
INSERT INTO symbols(id, name, filename_id) VALUES (251,"Station4", 247);
INSERT INTO symbols(id, name, filename_id) VALUES (252,"Sector12", 236);
INSERT INTO symbols(id, name, filename_id) VALUES (253,"Station1", 252);
INSERT INTO symbols(id, name, filename_id) VALUES (254,"Station2", 252);
INSERT INTO symbols(id, name, filename_id) VALUES (255,"Station3", 252);
INSERT INTO symbols(id, name, filename_id) VALUES (256,"Station4", 252);
INSERT INTO symbols(id, name, filename_id) VALUES (257,"Sector13", 236);
INSERT INTO symbols(id, name, filename_id) VALUES (258,"Station1", 257);
INSERT INTO symbols(id, name, filename_id) VALUES (259,"Station2", 257);
INSERT INTO symbols(id, name, filename_id) VALUES (260,"Station3", 257);
INSERT INTO symbols(id, name, filename_id) VALUES (261,"Station4", 257);
INSERT INTO symbols(id, name, filename_id) VALUES (262,"Sector14", 236);
INSERT INTO symbols(id, name, filename_id) VALUES (263,"Station1", 262);
INSERT INTO symbols(id, name, filename_id) VALUES (264,"Station2", 262);
INSERT INTO symbols(id, name, filename_id) VALUES (265,"Station3", 262);
INSERT INTO symbols(id, name, filename_id) VALUES (266,"Station4", 262);
INSERT INTO symbols(id, name, filename_id) VALUES (267,"Sector2", 236);
INSERT INTO symbols(id, name, filename_id) VALUES (268,"Station1", 267);
INSERT INTO symbols(id, name, filename_id) VALUES (269,"Station2", 267);
INSERT INTO symbols(id, name, filename_id) VALUES (270,"Station3", 267);
INSERT INTO symbols(id, name, filename_id) VALUES (271,"Station4", 267);
INSERT INTO symbols(id, name, filename_id) VALUES (272,"Sector3", 236);
INSERT INTO symbols(id, name, filename_id) VALUES (273,"Station1", 272);
INSERT INTO symbols(id, name, filename_id) VALUES (274,"Station2", 272);
INSERT INTO symbols(id, name, filename_id) VALUES (275,"Station3", 272);
INSERT INTO symbols(id, name, filename_id) VALUES (276,"Station4", 272);
INSERT INTO symbols(id, name, filename_id) VALUES (277,"Sector4", 236);
INSERT INTO symbols(id, name, filename_id) VALUES (278,"Station1", 277);
INSERT INTO symbols(id, name, filename_id) VALUES (279,"Station2", 277);
INSERT INTO symbols(id, name, filename_id) VALUES (280,"Station3", 277);
INSERT INTO symbols(id, name, filename_id) VALUES (281,"Station4", 277);
INSERT INTO symbols(id, name, filename_id) VALUES (282,"Sector5", 236);
INSERT INTO symbols(id, name, filename_id) VALUES (283,"Station1", 282);
INSERT INTO symbols(id, name, filename_id) VALUES (284,"Station2", 282);
INSERT INTO symbols(id, name, filename_id) VALUES (285,"Station3", 282);
INSERT INTO symbols(id, name, filename_id) VALUES (286,"Station4", 282);
INSERT INTO symbols(id, name, filename_id) VALUES (287,"Sector6", 236);
INSERT INTO symbols(id, name, filename_id) VALUES (288,"Station1", 287);
INSERT INTO symbols(id, name, filename_id) VALUES (289,"Station2", 287);
INSERT INTO symbols(id, name, filename_id) VALUES (290,"Station3", 287);
INSERT INTO symbols(id, name, filename_id) VALUES (291,"Station4", 287);
INSERT INTO symbols(id, name, filename_id) VALUES (292,"Sector7", 236);
INSERT INTO symbols(id, name, filename_id) VALUES (293,"Station1", 292);
INSERT INTO symbols(id, name, filename_id) VALUES (294,"Station2", 292);
INSERT INTO symbols(id, name, filename_id) VALUES (295,"Station3", 292);
INSERT INTO symbols(id, name, filename_id) VALUES (296,"Station4", 292);
INSERT INTO symbols(id, name, filename_id) VALUES (297,"Sector8", 236);
INSERT INTO symbols(id, name, filename_id) VALUES (298,"Station1", 297);
INSERT INTO symbols(id, name, filename_id) VALUES (299,"Station2", 297);
INSERT INTO symbols(id, name, filename_id) VALUES (300,"Station3", 297);
INSERT INTO symbols(id, name, filename_id) VALUES (301,"Station4", 297);
INSERT INTO symbols(id, name, filename_id) VALUES (302,"Sector9", 236);
INSERT INTO symbols(id, name, filename_id) VALUES (303,"Station1", 302);
INSERT INTO symbols(id, name, filename_id) VALUES (304,"Station2", 302);
INSERT INTO symbols(id, name, filename_id) VALUES (305,"Station3", 302);
INSERT INTO symbols(id, name, filename_id) VALUES (306,"Station4", 302);
INSERT INTO symbols(id, name, filename_id) VALUES (307,"Wheel-2", 229);
INSERT INTO symbols(id, name, filename_id) VALUES (308,"Sector1", 307);
INSERT INTO symbols(id, name, filename_id) VALUES (309,"Station1", 308);
INSERT INTO symbols(id, name, filename_id) VALUES (310,"Station2", 308);
INSERT INTO symbols(id, name, filename_id) VALUES (311,"Station3", 308);
INSERT INTO symbols(id, name, filename_id) VALUES (312,"Station4", 308);
INSERT INTO symbols(id, name, filename_id) VALUES (313,"Sector10", 307);
INSERT INTO symbols(id, name, filename_id) VALUES (314,"Station1", 313);
INSERT INTO symbols(id, name, filename_id) VALUES (315,"Station2", 313);
INSERT INTO symbols(id, name, filename_id) VALUES (316,"Station3", 313);
INSERT INTO symbols(id, name, filename_id) VALUES (317,"Station4", 313);
INSERT INTO symbols(id, name, filename_id) VALUES (318,"Sector11", 307);
INSERT INTO symbols(id, name, filename_id) VALUES (319,"Station1", 318);
INSERT INTO symbols(id, name, filename_id) VALUES (320,"Station2", 318);
INSERT INTO symbols(id, name, filename_id) VALUES (321,"Station3", 318);
INSERT INTO symbols(id, name, filename_id) VALUES (322,"Station4", 318);
INSERT INTO symbols(id, name, filename_id) VALUES (323,"Sector12", 307);
INSERT INTO symbols(id, name, filename_id) VALUES (324,"Station1", 323);
INSERT INTO symbols(id, name, filename_id) VALUES (325,"Station2", 323);
INSERT INTO symbols(id, name, filename_id) VALUES (326,"Station3", 323);
INSERT INTO symbols(id, name, filename_id) VALUES (327,"Station4", 323);
INSERT INTO symbols(id, name, filename_id) VALUES (328,"Sector13", 307);
INSERT INTO symbols(id, name, filename_id) VALUES (329,"Station1", 328);
INSERT INTO symbols(id, name, filename_id) VALUES (330,"Station2", 328);
INSERT INTO symbols(id, name, filename_id) VALUES (331,"Station3", 328);
INSERT INTO symbols(id, name, filename_id) VALUES (332,"Station4", 328);
INSERT INTO symbols(id, name, filename_id) VALUES (333,"Sector14", 307);
INSERT INTO symbols(id, name, filename_id) VALUES (334,"Station1", 333);
INSERT INTO symbols(id, name, filename_id) VALUES (335,"Station2", 333);
INSERT INTO symbols(id, name, filename_id) VALUES (336,"Station3", 333);
INSERT INTO symbols(id, name, filename_id) VALUES (337,"Station4", 333);
INSERT INTO symbols(id, name, filename_id) VALUES (338,"Sector2", 307);
INSERT INTO symbols(id, name, filename_id) VALUES (339,"Station1", 338);
INSERT INTO symbols(id, name, filename_id) VALUES (340,"Station2", 338);
INSERT INTO symbols(id, name, filename_id) VALUES (341,"Station3", 338);
INSERT INTO symbols(id, name, filename_id) VALUES (342,"Station4", 338);
INSERT INTO symbols(id, name, filename_id) VALUES (343,"Sector3", 307);
INSERT INTO symbols(id, name, filename_id) VALUES (344,"Station1", 343);
INSERT INTO symbols(id, name, filename_id) VALUES (345,"Station2", 343);
INSERT INTO symbols(id, name, filename_id) VALUES (346,"Station3", 343);
INSERT INTO symbols(id, name, filename_id) VALUES (347,"Station4", 343);
INSERT INTO symbols(id, name, filename_id) VALUES (348,"Sector4", 307);
INSERT INTO symbols(id, name, filename_id) VALUES (349,"Station1", 348);
INSERT INTO symbols(id, name, filename_id) VALUES (350,"Station2", 348);
INSERT INTO symbols(id, name, filename_id) VALUES (351,"Station3", 348);
INSERT INTO symbols(id, name, filename_id) VALUES (352,"Station4", 348);
INSERT INTO symbols(id, name, filename_id) VALUES (353,"Sector5", 307);
INSERT INTO symbols(id, name, filename_id) VALUES (354,"Station1", 353);
INSERT INTO symbols(id, name, filename_id) VALUES (355,"Station2", 353);
INSERT INTO symbols(id, name, filename_id) VALUES (356,"Station3", 353);
INSERT INTO symbols(id, name, filename_id) VALUES (357,"Station4", 353);
INSERT INTO symbols(id, name, filename_id) VALUES (358,"Sector6", 307);
INSERT INTO symbols(id, name, filename_id) VALUES (359,"Station1", 358);
INSERT INTO symbols(id, name, filename_id) VALUES (360,"Station2", 358);
INSERT INTO symbols(id, name, filename_id) VALUES (361,"Station3", 358);
INSERT INTO symbols(id, name, filename_id) VALUES (362,"Station4", 358);
INSERT INTO symbols(id, name, filename_id) VALUES (363,"Sector7", 307);
INSERT INTO symbols(id, name, filename_id) VALUES (364,"Station1", 363);
INSERT INTO symbols(id, name, filename_id) VALUES (365,"Station2", 363);
INSERT INTO symbols(id, name, filename_id) VALUES (366,"Station3", 363);
INSERT INTO symbols(id, name, filename_id) VALUES (367,"Station4", 363);
INSERT INTO symbols(id, name, filename_id) VALUES (368,"Sector8", 307);
INSERT INTO symbols(id, name, filename_id) VALUES (369,"Station1", 368);
INSERT INTO symbols(id, name, filename_id) VALUES (370,"Station2", 368);
INSERT INTO symbols(id, name, filename_id) VALUES (371,"Station3", 368);
INSERT INTO symbols(id, name, filename_id) VALUES (372,"Station4", 368);
INSERT INTO symbols(id, name, filename_id) VALUES (373,"Sector9", 307);
INSERT INTO symbols(id, name, filename_id) VALUES (374,"Station1", 373);
INSERT INTO symbols(id, name, filename_id) VALUES (375,"Station2", 373);
INSERT INTO symbols(id, name, filename_id) VALUES (376,"Station3", 373);
INSERT INTO symbols(id, name, filename_id) VALUES (377,"Station4", 373);
INSERT INTO symbols(id, name, filename_id) VALUES (378,"Wheel0", 229);
INSERT INTO symbols(id, name, filename_id) VALUES (379,"Sector1", 378);
INSERT INTO symbols(id, name, filename_id) VALUES (380,"Station1", 379);
INSERT INTO symbols(id, name, filename_id) VALUES (381,"Station2", 379);
INSERT INTO symbols(id, name, filename_id) VALUES (382,"Station3", 379);
INSERT INTO symbols(id, name, filename_id) VALUES (383,"Station4", 379);
INSERT INTO symbols(id, name, filename_id) VALUES (384,"Sector10", 378);
INSERT INTO symbols(id, name, filename_id) VALUES (385,"Station1", 384);
INSERT INTO symbols(id, name, filename_id) VALUES (386,"Station2", 384);
INSERT INTO symbols(id, name, filename_id) VALUES (387,"Station3", 384);
INSERT INTO symbols(id, name, filename_id) VALUES (388,"Station4", 384);
INSERT INTO symbols(id, name, filename_id) VALUES (389,"Sector11", 378);
INSERT INTO symbols(id, name, filename_id) VALUES (390,"Station1", 389);
INSERT INTO symbols(id, name, filename_id) VALUES (391,"Station2", 389);
INSERT INTO symbols(id, name, filename_id) VALUES (392,"Station3", 389);
INSERT INTO symbols(id, name, filename_id) VALUES (393,"Station4", 389);
INSERT INTO symbols(id, name, filename_id) VALUES (394,"Sector12", 378);
INSERT INTO symbols(id, name, filename_id) VALUES (395,"Station1", 394);
INSERT INTO symbols(id, name, filename_id) VALUES (396,"Station2", 394);
INSERT INTO symbols(id, name, filename_id) VALUES (397,"Station3", 394);
INSERT INTO symbols(id, name, filename_id) VALUES (398,"Station4", 394);
INSERT INTO symbols(id, name, filename_id) VALUES (399,"Sector13", 378);
INSERT INTO symbols(id, name, filename_id) VALUES (400,"Station1", 399);
INSERT INTO symbols(id, name, filename_id) VALUES (401,"Station2", 399);
INSERT INTO symbols(id, name, filename_id) VALUES (402,"Station3", 399);
INSERT INTO symbols(id, name, filename_id) VALUES (403,"Station4", 399);
INSERT INTO symbols(id, name, filename_id) VALUES (404,"Sector14", 378);
INSERT INTO symbols(id, name, filename_id) VALUES (405,"Station1", 404);
INSERT INTO symbols(id, name, filename_id) VALUES (406,"Station2", 404);
INSERT INTO symbols(id, name, filename_id) VALUES (407,"Station3", 404);
INSERT INTO symbols(id, name, filename_id) VALUES (408,"Station4", 404);
INSERT INTO symbols(id, name, filename_id) VALUES (409,"Sector2", 378);
INSERT INTO symbols(id, name, filename_id) VALUES (410,"Station1", 409);
INSERT INTO symbols(id, name, filename_id) VALUES (411,"Station2", 409);
INSERT INTO symbols(id, name, filename_id) VALUES (412,"Station3", 409);
INSERT INTO symbols(id, name, filename_id) VALUES (413,"Station4", 409);
INSERT INTO symbols(id, name, filename_id) VALUES (414,"Sector3", 378);
INSERT INTO symbols(id, name, filename_id) VALUES (415,"Station1", 414);
INSERT INTO symbols(id, name, filename_id) VALUES (416,"Station2", 414);
INSERT INTO symbols(id, name, filename_id) VALUES (417,"Station3", 414);
INSERT INTO symbols(id, name, filename_id) VALUES (418,"Station4", 414);
INSERT INTO symbols(id, name, filename_id) VALUES (419,"Sector4", 378);
INSERT INTO symbols(id, name, filename_id) VALUES (420,"Station1", 419);
INSERT INTO symbols(id, name, filename_id) VALUES (421,"Station2", 419);
INSERT INTO symbols(id, name, filename_id) VALUES (422,"Station3", 419);
INSERT INTO symbols(id, name, filename_id) VALUES (423,"Station4", 419);
INSERT INTO symbols(id, name, filename_id) VALUES (424,"Sector5", 378);
INSERT INTO symbols(id, name, filename_id) VALUES (425,"Station1", 424);
INSERT INTO symbols(id, name, filename_id) VALUES (426,"Station2", 424);
INSERT INTO symbols(id, name, filename_id) VALUES (427,"Station3", 424);
INSERT INTO symbols(id, name, filename_id) VALUES (428,"Station4", 424);
INSERT INTO symbols(id, name, filename_id) VALUES (429,"Sector6", 378);
INSERT INTO symbols(id, name, filename_id) VALUES (430,"Station1", 429);
INSERT INTO symbols(id, name, filename_id) VALUES (431,"Station2", 429);
INSERT INTO symbols(id, name, filename_id) VALUES (432,"Station3", 429);
INSERT INTO symbols(id, name, filename_id) VALUES (433,"Station4", 429);
INSERT INTO symbols(id, name, filename_id) VALUES (434,"Sector7", 378);
INSERT INTO symbols(id, name, filename_id) VALUES (435,"Station1", 434);
INSERT INTO symbols(id, name, filename_id) VALUES (436,"Station2", 434);
INSERT INTO symbols(id, name, filename_id) VALUES (437,"Station3", 434);
INSERT INTO symbols(id, name, filename_id) VALUES (438,"Station4", 434);
INSERT INTO symbols(id, name, filename_id) VALUES (439,"Sector8", 378);
INSERT INTO symbols(id, name, filename_id) VALUES (440,"Station1", 439);
INSERT INTO symbols(id, name, filename_id) VALUES (441,"Station2", 439);
INSERT INTO symbols(id, name, filename_id) VALUES (442,"Station3", 439);
INSERT INTO symbols(id, name, filename_id) VALUES (443,"Station4", 439);
INSERT INTO symbols(id, name, filename_id) VALUES (444,"Sector9", 378);
INSERT INTO symbols(id, name, filename_id) VALUES (445,"Station1", 444);
INSERT INTO symbols(id, name, filename_id) VALUES (446,"Station2", 444);
INSERT INTO symbols(id, name, filename_id) VALUES (447,"Station3", 444);
INSERT INTO symbols(id, name, filename_id) VALUES (448,"Station4", 444);
INSERT INTO symbols(id, name, filename_id) VALUES (449,"Wheel1", 229);
INSERT INTO symbols(id, name, filename_id) VALUES (450,"Sector1", 449);
INSERT INTO symbols(id, name, filename_id) VALUES (451,"Station1", 450);
INSERT INTO symbols(id, name, filename_id) VALUES (452,"Station2", 450);
INSERT INTO symbols(id, name, filename_id) VALUES (453,"Station3", 450);
INSERT INTO symbols(id, name, filename_id) VALUES (454,"Station4", 450);
INSERT INTO symbols(id, name, filename_id) VALUES (455,"Sector10", 449);
INSERT INTO symbols(id, name, filename_id) VALUES (456,"Station1", 455);
INSERT INTO symbols(id, name, filename_id) VALUES (457,"Station2", 455);
INSERT INTO symbols(id, name, filename_id) VALUES (458,"Station3", 455);
INSERT INTO symbols(id, name, filename_id) VALUES (459,"Station4", 455);
INSERT INTO symbols(id, name, filename_id) VALUES (460,"Sector11", 449);
INSERT INTO symbols(id, name, filename_id) VALUES (461,"Station1", 460);
INSERT INTO symbols(id, name, filename_id) VALUES (462,"Station2", 460);
INSERT INTO symbols(id, name, filename_id) VALUES (463,"Station3", 460);
INSERT INTO symbols(id, name, filename_id) VALUES (464,"Station4", 460);
INSERT INTO symbols(id, name, filename_id) VALUES (465,"Sector12", 449);
INSERT INTO symbols(id, name, filename_id) VALUES (466,"Station1", 465);
INSERT INTO symbols(id, name, filename_id) VALUES (467,"Station2", 465);
INSERT INTO symbols(id, name, filename_id) VALUES (468,"Station3", 465);
INSERT INTO symbols(id, name, filename_id) VALUES (469,"Station4", 465);
INSERT INTO symbols(id, name, filename_id) VALUES (470,"Sector13", 449);
INSERT INTO symbols(id, name, filename_id) VALUES (471,"Station1", 470);
INSERT INTO symbols(id, name, filename_id) VALUES (472,"Station2", 470);
INSERT INTO symbols(id, name, filename_id) VALUES (473,"Station3", 470);
INSERT INTO symbols(id, name, filename_id) VALUES (474,"Station4", 470);
INSERT INTO symbols(id, name, filename_id) VALUES (475,"Sector14", 449);
INSERT INTO symbols(id, name, filename_id) VALUES (476,"Station1", 475);
INSERT INTO symbols(id, name, filename_id) VALUES (477,"Station2", 475);
INSERT INTO symbols(id, name, filename_id) VALUES (478,"Station3", 475);
INSERT INTO symbols(id, name, filename_id) VALUES (479,"Station4", 475);
INSERT INTO symbols(id, name, filename_id) VALUES (480,"Sector2", 449);
INSERT INTO symbols(id, name, filename_id) VALUES (481,"Station1", 480);
INSERT INTO symbols(id, name, filename_id) VALUES (482,"Station2", 480);
INSERT INTO symbols(id, name, filename_id) VALUES (483,"Station3", 480);
INSERT INTO symbols(id, name, filename_id) VALUES (484,"Station4", 480);
INSERT INTO symbols(id, name, filename_id) VALUES (485,"Sector3", 449);
INSERT INTO symbols(id, name, filename_id) VALUES (486,"Station1", 485);
INSERT INTO symbols(id, name, filename_id) VALUES (487,"Station2", 485);
INSERT INTO symbols(id, name, filename_id) VALUES (488,"Station3", 485);
INSERT INTO symbols(id, name, filename_id) VALUES (489,"Station4", 485);
INSERT INTO symbols(id, name, filename_id) VALUES (490,"Sector4", 449);
INSERT INTO symbols(id, name, filename_id) VALUES (491,"Station1", 490);
INSERT INTO symbols(id, name, filename_id) VALUES (492,"Station2", 490);
INSERT INTO symbols(id, name, filename_id) VALUES (493,"Station3", 490);
INSERT INTO symbols(id, name, filename_id) VALUES (494,"Station4", 490);
INSERT INTO symbols(id, name, filename_id) VALUES (495,"Sector5", 449);
INSERT INTO symbols(id, name, filename_id) VALUES (496,"Station1", 495);
INSERT INTO symbols(id, name, filename_id) VALUES (497,"Station2", 495);
INSERT INTO symbols(id, name, filename_id) VALUES (498,"Station3", 495);
INSERT INTO symbols(id, name, filename_id) VALUES (499,"Station4", 495);
INSERT INTO symbols(id, name, filename_id) VALUES (500,"Sector6", 449);
INSERT INTO symbols(id, name, filename_id) VALUES (501,"Station1", 500);
INSERT INTO symbols(id, name, filename_id) VALUES (502,"Station2", 500);
INSERT INTO symbols(id, name, filename_id) VALUES (503,"Station3", 500);
INSERT INTO symbols(id, name, filename_id) VALUES (504,"Station4", 500);
INSERT INTO symbols(id, name, filename_id) VALUES (505,"Sector7", 449);
INSERT INTO symbols(id, name, filename_id) VALUES (506,"Station1", 505);
INSERT INTO symbols(id, name, filename_id) VALUES (507,"Station2", 505);
INSERT INTO symbols(id, name, filename_id) VALUES (508,"Station3", 505);
INSERT INTO symbols(id, name, filename_id) VALUES (509,"Station4", 505);
INSERT INTO symbols(id, name, filename_id) VALUES (510,"Sector8", 449);
INSERT INTO symbols(id, name, filename_id) VALUES (511,"Station1", 510);
INSERT INTO symbols(id, name, filename_id) VALUES (512,"Station2", 510);
INSERT INTO symbols(id, name, filename_id) VALUES (513,"Station3", 510);
INSERT INTO symbols(id, name, filename_id) VALUES (514,"Station4", 510);
INSERT INTO symbols(id, name, filename_id) VALUES (515,"Sector9", 449);
INSERT INTO symbols(id, name, filename_id) VALUES (516,"Station1", 515);
INSERT INTO symbols(id, name, filename_id) VALUES (517,"Station2", 515);
INSERT INTO symbols(id, name, filename_id) VALUES (518,"Station3", 515);
INSERT INTO symbols(id, name, filename_id) VALUES (519,"Station4", 515);
INSERT INTO symbols(id, name, filename_id) VALUES (520,"Wheel2", 229);
INSERT INTO symbols(id, name, filename_id) VALUES (521,"Sector1", 520);
INSERT INTO symbols(id, name, filename_id) VALUES (522,"Station1", 521);
INSERT INTO symbols(id, name, filename_id) VALUES (523,"Station2", 521);
INSERT INTO symbols(id, name, filename_id) VALUES (524,"Station3", 521);
INSERT INTO symbols(id, name, filename_id) VALUES (525,"Station4", 521);
INSERT INTO symbols(id, name, filename_id) VALUES (526,"Sector10", 520);
INSERT INTO symbols(id, name, filename_id) VALUES (527,"Station1", 526);
INSERT INTO symbols(id, name, filename_id) VALUES (528,"Station2", 526);
INSERT INTO symbols(id, name, filename_id) VALUES (529,"Station3", 526);
INSERT INTO symbols(id, name, filename_id) VALUES (530,"Station4", 526);
INSERT INTO symbols(id, name, filename_id) VALUES (531,"Sector11", 520);
INSERT INTO symbols(id, name, filename_id) VALUES (532,"Station1", 531);
INSERT INTO symbols(id, name, filename_id) VALUES (533,"Station2", 531);
INSERT INTO symbols(id, name, filename_id) VALUES (534,"Station3", 531);
INSERT INTO symbols(id, name, filename_id) VALUES (535,"Station4", 531);
INSERT INTO symbols(id, name, filename_id) VALUES (536,"Sector12", 520);
INSERT INTO symbols(id, name, filename_id) VALUES (537,"Station1", 536);
INSERT INTO symbols(id, name, filename_id) VALUES (538,"Station2", 536);
INSERT INTO symbols(id, name, filename_id) VALUES (539,"Station3", 536);
INSERT INTO symbols(id, name, filename_id) VALUES (540,"Station4", 536);
INSERT INTO symbols(id, name, filename_id) VALUES (541,"Sector13", 520);
INSERT INTO symbols(id, name, filename_id) VALUES (542,"Station1", 541);
INSERT INTO symbols(id, name, filename_id) VALUES (543,"Station2", 541);
INSERT INTO symbols(id, name, filename_id) VALUES (544,"Station3", 541);
INSERT INTO symbols(id, name, filename_id) VALUES (545,"Station4", 541);
INSERT INTO symbols(id, name, filename_id) VALUES (546,"Sector14", 520);
INSERT INTO symbols(id, name, filename_id) VALUES (547,"Station1", 546);
INSERT INTO symbols(id, name, filename_id) VALUES (548,"Station2", 546);
INSERT INTO symbols(id, name, filename_id) VALUES (549,"Station3", 546);
INSERT INTO symbols(id, name, filename_id) VALUES (550,"Station4", 546);
INSERT INTO symbols(id, name, filename_id) VALUES (551,"Sector2", 520);
INSERT INTO symbols(id, name, filename_id) VALUES (552,"Station1", 551);
INSERT INTO symbols(id, name, filename_id) VALUES (553,"Station2", 551);
INSERT INTO symbols(id, name, filename_id) VALUES (554,"Station3", 551);
INSERT INTO symbols(id, name, filename_id) VALUES (555,"Station4", 551);
INSERT INTO symbols(id, name, filename_id) VALUES (556,"Sector3", 520);
INSERT INTO symbols(id, name, filename_id) VALUES (557,"Station1", 556);
INSERT INTO symbols(id, name, filename_id) VALUES (558,"Station2", 556);
INSERT INTO symbols(id, name, filename_id) VALUES (559,"Station3", 556);
INSERT INTO symbols(id, name, filename_id) VALUES (560,"Station4", 556);
INSERT INTO symbols(id, name, filename_id) VALUES (561,"Sector4", 520);
INSERT INTO symbols(id, name, filename_id) VALUES (562,"Station1", 561);
INSERT INTO symbols(id, name, filename_id) VALUES (563,"Station2", 561);
INSERT INTO symbols(id, name, filename_id) VALUES (564,"Station3", 561);
INSERT INTO symbols(id, name, filename_id) VALUES (565,"Station4", 561);
INSERT INTO symbols(id, name, filename_id) VALUES (566,"Sector5", 520);
INSERT INTO symbols(id, name, filename_id) VALUES (567,"Station1", 566);
INSERT INTO symbols(id, name, filename_id) VALUES (568,"Station2", 566);
INSERT INTO symbols(id, name, filename_id) VALUES (569,"Station3", 566);
INSERT INTO symbols(id, name, filename_id) VALUES (570,"Station4", 566);
INSERT INTO symbols(id, name, filename_id) VALUES (571,"Sector6", 520);
INSERT INTO symbols(id, name, filename_id) VALUES (572,"Station1", 571);
INSERT INTO symbols(id, name, filename_id) VALUES (573,"Station2", 571);
INSERT INTO symbols(id, name, filename_id) VALUES (574,"Station3", 571);
INSERT INTO symbols(id, name, filename_id) VALUES (575,"Station4", 571);
INSERT INTO symbols(id, name, filename_id) VALUES (576,"Sector7", 520);
INSERT INTO symbols(id, name, filename_id) VALUES (577,"Station1", 576);
INSERT INTO symbols(id, name, filename_id) VALUES (578,"Station2", 576);
INSERT INTO symbols(id, name, filename_id) VALUES (579,"Station3", 576);
INSERT INTO symbols(id, name, filename_id) VALUES (580,"Station4", 576);
INSERT INTO symbols(id, name, filename_id) VALUES (581,"Sector8", 520);
INSERT INTO symbols(id, name, filename_id) VALUES (582,"Station1", 581);
INSERT INTO symbols(id, name, filename_id) VALUES (583,"Station2", 581);
INSERT INTO symbols(id, name, filename_id) VALUES (584,"Station3", 581);
INSERT INTO symbols(id, name, filename_id) VALUES (585,"Station4", 581);
INSERT INTO symbols(id, name, filename_id) VALUES (586,"Sector9", 520);
INSERT INTO symbols(id, name, filename_id) VALUES (587,"Station1", 586);
INSERT INTO symbols(id, name, filename_id) VALUES (588,"Station2", 586);
INSERT INTO symbols(id, name, filename_id) VALUES (589,"Station3", 586);
INSERT INTO symbols(id, name, filename_id) VALUES (590,"Station4", 586);
INSERT INTO symbols(id, name, filename_id) VALUES (591,"03-LocalTrigger-DCC", 96);
INSERT INTO symbols(id, name, filename_id) VALUES (592,"Task", 591);
INSERT INTO symbols(id, name, filename_id) VALUES (593,"Wheel-1", 591);
INSERT INTO symbols(id, name, filename_id) VALUES (594,"Wheel-2", 591);
INSERT INTO symbols(id, name, filename_id) VALUES (595,"Wheel0", 591);
INSERT INTO symbols(id, name, filename_id) VALUES (596,"Wheel1", 591);
INSERT INTO symbols(id, name, filename_id) VALUES (597,"Wheel2", 591);
INSERT INTO symbols(id, name, filename_id) VALUES (598,"04-LocalTrigger-DDU", 96);
INSERT INTO symbols(id, name, filename_id) VALUES (599,"Task", 598);
INSERT INTO symbols(id, name, filename_id) VALUES (600,"Wheel-1", 598);
INSERT INTO symbols(id, name, filename_id) VALUES (601,"Wheel-2", 598);
INSERT INTO symbols(id, name, filename_id) VALUES (602,"Wheel0", 598);
INSERT INTO symbols(id, name, filename_id) VALUES (603,"Wheel1", 598);
INSERT INTO symbols(id, name, filename_id) VALUES (604,"Wheel2", 598);
INSERT INTO symbols(id, name, filename_id) VALUES (605,"05-ChamberEff", 96);
INSERT INTO symbols(id, name, filename_id) VALUES (606,"HighQual", 605);
INSERT INTO symbols(id, name, filename_id) VALUES (607,"Task", 605);
INSERT INTO symbols(id, name, filename_id) VALUES (608,"EventInfo", 96);
INSERT INTO symbols(id, name, filename_id) VALUES (609,"CertificationContents", 608);
INSERT INTO symbols(id, name, filename_id) VALUES (610,"Counters", 608);
INSERT INTO symbols(id, name, filename_id) VALUES (611,"DAQContents", 608);
INSERT INTO symbols(id, name, filename_id) VALUES (612,"DCSContents", 608);
INSERT INTO symbols(id, name, filename_id) VALUES (613,"reportSummaryContents", 608);
INSERT INTO symbols(id, name, filename_id) VALUES (614,"FEDIntegrity", 96);
INSERT INTO symbols(id, name, filename_id) VALUES (615,"Ecal", 10);
INSERT INTO symbols(id, name, filename_id) VALUES (616,"EcalPileUpDepMonitor", 615);
INSERT INTO symbols(id, name, filename_id) VALUES (617,"EventInfo", 615);
INSERT INTO symbols(id, name, filename_id) VALUES (618,"CertificationContents", 617);
INSERT INTO symbols(id, name, filename_id) VALUES (619,"DAQContents", 617);
INSERT INTO symbols(id, name, filename_id) VALUES (620,"DCSContents", 617);
INSERT INTO symbols(id, name, filename_id) VALUES (621,"reportSummaryContents", 617);
INSERT INTO symbols(id, name, filename_id) VALUES (622,"Trends", 615);
INSERT INTO symbols(id, name, filename_id) VALUES (623,"EcalBarrel", 10);
INSERT INTO symbols(id, name, filename_id) VALUES (624,"EBClusterTask", 623);
INSERT INTO symbols(id, name, filename_id) VALUES (625,"EBClusterTaskExtras", 623);
INSERT INTO symbols(id, name, filename_id) VALUES (626,"EBIntegrityClient", 623);
INSERT INTO symbols(id, name, filename_id) VALUES (627,"EBIntegrityTask", 623);
INSERT INTO symbols(id, name, filename_id) VALUES (628,"ChId", 627);
INSERT INTO symbols(id, name, filename_id) VALUES (629,"Gain", 627);
INSERT INTO symbols(id, name, filename_id) VALUES (630,"GainSwitch", 627);
INSERT INTO symbols(id, name, filename_id) VALUES (631,"TTBlockSize", 627);
INSERT INTO symbols(id, name, filename_id) VALUES (632,"TTId", 627);
INSERT INTO symbols(id, name, filename_id) VALUES (633,"EBOccupancyTask", 623);
INSERT INTO symbols(id, name, filename_id) VALUES (634,"EBPedestalOnlineClient", 623);
INSERT INTO symbols(id, name, filename_id) VALUES (635,"EBPedestalOnlineTask", 623);
INSERT INTO symbols(id, name, filename_id) VALUES (636,"Gain12", 635);
INSERT INTO symbols(id, name, filename_id) VALUES (637,"EBRawDataTask", 623);
INSERT INTO symbols(id, name, filename_id) VALUES (638,"EBRecoSummary", 623);
INSERT INTO symbols(id, name, filename_id) VALUES (639,"EBSelectiveReadoutTask", 623);
INSERT INTO symbols(id, name, filename_id) VALUES (640,"Counters", 639);
INSERT INTO symbols(id, name, filename_id) VALUES (641,"EBStatusFlagsTask", 623);
INSERT INTO symbols(id, name, filename_id) VALUES (642,"FEStatus", 641);
INSERT INTO symbols(id, name, filename_id) VALUES (643,"EBSummaryClient", 623);
INSERT INTO symbols(id, name, filename_id) VALUES (644,"EBTriggerTowerTask", 623);
INSERT INTO symbols(id, name, filename_id) VALUES (645,"Emulated", 644);
INSERT INTO symbols(id, name, filename_id) VALUES (646,"FEDIntegrity", 623);
INSERT INTO symbols(id, name, filename_id) VALUES (647,"EcalCalibration", 10);
INSERT INTO symbols(id, name, filename_id) VALUES (648,"Zmass", 647);
INSERT INTO symbols(id, name, filename_id) VALUES (649,"EcalEndcap", 10);
INSERT INTO symbols(id, name, filename_id) VALUES (650,"EEClusterTask", 649);
INSERT INTO symbols(id, name, filename_id) VALUES (651,"EEClusterTaskExtras", 649);
INSERT INTO symbols(id, name, filename_id) VALUES (652,"EEIntegrityClient", 649);
INSERT INTO symbols(id, name, filename_id) VALUES (653,"EEIntegrityTask", 649);
INSERT INTO symbols(id, name, filename_id) VALUES (654,"ChId", 653);
INSERT INTO symbols(id, name, filename_id) VALUES (655,"Gain", 653);
INSERT INTO symbols(id, name, filename_id) VALUES (656,"GainSwitch", 653);
INSERT INTO symbols(id, name, filename_id) VALUES (657,"TTBlockSize", 653);
INSERT INTO symbols(id, name, filename_id) VALUES (658,"TTId", 653);
INSERT INTO symbols(id, name, filename_id) VALUES (659,"EEOccupancyTask", 649);
INSERT INTO symbols(id, name, filename_id) VALUES (660,"EEPedestalOnlineClient", 649);
INSERT INTO symbols(id, name, filename_id) VALUES (661,"EEPedestalOnlineTask", 649);
INSERT INTO symbols(id, name, filename_id) VALUES (662,"Gain12", 661);
INSERT INTO symbols(id, name, filename_id) VALUES (663,"EERawDataTask", 649);
INSERT INTO symbols(id, name, filename_id) VALUES (664,"EERecoSummary", 649);
INSERT INTO symbols(id, name, filename_id) VALUES (665,"EESelectiveReadoutTask", 649);
INSERT INTO symbols(id, name, filename_id) VALUES (666,"Counters", 665);
INSERT INTO symbols(id, name, filename_id) VALUES (667,"EEStatusFlagsTask", 649);
INSERT INTO symbols(id, name, filename_id) VALUES (668,"FEStatus", 667);
INSERT INTO symbols(id, name, filename_id) VALUES (669,"EESummaryClient", 649);
INSERT INTO symbols(id, name, filename_id) VALUES (670,"EETriggerTowerTask", 649);
INSERT INTO symbols(id, name, filename_id) VALUES (671,"Emulated", 670);
INSERT INTO symbols(id, name, filename_id) VALUES (672,"FEDIntegrity", 649);
INSERT INTO symbols(id, name, filename_id) VALUES (673,"EcalPreshower", 10);
INSERT INTO symbols(id, name, filename_id) VALUES (674,"ESIntegrityClient", 673);
INSERT INTO symbols(id, name, filename_id) VALUES (675,"ESIntegrityTask", 673);
INSERT INTO symbols(id, name, filename_id) VALUES (676,"ESOccupancyTask", 673);
INSERT INTO symbols(id, name, filename_id) VALUES (677,"ESRawDataTask", 673);
INSERT INTO symbols(id, name, filename_id) VALUES (678,"ESRecoSummary", 673);
INSERT INTO symbols(id, name, filename_id) VALUES (679,"ESTrendTask", 673);
INSERT INTO symbols(id, name, filename_id) VALUES (680,"EventInfo", 673);
INSERT INTO symbols(id, name, filename_id) VALUES (681,"DAQContents", 680);
INSERT INTO symbols(id, name, filename_id) VALUES (682,"reportSummaryContents", 680);
INSERT INTO symbols(id, name, filename_id) VALUES (683,"FEDIntegrity", 673);
INSERT INTO symbols(id, name, filename_id) VALUES (684,"Egamma", 10);
INSERT INTO symbols(id, name, filename_id) VALUES (685,"Electrons", 684);
INSERT INTO symbols(id, name, filename_id) VALUES (686,"Ele1_General", 685);
INSERT INTO symbols(id, name, filename_id) VALUES (687,"Ele2_All", 685);
INSERT INTO symbols(id, name, filename_id) VALUES (688,"Ele3_Et10", 685);
INSERT INTO symbols(id, name, filename_id) VALUES (689,"Ele4_Et10TkIso1", 685);
INSERT INTO symbols(id, name, filename_id) VALUES (690,"Ele5_TagAndProbe", 685);
INSERT INTO symbols(id, name, filename_id) VALUES (691,"EventInfo", 684);
INSERT INTO symbols(id, name, filename_id) VALUES (692,"PiZeroAnalyzer", 684);
INSERT INTO symbols(id, name, filename_id) VALUES (693,"gedPhotonAnalyzer", 684);
INSERT INTO symbols(id, name, filename_id) VALUES (694,"AllPhotons", 693);
INSERT INTO symbols(id, name, filename_id) VALUES (695,"Et above 20 GeV", 694);
INSERT INTO symbols(id, name, filename_id) VALUES (696,"Conversions", 695);
INSERT INTO symbols(id, name, filename_id) VALUES (697,"Efficiencies", 693);
INSERT INTO symbols(id, name, filename_id) VALUES (698,"GoodCandidatePhotons", 693);
INSERT INTO symbols(id, name, filename_id) VALUES (699,"Et above 20 GeV", 698);
INSERT INTO symbols(id, name, filename_id) VALUES (700,"Conversions", 699);
INSERT INTO symbols(id, name, filename_id) VALUES (701,"InvMass", 693);
INSERT INTO symbols(id, name, filename_id) VALUES (702,"stdPhotonAnalyzer", 684);
INSERT INTO symbols(id, name, filename_id) VALUES (703,"AllPhotons", 702);
INSERT INTO symbols(id, name, filename_id) VALUES (704,"Et above 20 GeV", 703);
INSERT INTO symbols(id, name, filename_id) VALUES (705,"Conversions", 704);
INSERT INTO symbols(id, name, filename_id) VALUES (706,"Efficiencies", 702);
INSERT INTO symbols(id, name, filename_id) VALUES (707,"GoodCandidatePhotons", 702);
INSERT INTO symbols(id, name, filename_id) VALUES (708,"Et above 20 GeV", 707);
INSERT INTO symbols(id, name, filename_id) VALUES (709,"Conversions", 708);
INSERT INTO symbols(id, name, filename_id) VALUES (710,"InvMass", 702);
INSERT INTO symbols(id, name, filename_id) VALUES (711,"zmumugammaGedValidation", 684);
INSERT INTO symbols(id, name, filename_id) VALUES (712,"ZToMuMuGamma", 711);
INSERT INTO symbols(id, name, filename_id) VALUES (713,"zmumugammaOldValidation", 684);
INSERT INTO symbols(id, name, filename_id) VALUES (714,"ZToMuMuGamma", 713);
INSERT INTO symbols(id, name, filename_id) VALUES (715,"FED", 10);
INSERT INTO symbols(id, name, filename_id) VALUES (716,"EventInfo", 715);
INSERT INTO symbols(id, name, filename_id) VALUES (717,"reportSummaryContents", 716);
INSERT INTO symbols(id, name, filename_id) VALUES (718,"FEDIntegrity", 715);
INSERT INTO symbols(id, name, filename_id) VALUES (719,"HLT", 10);
INSERT INTO symbols(id, name, filename_id) VALUES (720,"EgOffline", 719);
INSERT INTO symbols(id, name, filename_id) VALUES (721,"Client_Histos", 720);
INSERT INTO symbols(id, name, filename_id) VALUES (722,"hltDoubleIsoEG18HELastFilter", 721);
INSERT INTO symbols(id, name, filename_id) VALUES (723,"hltDoubleIsoEG22HELastFilter", 721);
INSERT INTO symbols(id, name, filename_id) VALUES (724,"hltEG200EtFilter", 721);
INSERT INTO symbols(id, name, filename_id) VALUES (725,"hltEG26CaloIdLIsoVLHcalIsoLastFilter", 721);
INSERT INTO symbols(id, name, filename_id) VALUES (726,"hltEG26CaloIdLIsoVLTrackIsoFilter", 721);
INSERT INTO symbols(id, name, filename_id) VALUES (727,"hltEG30CaloIdVLHEFilter", 721);
INSERT INTO symbols(id, name, filename_id) VALUES (728,"hltEG32CaloIdLClusterShapeFilter", 721);
INSERT INTO symbols(id, name, filename_id) VALUES (729,"hltEG36CaloIdLClusterShapeLastFilter", 721);
INSERT INTO symbols(id, name, filename_id) VALUES (730,"hltEG36CaloIdLIsoVLTrackIsoFilter", 721);
INSERT INTO symbols(id, name, filename_id) VALUES (731,"hltEG40CaloIdLHEFilter", 721);
INSERT INTO symbols(id, name, filename_id) VALUES (732,"hltEgammaSelectEcalSuperClustersActivityFilterSC7", 721);
INSERT INTO symbols(id, name, filename_id) VALUES (733,"hltEle15CaloIdVTCaloIsoTTrkIdTTrkIsoTTrackIsoFilter", 721);
INSERT INTO symbols(id, name, filename_id) VALUES (734,"hltEle17CaloIdIsoEle8CaloIdIsoPixelMatchDoubleFilter", 721);
INSERT INTO symbols(id, name, filename_id) VALUES (735,"hltEle17CaloIdLCaloIsoVLPixelMatchFilter", 721);
INSERT INTO symbols(id, name, filename_id) VALUES (736,"hltEle17CaloIdVTCaloIsoVTTrkIdTTrkIsoVTEle8PMMassFilter", 721);
INSERT INTO symbols(id, name, filename_id) VALUES (737,"hltEle17CaloIdVTCaloIsoVTTrkIdTTrkIsoVTEle8TrackIsolFilter", 721);
INSERT INTO symbols(id, name, filename_id) VALUES (738,"hltEle17CaloIdVTCaloIsoVTTrkIdTTrkIsoVTSC8PMMassFilter", 721);
INSERT INTO symbols(id, name, filename_id) VALUES (739,"hltEle17CaloIdVTCaloIsoVTTrkIdTTrkIsoVTSC8TrackIsolFilter", 721);
INSERT INTO symbols(id, name, filename_id) VALUES (740,"hltEle17TightIdLooseIsoEle8TightIdLooseIsoTrackIsolDoubleFilter", 721);
INSERT INTO symbols(id, name, filename_id) VALUES (741,"hltEle17TightIdLooseIsoEle8TightIdLooseIsoTrackIsolFilter", 721);
INSERT INTO symbols(id, name, filename_id) VALUES (742,"hltEle32CaloIdTCaloIsoTTrkIdTTrkIsoTSC17TrackIsolFilter", 721);
INSERT INTO symbols(id, name, filename_id) VALUES (743,"hltEle32CaloIdVLCaloIsoVLTrkIdVLTrkIsoVLTrackIsoFilter", 721);
INSERT INTO symbols(id, name, filename_id) VALUES (744,"hltEle32CaloIdVTCaloIsoTTrkIdTTrkIsoTTrackIsoFilter", 721);
INSERT INTO symbols(id, name, filename_id) VALUES (745,"hltEle52CaloIdVTTrkIdTDphiFilter", 721);
INSERT INTO symbols(id, name, filename_id) VALUES (746,"hltEle8CaloIdLCaloIsoVLNoL1SeedPixelMatchFilter", 721);
INSERT INTO symbols(id, name, filename_id) VALUES (747,"hltEle8CaloIdLCaloIsoVLPixelMatchFilter", 721);
INSERT INTO symbols(id, name, filename_id) VALUES (748,"hltEle8CaloIdLTrkIdVLDphiFilter", 721);
INSERT INTO symbols(id, name, filename_id) VALUES (749,"hltEle8PixelMatchFilter", 721);
INSERT INTO symbols(id, name, filename_id) VALUES (750,"hltEle8TightIdLooseIsoTrackIsolFilter", 721);
INSERT INTO symbols(id, name, filename_id) VALUES (751,"hltHFEMFilter", 721);
INSERT INTO symbols(id, name, filename_id) VALUES (752,"hltPhoton125HEFilter", 721);
INSERT INTO symbols(id, name, filename_id) VALUES (753,"hltPhoton20CaloIdVLIsoLTrackIsoFilter", 721);
INSERT INTO symbols(id, name, filename_id) VALUES (754,"hltPhoton20R9IdPhoton18R9IdEgammaR9IDDoubleFilter", 721);
INSERT INTO symbols(id, name, filename_id) VALUES (755,"hltPhoton20R9IdPhoton18R9IdEgammaR9IDFilter", 721);
INSERT INTO symbols(id, name, filename_id) VALUES (756,"hltPhoton26CaloIdLIsoVLPhoton18CaloIdLIsoVLEgammaTrackIsolDoubleFilter", 721);
INSERT INTO symbols(id, name, filename_id) VALUES (757,"hltPhoton26IsoVLHcalIsoLastFilter", 721);
INSERT INTO symbols(id, name, filename_id) VALUES (758,"hltPhoton26IsoVLPhoton18IsoVLEgammaTrackIsolDoubleFilter", 721);
INSERT INTO symbols(id, name, filename_id) VALUES (759,"hltPhoton26IsoVLTrackIsoFilter", 721);
INSERT INTO symbols(id, name, filename_id) VALUES (760,"hltPhoton26Photon18EgammaLHEFilter", 721);
INSERT INTO symbols(id, name, filename_id) VALUES (761,"hltPhoton26R9IdPhoton18CaloIdLIsoVLEgammaTrackIsolFilterUnseeded", 721);
INSERT INTO symbols(id, name, filename_id) VALUES (762,"hltPhoton26R9IdPhoton18R9IdEgammaR9IDDoubleFilter", 721);
INSERT INTO symbols(id, name, filename_id) VALUES (763,"hltPhoton26R9IdPhoton18R9IdEgammaR9IDFilter", 721);
INSERT INTO symbols(id, name, filename_id) VALUES (764,"hltPhoton30CaloIdVLIsoLTrackIsoFilter", 721);
INSERT INTO symbols(id, name, filename_id) VALUES (765,"hltPhoton32CaloIdLPhoton26CaloIdLEgammaClusterShapeDoubleFilter", 721);
INSERT INTO symbols(id, name, filename_id) VALUES (766,"hltPhoton36CaloIdLPhoton22CaloIdLEgammaClusterShapeDoubleFilter", 721);
INSERT INTO symbols(id, name, filename_id) VALUES (767,"hltPhoton36IsoVLTrackIsoFilter", 721);
INSERT INTO symbols(id, name, filename_id) VALUES (768,"hltPhoton40CaloIdLPhoton28CaloIdLEgammaClusterShapeDoubleFilter", 721);
INSERT INTO symbols(id, name, filename_id) VALUES (769,"hltPhoton50CaloIdVLHEFilter", 721);
INSERT INTO symbols(id, name, filename_id) VALUES (770,"hltPhoton50CaloIdVLIsoLTrackIsoFilter", 721);
INSERT INTO symbols(id, name, filename_id) VALUES (771,"hltPhoton75CaloIdVLHEFilter", 721);
INSERT INTO symbols(id, name, filename_id) VALUES (772,"hltPhoton75CaloIdVLIsoLTrackIsoFilter", 721);
INSERT INTO symbols(id, name, filename_id) VALUES (773,"hltPhoton90CaloIdVLHEFilter", 721);
INSERT INTO symbols(id, name, filename_id) VALUES (774,"hltPhoton90CaloIdVLIsoLTrackIsoFilter", 721);
INSERT INTO symbols(id, name, filename_id) VALUES (775,"Source_Histos", 720);
INSERT INTO symbols(id, name, filename_id) VALUES (776,"hltDoubleIsoEG18HELastFilter", 775);
INSERT INTO symbols(id, name, filename_id) VALUES (777,"hltDoubleIsoEG22HELastFilter", 775);
INSERT INTO symbols(id, name, filename_id) VALUES (778,"hltEG200EtFilter", 775);
INSERT INTO symbols(id, name, filename_id) VALUES (779,"hltEG26CaloIdLIsoVLHcalIsoLastFilter", 775);
INSERT INTO symbols(id, name, filename_id) VALUES (780,"hltEG26CaloIdLIsoVLTrackIsoFilter", 775);
INSERT INTO symbols(id, name, filename_id) VALUES (781,"hltEG30CaloIdVLHEFilter", 775);
INSERT INTO symbols(id, name, filename_id) VALUES (782,"hltEG32CaloIdLClusterShapeFilter", 775);
INSERT INTO symbols(id, name, filename_id) VALUES (783,"hltEG36CaloIdLClusterShapeLastFilter", 775);
INSERT INTO symbols(id, name, filename_id) VALUES (784,"hltEG36CaloIdLIsoVLTrackIsoFilter", 775);
INSERT INTO symbols(id, name, filename_id) VALUES (785,"hltEG40CaloIdLHEFilter", 775);
INSERT INTO symbols(id, name, filename_id) VALUES (786,"hltEgammaSelectEcalSuperClustersActivityFilterSC7", 775);
INSERT INTO symbols(id, name, filename_id) VALUES (787,"hltEle15CaloIdVTCaloIsoTTrkIdTTrkIsoTTrackIsoFilter", 775);
INSERT INTO symbols(id, name, filename_id) VALUES (788,"hltEle17CaloIdIsoEle8CaloIdIsoPixelMatchDoubleFilter", 775);
INSERT INTO symbols(id, name, filename_id) VALUES (789,"hltEle17CaloIdLCaloIsoVLPixelMatchFilter", 775);
INSERT INTO symbols(id, name, filename_id) VALUES (790,"hltEle17CaloIdVTCaloIsoVTTrkIdTTrkIsoVTEle8PMMassFilter", 775);
INSERT INTO symbols(id, name, filename_id) VALUES (791,"hltEle17CaloIdVTCaloIsoVTTrkIdTTrkIsoVTEle8TrackIsolFilter", 775);
INSERT INTO symbols(id, name, filename_id) VALUES (792,"hltEle17CaloIdVTCaloIsoVTTrkIdTTrkIsoVTSC8PMMassFilter", 775);
INSERT INTO symbols(id, name, filename_id) VALUES (793,"hltEle17CaloIdVTCaloIsoVTTrkIdTTrkIsoVTSC8TrackIsolFilter", 775);
INSERT INTO symbols(id, name, filename_id) VALUES (794,"hltEle17TightIdLooseIsoEle8TightIdLooseIsoTrackIsolDoubleFilter", 775);
INSERT INTO symbols(id, name, filename_id) VALUES (795,"hltEle17TightIdLooseIsoEle8TightIdLooseIsoTrackIsolFilter", 775);
INSERT INTO symbols(id, name, filename_id) VALUES (796,"hltEle32CaloIdTCaloIsoTTrkIdTTrkIsoTSC17TrackIsolFilter", 775);
INSERT INTO symbols(id, name, filename_id) VALUES (797,"hltEle32CaloIdVLCaloIsoVLTrkIdVLTrkIsoVLTrackIsoFilter", 775);
INSERT INTO symbols(id, name, filename_id) VALUES (798,"hltEle32CaloIdVTCaloIsoTTrkIdTTrkIsoTTrackIsoFilter", 775);
INSERT INTO symbols(id, name, filename_id) VALUES (799,"hltEle52CaloIdVTTrkIdTDphiFilter", 775);
INSERT INTO symbols(id, name, filename_id) VALUES (800,"hltEle8CaloIdLCaloIsoVLNoL1SeedPixelMatchFilter", 775);
INSERT INTO symbols(id, name, filename_id) VALUES (801,"hltEle8CaloIdLCaloIsoVLPixelMatchFilter", 775);
INSERT INTO symbols(id, name, filename_id) VALUES (802,"hltEle8CaloIdLTrkIdVLDphiFilter", 775);
INSERT INTO symbols(id, name, filename_id) VALUES (803,"hltEle8PixelMatchFilter", 775);
INSERT INTO symbols(id, name, filename_id) VALUES (804,"hltEle8TightIdLooseIsoTrackIsolFilter", 775);
INSERT INTO symbols(id, name, filename_id) VALUES (805,"hltHFEMFilter", 775);
INSERT INTO symbols(id, name, filename_id) VALUES (806,"hltPhoton125HEFilter", 775);
INSERT INTO symbols(id, name, filename_id) VALUES (807,"hltPhoton20CaloIdVLIsoLTrackIsoFilter", 775);
INSERT INTO symbols(id, name, filename_id) VALUES (808,"hltPhoton20R9IdPhoton18R9IdEgammaR9IDDoubleFilter", 775);
INSERT INTO symbols(id, name, filename_id) VALUES (809,"hltPhoton20R9IdPhoton18R9IdEgammaR9IDFilter", 775);
INSERT INTO symbols(id, name, filename_id) VALUES (810,"hltPhoton26CaloIdLIsoVLPhoton18CaloIdLIsoVLEgammaTrackIsolDoubleFilter", 775);
INSERT INTO symbols(id, name, filename_id) VALUES (811,"hltPhoton26IsoVLHcalIsoLastFilter", 775);
INSERT INTO symbols(id, name, filename_id) VALUES (812,"hltPhoton26IsoVLPhoton18IsoVLEgammaTrackIsolDoubleFilter", 775);
INSERT INTO symbols(id, name, filename_id) VALUES (813,"hltPhoton26IsoVLTrackIsoFilter", 775);
INSERT INTO symbols(id, name, filename_id) VALUES (814,"hltPhoton26Photon18EgammaLHEFilter", 775);
INSERT INTO symbols(id, name, filename_id) VALUES (815,"hltPhoton26R9IdPhoton18CaloIdLIsoVLEgammaTrackIsolFilterUnseeded", 775);
INSERT INTO symbols(id, name, filename_id) VALUES (816,"hltPhoton26R9IdPhoton18R9IdEgammaR9IDDoubleFilter", 775);
INSERT INTO symbols(id, name, filename_id) VALUES (817,"hltPhoton26R9IdPhoton18R9IdEgammaR9IDFilter", 775);
INSERT INTO symbols(id, name, filename_id) VALUES (818,"hltPhoton30CaloIdVLIsoLTrackIsoFilter", 775);
INSERT INTO symbols(id, name, filename_id) VALUES (819,"hltPhoton32CaloIdLPhoton26CaloIdLEgammaClusterShapeDoubleFilter", 775);
INSERT INTO symbols(id, name, filename_id) VALUES (820,"hltPhoton36CaloIdLPhoton22CaloIdLEgammaClusterShapeDoubleFilter", 775);
INSERT INTO symbols(id, name, filename_id) VALUES (821,"hltPhoton36IsoVLTrackIsoFilter", 775);
INSERT INTO symbols(id, name, filename_id) VALUES (822,"hltPhoton40CaloIdLPhoton28CaloIdLEgammaClusterShapeDoubleFilter", 775);
INSERT INTO symbols(id, name, filename_id) VALUES (823,"hltPhoton50CaloIdVLHEFilter", 775);
INSERT INTO symbols(id, name, filename_id) VALUES (824,"hltPhoton50CaloIdVLIsoLTrackIsoFilter", 775);
INSERT INTO symbols(id, name, filename_id) VALUES (825,"hltPhoton75CaloIdVLHEFilter", 775);
INSERT INTO symbols(id, name, filename_id) VALUES (826,"hltPhoton75CaloIdVLIsoLTrackIsoFilter", 775);
INSERT INTO symbols(id, name, filename_id) VALUES (827,"hltPhoton90CaloIdVLHEFilter", 775);
INSERT INTO symbols(id, name, filename_id) VALUES (828,"hltPhoton90CaloIdVLIsoLTrackIsoFilter", 775);
INSERT INTO symbols(id, name, filename_id) VALUES (829,"EventInfo", 719);
INSERT INTO symbols(id, name, filename_id) VALUES (830,"reportSummaryContents", 829);
INSERT INTO symbols(id, name, filename_id) VALUES (831,"GeneralHLTOffline", 719);
INSERT INTO symbols(id, name, filename_id) VALUES (832,"BTag", 831);
INSERT INTO symbols(id, name, filename_id) VALUES (833,"Commissioning", 831);
INSERT INTO symbols(id, name, filename_id) VALUES (834,"Cosmics", 831);
INSERT INTO symbols(id, name, filename_id) VALUES (835,"DoubleElectron", 831);
INSERT INTO symbols(id, name, filename_id) VALUES (836,"DoubleMu", 831);
INSERT INTO symbols(id, name, filename_id) VALUES (837,"ElectronHad", 831);
INSERT INTO symbols(id, name, filename_id) VALUES (838,"HT", 831);
INSERT INTO symbols(id, name, filename_id) VALUES (839,"HcalHPDNoise", 831);
INSERT INTO symbols(id, name, filename_id) VALUES (840,"HcalNZS", 831);
INSERT INTO symbols(id, name, filename_id) VALUES (841,"Jet", 831);
INSERT INTO symbols(id, name, filename_id) VALUES (842,"MET", 831);
INSERT INTO symbols(id, name, filename_id) VALUES (843,"MinimumBias", 831);
INSERT INTO symbols(id, name, filename_id) VALUES (844,"MuEG", 831);
INSERT INTO symbols(id, name, filename_id) VALUES (845,"MuHad", 831);
INSERT INTO symbols(id, name, filename_id) VALUES (846,"MuOnia", 831);
INSERT INTO symbols(id, name, filename_id) VALUES (847,"MultiJet", 831);
INSERT INTO symbols(id, name, filename_id) VALUES (848,"Photon", 831);
INSERT INTO symbols(id, name, filename_id) VALUES (849,"PhotonHad", 831);
INSERT INTO symbols(id, name, filename_id) VALUES (850,"SingleElectron", 831);
INSERT INTO symbols(id, name, filename_id) VALUES (851,"SingleMu", 831);
INSERT INTO symbols(id, name, filename_id) VALUES (852,"Tau", 831);
INSERT INTO symbols(id, name, filename_id) VALUES (853,"TauPlusX", 831);
INSERT INTO symbols(id, name, filename_id) VALUES (854,"Higgs", 719);
INSERT INTO symbols(id, name, filename_id) VALUES (855,"PhotonJet", 854);
INSERT INTO symbols(id, name, filename_id) VALUES (856,"JetMET", 719);
INSERT INTO symbols(id, name, filename_id) VALUES (857,"MonitorAllTriggers", 856);
INSERT INTO symbols(id, name, filename_id) VALUES (858,"HLT_MET100", 857);
INSERT INTO symbols(id, name, filename_id) VALUES (859,"HLT_MET120", 857);
INSERT INTO symbols(id, name, filename_id) VALUES (860,"HLT_MET200", 857);
INSERT INTO symbols(id, name, filename_id) VALUES (861,"TriggerSummary", 856);
INSERT INTO symbols(id, name, filename_id) VALUES (862,"Muon", 719);
INSERT INTO symbols(id, name, filename_id) VALUES (863,"DistributionsGlobal", 862);
INSERT INTO symbols(id, name, filename_id) VALUES (864,"HLT_IsoMu24", 863);
INSERT INTO symbols(id, name, filename_id) VALUES (865,"HLT_IsoMu30", 863);
INSERT INTO symbols(id, name, filename_id) VALUES (866,"HLT_Mu12", 863);
INSERT INTO symbols(id, name, filename_id) VALUES (867,"HLT_Mu13_Mu8", 863);
INSERT INTO symbols(id, name, filename_id) VALUES (868,"HLT_Mu40", 863);
INSERT INTO symbols(id, name, filename_id) VALUES (869,"HLT_Mu5", 863);
INSERT INTO symbols(id, name, filename_id) VALUES (870,"HLT_Mu8", 863);
INSERT INTO symbols(id, name, filename_id) VALUES (871,"HLT_TripleMu5", 863);
INSERT INTO symbols(id, name, filename_id) VALUES (872,"DistributionsLoose", 862);
INSERT INTO symbols(id, name, filename_id) VALUES (873,"HLT_IsoMu24", 872);
INSERT INTO symbols(id, name, filename_id) VALUES (874,"HLT_IsoMu30", 872);
INSERT INTO symbols(id, name, filename_id) VALUES (875,"HLT_Mu12", 872);
INSERT INTO symbols(id, name, filename_id) VALUES (876,"HLT_Mu13_Mu8", 872);
INSERT INTO symbols(id, name, filename_id) VALUES (877,"HLT_Mu40", 872);
INSERT INTO symbols(id, name, filename_id) VALUES (878,"HLT_Mu5", 872);
INSERT INTO symbols(id, name, filename_id) VALUES (879,"HLT_Mu8", 872);
INSERT INTO symbols(id, name, filename_id) VALUES (880,"HLT_TripleMu5", 872);
INSERT INTO symbols(id, name, filename_id) VALUES (881,"DistributionsTight", 862);
INSERT INTO symbols(id, name, filename_id) VALUES (882,"HLT_IsoMu24", 881);
INSERT INTO symbols(id, name, filename_id) VALUES (883,"HLT_IsoMu30", 881);
INSERT INTO symbols(id, name, filename_id) VALUES (884,"HLT_Mu12", 881);
INSERT INTO symbols(id, name, filename_id) VALUES (885,"HLT_Mu13_Mu8", 881);
INSERT INTO symbols(id, name, filename_id) VALUES (886,"HLT_Mu40", 881);
INSERT INTO symbols(id, name, filename_id) VALUES (887,"HLT_Mu5", 881);
INSERT INTO symbols(id, name, filename_id) VALUES (888,"HLT_Mu8", 881);
INSERT INTO symbols(id, name, filename_id) VALUES (889,"HLT_TripleMu5", 881);
INSERT INTO symbols(id, name, filename_id) VALUES (890,"DistributionsTracker", 862);
INSERT INTO symbols(id, name, filename_id) VALUES (891,"HLT_IsoMu24", 890);
INSERT INTO symbols(id, name, filename_id) VALUES (892,"HLT_IsoMu30", 890);
INSERT INTO symbols(id, name, filename_id) VALUES (893,"HLT_Mu12", 890);
INSERT INTO symbols(id, name, filename_id) VALUES (894,"HLT_Mu13_Mu8", 890);
INSERT INTO symbols(id, name, filename_id) VALUES (895,"HLT_Mu40", 890);
INSERT INTO symbols(id, name, filename_id) VALUES (896,"HLT_Mu5", 890);
INSERT INTO symbols(id, name, filename_id) VALUES (897,"HLT_Mu8", 890);
INSERT INTO symbols(id, name, filename_id) VALUES (898,"HLT_TripleMu5", 890);
INSERT INTO symbols(id, name, filename_id) VALUES (899,"SiStrip", 719);
INSERT INTO symbols(id, name, filename_id) VALUES (900,"MechanicalView", 899);
INSERT INTO symbols(id, name, filename_id) VALUES (901,"TEC", 900);
INSERT INTO symbols(id, name, filename_id) VALUES (902,"MINUS", 901);
INSERT INTO symbols(id, name, filename_id) VALUES (903,"wheel_1", 902);
INSERT INTO symbols(id, name, filename_id) VALUES (904,"wheel_2", 902);
INSERT INTO symbols(id, name, filename_id) VALUES (905,"wheel_3", 902);
INSERT INTO symbols(id, name, filename_id) VALUES (906,"wheel_4", 902);
INSERT INTO symbols(id, name, filename_id) VALUES (907,"wheel_5", 902);
INSERT INTO symbols(id, name, filename_id) VALUES (908,"wheel_6", 902);
INSERT INTO symbols(id, name, filename_id) VALUES (909,"wheel_7", 902);
INSERT INTO symbols(id, name, filename_id) VALUES (910,"wheel_8", 902);
INSERT INTO symbols(id, name, filename_id) VALUES (911,"wheel_9", 902);
INSERT INTO symbols(id, name, filename_id) VALUES (912,"PLUS", 901);
INSERT INTO symbols(id, name, filename_id) VALUES (913,"wheel_1", 912);
INSERT INTO symbols(id, name, filename_id) VALUES (914,"wheel_2", 912);
INSERT INTO symbols(id, name, filename_id) VALUES (915,"wheel_3", 912);
INSERT INTO symbols(id, name, filename_id) VALUES (916,"wheel_4", 912);
INSERT INTO symbols(id, name, filename_id) VALUES (917,"wheel_5", 912);
INSERT INTO symbols(id, name, filename_id) VALUES (918,"wheel_6", 912);
INSERT INTO symbols(id, name, filename_id) VALUES (919,"wheel_7", 912);
INSERT INTO symbols(id, name, filename_id) VALUES (920,"wheel_8", 912);
INSERT INTO symbols(id, name, filename_id) VALUES (921,"wheel_9", 912);
INSERT INTO symbols(id, name, filename_id) VALUES (922,"TIB", 900);
INSERT INTO symbols(id, name, filename_id) VALUES (923,"layer_1", 922);
INSERT INTO symbols(id, name, filename_id) VALUES (924,"layer_2", 922);
INSERT INTO symbols(id, name, filename_id) VALUES (925,"layer_3", 922);
INSERT INTO symbols(id, name, filename_id) VALUES (926,"layer_4", 922);
INSERT INTO symbols(id, name, filename_id) VALUES (927,"TID", 900);
INSERT INTO symbols(id, name, filename_id) VALUES (928,"MINUS", 927);
INSERT INTO symbols(id, name, filename_id) VALUES (929,"wheel_1", 928);
INSERT INTO symbols(id, name, filename_id) VALUES (930,"wheel_2", 928);
INSERT INTO symbols(id, name, filename_id) VALUES (931,"wheel_3", 928);
INSERT INTO symbols(id, name, filename_id) VALUES (932,"PLUS", 927);
INSERT INTO symbols(id, name, filename_id) VALUES (933,"wheel_1", 932);
INSERT INTO symbols(id, name, filename_id) VALUES (934,"wheel_2", 932);
INSERT INTO symbols(id, name, filename_id) VALUES (935,"wheel_3", 932);
INSERT INTO symbols(id, name, filename_id) VALUES (936,"TOB", 900);
INSERT INTO symbols(id, name, filename_id) VALUES (937,"layer_1", 936);
INSERT INTO symbols(id, name, filename_id) VALUES (938,"layer_2", 936);
INSERT INTO symbols(id, name, filename_id) VALUES (939,"layer_3", 936);
INSERT INTO symbols(id, name, filename_id) VALUES (940,"layer_4", 936);
INSERT INTO symbols(id, name, filename_id) VALUES (941,"layer_5", 936);
INSERT INTO symbols(id, name, filename_id) VALUES (942,"layer_6", 936);
INSERT INTO symbols(id, name, filename_id) VALUES (943,"TauOffline", 719);
INSERT INTO symbols(id, name, filename_id) VALUES (944,"Inclusive", 943);
INSERT INTO symbols(id, name, filename_id) VALUES (945,"HLT_DoubleIsoPFTau25_Trk5_eta2p1", 944);
INSERT INTO symbols(id, name, filename_id) VALUES (946,"HLT_Ele15_CaloIdVT_CaloIsoT_TrkIdT_TrkIsoT_LooseIsoPFTau15", 944);
INSERT INTO symbols(id, name, filename_id) VALUES (947,"HLT_Ele15_CaloIdVT_CaloIsoT_TrkIdT_TrkIsoT_LooseIsoPFTau20", 944);
INSERT INTO symbols(id, name, filename_id) VALUES (948,"HLT_Ele15_CaloIdVT_TrkIdT_LooseIsoPFTau15", 944);
INSERT INTO symbols(id, name, filename_id) VALUES (949,"HLT_HT250_DoubleIsoPFTau10_Trk3_PFMHT35", 944);
INSERT INTO symbols(id, name, filename_id) VALUES (950,"HLT_HT300_DoubleIsoPFTau10_Trk3_PFMHT40", 944);
INSERT INTO symbols(id, name, filename_id) VALUES (951,"HLT_HT350_DoubleIsoPFTau10_Trk3_PFMHT45", 944);
INSERT INTO symbols(id, name, filename_id) VALUES (952,"HLT_IsoMu15_LooseIsoPFTau15", 944);
INSERT INTO symbols(id, name, filename_id) VALUES (953,"HLT_IsoPFTau35_Trk20_MET45", 944);
INSERT INTO symbols(id, name, filename_id) VALUES (954,"HLT_Mu15_LooseIsoPFTau15", 944);
INSERT INTO symbols(id, name, filename_id) VALUES (955,"HLT_QuadJet40_IsoPFTau40", 944);
INSERT INTO symbols(id, name, filename_id) VALUES (956,"L1", 944);
INSERT INTO symbols(id, name, filename_id) VALUES (957,"Summary", 944);
INSERT INTO symbols(id, name, filename_id) VALUES (958,"helpers", 957);
INSERT INTO symbols(id, name, filename_id) VALUES (959,"PFTaus", 943);
INSERT INTO symbols(id, name, filename_id) VALUES (960,"HLT_DoubleIsoPFTau25_Trk5_eta2p1", 959);
INSERT INTO symbols(id, name, filename_id) VALUES (961,"helpers", 960);
INSERT INTO symbols(id, name, filename_id) VALUES (962,"HLT_Ele15_CaloIdVT_CaloIsoT_TrkIdT_TrkIsoT_LooseIsoPFTau15", 959);
INSERT INTO symbols(id, name, filename_id) VALUES (963,"helpers", 962);
INSERT INTO symbols(id, name, filename_id) VALUES (964,"HLT_Ele15_CaloIdVT_CaloIsoT_TrkIdT_TrkIsoT_LooseIsoPFTau20", 959);
INSERT INTO symbols(id, name, filename_id) VALUES (965,"helpers", 964);
INSERT INTO symbols(id, name, filename_id) VALUES (966,"HLT_Ele15_CaloIdVT_TrkIdT_LooseIsoPFTau15", 959);
INSERT INTO symbols(id, name, filename_id) VALUES (967,"helpers", 966);
INSERT INTO symbols(id, name, filename_id) VALUES (968,"HLT_HT250_DoubleIsoPFTau10_Trk3_PFMHT35", 959);
INSERT INTO symbols(id, name, filename_id) VALUES (969,"helpers", 968);
INSERT INTO symbols(id, name, filename_id) VALUES (970,"HLT_HT300_DoubleIsoPFTau10_Trk3_PFMHT40", 959);
INSERT INTO symbols(id, name, filename_id) VALUES (971,"helpers", 970);
INSERT INTO symbols(id, name, filename_id) VALUES (972,"HLT_HT350_DoubleIsoPFTau10_Trk3_PFMHT45", 959);
INSERT INTO symbols(id, name, filename_id) VALUES (973,"helpers", 972);
INSERT INTO symbols(id, name, filename_id) VALUES (974,"HLT_IsoMu15_LooseIsoPFTau15", 959);
INSERT INTO symbols(id, name, filename_id) VALUES (975,"helpers", 974);
INSERT INTO symbols(id, name, filename_id) VALUES (976,"HLT_IsoPFTau35_Trk20_MET45", 959);
INSERT INTO symbols(id, name, filename_id) VALUES (977,"helpers", 976);
INSERT INTO symbols(id, name, filename_id) VALUES (978,"HLT_Mu15_LooseIsoPFTau15", 959);
INSERT INTO symbols(id, name, filename_id) VALUES (979,"helpers", 978);
INSERT INTO symbols(id, name, filename_id) VALUES (980,"HLT_QuadJet40_IsoPFTau40", 959);
INSERT INTO symbols(id, name, filename_id) VALUES (981,"helpers", 980);
INSERT INTO symbols(id, name, filename_id) VALUES (982,"L1", 959);
INSERT INTO symbols(id, name, filename_id) VALUES (983,"helpers", 982);
INSERT INTO symbols(id, name, filename_id) VALUES (984,"Summary", 959);
INSERT INTO symbols(id, name, filename_id) VALUES (985,"helpers", 984);
INSERT INTO symbols(id, name, filename_id) VALUES (986,"TopHLTOffline", 719);
INSERT INTO symbols(id, name, filename_id) VALUES (987,"SingleTop", 986);
INSERT INTO symbols(id, name, filename_id) VALUES (988,"SingleElectron", 987);
INSERT INTO symbols(id, name, filename_id) VALUES (989,"step0", 988);
INSERT INTO symbols(id, name, filename_id) VALUES (990,"step1", 988);
INSERT INTO symbols(id, name, filename_id) VALUES (991,"step2", 988);
INSERT INTO symbols(id, name, filename_id) VALUES (992,"SingleMuon", 987);
INSERT INTO symbols(id, name, filename_id) VALUES (993,"step0", 992);
INSERT INTO symbols(id, name, filename_id) VALUES (994,"step1", 992);
INSERT INTO symbols(id, name, filename_id) VALUES (995,"step2", 992);
INSERT INTO symbols(id, name, filename_id) VALUES (996,"Top", 986);
INSERT INTO symbols(id, name, filename_id) VALUES (997,"DiElectron", 996);
INSERT INTO symbols(id, name, filename_id) VALUES (998,"step0", 997);
INSERT INTO symbols(id, name, filename_id) VALUES (999,"step1", 997);
INSERT INTO symbols(id, name, filename_id) VALUES (1000,"step2", 997);
INSERT INTO symbols(id, name, filename_id) VALUES (1001,"DiMuon", 996);
INSERT INTO symbols(id, name, filename_id) VALUES (1002,"step0", 1001);
INSERT INTO symbols(id, name, filename_id) VALUES (1003,"step1", 1001);
INSERT INTO symbols(id, name, filename_id) VALUES (1004,"step2", 1001);
INSERT INTO symbols(id, name, filename_id) VALUES (1005,"ElecMuon", 996);
INSERT INTO symbols(id, name, filename_id) VALUES (1006,"step0", 1005);
INSERT INTO symbols(id, name, filename_id) VALUES (1007,"step1", 1005);
INSERT INTO symbols(id, name, filename_id) VALUES (1008,"step2", 1005);
INSERT INTO symbols(id, name, filename_id) VALUES (1009,"step3", 1005);
INSERT INTO symbols(id, name, filename_id) VALUES (1010,"SemiElectronic", 996);
INSERT INTO symbols(id, name, filename_id) VALUES (1011,"step0", 1010);
INSERT INTO symbols(id, name, filename_id) VALUES (1012,"step1", 1010);
INSERT INTO symbols(id, name, filename_id) VALUES (1013,"step2", 1010);
INSERT INTO symbols(id, name, filename_id) VALUES (1014,"SemiMuonic", 996);
INSERT INTO symbols(id, name, filename_id) VALUES (1015,"step0", 1014);
INSERT INTO symbols(id, name, filename_id) VALUES (1016,"step1", 1014);
INSERT INTO symbols(id, name, filename_id) VALUES (1017,"step2", 1014);
INSERT INTO symbols(id, name, filename_id) VALUES (1018,"Tracking", 719);
INSERT INTO symbols(id, name, filename_id) VALUES (1019,"iter0HP", 1018);
INSERT INTO symbols(id, name, filename_id) VALUES (1020,"GeneralProperties", 1019);
INSERT INTO symbols(id, name, filename_id) VALUES (1021,"HitProperties", 1019);
INSERT INTO symbols(id, name, filename_id) VALUES (1022,"PixBarrel", 1021);
INSERT INTO symbols(id, name, filename_id) VALUES (1023,"PixEndcap", 1021);
INSERT INTO symbols(id, name, filename_id) VALUES (1024,"TEC", 1021);
INSERT INTO symbols(id, name, filename_id) VALUES (1025,"TIB", 1021);
INSERT INTO symbols(id, name, filename_id) VALUES (1026,"TID", 1021);
INSERT INTO symbols(id, name, filename_id) VALUES (1027,"TOB", 1021);
INSERT INTO symbols(id, name, filename_id) VALUES (1028,"iter2Merged", 1018);
INSERT INTO symbols(id, name, filename_id) VALUES (1029,"GeneralProperties", 1028);
INSERT INTO symbols(id, name, filename_id) VALUES (1030,"HitProperties", 1028);
INSERT INTO symbols(id, name, filename_id) VALUES (1031,"PixBarrel", 1030);
INSERT INTO symbols(id, name, filename_id) VALUES (1032,"PixEndcap", 1030);
INSERT INTO symbols(id, name, filename_id) VALUES (1033,"TEC", 1030);
INSERT INTO symbols(id, name, filename_id) VALUES (1034,"TIB", 1030);
INSERT INTO symbols(id, name, filename_id) VALUES (1035,"TID", 1030);
INSERT INTO symbols(id, name, filename_id) VALUES (1036,"TOB", 1030);
INSERT INTO symbols(id, name, filename_id) VALUES (1037,"pixelTracks", 1018);
INSERT INTO symbols(id, name, filename_id) VALUES (1038,"GeneralProperties", 1037);
INSERT INTO symbols(id, name, filename_id) VALUES (1039,"HitProperties", 1037);
INSERT INTO symbols(id, name, filename_id) VALUES (1040,"PixBarrel", 1039);
INSERT INTO symbols(id, name, filename_id) VALUES (1041,"PixEndcap", 1039);
INSERT INTO symbols(id, name, filename_id) VALUES (1042,"TEC", 1039);
INSERT INTO symbols(id, name, filename_id) VALUES (1043,"TIB", 1039);
INSERT INTO symbols(id, name, filename_id) VALUES (1044,"TID", 1039);
INSERT INTO symbols(id, name, filename_id) VALUES (1045,"TOB", 1039);
INSERT INTO symbols(id, name, filename_id) VALUES (1046,"Hcal", 10);
INSERT INTO symbols(id, name, filename_id) VALUES (1047,"BeamMonitor_Hcal", 1046);
INSERT INTO symbols(id, name, filename_id) VALUES (1048,"HB", 1047);
INSERT INTO symbols(id, name, filename_id) VALUES (1049,"HE", 1047);
INSERT INTO symbols(id, name, filename_id) VALUES (1050,"HF", 1047);
INSERT INTO symbols(id, name, filename_id) VALUES (1051,"HO", 1047);
INSERT INTO symbols(id, name, filename_id) VALUES (1052,"LSvalues", 1047);
INSERT INTO symbols(id, name, filename_id) VALUES (1053,"Lumi", 1047);
INSERT INTO symbols(id, name, filename_id) VALUES (1054,"DeadCellMonitor_Hcal", 1046);
INSERT INTO symbols(id, name, filename_id) VALUES (1055,"DiagnosticPlots", 1054);
INSERT INTO symbols(id, name, filename_id) VALUES (1056,"LSvalues", 1054);
INSERT INTO symbols(id, name, filename_id) VALUES (1057,"dead_cell_parameters", 1054);
INSERT INTO symbols(id, name, filename_id) VALUES (1058,"dead_digi_never_present", 1054);
INSERT INTO symbols(id, name, filename_id) VALUES (1059,"dead_digi_often_missing", 1054);
INSERT INTO symbols(id, name, filename_id) VALUES (1060,"dead_rechit_neverpresent", 1054);
INSERT INTO symbols(id, name, filename_id) VALUES (1061,"dead_rechit_often_missing", 1054);
INSERT INTO symbols(id, name, filename_id) VALUES (1062,"problem_deadcells", 1054);
INSERT INTO symbols(id, name, filename_id) VALUES (1063,"DetDiagNoiseMonitor_Hcal", 1046);
INSERT INTO symbols(id, name, filename_id) VALUES (1064,"Common Plots", 1063);
INSERT INTO symbols(id, name, filename_id) VALUES (1065,"HBHE Plots", 1063);
INSERT INTO symbols(id, name, filename_id) VALUES (1066,"HO Plots", 1063);
INSERT INTO symbols(id, name, filename_id) VALUES (1067,"LSvalues", 1063);
INSERT INTO symbols(id, name, filename_id) VALUES (1068,"Noise Spike Plots", 1063);
INSERT INTO symbols(id, name, filename_id) VALUES (1069,"problem_DetDiagNoiseMonitor", 1063);
INSERT INTO symbols(id, name, filename_id) VALUES (1070,"DigiMonitor_Hcal", 1046);
INSERT INTO symbols(id, name, filename_id) VALUES (1071,"HFTimingStudy", 1070);
INSERT INTO symbols(id, name, filename_id) VALUES (1072,"LSvalues", 1070);
INSERT INTO symbols(id, name, filename_id) VALUES (1073,"bad_digis", 1070);
INSERT INTO symbols(id, name, filename_id) VALUES (1074,"1D_digi_plots", 1073);
INSERT INTO symbols(id, name, filename_id) VALUES (1075,"bad_digi_occupancy", 1073);
INSERT INTO symbols(id, name, filename_id) VALUES (1076,"bad_reportUnpackerErrors", 1073);
INSERT INTO symbols(id, name, filename_id) VALUES (1077,"baddigisize", 1073);
INSERT INTO symbols(id, name, filename_id) VALUES (1078,"badfibBCNoff", 1073);
INSERT INTO symbols(id, name, filename_id) VALUES (1079,"diagnostics", 1070);
INSERT INTO symbols(id, name, filename_id) VALUES (1080,"bad_digis", 1079);
INSERT INTO symbols(id, name, filename_id) VALUES (1081,"badcapID", 1080);
INSERT INTO symbols(id, name, filename_id) VALUES (1082,"data_invalid_error", 1080);
INSERT INTO symbols(id, name, filename_id) VALUES (1083,"digi_info", 1070);
INSERT INTO symbols(id, name, filename_id) VALUES (1084,"HB", 1083);
INSERT INTO symbols(id, name, filename_id) VALUES (1085,"HE", 1083);
INSERT INTO symbols(id, name, filename_id) VALUES (1086,"HF", 1083);
INSERT INTO symbols(id, name, filename_id) VALUES (1087,"HO", 1083);
INSERT INTO symbols(id, name, filename_id) VALUES (1088,"digi_parameters", 1070);
INSERT INTO symbols(id, name, filename_id) VALUES (1089,"good_digis", 1070);
INSERT INTO symbols(id, name, filename_id) VALUES (1090,"1D_digi_plots", 1089);
INSERT INTO symbols(id, name, filename_id) VALUES (1091,"digi_occupancy", 1089);
INSERT INTO symbols(id, name, filename_id) VALUES (1092,"problem_digis", 1070);
INSERT INTO symbols(id, name, filename_id) VALUES (1093,"EventInfo", 1046);
INSERT INTO symbols(id, name, filename_id) VALUES (1094,"CertificationContents", 1093);
INSERT INTO symbols(id, name, filename_id) VALUES (1095,"DAQContents", 1093);
INSERT INTO symbols(id, name, filename_id) VALUES (1096,"DCSContents", 1093);
INSERT INTO symbols(id, name, filename_id) VALUES (1097,"reportSummaryContents", 1093);
INSERT INTO symbols(id, name, filename_id) VALUES (1098,"HcalInfo", 1046);
INSERT INTO symbols(id, name, filename_id) VALUES (1099,"ChannelStatus", 1098);
INSERT INTO symbols(id, name, filename_id) VALUES (1100,"PedestalsFromCondDB", 1098);
INSERT INTO symbols(id, name, filename_id) VALUES (1101,"SummaryClientPlots", 1098);
INSERT INTO symbols(id, name, filename_id) VALUES (1102,"HotCellMonitor_Hcal", 1046);
INSERT INTO symbols(id, name, filename_id) VALUES (1103,"LSvalues", 1102);
INSERT INTO symbols(id, name, filename_id) VALUES (1104,"hot_neighbortest", 1102);
INSERT INTO symbols(id, name, filename_id) VALUES (1105,"hot_rechit_above_threshold", 1102);
INSERT INTO symbols(id, name, filename_id) VALUES (1106,"hot_rechit_always_above_threshold", 1102);
INSERT INTO symbols(id, name, filename_id) VALUES (1107,"problem_hotcells", 1102);
INSERT INTO symbols(id, name, filename_id) VALUES (1108,"LSbyLS_Hcal", 1046);
INSERT INTO symbols(id, name, filename_id) VALUES (1109,"LSvalues", 1108);
INSERT INTO symbols(id, name, filename_id) VALUES (1110,"NZSMonitor_Hcal", 1046);
INSERT INTO symbols(id, name, filename_id) VALUES (1111,"problem_NZS", 1110);
INSERT INTO symbols(id, name, filename_id) VALUES (1112,"NoiseMonitor_Hcal", 1046);
INSERT INTO symbols(id, name, filename_id) VALUES (1113,"DoubleChi2", 1112);
INSERT INTO symbols(id, name, filename_id) VALUES (1114,"IsolationVariable", 1112);
INSERT INTO symbols(id, name, filename_id) VALUES (1115,"LSvalues", 1112);
INSERT INTO symbols(id, name, filename_id) VALUES (1116,"NoiseMonitoring", 1112);
INSERT INTO symbols(id, name, filename_id) VALUES (1117,"TS4TS5Variable", 1112);
INSERT INTO symbols(id, name, filename_id) VALUES (1118,"RawDataMonitor_Hcal", 1046);
INSERT INTO symbols(id, name, filename_id) VALUES (1119,"Corruption", 1118);
INSERT INTO symbols(id, name, filename_id) VALUES (1120,"Channel Data Integrity", 1119);
INSERT INTO symbols(id, name, filename_id) VALUES (1121,"Data Flow", 1118);
INSERT INTO symbols(id, name, filename_id) VALUES (1122,"Diagnostics", 1118);
INSERT INTO symbols(id, name, filename_id) VALUES (1123,"LSvalues", 1118);
INSERT INTO symbols(id, name, filename_id) VALUES (1124,"problem_rawdata", 1118);
INSERT INTO symbols(id, name, filename_id) VALUES (1125,"RecHitMonitor_Hcal", 1046);
INSERT INTO symbols(id, name, filename_id) VALUES (1126,"AnomalousCellFlags", 1125);
INSERT INTO symbols(id, name, filename_id) VALUES (1127,"Distributions_AllRecHits", 1125);
INSERT INTO symbols(id, name, filename_id) VALUES (1128,"rechit_1D_plots", 1127);
INSERT INTO symbols(id, name, filename_id) VALUES (1129,"sumplots", 1127);
INSERT INTO symbols(id, name, filename_id) VALUES (1130,"Distributions_PassedHcalHLTriggers", 1125);
INSERT INTO symbols(id, name, filename_id) VALUES (1131,"Distributions_PassedMinBias", 1125);
INSERT INTO symbols(id, name, filename_id) VALUES (1132,"rechit_1D_plots", 1131);
INSERT INTO symbols(id, name, filename_id) VALUES (1133,"sumplots", 1131);
INSERT INTO symbols(id, name, filename_id) VALUES (1134,"LSvalues", 1125);
INSERT INTO symbols(id, name, filename_id) VALUES (1135,"diagnostics", 1125);
INSERT INTO symbols(id, name, filename_id) VALUES (1136,"hb", 1135);
INSERT INTO symbols(id, name, filename_id) VALUES (1137,"he", 1135);
INSERT INTO symbols(id, name, filename_id) VALUES (1138,"hf", 1135);
INSERT INTO symbols(id, name, filename_id) VALUES (1139,"ho", 1135);
INSERT INTO symbols(id, name, filename_id) VALUES (1140,"problem_rechits", 1125);
INSERT INTO symbols(id, name, filename_id) VALUES (1141,"rechit_parameters", 1125);
INSERT INTO symbols(id, name, filename_id) VALUES (1142,"thresholds", 1141);
INSERT INTO symbols(id, name, filename_id) VALUES (1143,"ZDCMonitor", 1046);
INSERT INTO symbols(id, name, filename_id) VALUES (1144,"DQM Job Status", 1143);
INSERT INTO symbols(id, name, filename_id) VALUES (1145,"EventInfoDUMMY", 1143);
INSERT INTO symbols(id, name, filename_id) VALUES (1146,"DAQContents", 1145);
INSERT INTO symbols(id, name, filename_id) VALUES (1147,"DCSContents", 1145);
INSERT INTO symbols(id, name, filename_id) VALUES (1148,"reportSummaryContents", 1145);
INSERT INTO symbols(id, name, filename_id) VALUES (1149,"ZDCMonitor_Hcal", 1143);
INSERT INTO symbols(id, name, filename_id) VALUES (1150,"Digis", 1149);
INSERT INTO symbols(id, name, filename_id) VALUES (1151,"RecHits", 1149);
INSERT INTO symbols(id, name, filename_id) VALUES (1152,"HcalNoiseRatesD", 10);
INSERT INTO symbols(id, name, filename_id) VALUES (1153,"HcalNoiseRatesTask", 1152);
INSERT INTO symbols(id, name, filename_id) VALUES (1154,"HcalRecHitsD", 10);
INSERT INTO symbols(id, name, filename_id) VALUES (1155,"HcalRecHitTask", 1154);
INSERT INTO symbols(id, name, filename_id) VALUES (1156,"Info", 10);
INSERT INTO symbols(id, name, filename_id) VALUES (1157,"CMSSWInfo", 1156);
INSERT INTO symbols(id, name, filename_id) VALUES (1158,"DcsInfo", 1156);
INSERT INTO symbols(id, name, filename_id) VALUES (1159,"EventInfo", 1156);
INSERT INTO symbols(id, name, filename_id) VALUES (1160,"JetMET", 10);
INSERT INTO symbols(id, name, filename_id) VALUES (1161,"CaloTowers", 1160);
INSERT INTO symbols(id, name, filename_id) VALUES (1162,"SchemeB", 1161);
INSERT INTO symbols(id, name, filename_id) VALUES (1163,"Jet", 1160);
INSERT INTO symbols(id, name, filename_id) VALUES (1164,"Cleanedak4CaloJets", 1163);
INSERT INTO symbols(id, name, filename_id) VALUES (1165,"DiJet", 1164);
INSERT INTO symbols(id, name, filename_id) VALUES (1166,"Cleanedak4PFJets", 1163);
INSERT INTO symbols(id, name, filename_id) VALUES (1167,"DiJet", 1166);
INSERT INTO symbols(id, name, filename_id) VALUES (1168,"Uncleanedak4CaloJets", 1163);
INSERT INTO symbols(id, name, filename_id) VALUES (1169,"Uncleanedak4PFJets", 1163);
INSERT INTO symbols(id, name, filename_id) VALUES (1170,"MET", 1160);
INSERT INTO symbols(id, name, filename_id) VALUES (1171,"caloMet", 1170);
INSERT INTO symbols(id, name, filename_id) VALUES (1172,"Cleaned", 1171);
INSERT INTO symbols(id, name, filename_id) VALUES (1173,"highMET", 1172);
INSERT INTO symbols(id, name, filename_id) VALUES (1174,"highPtJet", 1172);
INSERT INTO symbols(id, name, filename_id) VALUES (1175,"lowPtJet", 1172);
INSERT INTO symbols(id, name, filename_id) VALUES (1176,"singleEle", 1172);
INSERT INTO symbols(id, name, filename_id) VALUES (1177,"singleMu", 1172);
INSERT INTO symbols(id, name, filename_id) VALUES (1178,"zeroBias", 1172);
INSERT INTO symbols(id, name, filename_id) VALUES (1179,"DiJet", 1171);
INSERT INTO symbols(id, name, filename_id) VALUES (1180,"Uncleaned", 1171);
INSERT INTO symbols(id, name, filename_id) VALUES (1181,"pfMet", 1170);
INSERT INTO symbols(id, name, filename_id) VALUES (1182,"Cleaned", 1181);
INSERT INTO symbols(id, name, filename_id) VALUES (1183,"highMET", 1182);
INSERT INTO symbols(id, name, filename_id) VALUES (1184,"highPtJet", 1182);
INSERT INTO symbols(id, name, filename_id) VALUES (1185,"lowPtJet", 1182);
INSERT INTO symbols(id, name, filename_id) VALUES (1186,"singleEle", 1182);
INSERT INTO symbols(id, name, filename_id) VALUES (1187,"singleMu", 1182);
INSERT INTO symbols(id, name, filename_id) VALUES (1188,"zeroBias", 1182);
INSERT INTO symbols(id, name, filename_id) VALUES (1189,"DiJet", 1181);
INSERT INTO symbols(id, name, filename_id) VALUES (1190,"Uncleaned", 1181);
INSERT INTO symbols(id, name, filename_id) VALUES (1191,"SUSYDQM", 1160);
INSERT INTO symbols(id, name, filename_id) VALUES (1192,"Alpha_T", 1191);
INSERT INTO symbols(id, name, filename_id) VALUES (1193,"HT", 1191);
INSERT INTO symbols(id, name, filename_id) VALUES (1194,"MET", 1191);
INSERT INTO symbols(id, name, filename_id) VALUES (1195,"MHT", 1191);
INSERT INTO symbols(id, name, filename_id) VALUES (1196,"L1T", 10);
INSERT INTO symbols(id, name, filename_id) VALUES (1197,"EventInfo", 1196);
INSERT INTO symbols(id, name, filename_id) VALUES (1198,"L1Extra", 1196);
INSERT INTO symbols(id, name, filename_id) VALUES (1199,"BxInEvent_0", 1198);
INSERT INTO symbols(id, name, filename_id) VALUES (1200,"BxInEvent_1", 1198);
INSERT INTO symbols(id, name, filename_id) VALUES (1201,"BxInEvent_2", 1198);
INSERT INTO symbols(id, name, filename_id) VALUES (1202,"BxInEvent_E", 1198);
INSERT INTO symbols(id, name, filename_id) VALUES (1203,"BxInEvent_F", 1198);
INSERT INTO symbols(id, name, filename_id) VALUES (1204,"L1TCSCTF", 1196);
INSERT INTO symbols(id, name, filename_id) VALUES (1205,"L1TDTTF", 1196);
INSERT INTO symbols(id, name, filename_id) VALUES (1206,"01-INCLUSIVE", 1205);
INSERT INTO symbols(id, name, filename_id) VALUES (1207,"02-WHEEL_N2", 1205);
INSERT INTO symbols(id, name, filename_id) VALUES (1208,"2ND_TRACK_ONLY", 1207);
INSERT INTO symbols(id, name, filename_id) VALUES (1209,"BX_BySector", 1207);
INSERT INTO symbols(id, name, filename_id) VALUES (1210,"2ND_TRACK_ONLY", 1209);
INSERT INTO symbols(id, name, filename_id) VALUES (1211,"Charge", 1207);
INSERT INTO symbols(id, name, filename_id) VALUES (1212,"Eta", 1207);
INSERT INTO symbols(id, name, filename_id) VALUES (1213,"EtaFineFraction", 1207);
INSERT INTO symbols(id, name, filename_id) VALUES (1214,"PT", 1207);
INSERT INTO symbols(id, name, filename_id) VALUES (1215,"Phi", 1207);
INSERT INTO symbols(id, name, filename_id) VALUES (1216,"Quality", 1207);
INSERT INTO symbols(id, name, filename_id) VALUES (1217,"TracksPerEvent", 1207);
INSERT INTO symbols(id, name, filename_id) VALUES (1218,"03-WHEEL_N1", 1205);
INSERT INTO symbols(id, name, filename_id) VALUES (1219,"2ND_TRACK_ONLY", 1218);
INSERT INTO symbols(id, name, filename_id) VALUES (1220,"BX_BySector", 1218);
INSERT INTO symbols(id, name, filename_id) VALUES (1221,"2ND_TRACK_ONLY", 1220);
INSERT INTO symbols(id, name, filename_id) VALUES (1222,"Charge", 1218);
INSERT INTO symbols(id, name, filename_id) VALUES (1223,"Eta", 1218);
INSERT INTO symbols(id, name, filename_id) VALUES (1224,"EtaFineFraction", 1218);
INSERT INTO symbols(id, name, filename_id) VALUES (1225,"PT", 1218);
INSERT INTO symbols(id, name, filename_id) VALUES (1226,"Phi", 1218);
INSERT INTO symbols(id, name, filename_id) VALUES (1227,"Quality", 1218);
INSERT INTO symbols(id, name, filename_id) VALUES (1228,"TracksPerEvent", 1218);
INSERT INTO symbols(id, name, filename_id) VALUES (1229,"04-WHEEL_N0", 1205);
INSERT INTO symbols(id, name, filename_id) VALUES (1230,"2ND_TRACK_ONLY", 1229);
INSERT INTO symbols(id, name, filename_id) VALUES (1231,"BX_BySector", 1229);
INSERT INTO symbols(id, name, filename_id) VALUES (1232,"2ND_TRACK_ONLY", 1231);
INSERT INTO symbols(id, name, filename_id) VALUES (1233,"Charge", 1229);
INSERT INTO symbols(id, name, filename_id) VALUES (1234,"Eta", 1229);
INSERT INTO symbols(id, name, filename_id) VALUES (1235,"EtaFineFraction", 1229);
INSERT INTO symbols(id, name, filename_id) VALUES (1236,"PT", 1229);
INSERT INTO symbols(id, name, filename_id) VALUES (1237,"Phi", 1229);
INSERT INTO symbols(id, name, filename_id) VALUES (1238,"Quality", 1229);
INSERT INTO symbols(id, name, filename_id) VALUES (1239,"TracksPerEvent", 1229);
INSERT INTO symbols(id, name, filename_id) VALUES (1240,"05-WHEEL_P0", 1205);
INSERT INTO symbols(id, name, filename_id) VALUES (1241,"2ND_TRACK_ONLY", 1240);
INSERT INTO symbols(id, name, filename_id) VALUES (1242,"BX_BySector", 1240);
INSERT INTO symbols(id, name, filename_id) VALUES (1243,"2ND_TRACK_ONLY", 1242);
INSERT INTO symbols(id, name, filename_id) VALUES (1244,"Charge", 1240);
INSERT INTO symbols(id, name, filename_id) VALUES (1245,"Eta", 1240);
INSERT INTO symbols(id, name, filename_id) VALUES (1246,"EtaFineFraction", 1240);
INSERT INTO symbols(id, name, filename_id) VALUES (1247,"PT", 1240);
INSERT INTO symbols(id, name, filename_id) VALUES (1248,"Phi", 1240);
INSERT INTO symbols(id, name, filename_id) VALUES (1249,"Quality", 1240);
INSERT INTO symbols(id, name, filename_id) VALUES (1250,"TracksPerEvent", 1240);
INSERT INTO symbols(id, name, filename_id) VALUES (1251,"06-WHEEL_P1", 1205);
INSERT INTO symbols(id, name, filename_id) VALUES (1252,"2ND_TRACK_ONLY", 1251);
INSERT INTO symbols(id, name, filename_id) VALUES (1253,"BX_BySector", 1251);
INSERT INTO symbols(id, name, filename_id) VALUES (1254,"2ND_TRACK_ONLY", 1253);
INSERT INTO symbols(id, name, filename_id) VALUES (1255,"Charge", 1251);
INSERT INTO symbols(id, name, filename_id) VALUES (1256,"Eta", 1251);
INSERT INTO symbols(id, name, filename_id) VALUES (1257,"EtaFineFraction", 1251);
INSERT INTO symbols(id, name, filename_id) VALUES (1258,"PT", 1251);
INSERT INTO symbols(id, name, filename_id) VALUES (1259,"Phi", 1251);
INSERT INTO symbols(id, name, filename_id) VALUES (1260,"Quality", 1251);
INSERT INTO symbols(id, name, filename_id) VALUES (1261,"TracksPerEvent", 1251);
INSERT INTO symbols(id, name, filename_id) VALUES (1262,"07-WHEEL_P2", 1205);
INSERT INTO symbols(id, name, filename_id) VALUES (1263,"2ND_TRACK_ONLY", 1262);
INSERT INTO symbols(id, name, filename_id) VALUES (1264,"BX_BySector", 1262);
INSERT INTO symbols(id, name, filename_id) VALUES (1265,"2ND_TRACK_ONLY", 1264);
INSERT INTO symbols(id, name, filename_id) VALUES (1266,"Charge", 1262);
INSERT INTO symbols(id, name, filename_id) VALUES (1267,"Eta", 1262);
INSERT INTO symbols(id, name, filename_id) VALUES (1268,"EtaFineFraction", 1262);
INSERT INTO symbols(id, name, filename_id) VALUES (1269,"PT", 1262);
INSERT INTO symbols(id, name, filename_id) VALUES (1270,"Phi", 1262);
INSERT INTO symbols(id, name, filename_id) VALUES (1271,"Quality", 1262);
INSERT INTO symbols(id, name, filename_id) VALUES (1272,"TracksPerEvent", 1262);
INSERT INTO symbols(id, name, filename_id) VALUES (1273,"08-GMT_MATCH", 1205);
INSERT INTO symbols(id, name, filename_id) VALUES (1274,"L1TGCT", 1196);
INSERT INTO symbols(id, name, filename_id) VALUES (1275,"L1TGMT", 1196);
INSERT INTO symbols(id, name, filename_id) VALUES (1276,"L1TGT", 1196);
INSERT INTO symbols(id, name, filename_id) VALUES (1277,"TCSvsEvmFDL", 1276);
INSERT INTO symbols(id, name, filename_id) VALUES (1278,"L1TRCT", 1196);
INSERT INTO symbols(id, name, filename_id) VALUES (1279,"L1TRPCTF", 1196);
INSERT INTO symbols(id, name, filename_id) VALUES (1280,"CrateSynchroHistograms", 1279);
INSERT INTO symbols(id, name, filename_id) VALUES (1281,"L1TRate", 1196);
INSERT INTO symbols(id, name, filename_id) VALUES (1282,"Delivered", 1281);
INSERT INTO symbols(id, name, filename_id) VALUES (1283,"Ratio", 1281);
INSERT INTO symbols(id, name, filename_id) VALUES (1284,"Recorded", 1281);
INSERT INTO symbols(id, name, filename_id) VALUES (1285,"TriggerCounts", 1281);
INSERT INTO symbols(id, name, filename_id) VALUES (1286,"xSecDelivLumi", 1281);
INSERT INTO symbols(id, name, filename_id) VALUES (1287,"xSecObs", 1281);
INSERT INTO symbols(id, name, filename_id) VALUES (1288,"xSecRecorLumi", 1281);
INSERT INTO symbols(id, name, filename_id) VALUES (1289,"L1TSync", 1196);
INSERT INTO symbols(id, name, filename_id) VALUES (1290,"AlgoVsBunchStructure", 1289);
INSERT INTO symbols(id, name, filename_id) VALUES (1291,"Certification", 1289);
INSERT INTO symbols(id, name, filename_id) VALUES (1292,"L1TriggerVsReco", 1196);
INSERT INTO symbols(id, name, filename_id) VALUES (1293,"EventInfo", 1292);
INSERT INTO symbols(id, name, filename_id) VALUES (1294,"L1TEMU", 10);
INSERT INTO symbols(id, name, filename_id) VALUES (1295,"CSCTFexpert", 1294);
INSERT INTO symbols(id, name, filename_id) VALUES (1296,"DTTF", 1294);
INSERT INTO symbols(id, name, filename_id) VALUES (1297,"EventInfo", 1294);
INSERT INTO symbols(id, name, filename_id) VALUES (1298,"GCT", 1294);
INSERT INTO symbols(id, name, filename_id) VALUES (1299,"GCTexpert", 1294);
INSERT INTO symbols(id, name, filename_id) VALUES (1300,"CenJet", 1299);
INSERT INTO symbols(id, name, filename_id) VALUES (1301,"ET", 1299);
INSERT INTO symbols(id, name, filename_id) VALUES (1302,"ForJet", 1299);
INSERT INTO symbols(id, name, filename_id) VALUES (1303,"HFCnts", 1299);
INSERT INTO symbols(id, name, filename_id) VALUES (1304,"HFSums", 1299);
INSERT INTO symbols(id, name, filename_id) VALUES (1305,"HT", 1299);
INSERT INTO symbols(id, name, filename_id) VALUES (1306,"IsoEM", 1299);
INSERT INTO symbols(id, name, filename_id) VALUES (1307,"MET", 1299);
INSERT INTO symbols(id, name, filename_id) VALUES (1308,"MHT", 1299);
INSERT INTO symbols(id, name, filename_id) VALUES (1309,"NoisoEM", 1299);
INSERT INTO symbols(id, name, filename_id) VALUES (1310,"TauJet", 1299);
INSERT INTO symbols(id, name, filename_id) VALUES (1311,"GMT", 1294);
INSERT INTO symbols(id, name, filename_id) VALUES (1312,"GTexpert", 1294);
INSERT INTO symbols(id, name, filename_id) VALUES (1313,"DAQ", 1312);
INSERT INTO symbols(id, name, filename_id) VALUES (1314,"BxInEvent_0", 1313);
INSERT INTO symbols(id, name, filename_id) VALUES (1315,"BxInEvent_1", 1313);
INSERT INTO symbols(id, name, filename_id) VALUES (1316,"BxInEvent_2", 1313);
INSERT INTO symbols(id, name, filename_id) VALUES (1317,"BxInEvent_E", 1313);
INSERT INTO symbols(id, name, filename_id) VALUES (1318,"BxInEvent_F", 1313);
INSERT INTO symbols(id, name, filename_id) VALUES (1319,"EVM", 1312);
INSERT INTO symbols(id, name, filename_id) VALUES (1320,"BxInEvent_0", 1319);
INSERT INTO symbols(id, name, filename_id) VALUES (1321,"BxInEvent_1", 1319);
INSERT INTO symbols(id, name, filename_id) VALUES (1322,"BxInEvent_2", 1319);
INSERT INTO symbols(id, name, filename_id) VALUES (1323,"BxInEvent_E", 1319);
INSERT INTO symbols(id, name, filename_id) VALUES (1324,"BxInEvent_F", 1319);
INSERT INTO symbols(id, name, filename_id) VALUES (1325,"L1TdeRCT", 1294);
INSERT INTO symbols(id, name, filename_id) VALUES (1326,"BitData", 1325);
INSERT INTO symbols(id, name, filename_id) VALUES (1327,"ServiceData", 1326);
INSERT INTO symbols(id, name, filename_id) VALUES (1328,"BitMon", 1325);
INSERT INTO symbols(id, name, filename_id) VALUES (1329,"DBData", 1325);
INSERT INTO symbols(id, name, filename_id) VALUES (1330,"EffCurves", 1325);
INSERT INTO symbols(id, name, filename_id) VALUES (1331,"NisoEm", 1330);
INSERT INTO symbols(id, name, filename_id) VALUES (1332,"ServiceData", 1331);
INSERT INTO symbols(id, name, filename_id) VALUES (1333,"IsoEm", 1325);
INSERT INTO symbols(id, name, filename_id) VALUES (1334,"ServiceData", 1333);
INSERT INTO symbols(id, name, filename_id) VALUES (1335,"NisoEm", 1325);
INSERT INTO symbols(id, name, filename_id) VALUES (1336,"ServiceData", 1335);
INSERT INTO symbols(id, name, filename_id) VALUES (1337,"RegionData", 1325);
INSERT INTO symbols(id, name, filename_id) VALUES (1338,"ServiceData", 1337);
INSERT INTO symbols(id, name, filename_id) VALUES (1339,"RCT", 1294);
INSERT INTO symbols(id, name, filename_id) VALUES (1340,"RPC", 1294);
INSERT INTO symbols(id, name, filename_id) VALUES (1341,"common", 1294);
INSERT INTO symbols(id, name, filename_id) VALUES (1342,"MessageLogger", 10);
INSERT INTO symbols(id, name, filename_id) VALUES (1343,"Errors", 1342);
INSERT INTO symbols(id, name, filename_id) VALUES (1344,"Warnings", 1342);
INSERT INTO symbols(id, name, filename_id) VALUES (1345,"Muons", 10);
INSERT INTO symbols(id, name, filename_id) VALUES (1346,"DTSegmentsMonitor", 1345);
INSERT INTO symbols(id, name, filename_id) VALUES (1347,"DiMuonHistograms", 1345);
INSERT INTO symbols(id, name, filename_id) VALUES (1348,"EfficiencyAnalyzer", 1345);
INSERT INTO symbols(id, name, filename_id) VALUES (1349,"EventInfo", 1345);
INSERT INTO symbols(id, name, filename_id) VALUES (1350,"reportSummaryContents", 1349);
INSERT INTO symbols(id, name, filename_id) VALUES (1351,"MuonEnergyDepositAnalyzer", 1345);
INSERT INTO symbols(id, name, filename_id) VALUES (1352,"MuonIdDQM", 1345);
INSERT INTO symbols(id, name, filename_id) VALUES (1353,"GlobalMuons", 1352);
INSERT INTO symbols(id, name, filename_id) VALUES (1354,"TrackerMuons", 1352);
INSERT INTO symbols(id, name, filename_id) VALUES (1355,"TrackerMuonsNotGlobalMuons", 1352);
INSERT INTO symbols(id, name, filename_id) VALUES (1356,"MuonKinVsEtaAnalyzer", 1345);
INSERT INTO symbols(id, name, filename_id) VALUES (1357,"MuonPFAnalyzer", 1345);
INSERT INTO symbols(id, name, filename_id) VALUES (1358,"PFvsTUNEP", 1357);
INSERT INTO symbols(id, name, filename_id) VALUES (1359,"PFvsTUNEPTight", 1357);
INSERT INTO symbols(id, name, filename_id) VALUES (1360,"PFvsTUNEPTightIso", 1357);
INSERT INTO symbols(id, name, filename_id) VALUES (1361,"MuonRecoAnalyzer", 1345);
INSERT INTO symbols(id, name, filename_id) VALUES (1362,"MuonRecoOneHLT", 1345);
INSERT INTO symbols(id, name, filename_id) VALUES (1363,"MuonSeedsAnalyzer", 1345);
INSERT INTO symbols(id, name, filename_id) VALUES (1364,"SegmentTrackAnalyzer", 1345);
INSERT INTO symbols(id, name, filename_id) VALUES (1365,"globalMuons", 1345);
INSERT INTO symbols(id, name, filename_id) VALUES (1366,"GeneralProperties", 1365);
INSERT INTO symbols(id, name, filename_id) VALUES (1367,"HitProperties", 1365);
INSERT INTO symbols(id, name, filename_id) VALUES (1368,"PixBarrel", 1367);
INSERT INTO symbols(id, name, filename_id) VALUES (1369,"PixEndcap", 1367);
INSERT INTO symbols(id, name, filename_id) VALUES (1370,"TEC", 1367);
INSERT INTO symbols(id, name, filename_id) VALUES (1371,"TIB", 1367);
INSERT INTO symbols(id, name, filename_id) VALUES (1372,"TID", 1367);
INSERT INTO symbols(id, name, filename_id) VALUES (1373,"TOB", 1367);
INSERT INTO symbols(id, name, filename_id) VALUES (1374,"standAloneMuonsUpdatedAtVtx", 1345);
INSERT INTO symbols(id, name, filename_id) VALUES (1375,"GeneralProperties", 1374);
INSERT INTO symbols(id, name, filename_id) VALUES (1376,"HitProperties", 1374);
INSERT INTO symbols(id, name, filename_id) VALUES (1377,"OfflinePV", 10);
INSERT INTO symbols(id, name, filename_id) VALUES (1378,"Alignment", 1377);
INSERT INTO symbols(id, name, filename_id) VALUES (1379,"offlineBeamSpot", 1377);
INSERT INTO symbols(id, name, filename_id) VALUES (1380,"offlinePrimaryVertices", 1377);
INSERT INTO symbols(id, name, filename_id) VALUES (1381,"Physics", 10);
INSERT INTO symbols(id, name, filename_id) VALUES (1382,"B2G", 1381);
INSERT INTO symbols(id, name, filename_id) VALUES (1383,"AllHad", 1382);
INSERT INTO symbols(id, name, filename_id) VALUES (1384,"MET", 1382);
INSERT INTO symbols(id, name, filename_id) VALUES (1385,"SemiE", 1382);
INSERT INTO symbols(id, name, filename_id) VALUES (1386,"SemiMu", 1382);
INSERT INTO symbols(id, name, filename_id) VALUES (1387,"ak4PFJets", 1382);
INSERT INTO symbols(id, name, filename_id) VALUES (1388,"ak4PFJetsCHS", 1382);
INSERT INTO symbols(id, name, filename_id) VALUES (1389,"ca8PFJetsCHS", 1382);
INSERT INTO symbols(id, name, filename_id) VALUES (1390,"ca8PFJetsCHSPruned", 1382);
INSERT INTO symbols(id, name, filename_id) VALUES (1391,"cmsTopTagPFJetsCHS", 1382);
INSERT INTO symbols(id, name, filename_id) VALUES (1392,"BPhysics", 1381);
INSERT INTO symbols(id, name, filename_id) VALUES (1393,"EwkElecDQM", 1381);
INSERT INTO symbols(id, name, filename_id) VALUES (1394,"EwkMuDQM", 1381);
INSERT INTO symbols(id, name, filename_id) VALUES (1395,"EwkMuLumiMonitorDQM", 1381);
INSERT INTO symbols(id, name, filename_id) VALUES (1396,"Exotica", 1381);
INSERT INTO symbols(id, name, filename_id) VALUES (1397,"EIComparison", 1396);
INSERT INTO symbols(id, name, filename_id) VALUES (1398,"LongLived", 1396);
INSERT INTO symbols(id, name, filename_id) VALUES (1399,"MultiJets", 1396);
INSERT INTO symbols(id, name, filename_id) VALUES (1400,"Higgs", 1381);
INSERT INTO symbols(id, name, filename_id) VALUES (1401,"QcdPhotons", 1381);
INSERT INTO symbols(id, name, filename_id) VALUES (1402,"Susy", 1381);
INSERT INTO symbols(id, name, filename_id) VALUES (1403,"Top", 1381);
INSERT INTO symbols(id, name, filename_id) VALUES (1404,"SingleTopElectronMediumDQM", 1403);
INSERT INTO symbols(id, name, filename_id) VALUES (1405,"presel", 1404);
INSERT INTO symbols(id, name, filename_id) VALUES (1406,"step0", 1404);
INSERT INTO symbols(id, name, filename_id) VALUES (1407,"step1", 1404);
INSERT INTO symbols(id, name, filename_id) VALUES (1408,"step2", 1404);
INSERT INTO symbols(id, name, filename_id) VALUES (1409,"SingleTopMuonMediumDQM", 1403);
INSERT INTO symbols(id, name, filename_id) VALUES (1410,"presel", 1409);
INSERT INTO symbols(id, name, filename_id) VALUES (1411,"step0", 1409);
INSERT INTO symbols(id, name, filename_id) VALUES (1412,"step1", 1409);
INSERT INTO symbols(id, name, filename_id) VALUES (1413,"step2", 1409);
INSERT INTO symbols(id, name, filename_id) VALUES (1414,"TopDiElectronDQM", 1403);
INSERT INTO symbols(id, name, filename_id) VALUES (1415,"step0", 1414);
INSERT INTO symbols(id, name, filename_id) VALUES (1416,"step1", 1414);
INSERT INTO symbols(id, name, filename_id) VALUES (1417,"TopDiMuonDQM", 1403);
INSERT INTO symbols(id, name, filename_id) VALUES (1418,"step0", 1417);
INSERT INTO symbols(id, name, filename_id) VALUES (1419,"step1", 1417);
INSERT INTO symbols(id, name, filename_id) VALUES (1420,"TopElecMuonDQM", 1403);
INSERT INTO symbols(id, name, filename_id) VALUES (1421,"step0", 1420);
INSERT INTO symbols(id, name, filename_id) VALUES (1422,"step1", 1420);
INSERT INTO symbols(id, name, filename_id) VALUES (1423,"step2", 1420);
INSERT INTO symbols(id, name, filename_id) VALUES (1424,"TopSingleElectronMediumDQM", 1403);
INSERT INTO symbols(id, name, filename_id) VALUES (1425,"step0", 1424);
INSERT INTO symbols(id, name, filename_id) VALUES (1426,"step1", 1424);
INSERT INTO symbols(id, name, filename_id) VALUES (1427,"step2", 1424);
INSERT INTO symbols(id, name, filename_id) VALUES (1428,"step3", 1424);
INSERT INTO symbols(id, name, filename_id) VALUES (1429,"step4", 1424);
INSERT INTO symbols(id, name, filename_id) VALUES (1430,"TopSingleMuonMediumDQM", 1403);
INSERT INTO symbols(id, name, filename_id) VALUES (1431,"step0", 1430);
INSERT INTO symbols(id, name, filename_id) VALUES (1432,"step1", 1430);
INSERT INTO symbols(id, name, filename_id) VALUES (1433,"step2", 1430);
INSERT INTO symbols(id, name, filename_id) VALUES (1434,"step3", 1430);
INSERT INTO symbols(id, name, filename_id) VALUES (1435,"step4", 1430);
INSERT INTO symbols(id, name, filename_id) VALUES (1436,"PhysicsHWW", 10);
INSERT INTO symbols(id, name, filename_id) VALUES (1437,"Pixel", 10);
INSERT INTO symbols(id, name, filename_id) VALUES (1438,"AdditionalPixelErrors", 1437);
INSERT INTO symbols(id, name, filename_id) VALUES (1439,"FED_0", 1438);
INSERT INTO symbols(id, name, filename_id) VALUES (1440,"FED_1", 1438);
INSERT INTO symbols(id, name, filename_id) VALUES (1441,"FED_10", 1438);
INSERT INTO symbols(id, name, filename_id) VALUES (1442,"FED_11", 1438);
INSERT INTO symbols(id, name, filename_id) VALUES (1443,"FED_12", 1438);
INSERT INTO symbols(id, name, filename_id) VALUES (1444,"FED_13", 1438);
INSERT INTO symbols(id, name, filename_id) VALUES (1445,"FED_14", 1438);
INSERT INTO symbols(id, name, filename_id) VALUES (1446,"FED_15", 1438);
INSERT INTO symbols(id, name, filename_id) VALUES (1447,"FED_16", 1438);
INSERT INTO symbols(id, name, filename_id) VALUES (1448,"FED_17", 1438);
INSERT INTO symbols(id, name, filename_id) VALUES (1449,"FED_18", 1438);
INSERT INTO symbols(id, name, filename_id) VALUES (1450,"FED_19", 1438);
INSERT INTO symbols(id, name, filename_id) VALUES (1451,"FED_2", 1438);
INSERT INTO symbols(id, name, filename_id) VALUES (1452,"FED_20", 1438);
INSERT INTO symbols(id, name, filename_id) VALUES (1453,"FED_21", 1438);
INSERT INTO symbols(id, name, filename_id) VALUES (1454,"FED_22", 1438);
INSERT INTO symbols(id, name, filename_id) VALUES (1455,"FED_23", 1438);
INSERT INTO symbols(id, name, filename_id) VALUES (1456,"FED_24", 1438);
INSERT INTO symbols(id, name, filename_id) VALUES (1457,"FED_25", 1438);
INSERT INTO symbols(id, name, filename_id) VALUES (1458,"FED_26", 1438);
INSERT INTO symbols(id, name, filename_id) VALUES (1459,"FED_27", 1438);
INSERT INTO symbols(id, name, filename_id) VALUES (1460,"FED_28", 1438);
INSERT INTO symbols(id, name, filename_id) VALUES (1461,"FED_29", 1438);
INSERT INTO symbols(id, name, filename_id) VALUES (1462,"FED_3", 1438);
INSERT INTO symbols(id, name, filename_id) VALUES (1463,"FED_30", 1438);
INSERT INTO symbols(id, name, filename_id) VALUES (1464,"FED_31", 1438);
INSERT INTO symbols(id, name, filename_id) VALUES (1465,"FED_32", 1438);
INSERT INTO symbols(id, name, filename_id) VALUES (1466,"FED_33", 1438);
INSERT INTO symbols(id, name, filename_id) VALUES (1467,"FED_34", 1438);
INSERT INTO symbols(id, name, filename_id) VALUES (1468,"FED_35", 1438);
INSERT INTO symbols(id, name, filename_id) VALUES (1469,"FED_36", 1438);
INSERT INTO symbols(id, name, filename_id) VALUES (1470,"FED_37", 1438);
INSERT INTO symbols(id, name, filename_id) VALUES (1471,"FED_38", 1438);
INSERT INTO symbols(id, name, filename_id) VALUES (1472,"FED_39", 1438);
INSERT INTO symbols(id, name, filename_id) VALUES (1473,"FED_4", 1438);
INSERT INTO symbols(id, name, filename_id) VALUES (1474,"FED_5", 1438);
INSERT INTO symbols(id, name, filename_id) VALUES (1475,"FED_6", 1438);
INSERT INTO symbols(id, name, filename_id) VALUES (1476,"FED_7", 1438);
INSERT INTO symbols(id, name, filename_id) VALUES (1477,"FED_8", 1438);
INSERT INTO symbols(id, name, filename_id) VALUES (1478,"FED_9", 1438);
INSERT INTO symbols(id, name, filename_id) VALUES (1479,"Barrel", 1437);
INSERT INTO symbols(id, name, filename_id) VALUES (1480,"Shell_mI", 1479);
INSERT INTO symbols(id, name, filename_id) VALUES (1481,"Layer_1", 1480);
INSERT INTO symbols(id, name, filename_id) VALUES (1482,"Ladder_01H", 1481);
INSERT INTO symbols(id, name, filename_id) VALUES (1483,"Ladder_02F", 1481);
INSERT INTO symbols(id, name, filename_id) VALUES (1484,"Ladder_03F", 1481);
INSERT INTO symbols(id, name, filename_id) VALUES (1485,"Ladder_04F", 1481);
INSERT INTO symbols(id, name, filename_id) VALUES (1486,"Ladder_05F", 1481);
INSERT INTO symbols(id, name, filename_id) VALUES (1487,"Ladder_06F", 1481);
INSERT INTO symbols(id, name, filename_id) VALUES (1488,"Ladder_07F", 1481);
INSERT INTO symbols(id, name, filename_id) VALUES (1489,"Ladder_08F", 1481);
INSERT INTO symbols(id, name, filename_id) VALUES (1490,"Ladder_09F", 1481);
INSERT INTO symbols(id, name, filename_id) VALUES (1491,"Ladder_10H", 1481);
INSERT INTO symbols(id, name, filename_id) VALUES (1492,"Layer_2", 1480);
INSERT INTO symbols(id, name, filename_id) VALUES (1493,"Ladder_01H", 1492);
INSERT INTO symbols(id, name, filename_id) VALUES (1494,"Ladder_02F", 1492);
INSERT INTO symbols(id, name, filename_id) VALUES (1495,"Ladder_03F", 1492);
INSERT INTO symbols(id, name, filename_id) VALUES (1496,"Ladder_04F", 1492);
INSERT INTO symbols(id, name, filename_id) VALUES (1497,"Ladder_05F", 1492);
INSERT INTO symbols(id, name, filename_id) VALUES (1498,"Ladder_06F", 1492);
INSERT INTO symbols(id, name, filename_id) VALUES (1499,"Ladder_07F", 1492);
INSERT INTO symbols(id, name, filename_id) VALUES (1500,"Ladder_08F", 1492);
INSERT INTO symbols(id, name, filename_id) VALUES (1501,"Ladder_09F", 1492);
INSERT INTO symbols(id, name, filename_id) VALUES (1502,"Ladder_10F", 1492);
INSERT INTO symbols(id, name, filename_id) VALUES (1503,"Ladder_11F", 1492);
INSERT INTO symbols(id, name, filename_id) VALUES (1504,"Ladder_12F", 1492);
INSERT INTO symbols(id, name, filename_id) VALUES (1505,"Ladder_13F", 1492);
INSERT INTO symbols(id, name, filename_id) VALUES (1506,"Ladder_14F", 1492);
INSERT INTO symbols(id, name, filename_id) VALUES (1507,"Ladder_15F", 1492);
INSERT INTO symbols(id, name, filename_id) VALUES (1508,"Ladder_16H", 1492);
INSERT INTO symbols(id, name, filename_id) VALUES (1509,"Layer_3", 1480);
INSERT INTO symbols(id, name, filename_id) VALUES (1510,"Ladder_01H", 1509);
INSERT INTO symbols(id, name, filename_id) VALUES (1511,"Ladder_02F", 1509);
INSERT INTO symbols(id, name, filename_id) VALUES (1512,"Ladder_03F", 1509);
INSERT INTO symbols(id, name, filename_id) VALUES (1513,"Ladder_04F", 1509);
INSERT INTO symbols(id, name, filename_id) VALUES (1514,"Ladder_05F", 1509);
INSERT INTO symbols(id, name, filename_id) VALUES (1515,"Ladder_06F", 1509);
INSERT INTO symbols(id, name, filename_id) VALUES (1516,"Ladder_07F", 1509);
INSERT INTO symbols(id, name, filename_id) VALUES (1517,"Ladder_08F", 1509);
INSERT INTO symbols(id, name, filename_id) VALUES (1518,"Ladder_09F", 1509);
INSERT INTO symbols(id, name, filename_id) VALUES (1519,"Ladder_10F", 1509);
INSERT INTO symbols(id, name, filename_id) VALUES (1520,"Ladder_11F", 1509);
INSERT INTO symbols(id, name, filename_id) VALUES (1521,"Ladder_12F", 1509);
INSERT INTO symbols(id, name, filename_id) VALUES (1522,"Ladder_13F", 1509);
INSERT INTO symbols(id, name, filename_id) VALUES (1523,"Ladder_14F", 1509);
INSERT INTO symbols(id, name, filename_id) VALUES (1524,"Ladder_15F", 1509);
INSERT INTO symbols(id, name, filename_id) VALUES (1525,"Ladder_16F", 1509);
INSERT INTO symbols(id, name, filename_id) VALUES (1526,"Ladder_17F", 1509);
INSERT INTO symbols(id, name, filename_id) VALUES (1527,"Ladder_18F", 1509);
INSERT INTO symbols(id, name, filename_id) VALUES (1528,"Ladder_19F", 1509);
INSERT INTO symbols(id, name, filename_id) VALUES (1529,"Ladder_20F", 1509);
INSERT INTO symbols(id, name, filename_id) VALUES (1530,"Ladder_21F", 1509);
INSERT INTO symbols(id, name, filename_id) VALUES (1531,"Ladder_22H", 1509);
INSERT INTO symbols(id, name, filename_id) VALUES (1532,"Shell_mO", 1479);
INSERT INTO symbols(id, name, filename_id) VALUES (1533,"Layer_1", 1532);
INSERT INTO symbols(id, name, filename_id) VALUES (1534,"Ladder_01H", 1533);
INSERT INTO symbols(id, name, filename_id) VALUES (1535,"Ladder_02F", 1533);
INSERT INTO symbols(id, name, filename_id) VALUES (1536,"Ladder_03F", 1533);
INSERT INTO symbols(id, name, filename_id) VALUES (1537,"Ladder_04F", 1533);
INSERT INTO symbols(id, name, filename_id) VALUES (1538,"Ladder_05F", 1533);
INSERT INTO symbols(id, name, filename_id) VALUES (1539,"Ladder_06F", 1533);
INSERT INTO symbols(id, name, filename_id) VALUES (1540,"Ladder_07F", 1533);
INSERT INTO symbols(id, name, filename_id) VALUES (1541,"Ladder_08F", 1533);
INSERT INTO symbols(id, name, filename_id) VALUES (1542,"Ladder_09F", 1533);
INSERT INTO symbols(id, name, filename_id) VALUES (1543,"Ladder_10H", 1533);
INSERT INTO symbols(id, name, filename_id) VALUES (1544,"Layer_2", 1532);
INSERT INTO symbols(id, name, filename_id) VALUES (1545,"Ladder_01H", 1544);
INSERT INTO symbols(id, name, filename_id) VALUES (1546,"Ladder_02F", 1544);
INSERT INTO symbols(id, name, filename_id) VALUES (1547,"Ladder_03F", 1544);
INSERT INTO symbols(id, name, filename_id) VALUES (1548,"Ladder_04F", 1544);
INSERT INTO symbols(id, name, filename_id) VALUES (1549,"Ladder_05F", 1544);
INSERT INTO symbols(id, name, filename_id) VALUES (1550,"Ladder_06F", 1544);
INSERT INTO symbols(id, name, filename_id) VALUES (1551,"Ladder_07F", 1544);
INSERT INTO symbols(id, name, filename_id) VALUES (1552,"Ladder_08F", 1544);
INSERT INTO symbols(id, name, filename_id) VALUES (1553,"Ladder_09F", 1544);
INSERT INTO symbols(id, name, filename_id) VALUES (1554,"Ladder_10F", 1544);
INSERT INTO symbols(id, name, filename_id) VALUES (1555,"Ladder_11F", 1544);
INSERT INTO symbols(id, name, filename_id) VALUES (1556,"Ladder_12F", 1544);
INSERT INTO symbols(id, name, filename_id) VALUES (1557,"Ladder_13F", 1544);
INSERT INTO symbols(id, name, filename_id) VALUES (1558,"Ladder_14F", 1544);
INSERT INTO symbols(id, name, filename_id) VALUES (1559,"Ladder_15F", 1544);
INSERT INTO symbols(id, name, filename_id) VALUES (1560,"Ladder_16H", 1544);
INSERT INTO symbols(id, name, filename_id) VALUES (1561,"Layer_3", 1532);
INSERT INTO symbols(id, name, filename_id) VALUES (1562,"Ladder_01H", 1561);
INSERT INTO symbols(id, name, filename_id) VALUES (1563,"Ladder_02F", 1561);
INSERT INTO symbols(id, name, filename_id) VALUES (1564,"Ladder_03F", 1561);
INSERT INTO symbols(id, name, filename_id) VALUES (1565,"Ladder_04F", 1561);
INSERT INTO symbols(id, name, filename_id) VALUES (1566,"Ladder_05F", 1561);
INSERT INTO symbols(id, name, filename_id) VALUES (1567,"Ladder_06F", 1561);
INSERT INTO symbols(id, name, filename_id) VALUES (1568,"Ladder_07F", 1561);
INSERT INTO symbols(id, name, filename_id) VALUES (1569,"Ladder_08F", 1561);
INSERT INTO symbols(id, name, filename_id) VALUES (1570,"Ladder_09F", 1561);
INSERT INTO symbols(id, name, filename_id) VALUES (1571,"Ladder_10F", 1561);
INSERT INTO symbols(id, name, filename_id) VALUES (1572,"Ladder_11F", 1561);
INSERT INTO symbols(id, name, filename_id) VALUES (1573,"Ladder_12F", 1561);
INSERT INTO symbols(id, name, filename_id) VALUES (1574,"Ladder_13F", 1561);
INSERT INTO symbols(id, name, filename_id) VALUES (1575,"Ladder_14F", 1561);
INSERT INTO symbols(id, name, filename_id) VALUES (1576,"Ladder_15F", 1561);
INSERT INTO symbols(id, name, filename_id) VALUES (1577,"Ladder_16F", 1561);
INSERT INTO symbols(id, name, filename_id) VALUES (1578,"Ladder_17F", 1561);
INSERT INTO symbols(id, name, filename_id) VALUES (1579,"Ladder_18F", 1561);
INSERT INTO symbols(id, name, filename_id) VALUES (1580,"Ladder_19F", 1561);
INSERT INTO symbols(id, name, filename_id) VALUES (1581,"Ladder_20F", 1561);
INSERT INTO symbols(id, name, filename_id) VALUES (1582,"Ladder_21F", 1561);
INSERT INTO symbols(id, name, filename_id) VALUES (1583,"Ladder_22H", 1561);
INSERT INTO symbols(id, name, filename_id) VALUES (1584,"Shell_pI", 1479);
INSERT INTO symbols(id, name, filename_id) VALUES (1585,"Layer_1", 1584);
INSERT INTO symbols(id, name, filename_id) VALUES (1586,"Ladder_01H", 1585);
INSERT INTO symbols(id, name, filename_id) VALUES (1587,"Ladder_02F", 1585);
INSERT INTO symbols(id, name, filename_id) VALUES (1588,"Ladder_03F", 1585);
INSERT INTO symbols(id, name, filename_id) VALUES (1589,"Ladder_04F", 1585);
INSERT INTO symbols(id, name, filename_id) VALUES (1590,"Ladder_05F", 1585);
INSERT INTO symbols(id, name, filename_id) VALUES (1591,"Ladder_06F", 1585);
INSERT INTO symbols(id, name, filename_id) VALUES (1592,"Ladder_07F", 1585);
INSERT INTO symbols(id, name, filename_id) VALUES (1593,"Ladder_08F", 1585);
INSERT INTO symbols(id, name, filename_id) VALUES (1594,"Ladder_09F", 1585);
INSERT INTO symbols(id, name, filename_id) VALUES (1595,"Ladder_10H", 1585);
INSERT INTO symbols(id, name, filename_id) VALUES (1596,"Layer_2", 1584);
INSERT INTO symbols(id, name, filename_id) VALUES (1597,"Ladder_01H", 1596);
INSERT INTO symbols(id, name, filename_id) VALUES (1598,"Ladder_02F", 1596);
INSERT INTO symbols(id, name, filename_id) VALUES (1599,"Ladder_03F", 1596);
INSERT INTO symbols(id, name, filename_id) VALUES (1600,"Ladder_04F", 1596);
INSERT INTO symbols(id, name, filename_id) VALUES (1601,"Ladder_05F", 1596);
INSERT INTO symbols(id, name, filename_id) VALUES (1602,"Ladder_06F", 1596);
INSERT INTO symbols(id, name, filename_id) VALUES (1603,"Ladder_07F", 1596);
INSERT INTO symbols(id, name, filename_id) VALUES (1604,"Ladder_08F", 1596);
INSERT INTO symbols(id, name, filename_id) VALUES (1605,"Ladder_09F", 1596);
INSERT INTO symbols(id, name, filename_id) VALUES (1606,"Ladder_10F", 1596);
INSERT INTO symbols(id, name, filename_id) VALUES (1607,"Ladder_11F", 1596);
INSERT INTO symbols(id, name, filename_id) VALUES (1608,"Ladder_12F", 1596);
INSERT INTO symbols(id, name, filename_id) VALUES (1609,"Ladder_13F", 1596);
INSERT INTO symbols(id, name, filename_id) VALUES (1610,"Ladder_14F", 1596);
INSERT INTO symbols(id, name, filename_id) VALUES (1611,"Ladder_15F", 1596);
INSERT INTO symbols(id, name, filename_id) VALUES (1612,"Ladder_16H", 1596);
INSERT INTO symbols(id, name, filename_id) VALUES (1613,"Layer_3", 1584);
INSERT INTO symbols(id, name, filename_id) VALUES (1614,"Ladder_01H", 1613);
INSERT INTO symbols(id, name, filename_id) VALUES (1615,"Ladder_02F", 1613);
INSERT INTO symbols(id, name, filename_id) VALUES (1616,"Ladder_03F", 1613);
INSERT INTO symbols(id, name, filename_id) VALUES (1617,"Ladder_04F", 1613);
INSERT INTO symbols(id, name, filename_id) VALUES (1618,"Ladder_05F", 1613);
INSERT INTO symbols(id, name, filename_id) VALUES (1619,"Ladder_06F", 1613);
INSERT INTO symbols(id, name, filename_id) VALUES (1620,"Ladder_07F", 1613);
INSERT INTO symbols(id, name, filename_id) VALUES (1621,"Ladder_08F", 1613);
INSERT INTO symbols(id, name, filename_id) VALUES (1622,"Ladder_09F", 1613);
INSERT INTO symbols(id, name, filename_id) VALUES (1623,"Ladder_10F", 1613);
INSERT INTO symbols(id, name, filename_id) VALUES (1624,"Ladder_11F", 1613);
INSERT INTO symbols(id, name, filename_id) VALUES (1625,"Ladder_12F", 1613);
INSERT INTO symbols(id, name, filename_id) VALUES (1626,"Ladder_13F", 1613);
INSERT INTO symbols(id, name, filename_id) VALUES (1627,"Ladder_14F", 1613);
INSERT INTO symbols(id, name, filename_id) VALUES (1628,"Ladder_15F", 1613);
INSERT INTO symbols(id, name, filename_id) VALUES (1629,"Ladder_16F", 1613);
INSERT INTO symbols(id, name, filename_id) VALUES (1630,"Ladder_17F", 1613);
INSERT INTO symbols(id, name, filename_id) VALUES (1631,"Ladder_18F", 1613);
INSERT INTO symbols(id, name, filename_id) VALUES (1632,"Ladder_19F", 1613);
INSERT INTO symbols(id, name, filename_id) VALUES (1633,"Ladder_20F", 1613);
INSERT INTO symbols(id, name, filename_id) VALUES (1634,"Ladder_21F", 1613);
INSERT INTO symbols(id, name, filename_id) VALUES (1635,"Ladder_22H", 1613);
INSERT INTO symbols(id, name, filename_id) VALUES (1636,"Shell_pO", 1479);
INSERT INTO symbols(id, name, filename_id) VALUES (1637,"Layer_1", 1636);
INSERT INTO symbols(id, name, filename_id) VALUES (1638,"Ladder_01H", 1637);
INSERT INTO symbols(id, name, filename_id) VALUES (1639,"Ladder_02F", 1637);
INSERT INTO symbols(id, name, filename_id) VALUES (1640,"Ladder_03F", 1637);
INSERT INTO symbols(id, name, filename_id) VALUES (1641,"Ladder_04F", 1637);
INSERT INTO symbols(id, name, filename_id) VALUES (1642,"Ladder_05F", 1637);
INSERT INTO symbols(id, name, filename_id) VALUES (1643,"Ladder_06F", 1637);
INSERT INTO symbols(id, name, filename_id) VALUES (1644,"Ladder_07F", 1637);
INSERT INTO symbols(id, name, filename_id) VALUES (1645,"Ladder_08F", 1637);
INSERT INTO symbols(id, name, filename_id) VALUES (1646,"Ladder_09F", 1637);
INSERT INTO symbols(id, name, filename_id) VALUES (1647,"Ladder_10H", 1637);
INSERT INTO symbols(id, name, filename_id) VALUES (1648,"Layer_2", 1636);
INSERT INTO symbols(id, name, filename_id) VALUES (1649,"Ladder_01H", 1648);
INSERT INTO symbols(id, name, filename_id) VALUES (1650,"Ladder_02F", 1648);
INSERT INTO symbols(id, name, filename_id) VALUES (1651,"Ladder_03F", 1648);
INSERT INTO symbols(id, name, filename_id) VALUES (1652,"Ladder_04F", 1648);
INSERT INTO symbols(id, name, filename_id) VALUES (1653,"Ladder_05F", 1648);
INSERT INTO symbols(id, name, filename_id) VALUES (1654,"Ladder_06F", 1648);
INSERT INTO symbols(id, name, filename_id) VALUES (1655,"Ladder_07F", 1648);
INSERT INTO symbols(id, name, filename_id) VALUES (1656,"Ladder_08F", 1648);
INSERT INTO symbols(id, name, filename_id) VALUES (1657,"Ladder_09F", 1648);
INSERT INTO symbols(id, name, filename_id) VALUES (1658,"Ladder_10F", 1648);
INSERT INTO symbols(id, name, filename_id) VALUES (1659,"Ladder_11F", 1648);
INSERT INTO symbols(id, name, filename_id) VALUES (1660,"Ladder_12F", 1648);
INSERT INTO symbols(id, name, filename_id) VALUES (1661,"Ladder_13F", 1648);
INSERT INTO symbols(id, name, filename_id) VALUES (1662,"Ladder_14F", 1648);
INSERT INTO symbols(id, name, filename_id) VALUES (1663,"Ladder_15F", 1648);
INSERT INTO symbols(id, name, filename_id) VALUES (1664,"Ladder_16H", 1648);
INSERT INTO symbols(id, name, filename_id) VALUES (1665,"Layer_3", 1636);
INSERT INTO symbols(id, name, filename_id) VALUES (1666,"Ladder_01H", 1665);
INSERT INTO symbols(id, name, filename_id) VALUES (1667,"Ladder_02F", 1665);
INSERT INTO symbols(id, name, filename_id) VALUES (1668,"Ladder_03F", 1665);
INSERT INTO symbols(id, name, filename_id) VALUES (1669,"Ladder_04F", 1665);
INSERT INTO symbols(id, name, filename_id) VALUES (1670,"Ladder_05F", 1665);
INSERT INTO symbols(id, name, filename_id) VALUES (1671,"Ladder_06F", 1665);
INSERT INTO symbols(id, name, filename_id) VALUES (1672,"Ladder_07F", 1665);
INSERT INTO symbols(id, name, filename_id) VALUES (1673,"Ladder_08F", 1665);
INSERT INTO symbols(id, name, filename_id) VALUES (1674,"Ladder_09F", 1665);
INSERT INTO symbols(id, name, filename_id) VALUES (1675,"Ladder_10F", 1665);
INSERT INTO symbols(id, name, filename_id) VALUES (1676,"Ladder_11F", 1665);
INSERT INTO symbols(id, name, filename_id) VALUES (1677,"Ladder_12F", 1665);
INSERT INTO symbols(id, name, filename_id) VALUES (1678,"Ladder_13F", 1665);
INSERT INTO symbols(id, name, filename_id) VALUES (1679,"Ladder_14F", 1665);
INSERT INTO symbols(id, name, filename_id) VALUES (1680,"Ladder_15F", 1665);
INSERT INTO symbols(id, name, filename_id) VALUES (1681,"Ladder_16F", 1665);
INSERT INTO symbols(id, name, filename_id) VALUES (1682,"Ladder_17F", 1665);
INSERT INTO symbols(id, name, filename_id) VALUES (1683,"Ladder_18F", 1665);
INSERT INTO symbols(id, name, filename_id) VALUES (1684,"Ladder_19F", 1665);
INSERT INTO symbols(id, name, filename_id) VALUES (1685,"Ladder_20F", 1665);
INSERT INTO symbols(id, name, filename_id) VALUES (1686,"Ladder_21F", 1665);
INSERT INTO symbols(id, name, filename_id) VALUES (1687,"Ladder_22H", 1665);
INSERT INTO symbols(id, name, filename_id) VALUES (1688,"Clusters", 1437);
INSERT INTO symbols(id, name, filename_id) VALUES (1689,"OffTrack", 1688);
INSERT INTO symbols(id, name, filename_id) VALUES (1690,"OnTrack", 1688);
INSERT INTO symbols(id, name, filename_id) VALUES (1691,"Endcap", 1437);
INSERT INTO symbols(id, name, filename_id) VALUES (1692,"HalfCylinder_mI", 1691);
INSERT INTO symbols(id, name, filename_id) VALUES (1693,"Disk_1", 1692);
INSERT INTO symbols(id, name, filename_id) VALUES (1694,"Blade_01", 1693);
INSERT INTO symbols(id, name, filename_id) VALUES (1695,"Blade_02", 1693);
INSERT INTO symbols(id, name, filename_id) VALUES (1696,"Blade_03", 1693);
INSERT INTO symbols(id, name, filename_id) VALUES (1697,"Blade_04", 1693);
INSERT INTO symbols(id, name, filename_id) VALUES (1698,"Blade_05", 1693);
INSERT INTO symbols(id, name, filename_id) VALUES (1699,"Blade_06", 1693);
INSERT INTO symbols(id, name, filename_id) VALUES (1700,"Blade_07", 1693);
INSERT INTO symbols(id, name, filename_id) VALUES (1701,"Blade_08", 1693);
INSERT INTO symbols(id, name, filename_id) VALUES (1702,"Blade_09", 1693);
INSERT INTO symbols(id, name, filename_id) VALUES (1703,"Blade_10", 1693);
INSERT INTO symbols(id, name, filename_id) VALUES (1704,"Blade_11", 1693);
INSERT INTO symbols(id, name, filename_id) VALUES (1705,"Blade_12", 1693);
INSERT INTO symbols(id, name, filename_id) VALUES (1706,"Disk_2", 1692);
INSERT INTO symbols(id, name, filename_id) VALUES (1707,"Blade_01", 1706);
INSERT INTO symbols(id, name, filename_id) VALUES (1708,"Blade_02", 1706);
INSERT INTO symbols(id, name, filename_id) VALUES (1709,"Blade_03", 1706);
INSERT INTO symbols(id, name, filename_id) VALUES (1710,"Blade_04", 1706);
INSERT INTO symbols(id, name, filename_id) VALUES (1711,"Blade_05", 1706);
INSERT INTO symbols(id, name, filename_id) VALUES (1712,"Blade_06", 1706);
INSERT INTO symbols(id, name, filename_id) VALUES (1713,"Blade_07", 1706);
INSERT INTO symbols(id, name, filename_id) VALUES (1714,"Blade_08", 1706);
INSERT INTO symbols(id, name, filename_id) VALUES (1715,"Blade_09", 1706);
INSERT INTO symbols(id, name, filename_id) VALUES (1716,"Blade_10", 1706);
INSERT INTO symbols(id, name, filename_id) VALUES (1717,"Blade_11", 1706);
INSERT INTO symbols(id, name, filename_id) VALUES (1718,"Blade_12", 1706);
INSERT INTO symbols(id, name, filename_id) VALUES (1719,"HalfCylinder_mO", 1691);
INSERT INTO symbols(id, name, filename_id) VALUES (1720,"Disk_1", 1719);
INSERT INTO symbols(id, name, filename_id) VALUES (1721,"Blade_01", 1720);
INSERT INTO symbols(id, name, filename_id) VALUES (1722,"Blade_02", 1720);
INSERT INTO symbols(id, name, filename_id) VALUES (1723,"Blade_03", 1720);
INSERT INTO symbols(id, name, filename_id) VALUES (1724,"Blade_04", 1720);
INSERT INTO symbols(id, name, filename_id) VALUES (1725,"Blade_05", 1720);
INSERT INTO symbols(id, name, filename_id) VALUES (1726,"Blade_06", 1720);
INSERT INTO symbols(id, name, filename_id) VALUES (1727,"Blade_07", 1720);
INSERT INTO symbols(id, name, filename_id) VALUES (1728,"Blade_08", 1720);
INSERT INTO symbols(id, name, filename_id) VALUES (1729,"Blade_09", 1720);
INSERT INTO symbols(id, name, filename_id) VALUES (1730,"Blade_10", 1720);
INSERT INTO symbols(id, name, filename_id) VALUES (1731,"Blade_11", 1720);
INSERT INTO symbols(id, name, filename_id) VALUES (1732,"Blade_12", 1720);
INSERT INTO symbols(id, name, filename_id) VALUES (1733,"Disk_2", 1719);
INSERT INTO symbols(id, name, filename_id) VALUES (1734,"Blade_01", 1733);
INSERT INTO symbols(id, name, filename_id) VALUES (1735,"Blade_02", 1733);
INSERT INTO symbols(id, name, filename_id) VALUES (1736,"Blade_03", 1733);
INSERT INTO symbols(id, name, filename_id) VALUES (1737,"Blade_04", 1733);
INSERT INTO symbols(id, name, filename_id) VALUES (1738,"Blade_05", 1733);
INSERT INTO symbols(id, name, filename_id) VALUES (1739,"Blade_06", 1733);
INSERT INTO symbols(id, name, filename_id) VALUES (1740,"Blade_07", 1733);
INSERT INTO symbols(id, name, filename_id) VALUES (1741,"Blade_08", 1733);
INSERT INTO symbols(id, name, filename_id) VALUES (1742,"Blade_09", 1733);
INSERT INTO symbols(id, name, filename_id) VALUES (1743,"Blade_10", 1733);
INSERT INTO symbols(id, name, filename_id) VALUES (1744,"Blade_11", 1733);
INSERT INTO symbols(id, name, filename_id) VALUES (1745,"Blade_12", 1733);
INSERT INTO symbols(id, name, filename_id) VALUES (1746,"HalfCylinder_pI", 1691);
INSERT INTO symbols(id, name, filename_id) VALUES (1747,"Disk_1", 1746);
INSERT INTO symbols(id, name, filename_id) VALUES (1748,"Blade_01", 1747);
INSERT INTO symbols(id, name, filename_id) VALUES (1749,"Blade_02", 1747);
INSERT INTO symbols(id, name, filename_id) VALUES (1750,"Blade_03", 1747);
INSERT INTO symbols(id, name, filename_id) VALUES (1751,"Blade_04", 1747);
INSERT INTO symbols(id, name, filename_id) VALUES (1752,"Blade_05", 1747);
INSERT INTO symbols(id, name, filename_id) VALUES (1753,"Blade_06", 1747);
INSERT INTO symbols(id, name, filename_id) VALUES (1754,"Blade_07", 1747);
INSERT INTO symbols(id, name, filename_id) VALUES (1755,"Blade_08", 1747);
INSERT INTO symbols(id, name, filename_id) VALUES (1756,"Blade_09", 1747);
INSERT INTO symbols(id, name, filename_id) VALUES (1757,"Blade_10", 1747);
INSERT INTO symbols(id, name, filename_id) VALUES (1758,"Blade_11", 1747);
INSERT INTO symbols(id, name, filename_id) VALUES (1759,"Blade_12", 1747);
INSERT INTO symbols(id, name, filename_id) VALUES (1760,"Disk_2", 1746);
INSERT INTO symbols(id, name, filename_id) VALUES (1761,"Blade_01", 1760);
INSERT INTO symbols(id, name, filename_id) VALUES (1762,"Blade_02", 1760);
INSERT INTO symbols(id, name, filename_id) VALUES (1763,"Blade_03", 1760);
INSERT INTO symbols(id, name, filename_id) VALUES (1764,"Blade_04", 1760);
INSERT INTO symbols(id, name, filename_id) VALUES (1765,"Blade_05", 1760);
INSERT INTO symbols(id, name, filename_id) VALUES (1766,"Blade_06", 1760);
INSERT INTO symbols(id, name, filename_id) VALUES (1767,"Blade_07", 1760);
INSERT INTO symbols(id, name, filename_id) VALUES (1768,"Blade_08", 1760);
INSERT INTO symbols(id, name, filename_id) VALUES (1769,"Blade_09", 1760);
INSERT INTO symbols(id, name, filename_id) VALUES (1770,"Blade_10", 1760);
INSERT INTO symbols(id, name, filename_id) VALUES (1771,"Blade_11", 1760);
INSERT INTO symbols(id, name, filename_id) VALUES (1772,"Blade_12", 1760);
INSERT INTO symbols(id, name, filename_id) VALUES (1773,"HalfCylinder_pO", 1691);
INSERT INTO symbols(id, name, filename_id) VALUES (1774,"Disk_1", 1773);
INSERT INTO symbols(id, name, filename_id) VALUES (1775,"Blade_01", 1774);
INSERT INTO symbols(id, name, filename_id) VALUES (1776,"Blade_02", 1774);
INSERT INTO symbols(id, name, filename_id) VALUES (1777,"Blade_03", 1774);
INSERT INTO symbols(id, name, filename_id) VALUES (1778,"Blade_04", 1774);
INSERT INTO symbols(id, name, filename_id) VALUES (1779,"Blade_05", 1774);
INSERT INTO symbols(id, name, filename_id) VALUES (1780,"Blade_06", 1774);
INSERT INTO symbols(id, name, filename_id) VALUES (1781,"Blade_07", 1774);
INSERT INTO symbols(id, name, filename_id) VALUES (1782,"Blade_08", 1774);
INSERT INTO symbols(id, name, filename_id) VALUES (1783,"Blade_09", 1774);
INSERT INTO symbols(id, name, filename_id) VALUES (1784,"Blade_10", 1774);
INSERT INTO symbols(id, name, filename_id) VALUES (1785,"Blade_11", 1774);
INSERT INTO symbols(id, name, filename_id) VALUES (1786,"Blade_12", 1774);
INSERT INTO symbols(id, name, filename_id) VALUES (1787,"Disk_2", 1773);
INSERT INTO symbols(id, name, filename_id) VALUES (1788,"Blade_01", 1787);
INSERT INTO symbols(id, name, filename_id) VALUES (1789,"Blade_02", 1787);
INSERT INTO symbols(id, name, filename_id) VALUES (1790,"Blade_03", 1787);
INSERT INTO symbols(id, name, filename_id) VALUES (1791,"Blade_04", 1787);
INSERT INTO symbols(id, name, filename_id) VALUES (1792,"Blade_05", 1787);
INSERT INTO symbols(id, name, filename_id) VALUES (1793,"Blade_06", 1787);
INSERT INTO symbols(id, name, filename_id) VALUES (1794,"Blade_07", 1787);
INSERT INTO symbols(id, name, filename_id) VALUES (1795,"Blade_08", 1787);
INSERT INTO symbols(id, name, filename_id) VALUES (1796,"Blade_09", 1787);
INSERT INTO symbols(id, name, filename_id) VALUES (1797,"Blade_10", 1787);
INSERT INTO symbols(id, name, filename_id) VALUES (1798,"Blade_11", 1787);
INSERT INTO symbols(id, name, filename_id) VALUES (1799,"Blade_12", 1787);
INSERT INTO symbols(id, name, filename_id) VALUES (1800,"EventInfo", 1437);
INSERT INTO symbols(id, name, filename_id) VALUES (1801,"CertificationContents", 1800);
INSERT INTO symbols(id, name, filename_id) VALUES (1802,"DAQContents", 1800);
INSERT INTO symbols(id, name, filename_id) VALUES (1803,"DCSContents", 1800);
INSERT INTO symbols(id, name, filename_id) VALUES (1804,"reportSummaryContents", 1800);
INSERT INTO symbols(id, name, filename_id) VALUES (1805,"FEDIntegrity", 1437);
INSERT INTO symbols(id, name, filename_id) VALUES (1806,"Tracks", 1437);
INSERT INTO symbols(id, name, filename_id) VALUES (1807,"RPC", 10);
INSERT INTO symbols(id, name, filename_id) VALUES (1808,"AllHits", 1807);
INSERT INTO symbols(id, name, filename_id) VALUES (1809,"Barrel", 1808);
INSERT INTO symbols(id, name, filename_id) VALUES (1810,"Wheel_-1", 1809);
INSERT INTO symbols(id, name, filename_id) VALUES (1811,"SummaryBySectors", 1810);
INSERT INTO symbols(id, name, filename_id) VALUES (1812,"sector_1", 1810);
INSERT INTO symbols(id, name, filename_id) VALUES (1813,"station_1", 1812);
INSERT INTO symbols(id, name, filename_id) VALUES (1814,"station_2", 1812);
INSERT INTO symbols(id, name, filename_id) VALUES (1815,"station_3", 1812);
INSERT INTO symbols(id, name, filename_id) VALUES (1816,"station_4", 1812);
INSERT INTO symbols(id, name, filename_id) VALUES (1817,"sector_10", 1810);
INSERT INTO symbols(id, name, filename_id) VALUES (1818,"station_1", 1817);
INSERT INTO symbols(id, name, filename_id) VALUES (1819,"station_2", 1817);
INSERT INTO symbols(id, name, filename_id) VALUES (1820,"station_3", 1817);
INSERT INTO symbols(id, name, filename_id) VALUES (1821,"station_4", 1817);
INSERT INTO symbols(id, name, filename_id) VALUES (1822,"sector_11", 1810);
INSERT INTO symbols(id, name, filename_id) VALUES (1823,"station_1", 1822);
INSERT INTO symbols(id, name, filename_id) VALUES (1824,"station_2", 1822);
INSERT INTO symbols(id, name, filename_id) VALUES (1825,"station_3", 1822);
INSERT INTO symbols(id, name, filename_id) VALUES (1826,"station_4", 1822);
INSERT INTO symbols(id, name, filename_id) VALUES (1827,"sector_12", 1810);
INSERT INTO symbols(id, name, filename_id) VALUES (1828,"station_1", 1827);
INSERT INTO symbols(id, name, filename_id) VALUES (1829,"station_2", 1827);
INSERT INTO symbols(id, name, filename_id) VALUES (1830,"station_3", 1827);
INSERT INTO symbols(id, name, filename_id) VALUES (1831,"station_4", 1827);
INSERT INTO symbols(id, name, filename_id) VALUES (1832,"sector_2", 1810);
INSERT INTO symbols(id, name, filename_id) VALUES (1833,"station_1", 1832);
INSERT INTO symbols(id, name, filename_id) VALUES (1834,"station_2", 1832);
INSERT INTO symbols(id, name, filename_id) VALUES (1835,"station_3", 1832);
INSERT INTO symbols(id, name, filename_id) VALUES (1836,"station_4", 1832);
INSERT INTO symbols(id, name, filename_id) VALUES (1837,"sector_3", 1810);
INSERT INTO symbols(id, name, filename_id) VALUES (1838,"station_1", 1837);
INSERT INTO symbols(id, name, filename_id) VALUES (1839,"station_2", 1837);
INSERT INTO symbols(id, name, filename_id) VALUES (1840,"station_3", 1837);
INSERT INTO symbols(id, name, filename_id) VALUES (1841,"station_4", 1837);
INSERT INTO symbols(id, name, filename_id) VALUES (1842,"sector_4", 1810);
INSERT INTO symbols(id, name, filename_id) VALUES (1843,"station_1", 1842);
INSERT INTO symbols(id, name, filename_id) VALUES (1844,"station_2", 1842);
INSERT INTO symbols(id, name, filename_id) VALUES (1845,"station_3", 1842);
INSERT INTO symbols(id, name, filename_id) VALUES (1846,"station_4", 1842);
INSERT INTO symbols(id, name, filename_id) VALUES (1847,"sector_5", 1810);
INSERT INTO symbols(id, name, filename_id) VALUES (1848,"station_1", 1847);
INSERT INTO symbols(id, name, filename_id) VALUES (1849,"station_2", 1847);
INSERT INTO symbols(id, name, filename_id) VALUES (1850,"station_3", 1847);
INSERT INTO symbols(id, name, filename_id) VALUES (1851,"station_4", 1847);
INSERT INTO symbols(id, name, filename_id) VALUES (1852,"sector_6", 1810);
INSERT INTO symbols(id, name, filename_id) VALUES (1853,"station_1", 1852);
INSERT INTO symbols(id, name, filename_id) VALUES (1854,"station_2", 1852);
INSERT INTO symbols(id, name, filename_id) VALUES (1855,"station_3", 1852);
INSERT INTO symbols(id, name, filename_id) VALUES (1856,"station_4", 1852);
INSERT INTO symbols(id, name, filename_id) VALUES (1857,"sector_7", 1810);
INSERT INTO symbols(id, name, filename_id) VALUES (1858,"station_1", 1857);
INSERT INTO symbols(id, name, filename_id) VALUES (1859,"station_2", 1857);
INSERT INTO symbols(id, name, filename_id) VALUES (1860,"station_3", 1857);
INSERT INTO symbols(id, name, filename_id) VALUES (1861,"station_4", 1857);
INSERT INTO symbols(id, name, filename_id) VALUES (1862,"sector_8", 1810);
INSERT INTO symbols(id, name, filename_id) VALUES (1863,"station_1", 1862);
INSERT INTO symbols(id, name, filename_id) VALUES (1864,"station_2", 1862);
INSERT INTO symbols(id, name, filename_id) VALUES (1865,"station_3", 1862);
INSERT INTO symbols(id, name, filename_id) VALUES (1866,"station_4", 1862);
INSERT INTO symbols(id, name, filename_id) VALUES (1867,"sector_9", 1810);
INSERT INTO symbols(id, name, filename_id) VALUES (1868,"station_1", 1867);
INSERT INTO symbols(id, name, filename_id) VALUES (1869,"station_2", 1867);
INSERT INTO symbols(id, name, filename_id) VALUES (1870,"station_3", 1867);
INSERT INTO symbols(id, name, filename_id) VALUES (1871,"station_4", 1867);
INSERT INTO symbols(id, name, filename_id) VALUES (1872,"Wheel_-2", 1809);
INSERT INTO symbols(id, name, filename_id) VALUES (1873,"SummaryBySectors", 1872);
INSERT INTO symbols(id, name, filename_id) VALUES (1874,"sector_1", 1872);
INSERT INTO symbols(id, name, filename_id) VALUES (1875,"station_1", 1874);
INSERT INTO symbols(id, name, filename_id) VALUES (1876,"station_2", 1874);
INSERT INTO symbols(id, name, filename_id) VALUES (1877,"station_3", 1874);
INSERT INTO symbols(id, name, filename_id) VALUES (1878,"station_4", 1874);
INSERT INTO symbols(id, name, filename_id) VALUES (1879,"sector_10", 1872);
INSERT INTO symbols(id, name, filename_id) VALUES (1880,"station_1", 1879);
INSERT INTO symbols(id, name, filename_id) VALUES (1881,"station_2", 1879);
INSERT INTO symbols(id, name, filename_id) VALUES (1882,"station_3", 1879);
INSERT INTO symbols(id, name, filename_id) VALUES (1883,"station_4", 1879);
INSERT INTO symbols(id, name, filename_id) VALUES (1884,"sector_11", 1872);
INSERT INTO symbols(id, name, filename_id) VALUES (1885,"station_1", 1884);
INSERT INTO symbols(id, name, filename_id) VALUES (1886,"station_2", 1884);
INSERT INTO symbols(id, name, filename_id) VALUES (1887,"station_3", 1884);
INSERT INTO symbols(id, name, filename_id) VALUES (1888,"station_4", 1884);
INSERT INTO symbols(id, name, filename_id) VALUES (1889,"sector_12", 1872);
INSERT INTO symbols(id, name, filename_id) VALUES (1890,"station_1", 1889);
INSERT INTO symbols(id, name, filename_id) VALUES (1891,"station_2", 1889);
INSERT INTO symbols(id, name, filename_id) VALUES (1892,"station_3", 1889);
INSERT INTO symbols(id, name, filename_id) VALUES (1893,"station_4", 1889);
INSERT INTO symbols(id, name, filename_id) VALUES (1894,"sector_2", 1872);
INSERT INTO symbols(id, name, filename_id) VALUES (1895,"station_1", 1894);
INSERT INTO symbols(id, name, filename_id) VALUES (1896,"station_2", 1894);
INSERT INTO symbols(id, name, filename_id) VALUES (1897,"station_3", 1894);
INSERT INTO symbols(id, name, filename_id) VALUES (1898,"station_4", 1894);
INSERT INTO symbols(id, name, filename_id) VALUES (1899,"sector_3", 1872);
INSERT INTO symbols(id, name, filename_id) VALUES (1900,"station_1", 1899);
INSERT INTO symbols(id, name, filename_id) VALUES (1901,"station_2", 1899);
INSERT INTO symbols(id, name, filename_id) VALUES (1902,"station_3", 1899);
INSERT INTO symbols(id, name, filename_id) VALUES (1903,"station_4", 1899);
INSERT INTO symbols(id, name, filename_id) VALUES (1904,"sector_4", 1872);
INSERT INTO symbols(id, name, filename_id) VALUES (1905,"station_1", 1904);
INSERT INTO symbols(id, name, filename_id) VALUES (1906,"station_2", 1904);
INSERT INTO symbols(id, name, filename_id) VALUES (1907,"station_3", 1904);
INSERT INTO symbols(id, name, filename_id) VALUES (1908,"station_4", 1904);
INSERT INTO symbols(id, name, filename_id) VALUES (1909,"sector_5", 1872);
INSERT INTO symbols(id, name, filename_id) VALUES (1910,"station_1", 1909);
INSERT INTO symbols(id, name, filename_id) VALUES (1911,"station_2", 1909);
INSERT INTO symbols(id, name, filename_id) VALUES (1912,"station_3", 1909);
INSERT INTO symbols(id, name, filename_id) VALUES (1913,"station_4", 1909);
INSERT INTO symbols(id, name, filename_id) VALUES (1914,"sector_6", 1872);
INSERT INTO symbols(id, name, filename_id) VALUES (1915,"station_1", 1914);
INSERT INTO symbols(id, name, filename_id) VALUES (1916,"station_2", 1914);
INSERT INTO symbols(id, name, filename_id) VALUES (1917,"station_3", 1914);
INSERT INTO symbols(id, name, filename_id) VALUES (1918,"station_4", 1914);
INSERT INTO symbols(id, name, filename_id) VALUES (1919,"sector_7", 1872);
INSERT INTO symbols(id, name, filename_id) VALUES (1920,"station_1", 1919);
INSERT INTO symbols(id, name, filename_id) VALUES (1921,"station_2", 1919);
INSERT INTO symbols(id, name, filename_id) VALUES (1922,"station_3", 1919);
INSERT INTO symbols(id, name, filename_id) VALUES (1923,"station_4", 1919);
INSERT INTO symbols(id, name, filename_id) VALUES (1924,"sector_8", 1872);
INSERT INTO symbols(id, name, filename_id) VALUES (1925,"station_1", 1924);
INSERT INTO symbols(id, name, filename_id) VALUES (1926,"station_2", 1924);
INSERT INTO symbols(id, name, filename_id) VALUES (1927,"station_3", 1924);
INSERT INTO symbols(id, name, filename_id) VALUES (1928,"station_4", 1924);
INSERT INTO symbols(id, name, filename_id) VALUES (1929,"sector_9", 1872);
INSERT INTO symbols(id, name, filename_id) VALUES (1930,"station_1", 1929);
INSERT INTO symbols(id, name, filename_id) VALUES (1931,"station_2", 1929);
INSERT INTO symbols(id, name, filename_id) VALUES (1932,"station_3", 1929);
INSERT INTO symbols(id, name, filename_id) VALUES (1933,"station_4", 1929);
INSERT INTO symbols(id, name, filename_id) VALUES (1934,"Wheel_0", 1809);
INSERT INTO symbols(id, name, filename_id) VALUES (1935,"SummaryBySectors", 1934);
INSERT INTO symbols(id, name, filename_id) VALUES (1936,"sector_1", 1934);
INSERT INTO symbols(id, name, filename_id) VALUES (1937,"station_1", 1936);
INSERT INTO symbols(id, name, filename_id) VALUES (1938,"station_2", 1936);
INSERT INTO symbols(id, name, filename_id) VALUES (1939,"station_3", 1936);
INSERT INTO symbols(id, name, filename_id) VALUES (1940,"station_4", 1936);
INSERT INTO symbols(id, name, filename_id) VALUES (1941,"sector_10", 1934);
INSERT INTO symbols(id, name, filename_id) VALUES (1942,"station_1", 1941);
INSERT INTO symbols(id, name, filename_id) VALUES (1943,"station_2", 1941);
INSERT INTO symbols(id, name, filename_id) VALUES (1944,"station_3", 1941);
INSERT INTO symbols(id, name, filename_id) VALUES (1945,"station_4", 1941);
INSERT INTO symbols(id, name, filename_id) VALUES (1946,"sector_11", 1934);
INSERT INTO symbols(id, name, filename_id) VALUES (1947,"station_1", 1946);
INSERT INTO symbols(id, name, filename_id) VALUES (1948,"station_2", 1946);
INSERT INTO symbols(id, name, filename_id) VALUES (1949,"station_3", 1946);
INSERT INTO symbols(id, name, filename_id) VALUES (1950,"station_4", 1946);
INSERT INTO symbols(id, name, filename_id) VALUES (1951,"sector_12", 1934);
INSERT INTO symbols(id, name, filename_id) VALUES (1952,"station_1", 1951);
INSERT INTO symbols(id, name, filename_id) VALUES (1953,"station_2", 1951);
INSERT INTO symbols(id, name, filename_id) VALUES (1954,"station_3", 1951);
INSERT INTO symbols(id, name, filename_id) VALUES (1955,"station_4", 1951);
INSERT INTO symbols(id, name, filename_id) VALUES (1956,"sector_2", 1934);
INSERT INTO symbols(id, name, filename_id) VALUES (1957,"station_1", 1956);
INSERT INTO symbols(id, name, filename_id) VALUES (1958,"station_2", 1956);
INSERT INTO symbols(id, name, filename_id) VALUES (1959,"station_3", 1956);
INSERT INTO symbols(id, name, filename_id) VALUES (1960,"station_4", 1956);
INSERT INTO symbols(id, name, filename_id) VALUES (1961,"sector_3", 1934);
INSERT INTO symbols(id, name, filename_id) VALUES (1962,"station_1", 1961);
INSERT INTO symbols(id, name, filename_id) VALUES (1963,"station_2", 1961);
INSERT INTO symbols(id, name, filename_id) VALUES (1964,"station_3", 1961);
INSERT INTO symbols(id, name, filename_id) VALUES (1965,"station_4", 1961);
INSERT INTO symbols(id, name, filename_id) VALUES (1966,"sector_4", 1934);
INSERT INTO symbols(id, name, filename_id) VALUES (1967,"station_1", 1966);
INSERT INTO symbols(id, name, filename_id) VALUES (1968,"station_2", 1966);
INSERT INTO symbols(id, name, filename_id) VALUES (1969,"station_3", 1966);
INSERT INTO symbols(id, name, filename_id) VALUES (1970,"station_4", 1966);
INSERT INTO symbols(id, name, filename_id) VALUES (1971,"sector_5", 1934);
INSERT INTO symbols(id, name, filename_id) VALUES (1972,"station_1", 1971);
INSERT INTO symbols(id, name, filename_id) VALUES (1973,"station_2", 1971);
INSERT INTO symbols(id, name, filename_id) VALUES (1974,"station_3", 1971);
INSERT INTO symbols(id, name, filename_id) VALUES (1975,"station_4", 1971);
INSERT INTO symbols(id, name, filename_id) VALUES (1976,"sector_6", 1934);
INSERT INTO symbols(id, name, filename_id) VALUES (1977,"station_1", 1976);
INSERT INTO symbols(id, name, filename_id) VALUES (1978,"station_2", 1976);
INSERT INTO symbols(id, name, filename_id) VALUES (1979,"station_3", 1976);
INSERT INTO symbols(id, name, filename_id) VALUES (1980,"station_4", 1976);
INSERT INTO symbols(id, name, filename_id) VALUES (1981,"sector_7", 1934);
INSERT INTO symbols(id, name, filename_id) VALUES (1982,"station_1", 1981);
INSERT INTO symbols(id, name, filename_id) VALUES (1983,"station_2", 1981);
INSERT INTO symbols(id, name, filename_id) VALUES (1984,"station_3", 1981);
INSERT INTO symbols(id, name, filename_id) VALUES (1985,"station_4", 1981);
INSERT INTO symbols(id, name, filename_id) VALUES (1986,"sector_8", 1934);
INSERT INTO symbols(id, name, filename_id) VALUES (1987,"station_1", 1986);
INSERT INTO symbols(id, name, filename_id) VALUES (1988,"station_2", 1986);
INSERT INTO symbols(id, name, filename_id) VALUES (1989,"station_3", 1986);
INSERT INTO symbols(id, name, filename_id) VALUES (1990,"station_4", 1986);
INSERT INTO symbols(id, name, filename_id) VALUES (1991,"sector_9", 1934);
INSERT INTO symbols(id, name, filename_id) VALUES (1992,"station_1", 1991);
INSERT INTO symbols(id, name, filename_id) VALUES (1993,"station_2", 1991);
INSERT INTO symbols(id, name, filename_id) VALUES (1994,"station_3", 1991);
INSERT INTO symbols(id, name, filename_id) VALUES (1995,"station_4", 1991);
INSERT INTO symbols(id, name, filename_id) VALUES (1996,"Wheel_1", 1809);
INSERT INTO symbols(id, name, filename_id) VALUES (1997,"SummaryBySectors", 1996);
INSERT INTO symbols(id, name, filename_id) VALUES (1998,"sector_1", 1996);
INSERT INTO symbols(id, name, filename_id) VALUES (1999,"station_1", 1998);
INSERT INTO symbols(id, name, filename_id) VALUES (2000,"station_2", 1998);
INSERT INTO symbols(id, name, filename_id) VALUES (2001,"station_3", 1998);
INSERT INTO symbols(id, name, filename_id) VALUES (2002,"station_4", 1998);
INSERT INTO symbols(id, name, filename_id) VALUES (2003,"sector_10", 1996);
INSERT INTO symbols(id, name, filename_id) VALUES (2004,"station_1", 2003);
INSERT INTO symbols(id, name, filename_id) VALUES (2005,"station_2", 2003);
INSERT INTO symbols(id, name, filename_id) VALUES (2006,"station_3", 2003);
INSERT INTO symbols(id, name, filename_id) VALUES (2007,"station_4", 2003);
INSERT INTO symbols(id, name, filename_id) VALUES (2008,"sector_11", 1996);
INSERT INTO symbols(id, name, filename_id) VALUES (2009,"station_1", 2008);
INSERT INTO symbols(id, name, filename_id) VALUES (2010,"station_2", 2008);
INSERT INTO symbols(id, name, filename_id) VALUES (2011,"station_3", 2008);
INSERT INTO symbols(id, name, filename_id) VALUES (2012,"station_4", 2008);
INSERT INTO symbols(id, name, filename_id) VALUES (2013,"sector_12", 1996);
INSERT INTO symbols(id, name, filename_id) VALUES (2014,"station_1", 2013);
INSERT INTO symbols(id, name, filename_id) VALUES (2015,"station_2", 2013);
INSERT INTO symbols(id, name, filename_id) VALUES (2016,"station_3", 2013);
INSERT INTO symbols(id, name, filename_id) VALUES (2017,"station_4", 2013);
INSERT INTO symbols(id, name, filename_id) VALUES (2018,"sector_2", 1996);
INSERT INTO symbols(id, name, filename_id) VALUES (2019,"station_1", 2018);
INSERT INTO symbols(id, name, filename_id) VALUES (2020,"station_2", 2018);
INSERT INTO symbols(id, name, filename_id) VALUES (2021,"station_3", 2018);
INSERT INTO symbols(id, name, filename_id) VALUES (2022,"station_4", 2018);
INSERT INTO symbols(id, name, filename_id) VALUES (2023,"sector_3", 1996);
INSERT INTO symbols(id, name, filename_id) VALUES (2024,"station_1", 2023);
INSERT INTO symbols(id, name, filename_id) VALUES (2025,"station_2", 2023);
INSERT INTO symbols(id, name, filename_id) VALUES (2026,"station_3", 2023);
INSERT INTO symbols(id, name, filename_id) VALUES (2027,"station_4", 2023);
INSERT INTO symbols(id, name, filename_id) VALUES (2028,"sector_4", 1996);
INSERT INTO symbols(id, name, filename_id) VALUES (2029,"station_1", 2028);
INSERT INTO symbols(id, name, filename_id) VALUES (2030,"station_2", 2028);
INSERT INTO symbols(id, name, filename_id) VALUES (2031,"station_3", 2028);
INSERT INTO symbols(id, name, filename_id) VALUES (2032,"station_4", 2028);
INSERT INTO symbols(id, name, filename_id) VALUES (2033,"sector_5", 1996);
INSERT INTO symbols(id, name, filename_id) VALUES (2034,"station_1", 2033);
INSERT INTO symbols(id, name, filename_id) VALUES (2035,"station_2", 2033);
INSERT INTO symbols(id, name, filename_id) VALUES (2036,"station_3", 2033);
INSERT INTO symbols(id, name, filename_id) VALUES (2037,"station_4", 2033);
INSERT INTO symbols(id, name, filename_id) VALUES (2038,"sector_6", 1996);
INSERT INTO symbols(id, name, filename_id) VALUES (2039,"station_1", 2038);
INSERT INTO symbols(id, name, filename_id) VALUES (2040,"station_2", 2038);
INSERT INTO symbols(id, name, filename_id) VALUES (2041,"station_3", 2038);
INSERT INTO symbols(id, name, filename_id) VALUES (2042,"station_4", 2038);
INSERT INTO symbols(id, name, filename_id) VALUES (2043,"sector_7", 1996);
INSERT INTO symbols(id, name, filename_id) VALUES (2044,"station_1", 2043);
INSERT INTO symbols(id, name, filename_id) VALUES (2045,"station_2", 2043);
INSERT INTO symbols(id, name, filename_id) VALUES (2046,"station_3", 2043);
INSERT INTO symbols(id, name, filename_id) VALUES (2047,"station_4", 2043);
INSERT INTO symbols(id, name, filename_id) VALUES (2048,"sector_8", 1996);
INSERT INTO symbols(id, name, filename_id) VALUES (2049,"station_1", 2048);
INSERT INTO symbols(id, name, filename_id) VALUES (2050,"station_2", 2048);
INSERT INTO symbols(id, name, filename_id) VALUES (2051,"station_3", 2048);
INSERT INTO symbols(id, name, filename_id) VALUES (2052,"station_4", 2048);
INSERT INTO symbols(id, name, filename_id) VALUES (2053,"sector_9", 1996);
INSERT INTO symbols(id, name, filename_id) VALUES (2054,"station_1", 2053);
INSERT INTO symbols(id, name, filename_id) VALUES (2055,"station_2", 2053);
INSERT INTO symbols(id, name, filename_id) VALUES (2056,"station_3", 2053);
INSERT INTO symbols(id, name, filename_id) VALUES (2057,"station_4", 2053);
INSERT INTO symbols(id, name, filename_id) VALUES (2058,"Wheel_2", 1809);
INSERT INTO symbols(id, name, filename_id) VALUES (2059,"SummaryBySectors", 2058);
INSERT INTO symbols(id, name, filename_id) VALUES (2060,"sector_1", 2058);
INSERT INTO symbols(id, name, filename_id) VALUES (2061,"station_1", 2060);
INSERT INTO symbols(id, name, filename_id) VALUES (2062,"station_2", 2060);
INSERT INTO symbols(id, name, filename_id) VALUES (2063,"station_3", 2060);
INSERT INTO symbols(id, name, filename_id) VALUES (2064,"station_4", 2060);
INSERT INTO symbols(id, name, filename_id) VALUES (2065,"sector_10", 2058);
INSERT INTO symbols(id, name, filename_id) VALUES (2066,"station_1", 2065);
INSERT INTO symbols(id, name, filename_id) VALUES (2067,"station_2", 2065);
INSERT INTO symbols(id, name, filename_id) VALUES (2068,"station_3", 2065);
INSERT INTO symbols(id, name, filename_id) VALUES (2069,"station_4", 2065);
INSERT INTO symbols(id, name, filename_id) VALUES (2070,"sector_11", 2058);
INSERT INTO symbols(id, name, filename_id) VALUES (2071,"station_1", 2070);
INSERT INTO symbols(id, name, filename_id) VALUES (2072,"station_2", 2070);
INSERT INTO symbols(id, name, filename_id) VALUES (2073,"station_3", 2070);
INSERT INTO symbols(id, name, filename_id) VALUES (2074,"station_4", 2070);
INSERT INTO symbols(id, name, filename_id) VALUES (2075,"sector_12", 2058);
INSERT INTO symbols(id, name, filename_id) VALUES (2076,"station_1", 2075);
INSERT INTO symbols(id, name, filename_id) VALUES (2077,"station_2", 2075);
INSERT INTO symbols(id, name, filename_id) VALUES (2078,"station_3", 2075);
INSERT INTO symbols(id, name, filename_id) VALUES (2079,"station_4", 2075);
INSERT INTO symbols(id, name, filename_id) VALUES (2080,"sector_2", 2058);
INSERT INTO symbols(id, name, filename_id) VALUES (2081,"station_1", 2080);
INSERT INTO symbols(id, name, filename_id) VALUES (2082,"station_2", 2080);
INSERT INTO symbols(id, name, filename_id) VALUES (2083,"station_3", 2080);
INSERT INTO symbols(id, name, filename_id) VALUES (2084,"station_4", 2080);
INSERT INTO symbols(id, name, filename_id) VALUES (2085,"sector_3", 2058);
INSERT INTO symbols(id, name, filename_id) VALUES (2086,"station_1", 2085);
INSERT INTO symbols(id, name, filename_id) VALUES (2087,"station_2", 2085);
INSERT INTO symbols(id, name, filename_id) VALUES (2088,"station_3", 2085);
INSERT INTO symbols(id, name, filename_id) VALUES (2089,"station_4", 2085);
INSERT INTO symbols(id, name, filename_id) VALUES (2090,"sector_4", 2058);
INSERT INTO symbols(id, name, filename_id) VALUES (2091,"station_1", 2090);
INSERT INTO symbols(id, name, filename_id) VALUES (2092,"station_2", 2090);
INSERT INTO symbols(id, name, filename_id) VALUES (2093,"station_3", 2090);
INSERT INTO symbols(id, name, filename_id) VALUES (2094,"station_4", 2090);
INSERT INTO symbols(id, name, filename_id) VALUES (2095,"sector_5", 2058);
INSERT INTO symbols(id, name, filename_id) VALUES (2096,"station_1", 2095);
INSERT INTO symbols(id, name, filename_id) VALUES (2097,"station_2", 2095);
INSERT INTO symbols(id, name, filename_id) VALUES (2098,"station_3", 2095);
INSERT INTO symbols(id, name, filename_id) VALUES (2099,"station_4", 2095);
INSERT INTO symbols(id, name, filename_id) VALUES (2100,"sector_6", 2058);
INSERT INTO symbols(id, name, filename_id) VALUES (2101,"station_1", 2100);
INSERT INTO symbols(id, name, filename_id) VALUES (2102,"station_2", 2100);
INSERT INTO symbols(id, name, filename_id) VALUES (2103,"station_3", 2100);
INSERT INTO symbols(id, name, filename_id) VALUES (2104,"station_4", 2100);
INSERT INTO symbols(id, name, filename_id) VALUES (2105,"sector_7", 2058);
INSERT INTO symbols(id, name, filename_id) VALUES (2106,"station_1", 2105);
INSERT INTO symbols(id, name, filename_id) VALUES (2107,"station_2", 2105);
INSERT INTO symbols(id, name, filename_id) VALUES (2108,"station_3", 2105);
INSERT INTO symbols(id, name, filename_id) VALUES (2109,"station_4", 2105);
INSERT INTO symbols(id, name, filename_id) VALUES (2110,"sector_8", 2058);
INSERT INTO symbols(id, name, filename_id) VALUES (2111,"station_1", 2110);
INSERT INTO symbols(id, name, filename_id) VALUES (2112,"station_2", 2110);
INSERT INTO symbols(id, name, filename_id) VALUES (2113,"station_3", 2110);
INSERT INTO symbols(id, name, filename_id) VALUES (2114,"station_4", 2110);
INSERT INTO symbols(id, name, filename_id) VALUES (2115,"sector_9", 2058);
INSERT INTO symbols(id, name, filename_id) VALUES (2116,"station_1", 2115);
INSERT INTO symbols(id, name, filename_id) VALUES (2117,"station_2", 2115);
INSERT INTO symbols(id, name, filename_id) VALUES (2118,"station_3", 2115);
INSERT INTO symbols(id, name, filename_id) VALUES (2119,"station_4", 2115);
INSERT INTO symbols(id, name, filename_id) VALUES (2120,"Endcap+", 1808);
INSERT INTO symbols(id, name, filename_id) VALUES (2121,"Disk_1", 2120);
INSERT INTO symbols(id, name, filename_id) VALUES (2122,"SummaryByRings", 2121);
INSERT INTO symbols(id, name, filename_id) VALUES (2123,"ring_2", 2121);
INSERT INTO symbols(id, name, filename_id) VALUES (2124,"sector_1", 2123);
INSERT INTO symbols(id, name, filename_id) VALUES (2125,"sector_2", 2123);
INSERT INTO symbols(id, name, filename_id) VALUES (2126,"sector_3", 2123);
INSERT INTO symbols(id, name, filename_id) VALUES (2127,"sector_4", 2123);
INSERT INTO symbols(id, name, filename_id) VALUES (2128,"sector_5", 2123);
INSERT INTO symbols(id, name, filename_id) VALUES (2129,"sector_6", 2123);
INSERT INTO symbols(id, name, filename_id) VALUES (2130,"ring_3", 2121);
INSERT INTO symbols(id, name, filename_id) VALUES (2131,"sector_1", 2130);
INSERT INTO symbols(id, name, filename_id) VALUES (2132,"sector_2", 2130);
INSERT INTO symbols(id, name, filename_id) VALUES (2133,"sector_3", 2130);
INSERT INTO symbols(id, name, filename_id) VALUES (2134,"sector_4", 2130);
INSERT INTO symbols(id, name, filename_id) VALUES (2135,"sector_5", 2130);
INSERT INTO symbols(id, name, filename_id) VALUES (2136,"sector_6", 2130);
INSERT INTO symbols(id, name, filename_id) VALUES (2137,"Disk_2", 2120);
INSERT INTO symbols(id, name, filename_id) VALUES (2138,"SummaryByRings", 2137);
INSERT INTO symbols(id, name, filename_id) VALUES (2139,"ring_2", 2137);
INSERT INTO symbols(id, name, filename_id) VALUES (2140,"sector_1", 2139);
INSERT INTO symbols(id, name, filename_id) VALUES (2141,"sector_2", 2139);
INSERT INTO symbols(id, name, filename_id) VALUES (2142,"sector_3", 2139);
INSERT INTO symbols(id, name, filename_id) VALUES (2143,"sector_4", 2139);
INSERT INTO symbols(id, name, filename_id) VALUES (2144,"sector_5", 2139);
INSERT INTO symbols(id, name, filename_id) VALUES (2145,"sector_6", 2139);
INSERT INTO symbols(id, name, filename_id) VALUES (2146,"ring_3", 2137);
INSERT INTO symbols(id, name, filename_id) VALUES (2147,"sector_1", 2146);
INSERT INTO symbols(id, name, filename_id) VALUES (2148,"sector_2", 2146);
INSERT INTO symbols(id, name, filename_id) VALUES (2149,"sector_3", 2146);
INSERT INTO symbols(id, name, filename_id) VALUES (2150,"sector_4", 2146);
INSERT INTO symbols(id, name, filename_id) VALUES (2151,"sector_5", 2146);
INSERT INTO symbols(id, name, filename_id) VALUES (2152,"sector_6", 2146);
INSERT INTO symbols(id, name, filename_id) VALUES (2153,"Disk_3", 2120);
INSERT INTO symbols(id, name, filename_id) VALUES (2154,"SummaryByRings", 2153);
INSERT INTO symbols(id, name, filename_id) VALUES (2155,"ring_2", 2153);
INSERT INTO symbols(id, name, filename_id) VALUES (2156,"sector_1", 2155);
INSERT INTO symbols(id, name, filename_id) VALUES (2157,"sector_2", 2155);
INSERT INTO symbols(id, name, filename_id) VALUES (2158,"sector_3", 2155);
INSERT INTO symbols(id, name, filename_id) VALUES (2159,"sector_4", 2155);
INSERT INTO symbols(id, name, filename_id) VALUES (2160,"sector_5", 2155);
INSERT INTO symbols(id, name, filename_id) VALUES (2161,"sector_6", 2155);
INSERT INTO symbols(id, name, filename_id) VALUES (2162,"ring_3", 2153);
INSERT INTO symbols(id, name, filename_id) VALUES (2163,"sector_1", 2162);
INSERT INTO symbols(id, name, filename_id) VALUES (2164,"sector_2", 2162);
INSERT INTO symbols(id, name, filename_id) VALUES (2165,"sector_3", 2162);
INSERT INTO symbols(id, name, filename_id) VALUES (2166,"sector_4", 2162);
INSERT INTO symbols(id, name, filename_id) VALUES (2167,"sector_5", 2162);
INSERT INTO symbols(id, name, filename_id) VALUES (2168,"sector_6", 2162);
INSERT INTO symbols(id, name, filename_id) VALUES (2169,"Endcap-", 1808);
INSERT INTO symbols(id, name, filename_id) VALUES (2170,"Disk_-1", 2169);
INSERT INTO symbols(id, name, filename_id) VALUES (2171,"SummaryByRings", 2170);
INSERT INTO symbols(id, name, filename_id) VALUES (2172,"ring_2", 2170);
INSERT INTO symbols(id, name, filename_id) VALUES (2173,"sector_1", 2172);
INSERT INTO symbols(id, name, filename_id) VALUES (2174,"sector_2", 2172);
INSERT INTO symbols(id, name, filename_id) VALUES (2175,"sector_3", 2172);
INSERT INTO symbols(id, name, filename_id) VALUES (2176,"sector_4", 2172);
INSERT INTO symbols(id, name, filename_id) VALUES (2177,"sector_5", 2172);
INSERT INTO symbols(id, name, filename_id) VALUES (2178,"sector_6", 2172);
INSERT INTO symbols(id, name, filename_id) VALUES (2179,"ring_3", 2170);
INSERT INTO symbols(id, name, filename_id) VALUES (2180,"sector_1", 2179);
INSERT INTO symbols(id, name, filename_id) VALUES (2181,"sector_2", 2179);
INSERT INTO symbols(id, name, filename_id) VALUES (2182,"sector_3", 2179);
INSERT INTO symbols(id, name, filename_id) VALUES (2183,"sector_4", 2179);
INSERT INTO symbols(id, name, filename_id) VALUES (2184,"sector_5", 2179);
INSERT INTO symbols(id, name, filename_id) VALUES (2185,"sector_6", 2179);
INSERT INTO symbols(id, name, filename_id) VALUES (2186,"Disk_-2", 2169);
INSERT INTO symbols(id, name, filename_id) VALUES (2187,"SummaryByRings", 2186);
INSERT INTO symbols(id, name, filename_id) VALUES (2188,"ring_2", 2186);
INSERT INTO symbols(id, name, filename_id) VALUES (2189,"sector_1", 2188);
INSERT INTO symbols(id, name, filename_id) VALUES (2190,"sector_2", 2188);
INSERT INTO symbols(id, name, filename_id) VALUES (2191,"sector_3", 2188);
INSERT INTO symbols(id, name, filename_id) VALUES (2192,"sector_4", 2188);
INSERT INTO symbols(id, name, filename_id) VALUES (2193,"sector_5", 2188);
INSERT INTO symbols(id, name, filename_id) VALUES (2194,"sector_6", 2188);
INSERT INTO symbols(id, name, filename_id) VALUES (2195,"ring_3", 2186);
INSERT INTO symbols(id, name, filename_id) VALUES (2196,"sector_1", 2195);
INSERT INTO symbols(id, name, filename_id) VALUES (2197,"sector_2", 2195);
INSERT INTO symbols(id, name, filename_id) VALUES (2198,"sector_3", 2195);
INSERT INTO symbols(id, name, filename_id) VALUES (2199,"sector_4", 2195);
INSERT INTO symbols(id, name, filename_id) VALUES (2200,"sector_5", 2195);
INSERT INTO symbols(id, name, filename_id) VALUES (2201,"sector_6", 2195);
INSERT INTO symbols(id, name, filename_id) VALUES (2202,"Disk_-3", 2169);
INSERT INTO symbols(id, name, filename_id) VALUES (2203,"SummaryByRings", 2202);
INSERT INTO symbols(id, name, filename_id) VALUES (2204,"ring_2", 2202);
INSERT INTO symbols(id, name, filename_id) VALUES (2205,"sector_1", 2204);
INSERT INTO symbols(id, name, filename_id) VALUES (2206,"sector_2", 2204);
INSERT INTO symbols(id, name, filename_id) VALUES (2207,"sector_3", 2204);
INSERT INTO symbols(id, name, filename_id) VALUES (2208,"sector_4", 2204);
INSERT INTO symbols(id, name, filename_id) VALUES (2209,"sector_5", 2204);
INSERT INTO symbols(id, name, filename_id) VALUES (2210,"sector_6", 2204);
INSERT INTO symbols(id, name, filename_id) VALUES (2211,"ring_3", 2202);
INSERT INTO symbols(id, name, filename_id) VALUES (2212,"sector_1", 2211);
INSERT INTO symbols(id, name, filename_id) VALUES (2213,"sector_2", 2211);
INSERT INTO symbols(id, name, filename_id) VALUES (2214,"sector_3", 2211);
INSERT INTO symbols(id, name, filename_id) VALUES (2215,"sector_4", 2211);
INSERT INTO symbols(id, name, filename_id) VALUES (2216,"sector_5", 2211);
INSERT INTO symbols(id, name, filename_id) VALUES (2217,"sector_6", 2211);
INSERT INTO symbols(id, name, filename_id) VALUES (2218,"SummaryHistograms", 1808);
INSERT INTO symbols(id, name, filename_id) VALUES (2219,"DCSInfo", 1807);
INSERT INTO symbols(id, name, filename_id) VALUES (2220,"EventInfo", 1807);
INSERT INTO symbols(id, name, filename_id) VALUES (2221,"CertificationContents", 2220);
INSERT INTO symbols(id, name, filename_id) VALUES (2222,"DAQContents", 2220);
INSERT INTO symbols(id, name, filename_id) VALUES (2223,"DCSContents", 2220);
INSERT INTO symbols(id, name, filename_id) VALUES (2224,"reportSummaryContents", 2220);
INSERT INTO symbols(id, name, filename_id) VALUES (2225,"FEDIntegrity", 1807);
INSERT INTO symbols(id, name, filename_id) VALUES (2226,"Muon", 1807);
INSERT INTO symbols(id, name, filename_id) VALUES (2227,"Barrel", 2226);
INSERT INTO symbols(id, name, filename_id) VALUES (2228,"Wheel_-1", 2227);
INSERT INTO symbols(id, name, filename_id) VALUES (2229,"SummaryBySectors", 2228);
INSERT INTO symbols(id, name, filename_id) VALUES (2230,"sector_1", 2228);
INSERT INTO symbols(id, name, filename_id) VALUES (2231,"station_1", 2230);
INSERT INTO symbols(id, name, filename_id) VALUES (2232,"station_2", 2230);
INSERT INTO symbols(id, name, filename_id) VALUES (2233,"station_3", 2230);
INSERT INTO symbols(id, name, filename_id) VALUES (2234,"station_4", 2230);
INSERT INTO symbols(id, name, filename_id) VALUES (2235,"sector_10", 2228);
INSERT INTO symbols(id, name, filename_id) VALUES (2236,"station_1", 2235);
INSERT INTO symbols(id, name, filename_id) VALUES (2237,"station_2", 2235);
INSERT INTO symbols(id, name, filename_id) VALUES (2238,"station_3", 2235);
INSERT INTO symbols(id, name, filename_id) VALUES (2239,"station_4", 2235);
INSERT INTO symbols(id, name, filename_id) VALUES (2240,"sector_11", 2228);
INSERT INTO symbols(id, name, filename_id) VALUES (2241,"station_1", 2240);
INSERT INTO symbols(id, name, filename_id) VALUES (2242,"station_2", 2240);
INSERT INTO symbols(id, name, filename_id) VALUES (2243,"station_3", 2240);
INSERT INTO symbols(id, name, filename_id) VALUES (2244,"station_4", 2240);
INSERT INTO symbols(id, name, filename_id) VALUES (2245,"sector_12", 2228);
INSERT INTO symbols(id, name, filename_id) VALUES (2246,"station_1", 2245);
INSERT INTO symbols(id, name, filename_id) VALUES (2247,"station_2", 2245);
INSERT INTO symbols(id, name, filename_id) VALUES (2248,"station_3", 2245);
INSERT INTO symbols(id, name, filename_id) VALUES (2249,"station_4", 2245);
INSERT INTO symbols(id, name, filename_id) VALUES (2250,"sector_2", 2228);
INSERT INTO symbols(id, name, filename_id) VALUES (2251,"station_1", 2250);
INSERT INTO symbols(id, name, filename_id) VALUES (2252,"station_2", 2250);
INSERT INTO symbols(id, name, filename_id) VALUES (2253,"station_3", 2250);
INSERT INTO symbols(id, name, filename_id) VALUES (2254,"station_4", 2250);
INSERT INTO symbols(id, name, filename_id) VALUES (2255,"sector_3", 2228);
INSERT INTO symbols(id, name, filename_id) VALUES (2256,"station_1", 2255);
INSERT INTO symbols(id, name, filename_id) VALUES (2257,"station_2", 2255);
INSERT INTO symbols(id, name, filename_id) VALUES (2258,"station_3", 2255);
INSERT INTO symbols(id, name, filename_id) VALUES (2259,"station_4", 2255);
INSERT INTO symbols(id, name, filename_id) VALUES (2260,"sector_4", 2228);
INSERT INTO symbols(id, name, filename_id) VALUES (2261,"station_1", 2260);
INSERT INTO symbols(id, name, filename_id) VALUES (2262,"station_2", 2260);
INSERT INTO symbols(id, name, filename_id) VALUES (2263,"station_3", 2260);
INSERT INTO symbols(id, name, filename_id) VALUES (2264,"station_4", 2260);
INSERT INTO symbols(id, name, filename_id) VALUES (2265,"sector_5", 2228);
INSERT INTO symbols(id, name, filename_id) VALUES (2266,"station_1", 2265);
INSERT INTO symbols(id, name, filename_id) VALUES (2267,"station_2", 2265);
INSERT INTO symbols(id, name, filename_id) VALUES (2268,"station_3", 2265);
INSERT INTO symbols(id, name, filename_id) VALUES (2269,"station_4", 2265);
INSERT INTO symbols(id, name, filename_id) VALUES (2270,"sector_6", 2228);
INSERT INTO symbols(id, name, filename_id) VALUES (2271,"station_1", 2270);
INSERT INTO symbols(id, name, filename_id) VALUES (2272,"station_2", 2270);
INSERT INTO symbols(id, name, filename_id) VALUES (2273,"station_3", 2270);
INSERT INTO symbols(id, name, filename_id) VALUES (2274,"station_4", 2270);
INSERT INTO symbols(id, name, filename_id) VALUES (2275,"sector_7", 2228);
INSERT INTO symbols(id, name, filename_id) VALUES (2276,"station_1", 2275);
INSERT INTO symbols(id, name, filename_id) VALUES (2277,"station_2", 2275);
INSERT INTO symbols(id, name, filename_id) VALUES (2278,"station_3", 2275);
INSERT INTO symbols(id, name, filename_id) VALUES (2279,"station_4", 2275);
INSERT INTO symbols(id, name, filename_id) VALUES (2280,"sector_8", 2228);
INSERT INTO symbols(id, name, filename_id) VALUES (2281,"station_1", 2280);
INSERT INTO symbols(id, name, filename_id) VALUES (2282,"station_2", 2280);
INSERT INTO symbols(id, name, filename_id) VALUES (2283,"station_3", 2280);
INSERT INTO symbols(id, name, filename_id) VALUES (2284,"station_4", 2280);
INSERT INTO symbols(id, name, filename_id) VALUES (2285,"sector_9", 2228);
INSERT INTO symbols(id, name, filename_id) VALUES (2286,"station_1", 2285);
INSERT INTO symbols(id, name, filename_id) VALUES (2287,"station_2", 2285);
INSERT INTO symbols(id, name, filename_id) VALUES (2288,"station_3", 2285);
INSERT INTO symbols(id, name, filename_id) VALUES (2289,"station_4", 2285);
INSERT INTO symbols(id, name, filename_id) VALUES (2290,"Wheel_-2", 2227);
INSERT INTO symbols(id, name, filename_id) VALUES (2291,"SummaryBySectors", 2290);
INSERT INTO symbols(id, name, filename_id) VALUES (2292,"sector_1", 2290);
INSERT INTO symbols(id, name, filename_id) VALUES (2293,"station_1", 2292);
INSERT INTO symbols(id, name, filename_id) VALUES (2294,"station_2", 2292);
INSERT INTO symbols(id, name, filename_id) VALUES (2295,"station_3", 2292);
INSERT INTO symbols(id, name, filename_id) VALUES (2296,"station_4", 2292);
INSERT INTO symbols(id, name, filename_id) VALUES (2297,"sector_10", 2290);
INSERT INTO symbols(id, name, filename_id) VALUES (2298,"station_1", 2297);
INSERT INTO symbols(id, name, filename_id) VALUES (2299,"station_2", 2297);
INSERT INTO symbols(id, name, filename_id) VALUES (2300,"station_3", 2297);
INSERT INTO symbols(id, name, filename_id) VALUES (2301,"station_4", 2297);
INSERT INTO symbols(id, name, filename_id) VALUES (2302,"sector_11", 2290);
INSERT INTO symbols(id, name, filename_id) VALUES (2303,"station_1", 2302);
INSERT INTO symbols(id, name, filename_id) VALUES (2304,"station_2", 2302);
INSERT INTO symbols(id, name, filename_id) VALUES (2305,"station_3", 2302);
INSERT INTO symbols(id, name, filename_id) VALUES (2306,"station_4", 2302);
INSERT INTO symbols(id, name, filename_id) VALUES (2307,"sector_12", 2290);
INSERT INTO symbols(id, name, filename_id) VALUES (2308,"station_1", 2307);
INSERT INTO symbols(id, name, filename_id) VALUES (2309,"station_2", 2307);
INSERT INTO symbols(id, name, filename_id) VALUES (2310,"station_3", 2307);
INSERT INTO symbols(id, name, filename_id) VALUES (2311,"station_4", 2307);
INSERT INTO symbols(id, name, filename_id) VALUES (2312,"sector_2", 2290);
INSERT INTO symbols(id, name, filename_id) VALUES (2313,"station_1", 2312);
INSERT INTO symbols(id, name, filename_id) VALUES (2314,"station_2", 2312);
INSERT INTO symbols(id, name, filename_id) VALUES (2315,"station_3", 2312);
INSERT INTO symbols(id, name, filename_id) VALUES (2316,"station_4", 2312);
INSERT INTO symbols(id, name, filename_id) VALUES (2317,"sector_3", 2290);
INSERT INTO symbols(id, name, filename_id) VALUES (2318,"station_1", 2317);
INSERT INTO symbols(id, name, filename_id) VALUES (2319,"station_2", 2317);
INSERT INTO symbols(id, name, filename_id) VALUES (2320,"station_3", 2317);
INSERT INTO symbols(id, name, filename_id) VALUES (2321,"station_4", 2317);
INSERT INTO symbols(id, name, filename_id) VALUES (2322,"sector_4", 2290);
INSERT INTO symbols(id, name, filename_id) VALUES (2323,"station_1", 2322);
INSERT INTO symbols(id, name, filename_id) VALUES (2324,"station_2", 2322);
INSERT INTO symbols(id, name, filename_id) VALUES (2325,"station_3", 2322);
INSERT INTO symbols(id, name, filename_id) VALUES (2326,"station_4", 2322);
INSERT INTO symbols(id, name, filename_id) VALUES (2327,"sector_5", 2290);
INSERT INTO symbols(id, name, filename_id) VALUES (2328,"station_1", 2327);
INSERT INTO symbols(id, name, filename_id) VALUES (2329,"station_2", 2327);
INSERT INTO symbols(id, name, filename_id) VALUES (2330,"station_3", 2327);
INSERT INTO symbols(id, name, filename_id) VALUES (2331,"station_4", 2327);
INSERT INTO symbols(id, name, filename_id) VALUES (2332,"sector_6", 2290);
INSERT INTO symbols(id, name, filename_id) VALUES (2333,"station_1", 2332);
INSERT INTO symbols(id, name, filename_id) VALUES (2334,"station_2", 2332);
INSERT INTO symbols(id, name, filename_id) VALUES (2335,"station_3", 2332);
INSERT INTO symbols(id, name, filename_id) VALUES (2336,"station_4", 2332);
INSERT INTO symbols(id, name, filename_id) VALUES (2337,"sector_7", 2290);
INSERT INTO symbols(id, name, filename_id) VALUES (2338,"station_1", 2337);
INSERT INTO symbols(id, name, filename_id) VALUES (2339,"station_2", 2337);
INSERT INTO symbols(id, name, filename_id) VALUES (2340,"station_3", 2337);
INSERT INTO symbols(id, name, filename_id) VALUES (2341,"station_4", 2337);
INSERT INTO symbols(id, name, filename_id) VALUES (2342,"sector_8", 2290);
INSERT INTO symbols(id, name, filename_id) VALUES (2343,"station_1", 2342);
INSERT INTO symbols(id, name, filename_id) VALUES (2344,"station_2", 2342);
INSERT INTO symbols(id, name, filename_id) VALUES (2345,"station_3", 2342);
INSERT INTO symbols(id, name, filename_id) VALUES (2346,"station_4", 2342);
INSERT INTO symbols(id, name, filename_id) VALUES (2347,"sector_9", 2290);
INSERT INTO symbols(id, name, filename_id) VALUES (2348,"station_1", 2347);
INSERT INTO symbols(id, name, filename_id) VALUES (2349,"station_2", 2347);
INSERT INTO symbols(id, name, filename_id) VALUES (2350,"station_3", 2347);
INSERT INTO symbols(id, name, filename_id) VALUES (2351,"station_4", 2347);
INSERT INTO symbols(id, name, filename_id) VALUES (2352,"Wheel_0", 2227);
INSERT INTO symbols(id, name, filename_id) VALUES (2353,"SummaryBySectors", 2352);
INSERT INTO symbols(id, name, filename_id) VALUES (2354,"sector_1", 2352);
INSERT INTO symbols(id, name, filename_id) VALUES (2355,"station_1", 2354);
INSERT INTO symbols(id, name, filename_id) VALUES (2356,"station_2", 2354);
INSERT INTO symbols(id, name, filename_id) VALUES (2357,"station_3", 2354);
INSERT INTO symbols(id, name, filename_id) VALUES (2358,"station_4", 2354);
INSERT INTO symbols(id, name, filename_id) VALUES (2359,"sector_10", 2352);
INSERT INTO symbols(id, name, filename_id) VALUES (2360,"station_1", 2359);
INSERT INTO symbols(id, name, filename_id) VALUES (2361,"station_2", 2359);
INSERT INTO symbols(id, name, filename_id) VALUES (2362,"station_3", 2359);
INSERT INTO symbols(id, name, filename_id) VALUES (2363,"station_4", 2359);
INSERT INTO symbols(id, name, filename_id) VALUES (2364,"sector_11", 2352);
INSERT INTO symbols(id, name, filename_id) VALUES (2365,"station_1", 2364);
INSERT INTO symbols(id, name, filename_id) VALUES (2366,"station_2", 2364);
INSERT INTO symbols(id, name, filename_id) VALUES (2367,"station_3", 2364);
INSERT INTO symbols(id, name, filename_id) VALUES (2368,"station_4", 2364);
INSERT INTO symbols(id, name, filename_id) VALUES (2369,"sector_12", 2352);
INSERT INTO symbols(id, name, filename_id) VALUES (2370,"station_1", 2369);
INSERT INTO symbols(id, name, filename_id) VALUES (2371,"station_2", 2369);
INSERT INTO symbols(id, name, filename_id) VALUES (2372,"station_3", 2369);
INSERT INTO symbols(id, name, filename_id) VALUES (2373,"station_4", 2369);
INSERT INTO symbols(id, name, filename_id) VALUES (2374,"sector_2", 2352);
INSERT INTO symbols(id, name, filename_id) VALUES (2375,"station_1", 2374);
INSERT INTO symbols(id, name, filename_id) VALUES (2376,"station_2", 2374);
INSERT INTO symbols(id, name, filename_id) VALUES (2377,"station_3", 2374);
INSERT INTO symbols(id, name, filename_id) VALUES (2378,"station_4", 2374);
INSERT INTO symbols(id, name, filename_id) VALUES (2379,"sector_3", 2352);
INSERT INTO symbols(id, name, filename_id) VALUES (2380,"station_1", 2379);
INSERT INTO symbols(id, name, filename_id) VALUES (2381,"station_2", 2379);
INSERT INTO symbols(id, name, filename_id) VALUES (2382,"station_3", 2379);
INSERT INTO symbols(id, name, filename_id) VALUES (2383,"station_4", 2379);
INSERT INTO symbols(id, name, filename_id) VALUES (2384,"sector_4", 2352);
INSERT INTO symbols(id, name, filename_id) VALUES (2385,"station_1", 2384);
INSERT INTO symbols(id, name, filename_id) VALUES (2386,"station_2", 2384);
INSERT INTO symbols(id, name, filename_id) VALUES (2387,"station_3", 2384);
INSERT INTO symbols(id, name, filename_id) VALUES (2388,"station_4", 2384);
INSERT INTO symbols(id, name, filename_id) VALUES (2389,"sector_5", 2352);
INSERT INTO symbols(id, name, filename_id) VALUES (2390,"station_1", 2389);
INSERT INTO symbols(id, name, filename_id) VALUES (2391,"station_2", 2389);
INSERT INTO symbols(id, name, filename_id) VALUES (2392,"station_3", 2389);
INSERT INTO symbols(id, name, filename_id) VALUES (2393,"station_4", 2389);
INSERT INTO symbols(id, name, filename_id) VALUES (2394,"sector_6", 2352);
INSERT INTO symbols(id, name, filename_id) VALUES (2395,"station_1", 2394);
INSERT INTO symbols(id, name, filename_id) VALUES (2396,"station_2", 2394);
INSERT INTO symbols(id, name, filename_id) VALUES (2397,"station_3", 2394);
INSERT INTO symbols(id, name, filename_id) VALUES (2398,"station_4", 2394);
INSERT INTO symbols(id, name, filename_id) VALUES (2399,"sector_7", 2352);
INSERT INTO symbols(id, name, filename_id) VALUES (2400,"station_1", 2399);
INSERT INTO symbols(id, name, filename_id) VALUES (2401,"station_2", 2399);
INSERT INTO symbols(id, name, filename_id) VALUES (2402,"station_3", 2399);
INSERT INTO symbols(id, name, filename_id) VALUES (2403,"station_4", 2399);
INSERT INTO symbols(id, name, filename_id) VALUES (2404,"sector_8", 2352);
INSERT INTO symbols(id, name, filename_id) VALUES (2405,"station_1", 2404);
INSERT INTO symbols(id, name, filename_id) VALUES (2406,"station_2", 2404);
INSERT INTO symbols(id, name, filename_id) VALUES (2407,"station_3", 2404);
INSERT INTO symbols(id, name, filename_id) VALUES (2408,"station_4", 2404);
INSERT INTO symbols(id, name, filename_id) VALUES (2409,"sector_9", 2352);
INSERT INTO symbols(id, name, filename_id) VALUES (2410,"station_1", 2409);
INSERT INTO symbols(id, name, filename_id) VALUES (2411,"station_2", 2409);
INSERT INTO symbols(id, name, filename_id) VALUES (2412,"station_3", 2409);
INSERT INTO symbols(id, name, filename_id) VALUES (2413,"station_4", 2409);
INSERT INTO symbols(id, name, filename_id) VALUES (2414,"Wheel_1", 2227);
INSERT INTO symbols(id, name, filename_id) VALUES (2415,"SummaryBySectors", 2414);
INSERT INTO symbols(id, name, filename_id) VALUES (2416,"sector_1", 2414);
INSERT INTO symbols(id, name, filename_id) VALUES (2417,"station_1", 2416);
INSERT INTO symbols(id, name, filename_id) VALUES (2418,"station_2", 2416);
INSERT INTO symbols(id, name, filename_id) VALUES (2419,"station_3", 2416);
INSERT INTO symbols(id, name, filename_id) VALUES (2420,"station_4", 2416);
INSERT INTO symbols(id, name, filename_id) VALUES (2421,"sector_10", 2414);
INSERT INTO symbols(id, name, filename_id) VALUES (2422,"station_1", 2421);
INSERT INTO symbols(id, name, filename_id) VALUES (2423,"station_2", 2421);
INSERT INTO symbols(id, name, filename_id) VALUES (2424,"station_3", 2421);
INSERT INTO symbols(id, name, filename_id) VALUES (2425,"station_4", 2421);
INSERT INTO symbols(id, name, filename_id) VALUES (2426,"sector_11", 2414);
INSERT INTO symbols(id, name, filename_id) VALUES (2427,"station_1", 2426);
INSERT INTO symbols(id, name, filename_id) VALUES (2428,"station_2", 2426);
INSERT INTO symbols(id, name, filename_id) VALUES (2429,"station_3", 2426);
INSERT INTO symbols(id, name, filename_id) VALUES (2430,"station_4", 2426);
INSERT INTO symbols(id, name, filename_id) VALUES (2431,"sector_12", 2414);
INSERT INTO symbols(id, name, filename_id) VALUES (2432,"station_1", 2431);
INSERT INTO symbols(id, name, filename_id) VALUES (2433,"station_2", 2431);
INSERT INTO symbols(id, name, filename_id) VALUES (2434,"station_3", 2431);
INSERT INTO symbols(id, name, filename_id) VALUES (2435,"station_4", 2431);
INSERT INTO symbols(id, name, filename_id) VALUES (2436,"sector_2", 2414);
INSERT INTO symbols(id, name, filename_id) VALUES (2437,"station_1", 2436);
INSERT INTO symbols(id, name, filename_id) VALUES (2438,"station_2", 2436);
INSERT INTO symbols(id, name, filename_id) VALUES (2439,"station_3", 2436);
INSERT INTO symbols(id, name, filename_id) VALUES (2440,"station_4", 2436);
INSERT INTO symbols(id, name, filename_id) VALUES (2441,"sector_3", 2414);
INSERT INTO symbols(id, name, filename_id) VALUES (2442,"station_1", 2441);
INSERT INTO symbols(id, name, filename_id) VALUES (2443,"station_2", 2441);
INSERT INTO symbols(id, name, filename_id) VALUES (2444,"station_3", 2441);
INSERT INTO symbols(id, name, filename_id) VALUES (2445,"station_4", 2441);
INSERT INTO symbols(id, name, filename_id) VALUES (2446,"sector_4", 2414);
INSERT INTO symbols(id, name, filename_id) VALUES (2447,"station_1", 2446);
INSERT INTO symbols(id, name, filename_id) VALUES (2448,"station_2", 2446);
INSERT INTO symbols(id, name, filename_id) VALUES (2449,"station_3", 2446);
INSERT INTO symbols(id, name, filename_id) VALUES (2450,"station_4", 2446);
INSERT INTO symbols(id, name, filename_id) VALUES (2451,"sector_5", 2414);
INSERT INTO symbols(id, name, filename_id) VALUES (2452,"station_1", 2451);
INSERT INTO symbols(id, name, filename_id) VALUES (2453,"station_2", 2451);
INSERT INTO symbols(id, name, filename_id) VALUES (2454,"station_3", 2451);
INSERT INTO symbols(id, name, filename_id) VALUES (2455,"station_4", 2451);
INSERT INTO symbols(id, name, filename_id) VALUES (2456,"sector_6", 2414);
INSERT INTO symbols(id, name, filename_id) VALUES (2457,"station_1", 2456);
INSERT INTO symbols(id, name, filename_id) VALUES (2458,"station_2", 2456);
INSERT INTO symbols(id, name, filename_id) VALUES (2459,"station_3", 2456);
INSERT INTO symbols(id, name, filename_id) VALUES (2460,"station_4", 2456);
INSERT INTO symbols(id, name, filename_id) VALUES (2461,"sector_7", 2414);
INSERT INTO symbols(id, name, filename_id) VALUES (2462,"station_1", 2461);
INSERT INTO symbols(id, name, filename_id) VALUES (2463,"station_2", 2461);
INSERT INTO symbols(id, name, filename_id) VALUES (2464,"station_3", 2461);
INSERT INTO symbols(id, name, filename_id) VALUES (2465,"station_4", 2461);
INSERT INTO symbols(id, name, filename_id) VALUES (2466,"sector_8", 2414);
INSERT INTO symbols(id, name, filename_id) VALUES (2467,"station_1", 2466);
INSERT INTO symbols(id, name, filename_id) VALUES (2468,"station_2", 2466);
INSERT INTO symbols(id, name, filename_id) VALUES (2469,"station_3", 2466);
INSERT INTO symbols(id, name, filename_id) VALUES (2470,"station_4", 2466);
INSERT INTO symbols(id, name, filename_id) VALUES (2471,"sector_9", 2414);
INSERT INTO symbols(id, name, filename_id) VALUES (2472,"station_1", 2471);
INSERT INTO symbols(id, name, filename_id) VALUES (2473,"station_2", 2471);
INSERT INTO symbols(id, name, filename_id) VALUES (2474,"station_3", 2471);
INSERT INTO symbols(id, name, filename_id) VALUES (2475,"station_4", 2471);
INSERT INTO symbols(id, name, filename_id) VALUES (2476,"Wheel_2", 2227);
INSERT INTO symbols(id, name, filename_id) VALUES (2477,"SummaryBySectors", 2476);
INSERT INTO symbols(id, name, filename_id) VALUES (2478,"sector_1", 2476);
INSERT INTO symbols(id, name, filename_id) VALUES (2479,"station_1", 2478);
INSERT INTO symbols(id, name, filename_id) VALUES (2480,"station_2", 2478);
INSERT INTO symbols(id, name, filename_id) VALUES (2481,"station_3", 2478);
INSERT INTO symbols(id, name, filename_id) VALUES (2482,"station_4", 2478);
INSERT INTO symbols(id, name, filename_id) VALUES (2483,"sector_10", 2476);
INSERT INTO symbols(id, name, filename_id) VALUES (2484,"station_1", 2483);
INSERT INTO symbols(id, name, filename_id) VALUES (2485,"station_2", 2483);
INSERT INTO symbols(id, name, filename_id) VALUES (2486,"station_3", 2483);
INSERT INTO symbols(id, name, filename_id) VALUES (2487,"station_4", 2483);
INSERT INTO symbols(id, name, filename_id) VALUES (2488,"sector_11", 2476);
INSERT INTO symbols(id, name, filename_id) VALUES (2489,"station_1", 2488);
INSERT INTO symbols(id, name, filename_id) VALUES (2490,"station_2", 2488);
INSERT INTO symbols(id, name, filename_id) VALUES (2491,"station_3", 2488);
INSERT INTO symbols(id, name, filename_id) VALUES (2492,"station_4", 2488);
INSERT INTO symbols(id, name, filename_id) VALUES (2493,"sector_12", 2476);
INSERT INTO symbols(id, name, filename_id) VALUES (2494,"station_1", 2493);
INSERT INTO symbols(id, name, filename_id) VALUES (2495,"station_2", 2493);
INSERT INTO symbols(id, name, filename_id) VALUES (2496,"station_3", 2493);
INSERT INTO symbols(id, name, filename_id) VALUES (2497,"station_4", 2493);
INSERT INTO symbols(id, name, filename_id) VALUES (2498,"sector_2", 2476);
INSERT INTO symbols(id, name, filename_id) VALUES (2499,"station_1", 2498);
INSERT INTO symbols(id, name, filename_id) VALUES (2500,"station_2", 2498);
INSERT INTO symbols(id, name, filename_id) VALUES (2501,"station_3", 2498);
INSERT INTO symbols(id, name, filename_id) VALUES (2502,"station_4", 2498);
INSERT INTO symbols(id, name, filename_id) VALUES (2503,"sector_3", 2476);
INSERT INTO symbols(id, name, filename_id) VALUES (2504,"station_1", 2503);
INSERT INTO symbols(id, name, filename_id) VALUES (2505,"station_2", 2503);
INSERT INTO symbols(id, name, filename_id) VALUES (2506,"station_3", 2503);
INSERT INTO symbols(id, name, filename_id) VALUES (2507,"station_4", 2503);
INSERT INTO symbols(id, name, filename_id) VALUES (2508,"sector_4", 2476);
INSERT INTO symbols(id, name, filename_id) VALUES (2509,"station_1", 2508);
INSERT INTO symbols(id, name, filename_id) VALUES (2510,"station_2", 2508);
INSERT INTO symbols(id, name, filename_id) VALUES (2511,"station_3", 2508);
INSERT INTO symbols(id, name, filename_id) VALUES (2512,"station_4", 2508);
INSERT INTO symbols(id, name, filename_id) VALUES (2513,"sector_5", 2476);
INSERT INTO symbols(id, name, filename_id) VALUES (2514,"station_1", 2513);
INSERT INTO symbols(id, name, filename_id) VALUES (2515,"station_2", 2513);
INSERT INTO symbols(id, name, filename_id) VALUES (2516,"station_3", 2513);
INSERT INTO symbols(id, name, filename_id) VALUES (2517,"station_4", 2513);
INSERT INTO symbols(id, name, filename_id) VALUES (2518,"sector_6", 2476);
INSERT INTO symbols(id, name, filename_id) VALUES (2519,"station_1", 2518);
INSERT INTO symbols(id, name, filename_id) VALUES (2520,"station_2", 2518);
INSERT INTO symbols(id, name, filename_id) VALUES (2521,"station_3", 2518);
INSERT INTO symbols(id, name, filename_id) VALUES (2522,"station_4", 2518);
INSERT INTO symbols(id, name, filename_id) VALUES (2523,"sector_7", 2476);
INSERT INTO symbols(id, name, filename_id) VALUES (2524,"station_1", 2523);
INSERT INTO symbols(id, name, filename_id) VALUES (2525,"station_2", 2523);
INSERT INTO symbols(id, name, filename_id) VALUES (2526,"station_3", 2523);
INSERT INTO symbols(id, name, filename_id) VALUES (2527,"station_4", 2523);
INSERT INTO symbols(id, name, filename_id) VALUES (2528,"sector_8", 2476);
INSERT INTO symbols(id, name, filename_id) VALUES (2529,"station_1", 2528);
INSERT INTO symbols(id, name, filename_id) VALUES (2530,"station_2", 2528);
INSERT INTO symbols(id, name, filename_id) VALUES (2531,"station_3", 2528);
INSERT INTO symbols(id, name, filename_id) VALUES (2532,"station_4", 2528);
INSERT INTO symbols(id, name, filename_id) VALUES (2533,"sector_9", 2476);
INSERT INTO symbols(id, name, filename_id) VALUES (2534,"station_1", 2533);
INSERT INTO symbols(id, name, filename_id) VALUES (2535,"station_2", 2533);
INSERT INTO symbols(id, name, filename_id) VALUES (2536,"station_3", 2533);
INSERT INTO symbols(id, name, filename_id) VALUES (2537,"station_4", 2533);
INSERT INTO symbols(id, name, filename_id) VALUES (2538,"Endcap+", 2226);
INSERT INTO symbols(id, name, filename_id) VALUES (2539,"Disk_1", 2538);
INSERT INTO symbols(id, name, filename_id) VALUES (2540,"SummaryByRings", 2539);
INSERT INTO symbols(id, name, filename_id) VALUES (2541,"ring_2", 2539);
INSERT INTO symbols(id, name, filename_id) VALUES (2542,"sector_1", 2541);
INSERT INTO symbols(id, name, filename_id) VALUES (2543,"sector_2", 2541);
INSERT INTO symbols(id, name, filename_id) VALUES (2544,"sector_3", 2541);
INSERT INTO symbols(id, name, filename_id) VALUES (2545,"sector_4", 2541);
INSERT INTO symbols(id, name, filename_id) VALUES (2546,"sector_5", 2541);
INSERT INTO symbols(id, name, filename_id) VALUES (2547,"sector_6", 2541);
INSERT INTO symbols(id, name, filename_id) VALUES (2548,"ring_3", 2539);
INSERT INTO symbols(id, name, filename_id) VALUES (2549,"sector_1", 2548);
INSERT INTO symbols(id, name, filename_id) VALUES (2550,"sector_2", 2548);
INSERT INTO symbols(id, name, filename_id) VALUES (2551,"sector_3", 2548);
INSERT INTO symbols(id, name, filename_id) VALUES (2552,"sector_4", 2548);
INSERT INTO symbols(id, name, filename_id) VALUES (2553,"sector_5", 2548);
INSERT INTO symbols(id, name, filename_id) VALUES (2554,"sector_6", 2548);
INSERT INTO symbols(id, name, filename_id) VALUES (2555,"Disk_2", 2538);
INSERT INTO symbols(id, name, filename_id) VALUES (2556,"SummaryByRings", 2555);
INSERT INTO symbols(id, name, filename_id) VALUES (2557,"ring_2", 2555);
INSERT INTO symbols(id, name, filename_id) VALUES (2558,"sector_1", 2557);
INSERT INTO symbols(id, name, filename_id) VALUES (2559,"sector_2", 2557);
INSERT INTO symbols(id, name, filename_id) VALUES (2560,"sector_3", 2557);
INSERT INTO symbols(id, name, filename_id) VALUES (2561,"sector_4", 2557);
INSERT INTO symbols(id, name, filename_id) VALUES (2562,"sector_5", 2557);
INSERT INTO symbols(id, name, filename_id) VALUES (2563,"sector_6", 2557);
INSERT INTO symbols(id, name, filename_id) VALUES (2564,"ring_3", 2555);
INSERT INTO symbols(id, name, filename_id) VALUES (2565,"sector_1", 2564);
INSERT INTO symbols(id, name, filename_id) VALUES (2566,"sector_2", 2564);
INSERT INTO symbols(id, name, filename_id) VALUES (2567,"sector_3", 2564);
INSERT INTO symbols(id, name, filename_id) VALUES (2568,"sector_4", 2564);
INSERT INTO symbols(id, name, filename_id) VALUES (2569,"sector_5", 2564);
INSERT INTO symbols(id, name, filename_id) VALUES (2570,"sector_6", 2564);
INSERT INTO symbols(id, name, filename_id) VALUES (2571,"Disk_3", 2538);
INSERT INTO symbols(id, name, filename_id) VALUES (2572,"SummaryByRings", 2571);
INSERT INTO symbols(id, name, filename_id) VALUES (2573,"ring_2", 2571);
INSERT INTO symbols(id, name, filename_id) VALUES (2574,"sector_1", 2573);
INSERT INTO symbols(id, name, filename_id) VALUES (2575,"sector_2", 2573);
INSERT INTO symbols(id, name, filename_id) VALUES (2576,"sector_3", 2573);
INSERT INTO symbols(id, name, filename_id) VALUES (2577,"sector_4", 2573);
INSERT INTO symbols(id, name, filename_id) VALUES (2578,"sector_5", 2573);
INSERT INTO symbols(id, name, filename_id) VALUES (2579,"sector_6", 2573);
INSERT INTO symbols(id, name, filename_id) VALUES (2580,"ring_3", 2571);
INSERT INTO symbols(id, name, filename_id) VALUES (2581,"sector_1", 2580);
INSERT INTO symbols(id, name, filename_id) VALUES (2582,"sector_2", 2580);
INSERT INTO symbols(id, name, filename_id) VALUES (2583,"sector_3", 2580);
INSERT INTO symbols(id, name, filename_id) VALUES (2584,"sector_4", 2580);
INSERT INTO symbols(id, name, filename_id) VALUES (2585,"sector_5", 2580);
INSERT INTO symbols(id, name, filename_id) VALUES (2586,"sector_6", 2580);
INSERT INTO symbols(id, name, filename_id) VALUES (2587,"Endcap-", 2226);
INSERT INTO symbols(id, name, filename_id) VALUES (2588,"Disk_-1", 2587);
INSERT INTO symbols(id, name, filename_id) VALUES (2589,"SummaryByRings", 2588);
INSERT INTO symbols(id, name, filename_id) VALUES (2590,"ring_2", 2588);
INSERT INTO symbols(id, name, filename_id) VALUES (2591,"sector_1", 2590);
INSERT INTO symbols(id, name, filename_id) VALUES (2592,"sector_2", 2590);
INSERT INTO symbols(id, name, filename_id) VALUES (2593,"sector_3", 2590);
INSERT INTO symbols(id, name, filename_id) VALUES (2594,"sector_4", 2590);
INSERT INTO symbols(id, name, filename_id) VALUES (2595,"sector_5", 2590);
INSERT INTO symbols(id, name, filename_id) VALUES (2596,"sector_6", 2590);
INSERT INTO symbols(id, name, filename_id) VALUES (2597,"ring_3", 2588);
INSERT INTO symbols(id, name, filename_id) VALUES (2598,"sector_1", 2597);
INSERT INTO symbols(id, name, filename_id) VALUES (2599,"sector_2", 2597);
INSERT INTO symbols(id, name, filename_id) VALUES (2600,"sector_3", 2597);
INSERT INTO symbols(id, name, filename_id) VALUES (2601,"sector_4", 2597);
INSERT INTO symbols(id, name, filename_id) VALUES (2602,"sector_5", 2597);
INSERT INTO symbols(id, name, filename_id) VALUES (2603,"sector_6", 2597);
INSERT INTO symbols(id, name, filename_id) VALUES (2604,"Disk_-2", 2587);
INSERT INTO symbols(id, name, filename_id) VALUES (2605,"SummaryByRings", 2604);
INSERT INTO symbols(id, name, filename_id) VALUES (2606,"ring_2", 2604);
INSERT INTO symbols(id, name, filename_id) VALUES (2607,"sector_1", 2606);
INSERT INTO symbols(id, name, filename_id) VALUES (2608,"sector_2", 2606);
INSERT INTO symbols(id, name, filename_id) VALUES (2609,"sector_3", 2606);
INSERT INTO symbols(id, name, filename_id) VALUES (2610,"sector_4", 2606);
INSERT INTO symbols(id, name, filename_id) VALUES (2611,"sector_5", 2606);
INSERT INTO symbols(id, name, filename_id) VALUES (2612,"sector_6", 2606);
INSERT INTO symbols(id, name, filename_id) VALUES (2613,"ring_3", 2604);
INSERT INTO symbols(id, name, filename_id) VALUES (2614,"sector_1", 2613);
INSERT INTO symbols(id, name, filename_id) VALUES (2615,"sector_2", 2613);
INSERT INTO symbols(id, name, filename_id) VALUES (2616,"sector_3", 2613);
INSERT INTO symbols(id, name, filename_id) VALUES (2617,"sector_4", 2613);
INSERT INTO symbols(id, name, filename_id) VALUES (2618,"sector_5", 2613);
INSERT INTO symbols(id, name, filename_id) VALUES (2619,"sector_6", 2613);
INSERT INTO symbols(id, name, filename_id) VALUES (2620,"Disk_-3", 2587);
INSERT INTO symbols(id, name, filename_id) VALUES (2621,"SummaryByRings", 2620);
INSERT INTO symbols(id, name, filename_id) VALUES (2622,"ring_2", 2620);
INSERT INTO symbols(id, name, filename_id) VALUES (2623,"sector_1", 2622);
INSERT INTO symbols(id, name, filename_id) VALUES (2624,"sector_2", 2622);
INSERT INTO symbols(id, name, filename_id) VALUES (2625,"sector_3", 2622);
INSERT INTO symbols(id, name, filename_id) VALUES (2626,"sector_4", 2622);
INSERT INTO symbols(id, name, filename_id) VALUES (2627,"sector_5", 2622);
INSERT INTO symbols(id, name, filename_id) VALUES (2628,"sector_6", 2622);
INSERT INTO symbols(id, name, filename_id) VALUES (2629,"ring_3", 2620);
INSERT INTO symbols(id, name, filename_id) VALUES (2630,"sector_1", 2629);
INSERT INTO symbols(id, name, filename_id) VALUES (2631,"sector_2", 2629);
INSERT INTO symbols(id, name, filename_id) VALUES (2632,"sector_3", 2629);
INSERT INTO symbols(id, name, filename_id) VALUES (2633,"sector_4", 2629);
INSERT INTO symbols(id, name, filename_id) VALUES (2634,"sector_5", 2629);
INSERT INTO symbols(id, name, filename_id) VALUES (2635,"sector_6", 2629);
INSERT INTO symbols(id, name, filename_id) VALUES (2636,"SummaryHistograms", 2226);
INSERT INTO symbols(id, name, filename_id) VALUES (2637,"RecHits", 2636);
INSERT INTO symbols(id, name, filename_id) VALUES (2638,"RPCEfficiency", 1807);
INSERT INTO symbols(id, name, filename_id) VALUES (2639,"Azimutal", 2638);
INSERT INTO symbols(id, name, filename_id) VALUES (2640,"BarrelPerLayer", 2638);
INSERT INTO symbols(id, name, filename_id) VALUES (2641,"Disk_-1", 2638);
INSERT INTO symbols(id, name, filename_id) VALUES (2642,"Disk_-2", 2638);
INSERT INTO symbols(id, name, filename_id) VALUES (2643,"Disk_-3", 2638);
INSERT INTO symbols(id, name, filename_id) VALUES (2644,"Disk_-4", 2638);
INSERT INTO symbols(id, name, filename_id) VALUES (2645,"Disk_1", 2638);
INSERT INTO symbols(id, name, filename_id) VALUES (2646,"Disk_2", 2638);
INSERT INTO symbols(id, name, filename_id) VALUES (2647,"Disk_3", 2638);
INSERT INTO symbols(id, name, filename_id) VALUES (2648,"Disk_4", 2638);
INSERT INTO symbols(id, name, filename_id) VALUES (2649,"MuonSegEff", 2638);
INSERT INTO symbols(id, name, filename_id) VALUES (2650,"Residuals", 2649);
INSERT INTO symbols(id, name, filename_id) VALUES (2651,"Barrel", 2650);
INSERT INTO symbols(id, name, filename_id) VALUES (2652,"EndCap", 2650);
INSERT INTO symbols(id, name, filename_id) VALUES (2653,"Wheel_-1", 2638);
INSERT INTO symbols(id, name, filename_id) VALUES (2654,"Wheel_-2", 2638);
INSERT INTO symbols(id, name, filename_id) VALUES (2655,"Wheel_0", 2638);
INSERT INTO symbols(id, name, filename_id) VALUES (2656,"Wheel_1", 2638);
INSERT INTO symbols(id, name, filename_id) VALUES (2657,"Wheel_2", 2638);
INSERT INTO symbols(id, name, filename_id) VALUES (2658,"RecoTauV", 10);
INSERT INTO symbols(id, name, filename_id) VALUES (2659,"EventInfo", 2658);
INSERT INTO symbols(id, name, filename_id) VALUES (2660,"hpsPFTauProducerRealData_Matched", 2658);
INSERT INTO symbols(id, name, filename_id) VALUES (2661,"hpsPFTauProducerRealData_ReferenceCollection", 2658);
INSERT INTO symbols(id, name, filename_id) VALUES (2662,"hpsPFTauProducerRealData_hpsPFTauDiscriminationByDecayModeFinding", 2658);
INSERT INTO symbols(id, name, filename_id) VALUES (2663,"hpsPFTauProducerRealData_hpsPFTauDiscriminationByDecayModeFindingNewDMs", 2658);
INSERT INTO symbols(id, name, filename_id) VALUES (2664,"hpsPFTauProducerRealData_hpsPFTauDiscriminationByDecayModeFindingOldDMs", 2658);
INSERT INTO symbols(id, name, filename_id) VALUES (2665,"hpsPFTauProducerRealData_hpsPFTauDiscriminationByLooseChargedIsolation", 2658);
INSERT INTO symbols(id, name, filename_id) VALUES (2666,"hpsPFTauProducerRealData_hpsPFTauDiscriminationByLooseCombinedIsolationDBSumPtCorr", 2658);
INSERT INTO symbols(id, name, filename_id) VALUES (2667,"hpsPFTauProducerRealData_hpsPFTauDiscriminationByLooseCombinedIsolationDBSumPtCorr3Hits", 2658);
INSERT INTO symbols(id, name, filename_id) VALUES (2668,"hpsPFTauProducerRealData_hpsPFTauDiscriminationByLooseElectronRejection", 2658);
INSERT INTO symbols(id, name, filename_id) VALUES (2669,"hpsPFTauProducerRealData_hpsPFTauDiscriminationByLooseIsolation", 2658);
INSERT INTO symbols(id, name, filename_id) VALUES (2670,"hpsPFTauProducerRealData_hpsPFTauDiscriminationByLooseIsolationMVA3newDMwLT", 2658);
INSERT INTO symbols(id, name, filename_id) VALUES (2671,"hpsPFTauProducerRealData_hpsPFTauDiscriminationByLooseIsolationMVA3newDMwoLT", 2658);
INSERT INTO symbols(id, name, filename_id) VALUES (2672,"hpsPFTauProducerRealData_hpsPFTauDiscriminationByLooseIsolationMVA3oldDMwLT", 2658);
INSERT INTO symbols(id, name, filename_id) VALUES (2673,"hpsPFTauProducerRealData_hpsPFTauDiscriminationByLooseIsolationMVA3oldDMwoLT", 2658);
INSERT INTO symbols(id, name, filename_id) VALUES (2674,"hpsPFTauProducerRealData_hpsPFTauDiscriminationByLooseMuonRejection", 2658);
INSERT INTO symbols(id, name, filename_id) VALUES (2675,"hpsPFTauProducerRealData_hpsPFTauDiscriminationByLooseMuonRejection2", 2658);
INSERT INTO symbols(id, name, filename_id) VALUES (2676,"hpsPFTauProducerRealData_hpsPFTauDiscriminationByLooseMuonRejection3", 2658);
INSERT INTO symbols(id, name, filename_id) VALUES (2677,"hpsPFTauProducerRealData_hpsPFTauDiscriminationByMVA5LooseElectronRejection", 2658);
INSERT INTO symbols(id, name, filename_id) VALUES (2678,"hpsPFTauProducerRealData_hpsPFTauDiscriminationByMVA5MediumElectronRejection", 2658);
INSERT INTO symbols(id, name, filename_id) VALUES (2679,"hpsPFTauProducerRealData_hpsPFTauDiscriminationByMVA5TightElectronRejection", 2658);
INSERT INTO symbols(id, name, filename_id) VALUES (2680,"hpsPFTauProducerRealData_hpsPFTauDiscriminationByMVA5VLooseElectronRejection", 2658);
INSERT INTO symbols(id, name, filename_id) VALUES (2681,"hpsPFTauProducerRealData_hpsPFTauDiscriminationByMVA5VTightElectronRejection", 2658);
INSERT INTO symbols(id, name, filename_id) VALUES (2682,"hpsPFTauProducerRealData_hpsPFTauDiscriminationByMVALooseMuonRejection", 2658);
INSERT INTO symbols(id, name, filename_id) VALUES (2683,"hpsPFTauProducerRealData_hpsPFTauDiscriminationByMVAMediumMuonRejection", 2658);
INSERT INTO symbols(id, name, filename_id) VALUES (2684,"hpsPFTauProducerRealData_hpsPFTauDiscriminationByMVATightMuonRejection", 2658);
INSERT INTO symbols(id, name, filename_id) VALUES (2685,"hpsPFTauProducerRealData_hpsPFTauDiscriminationByMediumCombinedIsolationDBSumPtCorr", 2658);
INSERT INTO symbols(id, name, filename_id) VALUES (2686,"hpsPFTauProducerRealData_hpsPFTauDiscriminationByMediumCombinedIsolationDBSumPtCorr3Hits", 2658);
INSERT INTO symbols(id, name, filename_id) VALUES (2687,"hpsPFTauProducerRealData_hpsPFTauDiscriminationByMediumElectronRejection", 2658);
INSERT INTO symbols(id, name, filename_id) VALUES (2688,"hpsPFTauProducerRealData_hpsPFTauDiscriminationByMediumIsolationMVA3newDMwLT", 2658);
INSERT INTO symbols(id, name, filename_id) VALUES (2689,"hpsPFTauProducerRealData_hpsPFTauDiscriminationByMediumIsolationMVA3newDMwoLT", 2658);
INSERT INTO symbols(id, name, filename_id) VALUES (2690,"hpsPFTauProducerRealData_hpsPFTauDiscriminationByMediumIsolationMVA3oldDMwLT", 2658);
INSERT INTO symbols(id, name, filename_id) VALUES (2691,"hpsPFTauProducerRealData_hpsPFTauDiscriminationByMediumIsolationMVA3oldDMwoLT", 2658);
INSERT INTO symbols(id, name, filename_id) VALUES (2692,"hpsPFTauProducerRealData_hpsPFTauDiscriminationByMediumMuonRejection", 2658);
INSERT INTO symbols(id, name, filename_id) VALUES (2693,"hpsPFTauProducerRealData_hpsPFTauDiscriminationByMediumMuonRejection2", 2658);
INSERT INTO symbols(id, name, filename_id) VALUES (2694,"hpsPFTauProducerRealData_hpsPFTauDiscriminationByTightChargedIsolation", 2658);
INSERT INTO symbols(id, name, filename_id) VALUES (2695,"hpsPFTauProducerRealData_hpsPFTauDiscriminationByTightCombinedIsolationDBSumPtCorr", 2658);
INSERT INTO symbols(id, name, filename_id) VALUES (2696,"hpsPFTauProducerRealData_hpsPFTauDiscriminationByTightCombinedIsolationDBSumPtCorr3Hits", 2658);
INSERT INTO symbols(id, name, filename_id) VALUES (2697,"hpsPFTauProducerRealData_hpsPFTauDiscriminationByTightElectronRejection", 2658);
INSERT INTO symbols(id, name, filename_id) VALUES (2698,"hpsPFTauProducerRealData_hpsPFTauDiscriminationByTightIsolationMVA3newDMwLT", 2658);
INSERT INTO symbols(id, name, filename_id) VALUES (2699,"hpsPFTauProducerRealData_hpsPFTauDiscriminationByTightIsolationMVA3newDMwoLT", 2658);
INSERT INTO symbols(id, name, filename_id) VALUES (2700,"hpsPFTauProducerRealData_hpsPFTauDiscriminationByTightIsolationMVA3oldDMwLT", 2658);
INSERT INTO symbols(id, name, filename_id) VALUES (2701,"hpsPFTauProducerRealData_hpsPFTauDiscriminationByTightIsolationMVA3oldDMwoLT", 2658);
INSERT INTO symbols(id, name, filename_id) VALUES (2702,"hpsPFTauProducerRealData_hpsPFTauDiscriminationByTightMuonRejection", 2658);
INSERT INTO symbols(id, name, filename_id) VALUES (2703,"hpsPFTauProducerRealData_hpsPFTauDiscriminationByTightMuonRejection2", 2658);
INSERT INTO symbols(id, name, filename_id) VALUES (2704,"hpsPFTauProducerRealData_hpsPFTauDiscriminationByTightMuonRejection3", 2658);
INSERT INTO symbols(id, name, filename_id) VALUES (2705,"hpsPFTauProducerRealData_hpsPFTauDiscriminationByVLooseChargedIsolation", 2658);
INSERT INTO symbols(id, name, filename_id) VALUES (2706,"hpsPFTauProducerRealData_hpsPFTauDiscriminationByVLooseCombinedIsolationDBSumPtCorr", 2658);
INSERT INTO symbols(id, name, filename_id) VALUES (2707,"hpsPFTauProducerRealData_hpsPFTauDiscriminationByVLooseIsolationMVA3newDMwLT", 2658);
INSERT INTO symbols(id, name, filename_id) VALUES (2708,"hpsPFTauProducerRealData_hpsPFTauDiscriminationByVLooseIsolationMVA3newDMwoLT", 2658);
INSERT INTO symbols(id, name, filename_id) VALUES (2709,"hpsPFTauProducerRealData_hpsPFTauDiscriminationByVLooseIsolationMVA3oldDMwLT", 2658);
INSERT INTO symbols(id, name, filename_id) VALUES (2710,"hpsPFTauProducerRealData_hpsPFTauDiscriminationByVLooseIsolationMVA3oldDMwoLT", 2658);
INSERT INTO symbols(id, name, filename_id) VALUES (2711,"hpsPFTauProducerRealData_hpsPFTauDiscriminationByVTightIsolationMVA3newDMwLT", 2658);
INSERT INTO symbols(id, name, filename_id) VALUES (2712,"hpsPFTauProducerRealData_hpsPFTauDiscriminationByVTightIsolationMVA3newDMwoLT", 2658);
INSERT INTO symbols(id, name, filename_id) VALUES (2713,"hpsPFTauProducerRealData_hpsPFTauDiscriminationByVTightIsolationMVA3oldDMwLT", 2658);
INSERT INTO symbols(id, name, filename_id) VALUES (2714,"hpsPFTauProducerRealData_hpsPFTauDiscriminationByVTightIsolationMVA3oldDMwoLT", 2658);
INSERT INTO symbols(id, name, filename_id) VALUES (2715,"hpsPFTauProducerRealData_hpsPFTauDiscriminationByVVTightIsolationMVA3newDMwLT", 2658);
INSERT INTO symbols(id, name, filename_id) VALUES (2716,"hpsPFTauProducerRealData_hpsPFTauDiscriminationByVVTightIsolationMVA3newDMwoLT", 2658);
INSERT INTO symbols(id, name, filename_id) VALUES (2717,"hpsPFTauProducerRealData_hpsPFTauDiscriminationByVVTightIsolationMVA3oldDMwLT", 2658);
INSERT INTO symbols(id, name, filename_id) VALUES (2718,"hpsPFTauProducerRealData_hpsPFTauDiscriminationByVVTightIsolationMVA3oldDMwoLT", 2658);
INSERT INTO symbols(id, name, filename_id) VALUES (2719,"hpsPFTauProducerRealElectronsData_Matched", 2658);
INSERT INTO symbols(id, name, filename_id) VALUES (2720,"hpsPFTauProducerRealElectronsData_ReferenceCollection", 2658);
INSERT INTO symbols(id, name, filename_id) VALUES (2721,"hpsPFTauProducerRealElectronsData_hpsPFTauDiscriminationByDecayModeFinding", 2658);
INSERT INTO symbols(id, name, filename_id) VALUES (2722,"hpsPFTauProducerRealElectronsData_hpsPFTauDiscriminationByDecayModeFindingNewDMs", 2658);
INSERT INTO symbols(id, name, filename_id) VALUES (2723,"hpsPFTauProducerRealElectronsData_hpsPFTauDiscriminationByDecayModeFindingOldDMs", 2658);
INSERT INTO symbols(id, name, filename_id) VALUES (2724,"hpsPFTauProducerRealElectronsData_hpsPFTauDiscriminationByLooseChargedIsolation", 2658);
INSERT INTO symbols(id, name, filename_id) VALUES (2725,"hpsPFTauProducerRealElectronsData_hpsPFTauDiscriminationByLooseCombinedIsolationDBSumPtCorr", 2658);
INSERT INTO symbols(id, name, filename_id) VALUES (2726,"hpsPFTauProducerRealElectronsData_hpsPFTauDiscriminationByLooseCombinedIsolationDBSumPtCorr3Hits", 2658);
INSERT INTO symbols(id, name, filename_id) VALUES (2727,"hpsPFTauProducerRealElectronsData_hpsPFTauDiscriminationByLooseElectronRejection", 2658);
INSERT INTO symbols(id, name, filename_id) VALUES (2728,"hpsPFTauProducerRealElectronsData_hpsPFTauDiscriminationByLooseIsolation", 2658);
INSERT INTO symbols(id, name, filename_id) VALUES (2729,"hpsPFTauProducerRealElectronsData_hpsPFTauDiscriminationByLooseIsolationMVA3newDMwLT", 2658);
INSERT INTO symbols(id, name, filename_id) VALUES (2730,"hpsPFTauProducerRealElectronsData_hpsPFTauDiscriminationByLooseIsolationMVA3newDMwoLT", 2658);
INSERT INTO symbols(id, name, filename_id) VALUES (2731,"hpsPFTauProducerRealElectronsData_hpsPFTauDiscriminationByLooseIsolationMVA3oldDMwLT", 2658);
INSERT INTO symbols(id, name, filename_id) VALUES (2732,"hpsPFTauProducerRealElectronsData_hpsPFTauDiscriminationByLooseIsolationMVA3oldDMwoLT", 2658);
INSERT INTO symbols(id, name, filename_id) VALUES (2733,"hpsPFTauProducerRealElectronsData_hpsPFTauDiscriminationByLooseMuonRejection", 2658);
INSERT INTO symbols(id, name, filename_id) VALUES (2734,"hpsPFTauProducerRealElectronsData_hpsPFTauDiscriminationByLooseMuonRejection2", 2658);
INSERT INTO symbols(id, name, filename_id) VALUES (2735,"hpsPFTauProducerRealElectronsData_hpsPFTauDiscriminationByLooseMuonRejection3", 2658);
INSERT INTO symbols(id, name, filename_id) VALUES (2736,"hpsPFTauProducerRealElectronsData_hpsPFTauDiscriminationByMVA5LooseElectronRejection", 2658);
INSERT INTO symbols(id, name, filename_id) VALUES (2737,"hpsPFTauProducerRealElectronsData_hpsPFTauDiscriminationByMVA5MediumElectronRejection", 2658);
INSERT INTO symbols(id, name, filename_id) VALUES (2738,"hpsPFTauProducerRealElectronsData_hpsPFTauDiscriminationByMVA5TightElectronRejection", 2658);
INSERT INTO symbols(id, name, filename_id) VALUES (2739,"hpsPFTauProducerRealElectronsData_hpsPFTauDiscriminationByMVA5VLooseElectronRejection", 2658);
INSERT INTO symbols(id, name, filename_id) VALUES (2740,"hpsPFTauProducerRealElectronsData_hpsPFTauDiscriminationByMVA5VTightElectronRejection", 2658);
INSERT INTO symbols(id, name, filename_id) VALUES (2741,"hpsPFTauProducerRealElectronsData_hpsPFTauDiscriminationByMVALooseMuonRejection", 2658);
INSERT INTO symbols(id, name, filename_id) VALUES (2742,"hpsPFTauProducerRealElectronsData_hpsPFTauDiscriminationByMVAMediumMuonRejection", 2658);
INSERT INTO symbols(id, name, filename_id) VALUES (2743,"hpsPFTauProducerRealElectronsData_hpsPFTauDiscriminationByMVATightMuonRejection", 2658);
INSERT INTO symbols(id, name, filename_id) VALUES (2744,"hpsPFTauProducerRealElectronsData_hpsPFTauDiscriminationByMediumCombinedIsolationDBSumPtCorr", 2658);
INSERT INTO symbols(id, name, filename_id) VALUES (2745,"hpsPFTauProducerRealElectronsData_hpsPFTauDiscriminationByMediumCombinedIsolationDBSumPtCorr3Hits", 2658);
INSERT INTO symbols(id, name, filename_id) VALUES (2746,"hpsPFTauProducerRealElectronsData_hpsPFTauDiscriminationByMediumElectronRejection", 2658);
INSERT INTO symbols(id, name, filename_id) VALUES (2747,"hpsPFTauProducerRealElectronsData_hpsPFTauDiscriminationByMediumIsolationMVA3newDMwLT", 2658);
INSERT INTO symbols(id, name, filename_id) VALUES (2748,"hpsPFTauProducerRealElectronsData_hpsPFTauDiscriminationByMediumIsolationMVA3newDMwoLT", 2658);
INSERT INTO symbols(id, name, filename_id) VALUES (2749,"hpsPFTauProducerRealElectronsData_hpsPFTauDiscriminationByMediumIsolationMVA3oldDMwLT", 2658);
INSERT INTO symbols(id, name, filename_id) VALUES (2750,"hpsPFTauProducerRealElectronsData_hpsPFTauDiscriminationByMediumIsolationMVA3oldDMwoLT", 2658);
INSERT INTO symbols(id, name, filename_id) VALUES (2751,"hpsPFTauProducerRealElectronsData_hpsPFTauDiscriminationByMediumMuonRejection", 2658);
INSERT INTO symbols(id, name, filename_id) VALUES (2752,"hpsPFTauProducerRealElectronsData_hpsPFTauDiscriminationByMediumMuonRejection2", 2658);
INSERT INTO symbols(id, name, filename_id) VALUES (2753,"hpsPFTauProducerRealElectronsData_hpsPFTauDiscriminationByTightChargedIsolation", 2658);
INSERT INTO symbols(id, name, filename_id) VALUES (2754,"hpsPFTauProducerRealElectronsData_hpsPFTauDiscriminationByTightCombinedIsolationDBSumPtCorr", 2658);
INSERT INTO symbols(id, name, filename_id) VALUES (2755,"hpsPFTauProducerRealElectronsData_hpsPFTauDiscriminationByTightCombinedIsolationDBSumPtCorr3Hits", 2658);
INSERT INTO symbols(id, name, filename_id) VALUES (2756,"hpsPFTauProducerRealElectronsData_hpsPFTauDiscriminationByTightElectronRejection", 2658);
INSERT INTO symbols(id, name, filename_id) VALUES (2757,"hpsPFTauProducerRealElectronsData_hpsPFTauDiscriminationByTightIsolationMVA3newDMwLT", 2658);
INSERT INTO symbols(id, name, filename_id) VALUES (2758,"hpsPFTauProducerRealElectronsData_hpsPFTauDiscriminationByTightIsolationMVA3newDMwoLT", 2658);
INSERT INTO symbols(id, name, filename_id) VALUES (2759,"hpsPFTauProducerRealElectronsData_hpsPFTauDiscriminationByTightIsolationMVA3oldDMwLT", 2658);
INSERT INTO symbols(id, name, filename_id) VALUES (2760,"hpsPFTauProducerRealElectronsData_hpsPFTauDiscriminationByTightIsolationMVA3oldDMwoLT", 2658);
INSERT INTO symbols(id, name, filename_id) VALUES (2761,"hpsPFTauProducerRealElectronsData_hpsPFTauDiscriminationByTightMuonRejection", 2658);
INSERT INTO symbols(id, name, filename_id) VALUES (2762,"hpsPFTauProducerRealElectronsData_hpsPFTauDiscriminationByTightMuonRejection2", 2658);
INSERT INTO symbols(id, name, filename_id) VALUES (2763,"hpsPFTauProducerRealElectronsData_hpsPFTauDiscriminationByTightMuonRejection3", 2658);
INSERT INTO symbols(id, name, filename_id) VALUES (2764,"hpsPFTauProducerRealElectronsData_hpsPFTauDiscriminationByVLooseChargedIsolation", 2658);
INSERT INTO symbols(id, name, filename_id) VALUES (2765,"hpsPFTauProducerRealElectronsData_hpsPFTauDiscriminationByVLooseCombinedIsolationDBSumPtCorr", 2658);
INSERT INTO symbols(id, name, filename_id) VALUES (2766,"hpsPFTauProducerRealElectronsData_hpsPFTauDiscriminationByVLooseIsolationMVA3newDMwLT", 2658);
INSERT INTO symbols(id, name, filename_id) VALUES (2767,"hpsPFTauProducerRealElectronsData_hpsPFTauDiscriminationByVLooseIsolationMVA3newDMwoLT", 2658);
INSERT INTO symbols(id, name, filename_id) VALUES (2768,"hpsPFTauProducerRealElectronsData_hpsPFTauDiscriminationByVLooseIsolationMVA3oldDMwLT", 2658);
INSERT INTO symbols(id, name, filename_id) VALUES (2769,"hpsPFTauProducerRealElectronsData_hpsPFTauDiscriminationByVLooseIsolationMVA3oldDMwoLT", 2658);
INSERT INTO symbols(id, name, filename_id) VALUES (2770,"hpsPFTauProducerRealElectronsData_hpsPFTauDiscriminationByVTightIsolationMVA3newDMwLT", 2658);
INSERT INTO symbols(id, name, filename_id) VALUES (2771,"hpsPFTauProducerRealElectronsData_hpsPFTauDiscriminationByVTightIsolationMVA3newDMwoLT", 2658);
INSERT INTO symbols(id, name, filename_id) VALUES (2772,"hpsPFTauProducerRealElectronsData_hpsPFTauDiscriminationByVTightIsolationMVA3oldDMwLT", 2658);
INSERT INTO symbols(id, name, filename_id) VALUES (2773,"hpsPFTauProducerRealElectronsData_hpsPFTauDiscriminationByVTightIsolationMVA3oldDMwoLT", 2658);
INSERT INTO symbols(id, name, filename_id) VALUES (2774,"hpsPFTauProducerRealElectronsData_hpsPFTauDiscriminationByVVTightIsolationMVA3newDMwLT", 2658);
INSERT INTO symbols(id, name, filename_id) VALUES (2775,"hpsPFTauProducerRealElectronsData_hpsPFTauDiscriminationByVVTightIsolationMVA3newDMwoLT", 2658);
INSERT INTO symbols(id, name, filename_id) VALUES (2776,"hpsPFTauProducerRealElectronsData_hpsPFTauDiscriminationByVVTightIsolationMVA3oldDMwLT", 2658);
INSERT INTO symbols(id, name, filename_id) VALUES (2777,"hpsPFTauProducerRealElectronsData_hpsPFTauDiscriminationByVVTightIsolationMVA3oldDMwoLT", 2658);
INSERT INTO symbols(id, name, filename_id) VALUES (2778,"hpsPFTauProducerRealMuonsData_Matched", 2658);
INSERT INTO symbols(id, name, filename_id) VALUES (2779,"hpsPFTauProducerRealMuonsData_ReferenceCollection", 2658);
INSERT INTO symbols(id, name, filename_id) VALUES (2780,"hpsPFTauProducerRealMuonsData_hpsPFTauDiscriminationByDecayModeFinding", 2658);
INSERT INTO symbols(id, name, filename_id) VALUES (2781,"hpsPFTauProducerRealMuonsData_hpsPFTauDiscriminationByDecayModeFindingNewDMs", 2658);
INSERT INTO symbols(id, name, filename_id) VALUES (2782,"hpsPFTauProducerRealMuonsData_hpsPFTauDiscriminationByDecayModeFindingOldDMs", 2658);
INSERT INTO symbols(id, name, filename_id) VALUES (2783,"hpsPFTauProducerRealMuonsData_hpsPFTauDiscriminationByLooseChargedIsolation", 2658);
INSERT INTO symbols(id, name, filename_id) VALUES (2784,"hpsPFTauProducerRealMuonsData_hpsPFTauDiscriminationByLooseCombinedIsolationDBSumPtCorr", 2658);
INSERT INTO symbols(id, name, filename_id) VALUES (2785,"hpsPFTauProducerRealMuonsData_hpsPFTauDiscriminationByLooseCombinedIsolationDBSumPtCorr3Hits", 2658);
INSERT INTO symbols(id, name, filename_id) VALUES (2786,"hpsPFTauProducerRealMuonsData_hpsPFTauDiscriminationByLooseElectronRejection", 2658);
INSERT INTO symbols(id, name, filename_id) VALUES (2787,"hpsPFTauProducerRealMuonsData_hpsPFTauDiscriminationByLooseIsolation", 2658);
INSERT INTO symbols(id, name, filename_id) VALUES (2788,"hpsPFTauProducerRealMuonsData_hpsPFTauDiscriminationByLooseIsolationMVA3newDMwLT", 2658);
INSERT INTO symbols(id, name, filename_id) VALUES (2789,"hpsPFTauProducerRealMuonsData_hpsPFTauDiscriminationByLooseIsolationMVA3newDMwoLT", 2658);
INSERT INTO symbols(id, name, filename_id) VALUES (2790,"hpsPFTauProducerRealMuonsData_hpsPFTauDiscriminationByLooseIsolationMVA3oldDMwLT", 2658);
INSERT INTO symbols(id, name, filename_id) VALUES (2791,"hpsPFTauProducerRealMuonsData_hpsPFTauDiscriminationByLooseIsolationMVA3oldDMwoLT", 2658);
INSERT INTO symbols(id, name, filename_id) VALUES (2792,"hpsPFTauProducerRealMuonsData_hpsPFTauDiscriminationByLooseMuonRejection", 2658);
INSERT INTO symbols(id, name, filename_id) VALUES (2793,"hpsPFTauProducerRealMuonsData_hpsPFTauDiscriminationByLooseMuonRejection2", 2658);
INSERT INTO symbols(id, name, filename_id) VALUES (2794,"hpsPFTauProducerRealMuonsData_hpsPFTauDiscriminationByLooseMuonRejection3", 2658);
INSERT INTO symbols(id, name, filename_id) VALUES (2795,"hpsPFTauProducerRealMuonsData_hpsPFTauDiscriminationByMVA5LooseElectronRejection", 2658);
INSERT INTO symbols(id, name, filename_id) VALUES (2796,"hpsPFTauProducerRealMuonsData_hpsPFTauDiscriminationByMVA5MediumElectronRejection", 2658);
INSERT INTO symbols(id, name, filename_id) VALUES (2797,"hpsPFTauProducerRealMuonsData_hpsPFTauDiscriminationByMVA5TightElectronRejection", 2658);
INSERT INTO symbols(id, name, filename_id) VALUES (2798,"hpsPFTauProducerRealMuonsData_hpsPFTauDiscriminationByMVA5VLooseElectronRejection", 2658);
INSERT INTO symbols(id, name, filename_id) VALUES (2799,"hpsPFTauProducerRealMuonsData_hpsPFTauDiscriminationByMVA5VTightElectronRejection", 2658);
INSERT INTO symbols(id, name, filename_id) VALUES (2800,"hpsPFTauProducerRealMuonsData_hpsPFTauDiscriminationByMVALooseMuonRejection", 2658);
INSERT INTO symbols(id, name, filename_id) VALUES (2801,"hpsPFTauProducerRealMuonsData_hpsPFTauDiscriminationByMVAMediumMuonRejection", 2658);
INSERT INTO symbols(id, name, filename_id) VALUES (2802,"hpsPFTauProducerRealMuonsData_hpsPFTauDiscriminationByMVATightMuonRejection", 2658);
INSERT INTO symbols(id, name, filename_id) VALUES (2803,"hpsPFTauProducerRealMuonsData_hpsPFTauDiscriminationByMediumCombinedIsolationDBSumPtCorr", 2658);
INSERT INTO symbols(id, name, filename_id) VALUES (2804,"hpsPFTauProducerRealMuonsData_hpsPFTauDiscriminationByMediumCombinedIsolationDBSumPtCorr3Hits", 2658);
INSERT INTO symbols(id, name, filename_id) VALUES (2805,"hpsPFTauProducerRealMuonsData_hpsPFTauDiscriminationByMediumElectronRejection", 2658);
INSERT INTO symbols(id, name, filename_id) VALUES (2806,"hpsPFTauProducerRealMuonsData_hpsPFTauDiscriminationByMediumIsolationMVA3newDMwLT", 2658);
INSERT INTO symbols(id, name, filename_id) VALUES (2807,"hpsPFTauProducerRealMuonsData_hpsPFTauDiscriminationByMediumIsolationMVA3newDMwoLT", 2658);
INSERT INTO symbols(id, name, filename_id) VALUES (2808,"hpsPFTauProducerRealMuonsData_hpsPFTauDiscriminationByMediumIsolationMVA3oldDMwLT", 2658);
INSERT INTO symbols(id, name, filename_id) VALUES (2809,"hpsPFTauProducerRealMuonsData_hpsPFTauDiscriminationByMediumIsolationMVA3oldDMwoLT", 2658);
INSERT INTO symbols(id, name, filename_id) VALUES (2810,"hpsPFTauProducerRealMuonsData_hpsPFTauDiscriminationByMediumMuonRejection", 2658);
INSERT INTO symbols(id, name, filename_id) VALUES (2811,"hpsPFTauProducerRealMuonsData_hpsPFTauDiscriminationByMediumMuonRejection2", 2658);
INSERT INTO symbols(id, name, filename_id) VALUES (2812,"hpsPFTauProducerRealMuonsData_hpsPFTauDiscriminationByTightChargedIsolation", 2658);
INSERT INTO symbols(id, name, filename_id) VALUES (2813,"hpsPFTauProducerRealMuonsData_hpsPFTauDiscriminationByTightCombinedIsolationDBSumPtCorr", 2658);
INSERT INTO symbols(id, name, filename_id) VALUES (2814,"hpsPFTauProducerRealMuonsData_hpsPFTauDiscriminationByTightCombinedIsolationDBSumPtCorr3Hits", 2658);
INSERT INTO symbols(id, name, filename_id) VALUES (2815,"hpsPFTauProducerRealMuonsData_hpsPFTauDiscriminationByTightElectronRejection", 2658);
INSERT INTO symbols(id, name, filename_id) VALUES (2816,"hpsPFTauProducerRealMuonsData_hpsPFTauDiscriminationByTightIsolationMVA3newDMwLT", 2658);
INSERT INTO symbols(id, name, filename_id) VALUES (2817,"hpsPFTauProducerRealMuonsData_hpsPFTauDiscriminationByTightIsolationMVA3newDMwoLT", 2658);
INSERT INTO symbols(id, name, filename_id) VALUES (2818,"hpsPFTauProducerRealMuonsData_hpsPFTauDiscriminationByTightIsolationMVA3oldDMwLT", 2658);
INSERT INTO symbols(id, name, filename_id) VALUES (2819,"hpsPFTauProducerRealMuonsData_hpsPFTauDiscriminationByTightIsolationMVA3oldDMwoLT", 2658);
INSERT INTO symbols(id, name, filename_id) VALUES (2820,"hpsPFTauProducerRealMuonsData_hpsPFTauDiscriminationByTightMuonRejection", 2658);
INSERT INTO symbols(id, name, filename_id) VALUES (2821,"hpsPFTauProducerRealMuonsData_hpsPFTauDiscriminationByTightMuonRejection2", 2658);
INSERT INTO symbols(id, name, filename_id) VALUES (2822,"hpsPFTauProducerRealMuonsData_hpsPFTauDiscriminationByTightMuonRejection3", 2658);
INSERT INTO symbols(id, name, filename_id) VALUES (2823,"hpsPFTauProducerRealMuonsData_hpsPFTauDiscriminationByVLooseChargedIsolation", 2658);
INSERT INTO symbols(id, name, filename_id) VALUES (2824,"hpsPFTauProducerRealMuonsData_hpsPFTauDiscriminationByVLooseCombinedIsolationDBSumPtCorr", 2658);
INSERT INTO symbols(id, name, filename_id) VALUES (2825,"hpsPFTauProducerRealMuonsData_hpsPFTauDiscriminationByVLooseIsolationMVA3newDMwLT", 2658);
INSERT INTO symbols(id, name, filename_id) VALUES (2826,"hpsPFTauProducerRealMuonsData_hpsPFTauDiscriminationByVLooseIsolationMVA3newDMwoLT", 2658);
INSERT INTO symbols(id, name, filename_id) VALUES (2827,"hpsPFTauProducerRealMuonsData_hpsPFTauDiscriminationByVLooseIsolationMVA3oldDMwLT", 2658);
INSERT INTO symbols(id, name, filename_id) VALUES (2828,"hpsPFTauProducerRealMuonsData_hpsPFTauDiscriminationByVLooseIsolationMVA3oldDMwoLT", 2658);
INSERT INTO symbols(id, name, filename_id) VALUES (2829,"hpsPFTauProducerRealMuonsData_hpsPFTauDiscriminationByVTightIsolationMVA3newDMwLT", 2658);
INSERT INTO symbols(id, name, filename_id) VALUES (2830,"hpsPFTauProducerRealMuonsData_hpsPFTauDiscriminationByVTightIsolationMVA3newDMwoLT", 2658);
INSERT INTO symbols(id, name, filename_id) VALUES (2831,"hpsPFTauProducerRealMuonsData_hpsPFTauDiscriminationByVTightIsolationMVA3oldDMwLT", 2658);
INSERT INTO symbols(id, name, filename_id) VALUES (2832,"hpsPFTauProducerRealMuonsData_hpsPFTauDiscriminationByVTightIsolationMVA3oldDMwoLT", 2658);
INSERT INTO symbols(id, name, filename_id) VALUES (2833,"hpsPFTauProducerRealMuonsData_hpsPFTauDiscriminationByVVTightIsolationMVA3newDMwLT", 2658);
INSERT INTO symbols(id, name, filename_id) VALUES (2834,"hpsPFTauProducerRealMuonsData_hpsPFTauDiscriminationByVVTightIsolationMVA3newDMwoLT", 2658);
INSERT INTO symbols(id, name, filename_id) VALUES (2835,"hpsPFTauProducerRealMuonsData_hpsPFTauDiscriminationByVVTightIsolationMVA3oldDMwLT", 2658);
INSERT INTO symbols(id, name, filename_id) VALUES (2836,"hpsPFTauProducerRealMuonsData_hpsPFTauDiscriminationByVVTightIsolationMVA3oldDMwoLT", 2658);
INSERT INTO symbols(id, name, filename_id) VALUES (2837,"Reference", 10);
INSERT INTO symbols(id, name, filename_id) VALUES (2838,"Egamma", 2837);
INSERT INTO symbols(id, name, filename_id) VALUES (2839,"PhotonAnalyzer", 2838);
INSERT INTO symbols(id, name, filename_id) VALUES (2840,"AllPhotons", 2839);
INSERT INTO symbols(id, name, filename_id) VALUES (2841,"Et above 0 GeV", 2840);
INSERT INTO symbols(id, name, filename_id) VALUES (2842,"BackgroundPhotons", 2839);
INSERT INTO symbols(id, name, filename_id) VALUES (2843,"Et above 0 GeV", 2842);
INSERT INTO symbols(id, name, filename_id) VALUES (2844,"Efficiencies", 2839);
INSERT INTO symbols(id, name, filename_id) VALUES (2845,"GoodCandidatePhotons", 2839);
INSERT INTO symbols(id, name, filename_id) VALUES (2846,"Et above 0 GeV", 2845);
INSERT INTO symbols(id, name, filename_id) VALUES (2847,"InvMass", 2839);
INSERT INTO symbols(id, name, filename_id) VALUES (2848,"Physics", 2837);
INSERT INTO symbols(id, name, filename_id) VALUES (2849,"EwkElecDQM", 2848);
INSERT INTO symbols(id, name, filename_id) VALUES (2850,"EwkMuDQM", 2848);
INSERT INTO symbols(id, name, filename_id) VALUES (2851,"SiStrip", 2837);
INSERT INTO symbols(id, name, filename_id) VALUES (2852,"MechanicalView", 2851);
INSERT INTO symbols(id, name, filename_id) VALUES (2853,"TEC", 2852);
INSERT INTO symbols(id, name, filename_id) VALUES (2854,"side_1", 2853);
INSERT INTO symbols(id, name, filename_id) VALUES (2855,"wheel_1", 2854);
INSERT INTO symbols(id, name, filename_id) VALUES (2856,"wheel_2", 2854);
INSERT INTO symbols(id, name, filename_id) VALUES (2857,"wheel_3", 2854);
INSERT INTO symbols(id, name, filename_id) VALUES (2858,"wheel_4", 2854);
INSERT INTO symbols(id, name, filename_id) VALUES (2859,"wheel_5", 2854);
INSERT INTO symbols(id, name, filename_id) VALUES (2860,"wheel_6", 2854);
INSERT INTO symbols(id, name, filename_id) VALUES (2861,"wheel_7", 2854);
INSERT INTO symbols(id, name, filename_id) VALUES (2862,"wheel_8", 2854);
INSERT INTO symbols(id, name, filename_id) VALUES (2863,"wheel_9", 2854);
INSERT INTO symbols(id, name, filename_id) VALUES (2864,"side_2", 2853);
INSERT INTO symbols(id, name, filename_id) VALUES (2865,"wheel_1", 2864);
INSERT INTO symbols(id, name, filename_id) VALUES (2866,"wheel_2", 2864);
INSERT INTO symbols(id, name, filename_id) VALUES (2867,"wheel_3", 2864);
INSERT INTO symbols(id, name, filename_id) VALUES (2868,"wheel_4", 2864);
INSERT INTO symbols(id, name, filename_id) VALUES (2869,"wheel_5", 2864);
INSERT INTO symbols(id, name, filename_id) VALUES (2870,"wheel_6", 2864);
INSERT INTO symbols(id, name, filename_id) VALUES (2871,"wheel_7", 2864);
INSERT INTO symbols(id, name, filename_id) VALUES (2872,"wheel_8", 2864);
INSERT INTO symbols(id, name, filename_id) VALUES (2873,"wheel_9", 2864);
INSERT INTO symbols(id, name, filename_id) VALUES (2874,"TIB", 2852);
INSERT INTO symbols(id, name, filename_id) VALUES (2875,"layer_1", 2874);
INSERT INTO symbols(id, name, filename_id) VALUES (2876,"layer_2", 2874);
INSERT INTO symbols(id, name, filename_id) VALUES (2877,"layer_3", 2874);
INSERT INTO symbols(id, name, filename_id) VALUES (2878,"layer_4", 2874);
INSERT INTO symbols(id, name, filename_id) VALUES (2879,"TID", 2852);
INSERT INTO symbols(id, name, filename_id) VALUES (2880,"side_1", 2879);
INSERT INTO symbols(id, name, filename_id) VALUES (2881,"wheel_1", 2880);
INSERT INTO symbols(id, name, filename_id) VALUES (2882,"wheel_2", 2880);
INSERT INTO symbols(id, name, filename_id) VALUES (2883,"wheel_3", 2880);
INSERT INTO symbols(id, name, filename_id) VALUES (2884,"side_2", 2879);
INSERT INTO symbols(id, name, filename_id) VALUES (2885,"wheel_1", 2884);
INSERT INTO symbols(id, name, filename_id) VALUES (2886,"wheel_2", 2884);
INSERT INTO symbols(id, name, filename_id) VALUES (2887,"wheel_3", 2884);
INSERT INTO symbols(id, name, filename_id) VALUES (2888,"TOB", 2852);
INSERT INTO symbols(id, name, filename_id) VALUES (2889,"layer_1", 2888);
INSERT INTO symbols(id, name, filename_id) VALUES (2890,"layer_2", 2888);
INSERT INTO symbols(id, name, filename_id) VALUES (2891,"layer_3", 2888);
INSERT INTO symbols(id, name, filename_id) VALUES (2892,"layer_4", 2888);
INSERT INTO symbols(id, name, filename_id) VALUES (2893,"layer_5", 2888);
INSERT INTO symbols(id, name, filename_id) VALUES (2894,"layer_6", 2888);
INSERT INTO symbols(id, name, filename_id) VALUES (2895,"ReadoutView", 2851);
INSERT INTO symbols(id, name, filename_id) VALUES (2896,"FedMonitoringSummary", 2895);
INSERT INTO symbols(id, name, filename_id) VALUES (2897,"Tracking", 2837);
INSERT INTO symbols(id, name, filename_id) VALUES (2898,"TrackParameters", 2897);
INSERT INTO symbols(id, name, filename_id) VALUES (2899,"GeneralProperties", 2898);
INSERT INTO symbols(id, name, filename_id) VALUES (2900,"HitProperties", 2898);
INSERT INTO symbols(id, name, filename_id) VALUES (2901,"SiStrip", 10);
INSERT INTO symbols(id, name, filename_id) VALUES (2902,"EventInfo", 2901);
INSERT INTO symbols(id, name, filename_id) VALUES (2903,"CertificationContents", 2902);
INSERT INTO symbols(id, name, filename_id) VALUES (2904,"DAQContents", 2902);
INSERT INTO symbols(id, name, filename_id) VALUES (2905,"DCSContents", 2902);
INSERT INTO symbols(id, name, filename_id) VALUES (2906,"reportSummaryContents", 2902);
INSERT INTO symbols(id, name, filename_id) VALUES (2907,"FEDIntegrity", 2901);
INSERT INTO symbols(id, name, filename_id) VALUES (2908,"MechanicalView", 2901);
INSERT INTO symbols(id, name, filename_id) VALUES (2909,"TEC", 2908);
INSERT INTO symbols(id, name, filename_id) VALUES (2910,"MINUS", 2909);
INSERT INTO symbols(id, name, filename_id) VALUES (2911,"BadModuleList", 2910);
INSERT INTO symbols(id, name, filename_id) VALUES (2912,"wheel_1", 2910);
INSERT INTO symbols(id, name, filename_id) VALUES (2913,"wheel_2", 2910);
INSERT INTO symbols(id, name, filename_id) VALUES (2914,"wheel_3", 2910);
INSERT INTO symbols(id, name, filename_id) VALUES (2915,"wheel_4", 2910);
INSERT INTO symbols(id, name, filename_id) VALUES (2916,"wheel_5", 2910);
INSERT INTO symbols(id, name, filename_id) VALUES (2917,"wheel_6", 2910);
INSERT INTO symbols(id, name, filename_id) VALUES (2918,"wheel_7", 2910);
INSERT INTO symbols(id, name, filename_id) VALUES (2919,"wheel_8", 2910);
INSERT INTO symbols(id, name, filename_id) VALUES (2920,"wheel_9", 2910);
INSERT INTO symbols(id, name, filename_id) VALUES (2921,"PLUS", 2909);
INSERT INTO symbols(id, name, filename_id) VALUES (2922,"BadModuleList", 2921);
INSERT INTO symbols(id, name, filename_id) VALUES (2923,"wheel_1", 2921);
INSERT INTO symbols(id, name, filename_id) VALUES (2924,"wheel_2", 2921);
INSERT INTO symbols(id, name, filename_id) VALUES (2925,"wheel_3", 2921);
INSERT INTO symbols(id, name, filename_id) VALUES (2926,"wheel_4", 2921);
INSERT INTO symbols(id, name, filename_id) VALUES (2927,"wheel_5", 2921);
INSERT INTO symbols(id, name, filename_id) VALUES (2928,"wheel_6", 2921);
INSERT INTO symbols(id, name, filename_id) VALUES (2929,"wheel_7", 2921);
INSERT INTO symbols(id, name, filename_id) VALUES (2930,"wheel_8", 2921);
INSERT INTO symbols(id, name, filename_id) VALUES (2931,"wheel_9", 2921);
INSERT INTO symbols(id, name, filename_id) VALUES (2932,"TIB", 2908);
INSERT INTO symbols(id, name, filename_id) VALUES (2933,"BadModuleList", 2932);
INSERT INTO symbols(id, name, filename_id) VALUES (2934,"layer_1", 2932);
INSERT INTO symbols(id, name, filename_id) VALUES (2935,"layer_2", 2932);
INSERT INTO symbols(id, name, filename_id) VALUES (2936,"layer_3", 2932);
INSERT INTO symbols(id, name, filename_id) VALUES (2937,"layer_4", 2932);
INSERT INTO symbols(id, name, filename_id) VALUES (2938,"TID", 2908);
INSERT INTO symbols(id, name, filename_id) VALUES (2939,"MINUS", 2938);
INSERT INTO symbols(id, name, filename_id) VALUES (2940,"BadModuleList", 2939);
INSERT INTO symbols(id, name, filename_id) VALUES (2941,"wheel_1", 2939);
INSERT INTO symbols(id, name, filename_id) VALUES (2942,"wheel_2", 2939);
INSERT INTO symbols(id, name, filename_id) VALUES (2943,"wheel_3", 2939);
INSERT INTO symbols(id, name, filename_id) VALUES (2944,"PLUS", 2938);
INSERT INTO symbols(id, name, filename_id) VALUES (2945,"BadModuleList", 2944);
INSERT INTO symbols(id, name, filename_id) VALUES (2946,"wheel_1", 2944);
INSERT INTO symbols(id, name, filename_id) VALUES (2947,"wheel_2", 2944);
INSERT INTO symbols(id, name, filename_id) VALUES (2948,"wheel_3", 2944);
INSERT INTO symbols(id, name, filename_id) VALUES (2949,"TOB", 2908);
INSERT INTO symbols(id, name, filename_id) VALUES (2950,"BadModuleList", 2949);
INSERT INTO symbols(id, name, filename_id) VALUES (2951,"layer_1", 2949);
INSERT INTO symbols(id, name, filename_id) VALUES (2952,"layer_2", 2949);
INSERT INTO symbols(id, name, filename_id) VALUES (2953,"layer_3", 2949);
INSERT INTO symbols(id, name, filename_id) VALUES (2954,"layer_4", 2949);
INSERT INTO symbols(id, name, filename_id) VALUES (2955,"layer_5", 2949);
INSERT INTO symbols(id, name, filename_id) VALUES (2956,"layer_6", 2949);
INSERT INTO symbols(id, name, filename_id) VALUES (2957,"ReadoutView", 2901);
INSERT INTO symbols(id, name, filename_id) VALUES (2958,"APV", 2957);
INSERT INTO symbols(id, name, filename_id) VALUES (2959,"FE", 2957);
INSERT INTO symbols(id, name, filename_id) VALUES (2960,"APVe", 2959);
INSERT INTO symbols(id, name, filename_id) VALUES (2961,"VsId", 2959);
INSERT INTO symbols(id, name, filename_id) VALUES (2962,"FED", 2957);
INSERT INTO symbols(id, name, filename_id) VALUES (2963,"VsId", 2962);
INSERT INTO symbols(id, name, filename_id) VALUES (2964,"Fiber", 2957);
INSERT INTO symbols(id, name, filename_id) VALUES (2965,"VsId", 2964);
INSERT INTO symbols(id, name, filename_id) VALUES (2966,"PerLumiSection", 2957);
INSERT INTO symbols(id, name, filename_id) VALUES (2967,"Trends", 2957);
INSERT INTO symbols(id, name, filename_id) VALUES (2968,"APV", 2967);
INSERT INTO symbols(id, name, filename_id) VALUES (2969,"FED", 2967);
INSERT INTO symbols(id, name, filename_id) VALUES (2970,"Fiber", 2967);
INSERT INTO symbols(id, name, filename_id) VALUES (2971,"Tracking", 10);
INSERT INTO symbols(id, name, filename_id) VALUES (2972,"EventInfo", 2971);
INSERT INTO symbols(id, name, filename_id) VALUES (2973,"CertificationContents", 2972);
INSERT INTO symbols(id, name, filename_id) VALUES (2974,"reportSummaryContents", 2972);
INSERT INTO symbols(id, name, filename_id) VALUES (2975,"MessageLog", 2971);
INSERT INTO symbols(id, name, filename_id) VALUES (2976,"TrackParameters", 2971);
INSERT INTO symbols(id, name, filename_id) VALUES (2977,"generalTracks", 2976);
INSERT INTO symbols(id, name, filename_id) VALUES (2978,"GeneralProperties", 2977);
INSERT INTO symbols(id, name, filename_id) VALUES (2979,"HitProperties", 2977);
INSERT INTO symbols(id, name, filename_id) VALUES (2980,"PixBarrel", 2979);
INSERT INTO symbols(id, name, filename_id) VALUES (2981,"PixEndcap", 2979);
INSERT INTO symbols(id, name, filename_id) VALUES (2982,"TEC", 2979);
INSERT INTO symbols(id, name, filename_id) VALUES (2983,"TIB", 2979);
INSERT INTO symbols(id, name, filename_id) VALUES (2984,"TID", 2979);
INSERT INTO symbols(id, name, filename_id) VALUES (2985,"TOB", 2979);
INSERT INTO symbols(id, name, filename_id) VALUES (2986,"LSanalysis", 2977);
INSERT INTO symbols(id, name, filename_id) VALUES (2987,"TrackBuilding", 2977);
INSERT INTO symbols(id, name, filename_id) VALUES (2988,"highPurityTracks", 2976);
INSERT INTO symbols(id, name, filename_id) VALUES (2989,"pt_1", 2988);
INSERT INTO symbols(id, name, filename_id) VALUES (2990,"GeneralProperties", 2989);
INSERT INTO symbols(id, name, filename_id) VALUES (2991,"HitProperties", 2989);
INSERT INTO symbols(id, name, filename_id) VALUES (2992,"PixBarrel", 2991);
INSERT INTO symbols(id, name, filename_id) VALUES (2993,"PixEndcap", 2991);
INSERT INTO symbols(id, name, filename_id) VALUES (2994,"TEC", 2991);
INSERT INTO symbols(id, name, filename_id) VALUES (2995,"TIB", 2991);
INSERT INTO symbols(id, name, filename_id) VALUES (2996,"TID", 2991);
INSERT INTO symbols(id, name, filename_id) VALUES (2997,"TOB", 2991);
INSERT INTO symbols(id, name, filename_id) VALUES (2998,"LSanalysis", 2989);
INSERT INTO symbols(id, name, filename_id) VALUES (2999,"dEdx", 2971);
INSERT INTO symbols(id, name, filename_id) VALUES (3000,"dedxDQMHarm2PO", 2999);
INSERT INTO symbols(id, name, filename_id) VALUES (3001,"dedxDQMHarm2SO", 2999);
INSERT INTO symbols(id, name, filename_id) VALUES (3002,"dedxDQMHarm2SP", 2999);
INSERT INTO mainrows(id, symbol_id, self_count, cumulative_count, kids, self_calls, total_calls, self_paths, total_paths, pct) VALUES(10,10,0,74626908, 0,13851804,17497172, 0, 52433, 0);
INSERT INTO summary(counter, total_count, total_freq, tick_period) VALUES ("BINS_LIVE",74626908,17497172, 1);
INSERT INTO mainrows(id, symbol_id, self_count, cumulative_count, kids, self_calls, total_calls, self_paths, total_paths, pct) VALUES(11, 11, 75740, 75740, 3, 263, 18710, 81, 81, 0.0);
INSERT INTO mainrows(id, symbol_id, self_count, cumulative_count, kids, self_calls, total_calls, self_paths, total_paths, pct) VALUES(12, 12, 73892, 73892, 0, 118, 18473, 67, 67, 0.0);
INSERT INTO mainrows(id, symbol_id, self_count, cumulative_count, kids, self_calls, total_calls, self_paths, total_paths, pct) VALUES(13, 13, 1296, 1296, 0, 70, 162, 1, 1, 0.0);
INSERT INTO mainrows(id, symbol_id, self_count, cumulative_count, kids, self_calls, total_calls, self_paths, total_paths, pct) VALUES(14, 14, 552, 552, 0, 75, 75, 13, 13, 0.0);
INSERT INTO parents(self_id, child_id, to_child_count, to_child_calls, to_child_paths, pct) VALUES(10,11,0,0,0,0);
INSERT INTO parents(self_id, child_id, to_child_count, to_child_calls, to_child_paths, pct) VALUES(11,12,73892,18473,67,0);
INSERT INTO parents(self_id, child_id, to_child_count, to_child_calls, to_child_paths, pct) VALUES(11,13,1296,162,1,0);
INSERT INTO parents(self_id, child_id, to_child_count, to_child_calls, to_child_paths, pct) VALUES(11,14,552,75,13,0);
INSERT INTO children(self_id, parent_id, from_parent_count, from_parent_calls, from_parent_paths, pct) VALUES(11,10,75740,263,0,0);
INSERT INTO children(self_id, parent_id, from_parent_count, from_parent_calls, from_parent_paths, pct) VALUES(12,11,73892,118,67,0);
INSERT INTO children(self_id, parent_id, from_parent_count, from_parent_calls, from_parent_paths, pct) VALUES(13,11,1296,70,1,0);
INSERT INTO children(self_id, parent_id, from_parent_count, from_parent_calls, from_parent_paths, pct) VALUES(14,11,552,75,13,0);
INSERT INTO mainrows(id, symbol_id, self_count, cumulative_count, kids, self_calls, total_calls, self_paths, total_paths, pct) VALUES(15, 15, 380916, 380916, 36, 17201, 94929, 1275, 1275, 0.0);
INSERT INTO mainrows(id, symbol_id, self_count, cumulative_count, kids, self_calls, total_calls, self_paths, total_paths, pct) VALUES(16, 16, 51788, 51788, 0, 1499, 12947, 250, 250, 0.0);
INSERT INTO mainrows(id, symbol_id, self_count, cumulative_count, kids, self_calls, total_calls, self_paths, total_paths, pct) VALUES(17, 17, 51788, 51788, 0, 546, 12947, 250, 250, 0.0);
INSERT INTO mainrows(id, symbol_id, self_count, cumulative_count, kids, self_calls, total_calls, self_paths, total_paths, pct) VALUES(18, 18, 51788, 51788, 0, 1600, 12947, 250, 250, 0.0);
INSERT INTO mainrows(id, symbol_id, self_count, cumulative_count, kids, self_calls, total_calls, self_paths, total_paths, pct) VALUES(19, 19, 4052, 4052, 0, 152, 1013, 6, 6, 0.0);
INSERT INTO mainrows(id, symbol_id, self_count, cumulative_count, kids, self_calls, total_calls, self_paths, total_paths, pct) VALUES(20, 20, 4052, 4052, 0, 41, 1013, 6, 6, 0.0);
INSERT INTO mainrows(id, symbol_id, self_count, cumulative_count, kids, self_calls, total_calls, self_paths, total_paths, pct) VALUES(21, 21, 4052, 4052, 0, 182, 1013, 6, 6, 0.0);
INSERT INTO mainrows(id, symbol_id, self_count, cumulative_count, kids, self_calls, total_calls, self_paths, total_paths, pct) VALUES(22, 22, 4052, 4052, 0, 155, 1013, 6, 6, 0.0);
INSERT INTO mainrows(id, symbol_id, self_count, cumulative_count, kids, self_calls, total_calls, self_paths, total_paths, pct) VALUES(23, 23, 4052, 4052, 0, 42, 1013, 6, 6, 0.0);
INSERT INTO mainrows(id, symbol_id, self_count, cumulative_count, kids, self_calls, total_calls, self_paths, total_paths, pct) VALUES(24, 24, 4052, 4052, 0, 185, 1013, 6, 6, 0.0);
INSERT INTO mainrows(id, symbol_id, self_count, cumulative_count, kids, self_calls, total_calls, self_paths, total_paths, pct) VALUES(25, 25, 34664, 34664, 0, 3581, 8566, 115, 115, 0.0);
INSERT INTO mainrows(id, symbol_id, self_count, cumulative_count, kids, self_calls, total_calls, self_paths, total_paths, pct) VALUES(26, 26, 34664, 34664, 0, 2740, 8566, 115, 115, 0.0);
INSERT INTO mainrows(id, symbol_id, self_count, cumulative_count, kids, self_calls, total_calls, self_paths, total_paths, pct) VALUES(27, 27, 34664, 34664, 0, 3724, 8566, 115, 115, 0.0);
INSERT INTO mainrows(id, symbol_id, self_count, cumulative_count, kids, self_calls, total_calls, self_paths, total_paths, pct) VALUES(28, 28, 4052, 4052, 0, 149, 1013, 6, 6, 0.0);
INSERT INTO mainrows(id, symbol_id, self_count, cumulative_count, kids, self_calls, total_calls, self_paths, total_paths, pct) VALUES(29, 29, 4052, 4052, 0, 42, 1013, 6, 6, 0.0);
INSERT INTO mainrows(id, symbol_id, self_count, cumulative_count, kids, self_calls, total_calls, self_paths, total_paths, pct) VALUES(30, 30, 4052, 4052, 0, 177, 1013, 6, 6, 0.0);
INSERT INTO mainrows(id, symbol_id, self_count, cumulative_count, kids, self_calls, total_calls, self_paths, total_paths, pct) VALUES(31, 31, 4052, 4052, 0, 143, 1013, 6, 6, 0.0);
INSERT INTO mainrows(id, symbol_id, self_count, cumulative_count, kids, self_calls, total_calls, self_paths, total_paths, pct) VALUES(32, 32, 4052, 4052, 0, 40, 1013, 6, 6, 0.0);
INSERT INTO mainrows(id, symbol_id, self_count, cumulative_count, kids, self_calls, total_calls, self_paths, total_paths, pct) VALUES(33, 33, 4052, 4052, 0, 171, 1013, 6, 6, 0.0);
INSERT INTO mainrows(id, symbol_id, self_count, cumulative_count, kids, self_calls, total_calls, self_paths, total_paths, pct) VALUES(34, 34, 4052, 4052, 0, 129, 1013, 6, 6, 0.0);
INSERT INTO mainrows(id, symbol_id, self_count, cumulative_count, kids, self_calls, total_calls, self_paths, total_paths, pct) VALUES(35, 35, 4052, 4052, 0, 35, 1013, 6, 6, 0.0);
INSERT INTO mainrows(id, symbol_id, self_count, cumulative_count, kids, self_calls, total_calls, self_paths, total_paths, pct) VALUES(36, 36, 4052, 4052, 0, 156, 1013, 6, 6, 0.0);
INSERT INTO mainrows(id, symbol_id, self_count, cumulative_count, kids, self_calls, total_calls, self_paths, total_paths, pct) VALUES(37, 37, 4052, 4052, 0, 133, 1013, 6, 6, 0.0);
INSERT INTO mainrows(id, symbol_id, self_count, cumulative_count, kids, self_calls, total_calls, self_paths, total_paths, pct) VALUES(38, 38, 4052, 4052, 0, 36, 1013, 6, 6, 0.0);
INSERT INTO mainrows(id, symbol_id, self_count, cumulative_count, kids, self_calls, total_calls, self_paths, total_paths, pct) VALUES(39, 39, 4052, 4052, 0, 161, 1013, 6, 6, 0.0);
INSERT INTO mainrows(id, symbol_id, self_count, cumulative_count, kids, self_calls, total_calls, self_paths, total_paths, pct) VALUES(40, 40, 4052, 4052, 0, 133, 1013, 6, 6, 0.0);
INSERT INTO mainrows(id, symbol_id, self_count, cumulative_count, kids, self_calls, total_calls, self_paths, total_paths, pct) VALUES(41, 41, 4052, 4052, 0, 35, 1013, 6, 6, 0.0);
INSERT INTO mainrows(id, symbol_id, self_count, cumulative_count, kids, self_calls, total_calls, self_paths, total_paths, pct) VALUES(42, 42, 4052, 4052, 0, 160, 1013, 6, 6, 0.0);
INSERT INTO mainrows(id, symbol_id, self_count, cumulative_count, kids, self_calls, total_calls, self_paths, total_paths, pct) VALUES(43, 43, 4052, 4052, 0, 131, 1013, 6, 6, 0.0);
INSERT INTO mainrows(id, symbol_id, self_count, cumulative_count, kids, self_calls, total_calls, self_paths, total_paths, pct) VALUES(44, 44, 4052, 4052, 0, 35, 1013, 6, 6, 0.0);
INSERT INTO mainrows(id, symbol_id, self_count, cumulative_count, kids, self_calls, total_calls, self_paths, total_paths, pct) VALUES(45, 45, 4052, 4052, 0, 158, 1013, 6, 6, 0.0);
INSERT INTO mainrows(id, symbol_id, self_count, cumulative_count, kids, self_calls, total_calls, self_paths, total_paths, pct) VALUES(46, 46, 4052, 4052, 0, 149, 1013, 6, 6, 0.0);
INSERT INTO mainrows(id, symbol_id, self_count, cumulative_count, kids, self_calls, total_calls, self_paths, total_paths, pct) VALUES(47, 47, 4052, 4052, 0, 42, 1013, 6, 6, 0.0);
INSERT INTO mainrows(id, symbol_id, self_count, cumulative_count, kids, self_calls, total_calls, self_paths, total_paths, pct) VALUES(48, 48, 4052, 4052, 0, 178, 1013, 6, 6, 0.0);
INSERT INTO mainrows(id, symbol_id, self_count, cumulative_count, kids, self_calls, total_calls, self_paths, total_paths, pct) VALUES(49, 49, 4052, 4052, 0, 147, 1013, 6, 6, 0.0);
INSERT INTO mainrows(id, symbol_id, self_count, cumulative_count, kids, self_calls, total_calls, self_paths, total_paths, pct) VALUES(50, 50, 4052, 4052, 0, 40, 1013, 6, 6, 0.0);
INSERT INTO mainrows(id, symbol_id, self_count, cumulative_count, kids, self_calls, total_calls, self_paths, total_paths, pct) VALUES(51, 51, 4052, 4052, 0, 174, 1013, 6, 6, 0.0);
INSERT INTO parents(self_id, child_id, to_child_count, to_child_calls, to_child_paths, pct) VALUES(10,15,0,0,0,0);
INSERT INTO parents(self_id, child_id, to_child_count, to_child_calls, to_child_paths, pct) VALUES(15,16,51788,12947,250,0);
INSERT INTO parents(self_id, child_id, to_child_count, to_child_calls, to_child_paths, pct) VALUES(15,17,51788,12947,250,0);
INSERT INTO parents(self_id, child_id, to_child_count, to_child_calls, to_child_paths, pct) VALUES(15,18,51788,12947,250,0);
INSERT INTO parents(self_id, child_id, to_child_count, to_child_calls, to_child_paths, pct) VALUES(15,19,4052,1013,6,0);
INSERT INTO parents(self_id, child_id, to_child_count, to_child_calls, to_child_paths, pct) VALUES(15,20,4052,1013,6,0);
INSERT INTO parents(self_id, child_id, to_child_count, to_child_calls, to_child_paths, pct) VALUES(15,21,4052,1013,6,0);
INSERT INTO parents(self_id, child_id, to_child_count, to_child_calls, to_child_paths, pct) VALUES(15,22,4052,1013,6,0);
INSERT INTO parents(self_id, child_id, to_child_count, to_child_calls, to_child_paths, pct) VALUES(15,23,4052,1013,6,0);
INSERT INTO parents(self_id, child_id, to_child_count, to_child_calls, to_child_paths, pct) VALUES(15,24,4052,1013,6,0);
INSERT INTO parents(self_id, child_id, to_child_count, to_child_calls, to_child_paths, pct) VALUES(15,25,34664,8566,115,0);
INSERT INTO parents(self_id, child_id, to_child_count, to_child_calls, to_child_paths, pct) VALUES(15,26,34664,8566,115,0);
INSERT INTO parents(self_id, child_id, to_child_count, to_child_calls, to_child_paths, pct) VALUES(15,27,34664,8566,115,0);
INSERT INTO parents(self_id, child_id, to_child_count, to_child_calls, to_child_paths, pct) VALUES(15,28,4052,1013,6,0);
INSERT INTO parents(self_id, child_id, to_child_count, to_child_calls, to_child_paths, pct) VALUES(15,29,4052,1013,6,0);
INSERT INTO parents(self_id, child_id, to_child_count, to_child_calls, to_child_paths, pct) VALUES(15,30,4052,1013,6,0);
INSERT INTO parents(self_id, child_id, to_child_count, to_child_calls, to_child_paths, pct) VALUES(15,31,4052,1013,6,0);
INSERT INTO parents(self_id, child_id, to_child_count, to_child_calls, to_child_paths, pct) VALUES(15,32,4052,1013,6,0);
INSERT INTO parents(self_id, child_id, to_child_count, to_child_calls, to_child_paths, pct) VALUES(15,33,4052,1013,6,0);
INSERT INTO parents(self_id, child_id, to_child_count, to_child_calls, to_child_paths, pct) VALUES(15,34,4052,1013,6,0);
INSERT INTO parents(self_id, child_id, to_child_count, to_child_calls, to_child_paths, pct) VALUES(15,35,4052,1013,6,0);
INSERT INTO parents(self_id, child_id, to_child_count, to_child_calls, to_child_paths, pct) VALUES(15,36,4052,1013,6,0);
INSERT INTO parents(self_id, child_id, to_child_count, to_child_calls, to_child_paths, pct) VALUES(15,37,4052,1013,6,0);
INSERT INTO parents(self_id, child_id, to_child_count, to_child_calls, to_child_paths, pct) VALUES(15,38,4052,1013,6,0);
INSERT INTO parents(self_id, child_id, to_child_count, to_child_calls, to_child_paths, pct) VALUES(15,39,4052,1013,6,0);
INSERT INTO parents(self_id, child_id, to_child_count, to_child_calls, to_child_paths, pct) VALUES(15,40,4052,1013,6,0);
INSERT INTO parents(self_id, child_id, to_child_count, to_child_calls, to_child_paths, pct) VALUES(15,41,4052,1013,6,0);
INSERT INTO parents(self_id, child_id, to_child_count, to_child_calls, to_child_paths, pct) VALUES(15,42,4052,1013,6,0);
INSERT INTO parents(self_id, child_id, to_child_count, to_child_calls, to_child_paths, pct) VALUES(15,43,4052,1013,6,0);
INSERT INTO parents(self_id, child_id, to_child_count, to_child_calls, to_child_paths, pct) VALUES(15,44,4052,1013,6,0);
INSERT INTO parents(self_id, child_id, to_child_count, to_child_calls, to_child_paths, pct) VALUES(15,45,4052,1013,6,0);
INSERT INTO parents(self_id, child_id, to_child_count, to_child_calls, to_child_paths, pct) VALUES(15,46,4052,1013,6,0);
INSERT INTO parents(self_id, child_id, to_child_count, to_child_calls, to_child_paths, pct) VALUES(15,47,4052,1013,6,0);
INSERT INTO parents(self_id, child_id, to_child_count, to_child_calls, to_child_paths, pct) VALUES(15,48,4052,1013,6,0);
INSERT INTO parents(self_id, child_id, to_child_count, to_child_calls, to_child_paths, pct) VALUES(15,49,4052,1013,6,0);
INSERT INTO parents(self_id, child_id, to_child_count, to_child_calls, to_child_paths, pct) VALUES(15,50,4052,1013,6,0);
INSERT INTO parents(self_id, child_id, to_child_count, to_child_calls, to_child_paths, pct) VALUES(15,51,4052,1013,6,0);
INSERT INTO children(self_id, parent_id, from_parent_count, from_parent_calls, from_parent_paths, pct) VALUES(15,10,380916,17201,0,0);
INSERT INTO children(self_id, parent_id, from_parent_count, from_parent_calls, from_parent_paths, pct) VALUES(16,15,51788,1499,250,0);
INSERT INTO children(self_id, parent_id, from_parent_count, from_parent_calls, from_parent_paths, pct) VALUES(17,15,51788,546,250,0);
INSERT INTO children(self_id, parent_id, from_parent_count, from_parent_calls, from_parent_paths, pct) VALUES(18,15,51788,1600,250,0);
INSERT INTO children(self_id, parent_id, from_parent_count, from_parent_calls, from_parent_paths, pct) VALUES(19,15,4052,152,6,0);
INSERT INTO children(self_id, parent_id, from_parent_count, from_parent_calls, from_parent_paths, pct) VALUES(20,15,4052,41,6,0);
INSERT INTO children(self_id, parent_id, from_parent_count, from_parent_calls, from_parent_paths, pct) VALUES(21,15,4052,182,6,0);
INSERT INTO children(self_id, parent_id, from_parent_count, from_parent_calls, from_parent_paths, pct) VALUES(22,15,4052,155,6,0);
INSERT INTO children(self_id, parent_id, from_parent_count, from_parent_calls, from_parent_paths, pct) VALUES(23,15,4052,42,6,0);
INSERT INTO children(self_id, parent_id, from_parent_count, from_parent_calls, from_parent_paths, pct) VALUES(24,15,4052,185,6,0);
INSERT INTO children(self_id, parent_id, from_parent_count, from_parent_calls, from_parent_paths, pct) VALUES(25,15,34664,3581,115,0);
INSERT INTO children(self_id, parent_id, from_parent_count, from_parent_calls, from_parent_paths, pct) VALUES(26,15,34664,2740,115,0);
INSERT INTO children(self_id, parent_id, from_parent_count, from_parent_calls, from_parent_paths, pct) VALUES(27,15,34664,3724,115,0);
INSERT INTO children(self_id, parent_id, from_parent_count, from_parent_calls, from_parent_paths, pct) VALUES(28,15,4052,149,6,0);
INSERT INTO children(self_id, parent_id, from_parent_count, from_parent_calls, from_parent_paths, pct) VALUES(29,15,4052,42,6,0);
INSERT INTO children(self_id, parent_id, from_parent_count, from_parent_calls, from_parent_paths, pct) VALUES(30,15,4052,177,6,0);
INSERT INTO children(self_id, parent_id, from_parent_count, from_parent_calls, from_parent_paths, pct) VALUES(31,15,4052,143,6,0);
INSERT INTO children(self_id, parent_id, from_parent_count, from_parent_calls, from_parent_paths, pct) VALUES(32,15,4052,40,6,0);
INSERT INTO children(self_id, parent_id, from_parent_count, from_parent_calls, from_parent_paths, pct) VALUES(33,15,4052,171,6,0);
INSERT INTO children(self_id, parent_id, from_parent_count, from_parent_calls, from_parent_paths, pct) VALUES(34,15,4052,129,6,0);
INSERT INTO children(self_id, parent_id, from_parent_count, from_parent_calls, from_parent_paths, pct) VALUES(35,15,4052,35,6,0);
INSERT INTO children(self_id, parent_id, from_parent_count, from_parent_calls, from_parent_paths, pct) VALUES(36,15,4052,156,6,0);
INSERT INTO children(self_id, parent_id, from_parent_count, from_parent_calls, from_parent_paths, pct) VALUES(37,15,4052,133,6,0);
INSERT INTO children(self_id, parent_id, from_parent_count, from_parent_calls, from_parent_paths, pct) VALUES(38,15,4052,36,6,0);
INSERT INTO children(self_id, parent_id, from_parent_count, from_parent_calls, from_parent_paths, pct) VALUES(39,15,4052,161,6,0);
INSERT INTO children(self_id, parent_id, from_parent_count, from_parent_calls, from_parent_paths, pct) VALUES(40,15,4052,133,6,0);
INSERT INTO children(self_id, parent_id, from_parent_count, from_parent_calls, from_parent_paths, pct) VALUES(41,15,4052,35,6,0);
INSERT INTO children(self_id, parent_id, from_parent_count, from_parent_calls, from_parent_paths, pct) VALUES(42,15,4052,160,6,0);
INSERT INTO children(self_id, parent_id, from_parent_count, from_parent_calls, from_parent_paths, pct) VALUES(43,15,4052,131,6,0);
INSERT INTO children(self_id, parent_id, from_parent_count, from_parent_calls, from_parent_paths, pct) VALUES(44,15,4052,35,6,0);
INSERT INTO children(self_id, parent_id, from_parent_count, from_parent_calls, from_parent_paths, pct) VALUES(45,15,4052,158,6,0);
INSERT INTO children(self_id, parent_id, from_parent_count, from_parent_calls, from_parent_paths, pct) VALUES(46,15,4052,149,6,0);
INSERT INTO children(self_id, parent_id, from_parent_count, from_parent_calls, from_parent_paths, pct) VALUES(47,15,4052,42,6,0);
INSERT INTO children(self_id, parent_id, from_parent_count, from_parent_calls, from_parent_paths, pct) VALUES(48,15,4052,178,6,0);
INSERT INTO children(self_id, parent_id, from_parent_count, from_parent_calls, from_parent_paths, pct) VALUES(49,15,4052,147,6,0);
INSERT INTO children(self_id, parent_id, from_parent_count, from_parent_calls, from_parent_paths, pct) VALUES(50,15,4052,40,6,0);
INSERT INTO children(self_id, parent_id, from_parent_count, from_parent_calls, from_parent_paths, pct) VALUES(51,15,4052,174,6,0);
INSERT INTO mainrows(id, symbol_id, self_count, cumulative_count, kids, self_calls, total_calls, self_paths, total_paths, pct) VALUES(52, 52, 2864452, 2864452, 4, 677777, 716005, 440, 440, 0.0);
INSERT INTO mainrows(id, symbol_id, self_count, cumulative_count, kids, self_calls, total_calls, self_paths, total_paths, pct) VALUES(53, 53, 849992, 849992, 8, 182575, 212498, 334, 334, 0.0);
INSERT INTO mainrows(id, symbol_id, self_count, cumulative_count, kids, self_calls, total_calls, self_paths, total_paths, pct) VALUES(54, 54, 75072, 75072, 0, 16597, 18768, 12, 12, 0.0);
INSERT INTO mainrows(id, symbol_id, self_count, cumulative_count, kids, self_calls, total_calls, self_paths, total_paths, pct) VALUES(55, 55, 18080, 18080, 0, 955, 4520, 62, 62, 0.0);
INSERT INTO mainrows(id, symbol_id, self_count, cumulative_count, kids, self_calls, total_calls, self_paths, total_paths, pct) VALUES(56, 56, 17600, 17600, 0, 4046, 4400, 10, 10, 0.0);
INSERT INTO mainrows(id, symbol_id, self_count, cumulative_count, kids, self_calls, total_calls, self_paths, total_paths, pct) VALUES(57, 57, 26948, 26948, 0, 4412, 6737, 11, 11, 0.0);
INSERT INTO mainrows(id, symbol_id, self_count, cumulative_count, kids, self_calls, total_calls, self_paths, total_paths, pct) VALUES(58, 58, 4000, 4000, 0, 247, 1000, 20, 20, 0.0);
INSERT INTO mainrows(id, symbol_id, self_count, cumulative_count, kids, self_calls, total_calls, self_paths, total_paths, pct) VALUES(59, 59, 8000, 8000, 0, 88, 2000, 20, 20, 0.0);
INSERT INTO mainrows(id, symbol_id, self_count, cumulative_count, kids, self_calls, total_calls, self_paths, total_paths, pct) VALUES(60, 60, 325892, 325892, 0, 75921, 81473, 70, 70, 0.0);
INSERT INTO mainrows(id, symbol_id, self_count, cumulative_count, kids, self_calls, total_calls, self_paths, total_paths, pct) VALUES(61, 61, 374400, 374400, 0, 80309, 93600, 129, 129, 0.0);
INSERT INTO mainrows(id, symbol_id, self_count, cumulative_count, kids, self_calls, total_calls, self_paths, total_paths, pct) VALUES(62, 62, 2592, 2592, 0, 594, 648, 1, 1, 0.0);
INSERT INTO mainrows(id, symbol_id, self_count, cumulative_count, kids, self_calls, total_calls, self_paths, total_paths, pct) VALUES(63, 63, 3072, 3072, 8, 94, 768, 8, 8, 0.0);
INSERT INTO mainrows(id, symbol_id, self_count, cumulative_count, kids, self_calls, total_calls, self_paths, total_paths, pct) VALUES(64, 64, 384, 384, 0, 8, 96, 1, 1, 0.0);
INSERT INTO mainrows(id, symbol_id, self_count, cumulative_count, kids, self_calls, total_calls, self_paths, total_paths, pct) VALUES(65, 65, 384, 384, 0, 12, 96, 1, 1, 0.0);
INSERT INTO mainrows(id, symbol_id, self_count, cumulative_count, kids, self_calls, total_calls, self_paths, total_paths, pct) VALUES(66, 66, 384, 384, 0, 11, 96, 1, 1, 0.0);
INSERT INTO mainrows(id, symbol_id, self_count, cumulative_count, kids, self_calls, total_calls, self_paths, total_paths, pct) VALUES(67, 67, 384, 384, 0, 14, 96, 1, 1, 0.0);
INSERT INTO mainrows(id, symbol_id, self_count, cumulative_count, kids, self_calls, total_calls, self_paths, total_paths, pct) VALUES(68, 68, 384, 384, 0, 12, 96, 1, 1, 0.0);
INSERT INTO mainrows(id, symbol_id, self_count, cumulative_count, kids, self_calls, total_calls, self_paths, total_paths, pct) VALUES(69, 69, 384, 384, 0, 12, 96, 1, 1, 0.0);
INSERT INTO mainrows(id, symbol_id, self_count, cumulative_count, kids, self_calls, total_calls, self_paths, total_paths, pct) VALUES(70, 70, 384, 384, 0, 14, 96, 1, 1, 0.0);
INSERT INTO mainrows(id, symbol_id, self_count, cumulative_count, kids, self_calls, total_calls, self_paths, total_paths, pct) VALUES(71, 71, 384, 384, 0, 11, 96, 1, 1, 0.0);
INSERT INTO mainrows(id, symbol_id, self_count, cumulative_count, kids, self_calls, total_calls, self_paths, total_paths, pct) VALUES(72, 72, 2008796, 2008796, 0, 494514, 502091, 97, 97, 0.0);
INSERT INTO parents(self_id, child_id, to_child_count, to_child_calls, to_child_paths, pct) VALUES(10,52,0,0,0,0);
INSERT INTO parents(self_id, child_id, to_child_count, to_child_calls, to_child_paths, pct) VALUES(52,53,0,0,0,0);
INSERT INTO parents(self_id, child_id, to_child_count, to_child_calls, to_child_paths, pct) VALUES(53,54,75072,18768,12,0);
INSERT INTO parents(self_id, child_id, to_child_count, to_child_calls, to_child_paths, pct) VALUES(53,55,18080,4520,62,0);
INSERT INTO parents(self_id, child_id, to_child_count, to_child_calls, to_child_paths, pct) VALUES(53,56,17600,4400,10,0);
INSERT INTO parents(self_id, child_id, to_child_count, to_child_calls, to_child_paths, pct) VALUES(53,57,26948,6737,11,0);
INSERT INTO parents(self_id, child_id, to_child_count, to_child_calls, to_child_paths, pct) VALUES(53,58,4000,1000,20,0);
INSERT INTO parents(self_id, child_id, to_child_count, to_child_calls, to_child_paths, pct) VALUES(53,59,8000,2000,20,0);
INSERT INTO parents(self_id, child_id, to_child_count, to_child_calls, to_child_paths, pct) VALUES(53,60,325892,81473,70,0);
INSERT INTO parents(self_id, child_id, to_child_count, to_child_calls, to_child_paths, pct) VALUES(53,61,374400,93600,129,0);
INSERT INTO parents(self_id, child_id, to_child_count, to_child_calls, to_child_paths, pct) VALUES(52,62,2592,648,1,0);
INSERT INTO parents(self_id, child_id, to_child_count, to_child_calls, to_child_paths, pct) VALUES(52,63,0,0,0,0);
INSERT INTO parents(self_id, child_id, to_child_count, to_child_calls, to_child_paths, pct) VALUES(63,64,384,96,1,0);
INSERT INTO parents(self_id, child_id, to_child_count, to_child_calls, to_child_paths, pct) VALUES(63,65,384,96,1,0);
INSERT INTO parents(self_id, child_id, to_child_count, to_child_calls, to_child_paths, pct) VALUES(63,66,384,96,1,0);
INSERT INTO parents(self_id, child_id, to_child_count, to_child_calls, to_child_paths, pct) VALUES(63,67,384,96,1,0);
INSERT INTO parents(self_id, child_id, to_child_count, to_child_calls, to_child_paths, pct) VALUES(63,68,384,96,1,0);
INSERT INTO parents(self_id, child_id, to_child_count, to_child_calls, to_child_paths, pct) VALUES(63,69,384,96,1,0);
INSERT INTO parents(self_id, child_id, to_child_count, to_child_calls, to_child_paths, pct) VALUES(63,70,384,96,1,0);
INSERT INTO parents(self_id, child_id, to_child_count, to_child_calls, to_child_paths, pct) VALUES(63,71,384,96,1,0);
INSERT INTO parents(self_id, child_id, to_child_count, to_child_calls, to_child_paths, pct) VALUES(52,72,2008796,502091,97,0);
INSERT INTO children(self_id, parent_id, from_parent_count, from_parent_calls, from_parent_paths, pct) VALUES(52,10,2864452,677777,0,0);
INSERT INTO children(self_id, parent_id, from_parent_count, from_parent_calls, from_parent_paths, pct) VALUES(53,52,849992,182575,0,0);
INSERT INTO children(self_id, parent_id, from_parent_count, from_parent_calls, from_parent_paths, pct) VALUES(54,53,75072,16597,12,0);
INSERT INTO children(self_id, parent_id, from_parent_count, from_parent_calls, from_parent_paths, pct) VALUES(55,53,18080,955,62,0);
INSERT INTO children(self_id, parent_id, from_parent_count, from_parent_calls, from_parent_paths, pct) VALUES(56,53,17600,4046,10,0);
INSERT INTO children(self_id, parent_id, from_parent_count, from_parent_calls, from_parent_paths, pct) VALUES(57,53,26948,4412,11,0);
INSERT INTO children(self_id, parent_id, from_parent_count, from_parent_calls, from_parent_paths, pct) VALUES(58,53,4000,247,20,0);
INSERT INTO children(self_id, parent_id, from_parent_count, from_parent_calls, from_parent_paths, pct) VALUES(59,53,8000,88,20,0);
INSERT INTO children(self_id, parent_id, from_parent_count, from_parent_calls, from_parent_paths, pct) VALUES(60,53,325892,75921,70,0);
INSERT INTO children(self_id, parent_id, from_parent_count, from_parent_calls, from_parent_paths, pct) VALUES(61,53,374400,80309,129,0);
INSERT INTO children(self_id, parent_id, from_parent_count, from_parent_calls, from_parent_paths, pct) VALUES(62,52,2592,594,1,0);
INSERT INTO children(self_id, parent_id, from_parent_count, from_parent_calls, from_parent_paths, pct) VALUES(63,52,3072,94,0,0);
INSERT INTO children(self_id, parent_id, from_parent_count, from_parent_calls, from_parent_paths, pct) VALUES(64,63,384,8,1,0);
INSERT INTO children(self_id, parent_id, from_parent_count, from_parent_calls, from_parent_paths, pct) VALUES(65,63,384,12,1,0);
INSERT INTO children(self_id, parent_id, from_parent_count, from_parent_calls, from_parent_paths, pct) VALUES(66,63,384,11,1,0);
INSERT INTO children(self_id, parent_id, from_parent_count, from_parent_calls, from_parent_paths, pct) VALUES(67,63,384,14,1,0);
INSERT INTO children(self_id, parent_id, from_parent_count, from_parent_calls, from_parent_paths, pct) VALUES(68,63,384,12,1,0);
INSERT INTO children(self_id, parent_id, from_parent_count, from_parent_calls, from_parent_paths, pct) VALUES(69,63,384,12,1,0);
INSERT INTO children(self_id, parent_id, from_parent_count, from_parent_calls, from_parent_paths, pct) VALUES(70,63,384,14,1,0);
INSERT INTO children(self_id, parent_id, from_parent_count, from_parent_calls, from_parent_paths, pct) VALUES(71,63,384,11,1,0);
INSERT INTO children(self_id, parent_id, from_parent_count, from_parent_calls, from_parent_paths, pct) VALUES(72,52,2008796,494514,97,0);
INSERT INTO mainrows(id, symbol_id, self_count, cumulative_count, kids, self_calls, total_calls, self_paths, total_paths, pct) VALUES(73, 73, 884580, 884580, 1, 187309, 218909, 69, 69, 0.0);
INSERT INTO mainrows(id, symbol_id, self_count, cumulative_count, kids, self_calls, total_calls, self_paths, total_paths, pct) VALUES(74, 74, 884580, 884580, 0, 187309, 218909, 69, 69, 0.0);
INSERT INTO parents(self_id, child_id, to_child_count, to_child_calls, to_child_paths, pct) VALUES(10,73,0,0,0,0);
INSERT INTO parents(self_id, child_id, to_child_count, to_child_calls, to_child_paths, pct) VALUES(73,74,884580,218909,69,0);
INSERT INTO children(self_id, parent_id, from_parent_count, from_parent_calls, from_parent_paths, pct) VALUES(73,10,884580,187309,0,0);
INSERT INTO children(self_id, parent_id, from_parent_count, from_parent_calls, from_parent_paths, pct) VALUES(74,73,884580,187309,69,0);
INSERT INTO mainrows(id, symbol_id, self_count, cumulative_count, kids, self_calls, total_calls, self_paths, total_paths, pct) VALUES(75, 75, 663160, 663160, 11, 14867, 165566, 1715, 1715, 0.0);
INSERT INTO mainrows(id, symbol_id, self_count, cumulative_count, kids, self_calls, total_calls, self_paths, total_paths, pct) VALUES(76, 76, 896, 896, 0, 201, 224, 1, 1, 0.0);
INSERT INTO mainrows(id, symbol_id, self_count, cumulative_count, kids, self_calls, total_calls, self_paths, total_paths, pct) VALUES(77, 77, 264, 264, 0, 48, 66, 3, 3, 0.0);
INSERT INTO mainrows(id, symbol_id, self_count, cumulative_count, kids, self_calls, total_calls, self_paths, total_paths, pct) VALUES(78, 78, 38152, 38152, 0, 6436, 9314, 898, 898, 0.0);
INSERT INTO mainrows(id, symbol_id, self_count, cumulative_count, kids, self_calls, total_calls, self_paths, total_paths, pct) VALUES(79, 79, 12, 12, 0, 0, 3, 1, 1, 0.0);
INSERT INTO mainrows(id, symbol_id, self_count, cumulative_count, kids, self_calls, total_calls, self_paths, total_paths, pct) VALUES(80, 80, 34856, 34856, 1, 1656, 8714, 83, 83, 0.0);
INSERT INTO mainrows(id, symbol_id, self_count, cumulative_count, kids, self_calls, total_calls, self_paths, total_paths, pct) VALUES(81, 81, 34856, 34856, 1, 1656, 8714, 83, 83, 0.0);
INSERT INTO mainrows(id, symbol_id, self_count, cumulative_count, kids, self_calls, total_calls, self_paths, total_paths, pct) VALUES(82, 82, 29696, 29696, 0, 1414, 7424, 62, 62, 0.0);
INSERT INTO mainrows(id, symbol_id, self_count, cumulative_count, kids, self_calls, total_calls, self_paths, total_paths, pct) VALUES(83, 83, 551840, 551840, 1, 2982, 137960, 682, 682, 0.0);
INSERT INTO mainrows(id, symbol_id, self_count, cumulative_count, kids, self_calls, total_calls, self_paths, total_paths, pct) VALUES(84, 84, 546560, 546560, 0, 2401, 136640, 672, 672, 0.0);
INSERT INTO mainrows(id, symbol_id, self_count, cumulative_count, kids, self_calls, total_calls, self_paths, total_paths, pct) VALUES(85, 85, 26496, 26496, 0, 2619, 6624, 20, 20, 0.0);
INSERT INTO mainrows(id, symbol_id, self_count, cumulative_count, kids, self_calls, total_calls, self_paths, total_paths, pct) VALUES(86, 86, 4044, 4044, 1, 713, 1011, 11, 11, 0.0);
INSERT INTO mainrows(id, symbol_id, self_count, cumulative_count, kids, self_calls, total_calls, self_paths, total_paths, pct) VALUES(87, 87, 120, 120, 0, 30, 30, 2, 2, 0.0);
INSERT INTO mainrows(id, symbol_id, self_count, cumulative_count, kids, self_calls, total_calls, self_paths, total_paths, pct) VALUES(88, 88, 4904, 4904, 0, 0, 1226, 13, 13, 0.0);
INSERT INTO mainrows(id, symbol_id, self_count, cumulative_count, kids, self_calls, total_calls, self_paths, total_paths, pct) VALUES(89, 89, 800, 800, 0, 3, 200, 2, 2, 0.0);
INSERT INTO mainrows(id, symbol_id, self_count, cumulative_count, kids, self_calls, total_calls, self_paths, total_paths, pct) VALUES(90, 90, 896, 896, 1, 209, 224, 1, 1, 0.0);
INSERT INTO mainrows(id, symbol_id, self_count, cumulative_count, kids, self_calls, total_calls, self_paths, total_paths, pct) VALUES(91, 91, 0, 0, 0, 0, 0, 0, 0, 0.0);
INSERT INTO parents(self_id, child_id, to_child_count, to_child_calls, to_child_paths, pct) VALUES(10,75,0,0,0,0);
INSERT INTO parents(self_id, child_id, to_child_count, to_child_calls, to_child_paths, pct) VALUES(75,76,896,224,1,0);
INSERT INTO parents(self_id, child_id, to_child_count, to_child_calls, to_child_paths, pct) VALUES(75,77,264,66,3,0);
INSERT INTO parents(self_id, child_id, to_child_count, to_child_calls, to_child_paths, pct) VALUES(75,78,38152,9314,898,0);
INSERT INTO parents(self_id, child_id, to_child_count, to_child_calls, to_child_paths, pct) VALUES(75,79,12,3,1,0);
INSERT INTO parents(self_id, child_id, to_child_count, to_child_calls, to_child_paths, pct) VALUES(75,80,0,0,0,0);
INSERT INTO parents(self_id, child_id, to_child_count, to_child_calls, to_child_paths, pct) VALUES(80,81,5160,1290,21,0);
INSERT INTO parents(self_id, child_id, to_child_count, to_child_calls, to_child_paths, pct) VALUES(81,82,29696,7424,62,0);
INSERT INTO parents(self_id, child_id, to_child_count, to_child_calls, to_child_paths, pct) VALUES(75,83,5280,1320,10,0);
INSERT INTO parents(self_id, child_id, to_child_count, to_child_calls, to_child_paths, pct) VALUES(83,84,546560,136640,672,0);
INSERT INTO parents(self_id, child_id, to_child_count, to_child_calls, to_child_paths, pct) VALUES(75,85,26496,6624,20,0);
INSERT INTO parents(self_id, child_id, to_child_count, to_child_calls, to_child_paths, pct) VALUES(75,86,3924,981,9,0);
INSERT INTO parents(self_id, child_id, to_child_count, to_child_calls, to_child_paths, pct) VALUES(86,87,120,30,2,0);
INSERT INTO parents(self_id, child_id, to_child_count, to_child_calls, to_child_paths, pct) VALUES(75,88,4904,1226,13,0);
INSERT INTO parents(self_id, child_id, to_child_count, to_child_calls, to_child_paths, pct) VALUES(75,89,800,200,2,0);
INSERT INTO parents(self_id, child_id, to_child_count, to_child_calls, to_child_paths, pct) VALUES(75,90,896,224,1,0);
INSERT INTO parents(self_id, child_id, to_child_count, to_child_calls, to_child_paths, pct) VALUES(90,91,0,0,0,0);
INSERT INTO children(self_id, parent_id, from_parent_count, from_parent_calls, from_parent_paths, pct) VALUES(75,10,663160,14867,0,0);
INSERT INTO children(self_id, parent_id, from_parent_count, from_parent_calls, from_parent_paths, pct) VALUES(76,75,896,201,1,0);
INSERT INTO children(self_id, parent_id, from_parent_count, from_parent_calls, from_parent_paths, pct) VALUES(77,75,264,48,3,0);
INSERT INTO children(self_id, parent_id, from_parent_count, from_parent_calls, from_parent_paths, pct) VALUES(78,75,38152,6436,898,0);
INSERT INTO children(self_id, parent_id, from_parent_count, from_parent_calls, from_parent_paths, pct) VALUES(79,75,12,0,1,0);
INSERT INTO children(self_id, parent_id, from_parent_count, from_parent_calls, from_parent_paths, pct) VALUES(80,75,34856,1656,0,0);
INSERT INTO children(self_id, parent_id, from_parent_count, from_parent_calls, from_parent_paths, pct) VALUES(81,80,34856,1656,21,0);
INSERT INTO children(self_id, parent_id, from_parent_count, from_parent_calls, from_parent_paths, pct) VALUES(82,81,29696,1414,62,0);
INSERT INTO children(self_id, parent_id, from_parent_count, from_parent_calls, from_parent_paths, pct) VALUES(83,75,551840,2982,10,0);
INSERT INTO children(self_id, parent_id, from_parent_count, from_parent_calls, from_parent_paths, pct) VALUES(84,83,546560,2401,672,0);
INSERT INTO children(self_id, parent_id, from_parent_count, from_parent_calls, from_parent_paths, pct) VALUES(85,75,26496,2619,20,0);
INSERT INTO children(self_id, parent_id, from_parent_count, from_parent_calls, from_parent_paths, pct) VALUES(86,75,4044,713,9,0);
INSERT INTO children(self_id, parent_id, from_parent_count, from_parent_calls, from_parent_paths, pct) VALUES(87,86,120,30,2,0);
INSERT INTO children(self_id, parent_id, from_parent_count, from_parent_calls, from_parent_paths, pct) VALUES(88,75,4904,0,13,0);
INSERT INTO children(self_id, parent_id, from_parent_count, from_parent_calls, from_parent_paths, pct) VALUES(89,75,800,3,2,0);
INSERT INTO children(self_id, parent_id, from_parent_count, from_parent_calls, from_parent_paths, pct) VALUES(90,75,896,209,1,0);
INSERT INTO children(self_id, parent_id, from_parent_count, from_parent_calls, from_parent_paths, pct) VALUES(91,90,0,0,0,0);
INSERT INTO mainrows(id, symbol_id, self_count, cumulative_count, kids, self_calls, total_calls, self_paths, total_paths, pct) VALUES(92, 92, 336416, 336416, 1, 5582, 52583, 71, 71, 0.0);
INSERT INTO mainrows(id, symbol_id, self_count, cumulative_count, kids, self_calls, total_calls, self_paths, total_paths, pct) VALUES(93, 93, 336416, 336416, 1, 5582, 52583, 71, 71, 0.0);
INSERT INTO mainrows(id, symbol_id, self_count, cumulative_count, kids, self_calls, total_calls, self_paths, total_paths, pct) VALUES(94, 94, 218016, 218016, 1, 5458, 36983, 59, 59, 0.0);
INSERT INTO mainrows(id, symbol_id, self_count, cumulative_count, kids, self_calls, total_calls, self_paths, total_paths, pct) VALUES(95, 95, 61048, 61048, 0, 5270, 15262, 40, 40, 0.0);
INSERT INTO parents(self_id, child_id, to_child_count, to_child_calls, to_child_paths, pct) VALUES(10,92,0,0,0,0);
INSERT INTO parents(self_id, child_id, to_child_count, to_child_calls, to_child_paths, pct) VALUES(92,93,118400,15600,12,0);
INSERT INTO parents(self_id, child_id, to_child_count, to_child_calls, to_child_paths, pct) VALUES(93,94,156968,21721,19,0);
INSERT INTO parents(self_id, child_id, to_child_count, to_child_calls, to_child_paths, pct) VALUES(94,95,61048,15262,40,0);
INSERT INTO children(self_id, parent_id, from_parent_count, from_parent_calls, from_parent_paths, pct) VALUES(92,10,336416,5582,0,0);
INSERT INTO children(self_id, parent_id, from_parent_count, from_parent_calls, from_parent_paths, pct) VALUES(93,92,336416,5582,12,0);
INSERT INTO children(self_id, parent_id, from_parent_count, from_parent_calls, from_parent_paths, pct) VALUES(94,93,218016,5458,19,0);
INSERT INTO children(self_id, parent_id, from_parent_count, from_parent_calls, from_parent_paths, pct) VALUES(95,94,61048,5270,40,0);
INSERT INTO mainrows(id, symbol_id, self_count, cumulative_count, kids, self_calls, total_calls, self_paths, total_paths, pct) VALUES(96, 96, 1053320, 1053320, 8, 39839, 263330, 2287, 2287, 0.0);
INSERT INTO mainrows(id, symbol_id, self_count, cumulative_count, kids, self_calls, total_calls, self_paths, total_paths, pct) VALUES(97, 97, 173360, 173360, 10, 33832, 43340, 152, 152, 0.0);
INSERT INTO mainrows(id, symbol_id, self_count, cumulative_count, kids, self_calls, total_calls, self_paths, total_paths, pct) VALUES(98, 98, 16308, 16308, 12, 3167, 4077, 14, 14, 0.0);
INSERT INTO mainrows(id, symbol_id, self_count, cumulative_count, kids, self_calls, total_calls, self_paths, total_paths, pct) VALUES(99, 99, 1144, 1144, 0, 253, 286, 1, 1, 0.0);
INSERT INTO mainrows(id, symbol_id, self_count, cumulative_count, kids, self_calls, total_calls, self_paths, total_paths, pct) VALUES(100, 100, 1144, 1144, 0, 253, 286, 1, 1, 0.0);
INSERT INTO mainrows(id, symbol_id, self_count, cumulative_count, kids, self_calls, total_calls, self_paths, total_paths, pct) VALUES(101, 101, 1144, 1144, 0, 253, 286, 1, 1, 0.0);
INSERT INTO mainrows(id, symbol_id, self_count, cumulative_count, kids, self_calls, total_calls, self_paths, total_paths, pct) VALUES(102, 102, 1144, 1144, 0, 253, 286, 1, 1, 0.0);
INSERT INTO mainrows(id, symbol_id, self_count, cumulative_count, kids, self_calls, total_calls, self_paths, total_paths, pct) VALUES(103, 103, 1144, 1144, 0, 253, 286, 1, 1, 0.0);
INSERT INTO mainrows(id, symbol_id, self_count, cumulative_count, kids, self_calls, total_calls, self_paths, total_paths, pct) VALUES(104, 104, 1144, 1144, 0, 253, 286, 1, 1, 0.0);
INSERT INTO mainrows(id, symbol_id, self_count, cumulative_count, kids, self_calls, total_calls, self_paths, total_paths, pct) VALUES(105, 105, 1144, 1144, 0, 253, 286, 1, 1, 0.0);
INSERT INTO mainrows(id, symbol_id, self_count, cumulative_count, kids, self_calls, total_calls, self_paths, total_paths, pct) VALUES(106, 106, 1144, 1144, 0, 253, 286, 1, 1, 0.0);
INSERT INTO mainrows(id, symbol_id, self_count, cumulative_count, kids, self_calls, total_calls, self_paths, total_paths, pct) VALUES(107, 107, 1144, 1144, 0, 253, 286, 1, 1, 0.0);
INSERT INTO mainrows(id, symbol_id, self_count, cumulative_count, kids, self_calls, total_calls, self_paths, total_paths, pct) VALUES(108, 108, 1144, 1144, 0, 253, 286, 1, 1, 0.0);
INSERT INTO mainrows(id, symbol_id, self_count, cumulative_count, kids, self_calls, total_calls, self_paths, total_paths, pct) VALUES(109, 109, 1144, 1144, 0, 253, 286, 1, 1, 0.0);
INSERT INTO mainrows(id, symbol_id, self_count, cumulative_count, kids, self_calls, total_calls, self_paths, total_paths, pct) VALUES(110, 110, 1144, 1144, 0, 253, 286, 1, 1, 0.0);
INSERT INTO mainrows(id, symbol_id, self_count, cumulative_count, kids, self_calls, total_calls, self_paths, total_paths, pct) VALUES(111, 111, 16308, 16308, 12, 3168, 4077, 14, 14, 0.0);
INSERT INTO mainrows(id, symbol_id, self_count, cumulative_count, kids, self_calls, total_calls, self_paths, total_paths, pct) VALUES(112, 112, 1144, 1144, 0, 253, 286, 1, 1, 0.0);
INSERT INTO mainrows(id, symbol_id, self_count, cumulative_count, kids, self_calls, total_calls, self_paths, total_paths, pct) VALUES(113, 113, 1144, 1144, 0, 253, 286, 1, 1, 0.0);
INSERT INTO mainrows(id, symbol_id, self_count, cumulative_count, kids, self_calls, total_calls, self_paths, total_paths, pct) VALUES(114, 114, 1144, 1144, 0, 253, 286, 1, 1, 0.0);
INSERT INTO mainrows(id, symbol_id, self_count, cumulative_count, kids, self_calls, total_calls, self_paths, total_paths, pct) VALUES(115, 115, 1144, 1144, 0, 253, 286, 1, 1, 0.0);
INSERT INTO mainrows(id, symbol_id, self_count, cumulative_count, kids, self_calls, total_calls, self_paths, total_paths, pct) VALUES(116, 116, 1144, 1144, 0, 253, 286, 1, 1, 0.0);
INSERT INTO mainrows(id, symbol_id, self_count, cumulative_count, kids, self_calls, total_calls, self_paths, total_paths, pct) VALUES(117, 117, 1144, 1144, 0, 253, 286, 1, 1, 0.0);
INSERT INTO mainrows(id, symbol_id, self_count, cumulative_count, kids, self_calls, total_calls, self_paths, total_paths, pct) VALUES(118, 118, 1144, 1144, 0, 253, 286, 1, 1, 0.0);
INSERT INTO mainrows(id, symbol_id, self_count, cumulative_count, kids, self_calls, total_calls, self_paths, total_paths, pct) VALUES(119, 119, 1144, 1144, 0, 253, 286, 1, 1, 0.0);
INSERT INTO mainrows(id, symbol_id, self_count, cumulative_count, kids, self_calls, total_calls, self_paths, total_paths, pct) VALUES(120, 120, 1144, 1144, 0, 253, 286, 1, 1, 0.0);
INSERT INTO mainrows(id, symbol_id, self_count, cumulative_count, kids, self_calls, total_calls, self_paths, total_paths, pct) VALUES(121, 121, 1144, 1144, 0, 253, 286, 1, 1, 0.0);
INSERT INTO mainrows(id, symbol_id, self_count, cumulative_count, kids, self_calls, total_calls, self_paths, total_paths, pct) VALUES(122, 122, 1144, 1144, 0, 253, 286, 1, 1, 0.0);
INSERT INTO mainrows(id, symbol_id, self_count, cumulative_count, kids, self_calls, total_calls, self_paths, total_paths, pct) VALUES(123, 123, 1144, 1144, 0, 253, 286, 1, 1, 0.0);
INSERT INTO mainrows(id, symbol_id, self_count, cumulative_count, kids, self_calls, total_calls, self_paths, total_paths, pct) VALUES(124, 124, 16308, 16308, 12, 3166, 4077, 14, 14, 0.0);
INSERT INTO mainrows(id, symbol_id, self_count, cumulative_count, kids, self_calls, total_calls, self_paths, total_paths, pct) VALUES(125, 125, 1144, 1144, 0, 253, 286, 1, 1, 0.0);
INSERT INTO mainrows(id, symbol_id, self_count, cumulative_count, kids, self_calls, total_calls, self_paths, total_paths, pct) VALUES(126, 126, 1144, 1144, 0, 253, 286, 1, 1, 0.0);
INSERT INTO mainrows(id, symbol_id, self_count, cumulative_count, kids, self_calls, total_calls, self_paths, total_paths, pct) VALUES(127, 127, 1144, 1144, 0, 253, 286, 1, 1, 0.0);
INSERT INTO mainrows(id, symbol_id, self_count, cumulative_count, kids, self_calls, total_calls, self_paths, total_paths, pct) VALUES(128, 128, 1144, 1144, 0, 253, 286, 1, 1, 0.0);
INSERT INTO mainrows(id, symbol_id, self_count, cumulative_count, kids, self_calls, total_calls, self_paths, total_paths, pct) VALUES(129, 129, 1144, 1144, 0, 253, 286, 1, 1, 0.0);
INSERT INTO mainrows(id, symbol_id, self_count, cumulative_count, kids, self_calls, total_calls, self_paths, total_paths, pct) VALUES(130, 130, 1144, 1144, 0, 253, 286, 1, 1, 0.0);
INSERT INTO mainrows(id, symbol_id, self_count, cumulative_count, kids, self_calls, total_calls, self_paths, total_paths, pct) VALUES(131, 131, 1144, 1144, 0, 253, 286, 1, 1, 0.0);
INSERT INTO mainrows(id, symbol_id, self_count, cumulative_count, kids, self_calls, total_calls, self_paths, total_paths, pct) VALUES(132, 132, 1144, 1144, 0, 253, 286, 1, 1, 0.0);
INSERT INTO mainrows(id, symbol_id, self_count, cumulative_count, kids, self_calls, total_calls, self_paths, total_paths, pct) VALUES(133, 133, 1144, 1144, 0, 253, 286, 1, 1, 0.0);
INSERT INTO mainrows(id, symbol_id, self_count, cumulative_count, kids, self_calls, total_calls, self_paths, total_paths, pct) VALUES(134, 134, 1144, 1144, 0, 253, 286, 1, 1, 0.0);
INSERT INTO mainrows(id, symbol_id, self_count, cumulative_count, kids, self_calls, total_calls, self_paths, total_paths, pct) VALUES(135, 135, 1144, 1144, 0, 253, 286, 1, 1, 0.0);
INSERT INTO mainrows(id, symbol_id, self_count, cumulative_count, kids, self_calls, total_calls, self_paths, total_paths, pct) VALUES(136, 136, 1144, 1144, 0, 253, 286, 1, 1, 0.0);
INSERT INTO mainrows(id, symbol_id, self_count, cumulative_count, kids, self_calls, total_calls, self_paths, total_paths, pct) VALUES(137, 137, 16308, 16308, 12, 3165, 4077, 14, 14, 0.0);
INSERT INTO mainrows(id, symbol_id, self_count, cumulative_count, kids, self_calls, total_calls, self_paths, total_paths, pct) VALUES(138, 138, 1144, 1144, 0, 253, 286, 1, 1, 0.0);
INSERT INTO mainrows(id, symbol_id, self_count, cumulative_count, kids, self_calls, total_calls, self_paths, total_paths, pct) VALUES(139, 139, 1144, 1144, 0, 253, 286, 1, 1, 0.0);
INSERT INTO mainrows(id, symbol_id, self_count, cumulative_count, kids, self_calls, total_calls, self_paths, total_paths, pct) VALUES(140, 140, 1144, 1144, 0, 253, 286, 1, 1, 0.0);
INSERT INTO mainrows(id, symbol_id, self_count, cumulative_count, kids, self_calls, total_calls, self_paths, total_paths, pct) VALUES(141, 141, 1144, 1144, 0, 253, 286, 1, 1, 0.0);
INSERT INTO mainrows(id, symbol_id, self_count, cumulative_count, kids, self_calls, total_calls, self_paths, total_paths, pct) VALUES(142, 142, 1144, 1144, 0, 253, 286, 1, 1, 0.0);
INSERT INTO mainrows(id, symbol_id, self_count, cumulative_count, kids, self_calls, total_calls, self_paths, total_paths, pct) VALUES(143, 143, 1144, 1144, 0, 253, 286, 1, 1, 0.0);
INSERT INTO mainrows(id, symbol_id, self_count, cumulative_count, kids, self_calls, total_calls, self_paths, total_paths, pct) VALUES(144, 144, 1144, 1144, 0, 253, 286, 1, 1, 0.0);
INSERT INTO mainrows(id, symbol_id, self_count, cumulative_count, kids, self_calls, total_calls, self_paths, total_paths, pct) VALUES(145, 145, 1144, 1144, 0, 253, 286, 1, 1, 0.0);
INSERT INTO mainrows(id, symbol_id, self_count, cumulative_count, kids, self_calls, total_calls, self_paths, total_paths, pct) VALUES(146, 146, 1144, 1144, 0, 253, 286, 1, 1, 0.0);
INSERT INTO mainrows(id, symbol_id, self_count, cumulative_count, kids, self_calls, total_calls, self_paths, total_paths, pct) VALUES(147, 147, 1144, 1144, 0, 253, 286, 1, 1, 0.0);
INSERT INTO mainrows(id, symbol_id, self_count, cumulative_count, kids, self_calls, total_calls, self_paths, total_paths, pct) VALUES(148, 148, 1144, 1144, 0, 253, 286, 1, 1, 0.0);
INSERT INTO mainrows(id, symbol_id, self_count, cumulative_count, kids, self_calls, total_calls, self_paths, total_paths, pct) VALUES(149, 149, 1144, 1144, 0, 253, 286, 1, 1, 0.0);
INSERT INTO mainrows(id, symbol_id, self_count, cumulative_count, kids, self_calls, total_calls, self_paths, total_paths, pct) VALUES(150, 150, 16308, 16308, 12, 3168, 4077, 14, 14, 0.0);
INSERT INTO mainrows(id, symbol_id, self_count, cumulative_count, kids, self_calls, total_calls, self_paths, total_paths, pct) VALUES(151, 151, 1144, 1144, 0, 253, 286, 1, 1, 0.0);
INSERT INTO mainrows(id, symbol_id, self_count, cumulative_count, kids, self_calls, total_calls, self_paths, total_paths, pct) VALUES(152, 152, 1144, 1144, 0, 253, 286, 1, 1, 0.0);
INSERT INTO mainrows(id, symbol_id, self_count, cumulative_count, kids, self_calls, total_calls, self_paths, total_paths, pct) VALUES(153, 153, 1144, 1144, 0, 253, 286, 1, 1, 0.0);
INSERT INTO mainrows(id, symbol_id, self_count, cumulative_count, kids, self_calls, total_calls, self_paths, total_paths, pct) VALUES(154, 154, 1144, 1144, 0, 253, 286, 1, 1, 0.0);
INSERT INTO mainrows(id, symbol_id, self_count, cumulative_count, kids, self_calls, total_calls, self_paths, total_paths, pct) VALUES(155, 155, 1144, 1144, 0, 253, 286, 1, 1, 0.0);
INSERT INTO mainrows(id, symbol_id, self_count, cumulative_count, kids, self_calls, total_calls, self_paths, total_paths, pct) VALUES(156, 156, 1144, 1144, 0, 253, 286, 1, 1, 0.0);
INSERT INTO mainrows(id, symbol_id, self_count, cumulative_count, kids, self_calls, total_calls, self_paths, total_paths, pct) VALUES(157, 157, 1144, 1144, 0, 253, 286, 1, 1, 0.0);
INSERT INTO mainrows(id, symbol_id, self_count, cumulative_count, kids, self_calls, total_calls, self_paths, total_paths, pct) VALUES(158, 158, 1144, 1144, 0, 253, 286, 1, 1, 0.0);
INSERT INTO mainrows(id, symbol_id, self_count, cumulative_count, kids, self_calls, total_calls, self_paths, total_paths, pct) VALUES(159, 159, 1144, 1144, 0, 253, 286, 1, 1, 0.0);
INSERT INTO mainrows(id, symbol_id, self_count, cumulative_count, kids, self_calls, total_calls, self_paths, total_paths, pct) VALUES(160, 160, 1144, 1144, 0, 253, 286, 1, 1, 0.0);
INSERT INTO mainrows(id, symbol_id, self_count, cumulative_count, kids, self_calls, total_calls, self_paths, total_paths, pct) VALUES(161, 161, 1144, 1144, 0, 253, 286, 1, 1, 0.0);
INSERT INTO mainrows(id, symbol_id, self_count, cumulative_count, kids, self_calls, total_calls, self_paths, total_paths, pct) VALUES(162, 162, 1144, 1144, 0, 253, 286, 1, 1, 0.0);
INSERT INTO mainrows(id, symbol_id, self_count, cumulative_count, kids, self_calls, total_calls, self_paths, total_paths, pct) VALUES(163, 163, 16308, 16308, 12, 3157, 4077, 14, 14, 0.0);
INSERT INTO mainrows(id, symbol_id, self_count, cumulative_count, kids, self_calls, total_calls, self_paths, total_paths, pct) VALUES(164, 164, 1144, 1144, 0, 253, 286, 1, 1, 0.0);
INSERT INTO mainrows(id, symbol_id, self_count, cumulative_count, kids, self_calls, total_calls, self_paths, total_paths, pct) VALUES(165, 165, 1144, 1144, 0, 253, 286, 1, 1, 0.0);
INSERT INTO mainrows(id, symbol_id, self_count, cumulative_count, kids, self_calls, total_calls, self_paths, total_paths, pct) VALUES(166, 166, 1144, 1144, 0, 253, 286, 1, 1, 0.0);
INSERT INTO mainrows(id, symbol_id, self_count, cumulative_count, kids, self_calls, total_calls, self_paths, total_paths, pct) VALUES(167, 167, 1144, 1144, 0, 253, 286, 1, 1, 0.0);
INSERT INTO mainrows(id, symbol_id, self_count, cumulative_count, kids, self_calls, total_calls, self_paths, total_paths, pct) VALUES(168, 168, 1144, 1144, 0, 253, 286, 1, 1, 0.0);
INSERT INTO mainrows(id, symbol_id, self_count, cumulative_count, kids, self_calls, total_calls, self_paths, total_paths, pct) VALUES(169, 169, 1144, 1144, 0, 253, 286, 1, 1, 0.0);
INSERT INTO mainrows(id, symbol_id, self_count, cumulative_count, kids, self_calls, total_calls, self_paths, total_paths, pct) VALUES(170, 170, 1144, 1144, 0, 253, 286, 1, 1, 0.0);
INSERT INTO mainrows(id, symbol_id, self_count, cumulative_count, kids, self_calls, total_calls, self_paths, total_paths, pct) VALUES(171, 171, 1144, 1144, 0, 253, 286, 1, 1, 0.0);
INSERT INTO mainrows(id, symbol_id, self_count, cumulative_count, kids, self_calls, total_calls, self_paths, total_paths, pct) VALUES(172, 172, 1144, 1144, 0, 253, 286, 1, 1, 0.0);
INSERT INTO mainrows(id, symbol_id, self_count, cumulative_count, kids, self_calls, total_calls, self_paths, total_paths, pct) VALUES(173, 173, 1144, 1144, 0, 253, 286, 1, 1, 0.0);
INSERT INTO mainrows(id, symbol_id, self_count, cumulative_count, kids, self_calls, total_calls, self_paths, total_paths, pct) VALUES(174, 174, 1144, 1144, 0, 253, 286, 1, 1, 0.0);
INSERT INTO mainrows(id, symbol_id, self_count, cumulative_count, kids, self_calls, total_calls, self_paths, total_paths, pct) VALUES(175, 175, 1144, 1144, 0, 253, 286, 1, 1, 0.0);
INSERT INTO mainrows(id, symbol_id, self_count, cumulative_count, kids, self_calls, total_calls, self_paths, total_paths, pct) VALUES(176, 176, 16308, 16308, 12, 3157, 4077, 14, 14, 0.0);
INSERT INTO mainrows(id, symbol_id, self_count, cumulative_count, kids, self_calls, total_calls, self_paths, total_paths, pct) VALUES(177, 177, 1144, 1144, 0, 253, 286, 1, 1, 0.0);
INSERT INTO mainrows(id, symbol_id, self_count, cumulative_count, kids, self_calls, total_calls, self_paths, total_paths, pct) VALUES(178, 178, 1144, 1144, 0, 253, 286, 1, 1, 0.0);
INSERT INTO mainrows(id, symbol_id, self_count, cumulative_count, kids, self_calls, total_calls, self_paths, total_paths, pct) VALUES(179, 179, 1144, 1144, 0, 253, 286, 1, 1, 0.0);
INSERT INTO mainrows(id, symbol_id, self_count, cumulative_count, kids, self_calls, total_calls, self_paths, total_paths, pct) VALUES(180, 180, 1144, 1144, 0, 253, 286, 1, 1, 0.0);
INSERT INTO mainrows(id, symbol_id, self_count, cumulative_count, kids, self_calls, total_calls, self_paths, total_paths, pct) VALUES(181, 181, 1144, 1144, 0, 253, 286, 1, 1, 0.0);
INSERT INTO mainrows(id, symbol_id, self_count, cumulative_count, kids, self_calls, total_calls, self_paths, total_paths, pct) VALUES(182, 182, 1144, 1144, 0, 253, 286, 1, 1, 0.0);
INSERT INTO mainrows(id, symbol_id, self_count, cumulative_count, kids, self_calls, total_calls, self_paths, total_paths, pct) VALUES(183, 183, 1144, 1144, 0, 253, 286, 1, 1, 0.0);
INSERT INTO mainrows(id, symbol_id, self_count, cumulative_count, kids, self_calls, total_calls, self_paths, total_paths, pct) VALUES(184, 184, 1144, 1144, 0, 253, 286, 1, 1, 0.0);
INSERT INTO mainrows(id, symbol_id, self_count, cumulative_count, kids, self_calls, total_calls, self_paths, total_paths, pct) VALUES(185, 185, 1144, 1144, 0, 253, 286, 1, 1, 0.0);
INSERT INTO mainrows(id, symbol_id, self_count, cumulative_count, kids, self_calls, total_calls, self_paths, total_paths, pct) VALUES(186, 186, 1144, 1144, 0, 253, 286, 1, 1, 0.0);
INSERT INTO mainrows(id, symbol_id, self_count, cumulative_count, kids, self_calls, total_calls, self_paths, total_paths, pct) VALUES(187, 187, 1144, 1144, 0, 253, 286, 1, 1, 0.0);
INSERT INTO mainrows(id, symbol_id, self_count, cumulative_count, kids, self_calls, total_calls, self_paths, total_paths, pct) VALUES(188, 188, 1144, 1144, 0, 253, 286, 1, 1, 0.0);
INSERT INTO mainrows(id, symbol_id, self_count, cumulative_count, kids, self_calls, total_calls, self_paths, total_paths, pct) VALUES(189, 189, 16308, 16308, 12, 3157, 4077, 14, 14, 0.0);
INSERT INTO mainrows(id, symbol_id, self_count, cumulative_count, kids, self_calls, total_calls, self_paths, total_paths, pct) VALUES(190, 190, 1144, 1144, 0, 253, 286, 1, 1, 0.0);
INSERT INTO mainrows(id, symbol_id, self_count, cumulative_count, kids, self_calls, total_calls, self_paths, total_paths, pct) VALUES(191, 191, 1144, 1144, 0, 253, 286, 1, 1, 0.0);
INSERT INTO mainrows(id, symbol_id, self_count, cumulative_count, kids, self_calls, total_calls, self_paths, total_paths, pct) VALUES(192, 192, 1144, 1144, 0, 253, 286, 1, 1, 0.0);
INSERT INTO mainrows(id, symbol_id, self_count, cumulative_count, kids, self_calls, total_calls, self_paths, total_paths, pct) VALUES(193, 193, 1144, 1144, 0, 253, 286, 1, 1, 0.0);
INSERT INTO mainrows(id, symbol_id, self_count, cumulative_count, kids, self_calls, total_calls, self_paths, total_paths, pct) VALUES(194, 194, 1144, 1144, 0, 253, 286, 1, 1, 0.0);
INSERT INTO mainrows(id, symbol_id, self_count, cumulative_count, kids, self_calls, total_calls, self_paths, total_paths, pct) VALUES(195, 195, 1144, 1144, 0, 253, 286, 1, 1, 0.0);
INSERT INTO mainrows(id, symbol_id, self_count, cumulative_count, kids, self_calls, total_calls, self_paths, total_paths, pct) VALUES(196, 196, 1144, 1144, 0, 253, 286, 1, 1, 0.0);
INSERT INTO mainrows(id, symbol_id, self_count, cumulative_count, kids, self_calls, total_calls, self_paths, total_paths, pct) VALUES(197, 197, 1144, 1144, 0, 253, 286, 1, 1, 0.0);
INSERT INTO mainrows(id, symbol_id, self_count, cumulative_count, kids, self_calls, total_calls, self_paths, total_paths, pct) VALUES(198, 198, 1144, 1144, 0, 253, 286, 1, 1, 0.0);
INSERT INTO mainrows(id, symbol_id, self_count, cumulative_count, kids, self_calls, total_calls, self_paths, total_paths, pct) VALUES(199, 199, 1144, 1144, 0, 253, 286, 1, 1, 0.0);
INSERT INTO mainrows(id, symbol_id, self_count, cumulative_count, kids, self_calls, total_calls, self_paths, total_paths, pct) VALUES(200, 200, 1144, 1144, 0, 253, 286, 1, 1, 0.0);
INSERT INTO mainrows(id, symbol_id, self_count, cumulative_count, kids, self_calls, total_calls, self_paths, total_paths, pct) VALUES(201, 201, 1144, 1144, 0, 253, 286, 1, 1, 0.0);
INSERT INTO mainrows(id, symbol_id, self_count, cumulative_count, kids, self_calls, total_calls, self_paths, total_paths, pct) VALUES(202, 202, 16308, 16308, 12, 3157, 4077, 14, 14, 0.0);
INSERT INTO mainrows(id, symbol_id, self_count, cumulative_count, kids, self_calls, total_calls, self_paths, total_paths, pct) VALUES(203, 203, 1144, 1144, 0, 253, 286, 1, 1, 0.0);
INSERT INTO mainrows(id, symbol_id, self_count, cumulative_count, kids, self_calls, total_calls, self_paths, total_paths, pct) VALUES(204, 204, 1144, 1144, 0, 253, 286, 1, 1, 0.0);
INSERT INTO mainrows(id, symbol_id, self_count, cumulative_count, kids, self_calls, total_calls, self_paths, total_paths, pct) VALUES(205, 205, 1144, 1144, 0, 253, 286, 1, 1, 0.0);
INSERT INTO mainrows(id, symbol_id, self_count, cumulative_count, kids, self_calls, total_calls, self_paths, total_paths, pct) VALUES(206, 206, 1144, 1144, 0, 253, 286, 1, 1, 0.0);
INSERT INTO mainrows(id, symbol_id, self_count, cumulative_count, kids, self_calls, total_calls, self_paths, total_paths, pct) VALUES(207, 207, 1144, 1144, 0, 253, 286, 1, 1, 0.0);
INSERT INTO mainrows(id, symbol_id, self_count, cumulative_count, kids, self_calls, total_calls, self_paths, total_paths, pct) VALUES(208, 208, 1144, 1144, 0, 253, 286, 1, 1, 0.0);
INSERT INTO mainrows(id, symbol_id, self_count, cumulative_count, kids, self_calls, total_calls, self_paths, total_paths, pct) VALUES(209, 209, 1144, 1144, 0, 253, 286, 1, 1, 0.0);
INSERT INTO mainrows(id, symbol_id, self_count, cumulative_count, kids, self_calls, total_calls, self_paths, total_paths, pct) VALUES(210, 210, 1144, 1144, 0, 253, 286, 1, 1, 0.0);
INSERT INTO mainrows(id, symbol_id, self_count, cumulative_count, kids, self_calls, total_calls, self_paths, total_paths, pct) VALUES(211, 211, 1144, 1144, 0, 253, 286, 1, 1, 0.0);
INSERT INTO mainrows(id, symbol_id, self_count, cumulative_count, kids, self_calls, total_calls, self_paths, total_paths, pct) VALUES(212, 212, 1144, 1144, 0, 253, 286, 1, 1, 0.0);
INSERT INTO mainrows(id, symbol_id, self_count, cumulative_count, kids, self_calls, total_calls, self_paths, total_paths, pct) VALUES(213, 213, 1144, 1144, 0, 253, 286, 1, 1, 0.0);
INSERT INTO mainrows(id, symbol_id, self_count, cumulative_count, kids, self_calls, total_calls, self_paths, total_paths, pct) VALUES(214, 214, 1144, 1144, 0, 253, 286, 1, 1, 0.0);
INSERT INTO mainrows(id, symbol_id, self_count, cumulative_count, kids, self_calls, total_calls, self_paths, total_paths, pct) VALUES(215, 215, 16308, 16308, 12, 3157, 4077, 14, 14, 0.0);
INSERT INTO mainrows(id, symbol_id, self_count, cumulative_count, kids, self_calls, total_calls, self_paths, total_paths, pct) VALUES(216, 216, 1144, 1144, 0, 253, 286, 1, 1, 0.0);
INSERT INTO mainrows(id, symbol_id, self_count, cumulative_count, kids, self_calls, total_calls, self_paths, total_paths, pct) VALUES(217, 217, 1144, 1144, 0, 253, 286, 1, 1, 0.0);
INSERT INTO mainrows(id, symbol_id, self_count, cumulative_count, kids, self_calls, total_calls, self_paths, total_paths, pct) VALUES(218, 218, 1144, 1144, 0, 253, 286, 1, 1, 0.0);
INSERT INTO mainrows(id, symbol_id, self_count, cumulative_count, kids, self_calls, total_calls, self_paths, total_paths, pct) VALUES(219, 219, 1144, 1144, 0, 253, 286, 1, 1, 0.0);
INSERT INTO mainrows(id, symbol_id, self_count, cumulative_count, kids, self_calls, total_calls, self_paths, total_paths, pct) VALUES(220, 220, 1144, 1144, 0, 253, 286, 1, 1, 0.0);
INSERT INTO mainrows(id, symbol_id, self_count, cumulative_count, kids, self_calls, total_calls, self_paths, total_paths, pct) VALUES(221, 221, 1144, 1144, 0, 253, 286, 1, 1, 0.0);
INSERT INTO mainrows(id, symbol_id, self_count, cumulative_count, kids, self_calls, total_calls, self_paths, total_paths, pct) VALUES(222, 222, 1144, 1144, 0, 253, 286, 1, 1, 0.0);
INSERT INTO mainrows(id, symbol_id, self_count, cumulative_count, kids, self_calls, total_calls, self_paths, total_paths, pct) VALUES(223, 223, 1144, 1144, 0, 253, 286, 1, 1, 0.0);
INSERT INTO mainrows(id, symbol_id, self_count, cumulative_count, kids, self_calls, total_calls, self_paths, total_paths, pct) VALUES(224, 224, 1144, 1144, 0, 253, 286, 1, 1, 0.0);
INSERT INTO mainrows(id, symbol_id, self_count, cumulative_count, kids, self_calls, total_calls, self_paths, total_paths, pct) VALUES(225, 225, 1144, 1144, 0, 253, 286, 1, 1, 0.0);
INSERT INTO mainrows(id, symbol_id, self_count, cumulative_count, kids, self_calls, total_calls, self_paths, total_paths, pct) VALUES(226, 226, 1144, 1144, 0, 253, 286, 1, 1, 0.0);
INSERT INTO mainrows(id, symbol_id, self_count, cumulative_count, kids, self_calls, total_calls, self_paths, total_paths, pct) VALUES(227, 227, 1144, 1144, 0, 253, 286, 1, 1, 0.0);
INSERT INTO mainrows(id, symbol_id, self_count, cumulative_count, kids, self_calls, total_calls, self_paths, total_paths, pct) VALUES(228, 228, 1200, 1200, 0, 228, 300, 6, 6, 0.0);
INSERT INTO mainrows(id, symbol_id, self_count, cumulative_count, kids, self_calls, total_calls, self_paths, total_paths, pct) VALUES(229, 229, 855880, 855880, 11, 2992, 213970, 2005, 2005, 0.0);
INSERT INTO mainrows(id, symbol_id, self_count, cumulative_count, kids, self_calls, total_calls, self_paths, total_paths, pct) VALUES(230, 230, 4880, 4880, 0, 648, 1220, 11, 11, 0.0);
INSERT INTO mainrows(id, symbol_id, self_count, cumulative_count, kids, self_calls, total_calls, self_paths, total_paths, pct) VALUES(231, 231, 3880, 3880, 0, 648, 970, 11, 11, 0.0);
INSERT INTO mainrows(id, symbol_id, self_count, cumulative_count, kids, self_calls, total_calls, self_paths, total_paths, pct) VALUES(232, 232, 2640, 2640, 0, 242, 660, 12, 12, 0.0);
INSERT INTO mainrows(id, symbol_id, self_count, cumulative_count, kids, self_calls, total_calls, self_paths, total_paths, pct) VALUES(233, 233, 1920, 1920, 0, 232, 480, 12, 12, 0.0);
INSERT INTO mainrows(id, symbol_id, self_count, cumulative_count, kids, self_calls, total_calls, self_paths, total_paths, pct) VALUES(234, 234, 3600, 3600, 0, 226, 900, 12, 12, 0.0);
INSERT INTO mainrows(id, symbol_id, self_count, cumulative_count, kids, self_calls, total_calls, self_paths, total_paths, pct) VALUES(235, 235, 2400, 2400, 0, 232, 600, 12, 12, 0.0);
INSERT INTO mainrows(id, symbol_id, self_count, cumulative_count, kids, self_calls, total_calls, self_paths, total_paths, pct) VALUES(236, 236, 166880, 166880, 14, 134, 41720, 385, 385, 0.0);
INSERT INTO mainrows(id, symbol_id, self_count, cumulative_count, kids, self_calls, total_calls, self_paths, total_paths, pct) VALUES(237, 237, 13064, 13064, 4, 0, 3266, 30, 30, 0.0);
INSERT INTO mainrows(id, symbol_id, self_count, cumulative_count, kids, self_calls, total_calls, self_paths, total_paths, pct) VALUES(238, 238, 3344, 3344, 0, 0, 836, 7, 7, 0.0);
INSERT INTO mainrows(id, symbol_id, self_count, cumulative_count, kids, self_calls, total_calls, self_paths, total_paths, pct) VALUES(239, 239, 3344, 3344, 0, 0, 836, 7, 7, 0.0);
INSERT INTO mainrows(id, symbol_id, self_count, cumulative_count, kids, self_calls, total_calls, self_paths, total_paths, pct) VALUES(240, 240, 3344, 3344, 0, 0, 836, 7, 7, 0.0);
INSERT INTO mainrows(id, symbol_id, self_count, cumulative_count, kids, self_calls, total_calls, self_paths, total_paths, pct) VALUES(241, 241, 2544, 2544, 0, 0, 636, 6, 6, 0.0);
INSERT INTO mainrows(id, symbol_id, self_count, cumulative_count, kids, self_calls, total_calls, self_paths, total_paths, pct) VALUES(242, 242, 13080, 13080, 4, 38, 3270, 30, 30, 0.0);
INSERT INTO mainrows(id, symbol_id, self_count, cumulative_count, kids, self_calls, total_calls, self_paths, total_paths, pct) VALUES(243, 243, 3344, 3344, 0, 0, 836, 7, 7, 0.0);
INSERT INTO mainrows(id, symbol_id, self_count, cumulative_count, kids, self_calls, total_calls, self_paths, total_paths, pct) VALUES(244, 244, 3344, 3344, 0, 13, 836, 7, 7, 0.0);
INSERT INTO mainrows(id, symbol_id, self_count, cumulative_count, kids, self_calls, total_calls, self_paths, total_paths, pct) VALUES(245, 245, 3344, 3344, 0, 14, 836, 7, 7, 0.0);
INSERT INTO mainrows(id, symbol_id, self_count, cumulative_count, kids, self_calls, total_calls, self_paths, total_paths, pct) VALUES(246, 246, 2544, 2544, 0, 11, 636, 6, 6, 0.0);
INSERT INTO mainrows(id, symbol_id, self_count, cumulative_count, kids, self_calls, total_calls, self_paths, total_paths, pct) VALUES(247, 247, 13064, 13064, 4, 12, 3266, 30, 30, 0.0);
INSERT INTO mainrows(id, symbol_id, self_count, cumulative_count, kids, self_calls, total_calls, self_paths, total_paths, pct) VALUES(248, 248, 3344, 3344, 0, 0, 836, 7, 7, 0.0);
INSERT INTO mainrows(id, symbol_id, self_count, cumulative_count, kids, self_calls, total_calls, self_paths, total_paths, pct) VALUES(249, 249, 3344, 3344, 0, 0, 836, 7, 7, 0.0);
INSERT INTO mainrows(id, symbol_id, self_count, cumulative_count, kids, self_calls, total_calls, self_paths, total_paths, pct) VALUES(250, 250, 3344, 3344, 0, 12, 836, 7, 7, 0.0);
INSERT INTO mainrows(id, symbol_id, self_count, cumulative_count, kids, self_calls, total_calls, self_paths, total_paths, pct) VALUES(251, 251, 2544, 2544, 0, 0, 636, 6, 6, 0.0);
INSERT INTO mainrows(id, symbol_id, self_count, cumulative_count, kids, self_calls, total_calls, self_paths, total_paths, pct) VALUES(252, 252, 13064, 13064, 4, 0, 3266, 30, 30, 0.0);
INSERT INTO mainrows(id, symbol_id, self_count, cumulative_count, kids, self_calls, total_calls, self_paths, total_paths, pct) VALUES(253, 253, 3344, 3344, 0, 0, 836, 7, 7, 0.0);
INSERT INTO mainrows(id, symbol_id, self_count, cumulative_count, kids, self_calls, total_calls, self_paths, total_paths, pct) VALUES(254, 254, 3344, 3344, 0, 0, 836, 7, 7, 0.0);
INSERT INTO mainrows(id, symbol_id, self_count, cumulative_count, kids, self_calls, total_calls, self_paths, total_paths, pct) VALUES(255, 255, 3344, 3344, 0, 0, 836, 7, 7, 0.0);
INSERT INTO mainrows(id, symbol_id, self_count, cumulative_count, kids, self_calls, total_calls, self_paths, total_paths, pct) VALUES(256, 256, 2544, 2544, 0, 0, 636, 6, 6, 0.0);
INSERT INTO mainrows(id, symbol_id, self_count, cumulative_count, kids, self_calls, total_calls, self_paths, total_paths, pct) VALUES(257, 257, 4944, 4944, 4, 0, 1236, 12, 12, 0.0);
INSERT INTO mainrows(id, symbol_id, self_count, cumulative_count, kids, self_calls, total_calls, self_paths, total_paths, pct) VALUES(258, 258, 800, 800, 0, 0, 200, 2, 2, 0.0);
INSERT INTO mainrows(id, symbol_id, self_count, cumulative_count, kids, self_calls, total_calls, self_paths, total_paths, pct) VALUES(259, 259, 800, 800, 0, 0, 200, 2, 2, 0.0);
INSERT INTO mainrows(id, symbol_id, self_count, cumulative_count, kids, self_calls, total_calls, self_paths, total_paths, pct) VALUES(260, 260, 800, 800, 0, 0, 200, 2, 2, 0.0);
INSERT INTO mainrows(id, symbol_id, self_count, cumulative_count, kids, self_calls, total_calls, self_paths, total_paths, pct) VALUES(261, 261, 2544, 2544, 0, 0, 636, 6, 6, 0.0);
INSERT INTO mainrows(id, symbol_id, self_count, cumulative_count, kids, self_calls, total_calls, self_paths, total_paths, pct) VALUES(262, 262, 4944, 4944, 4, 0, 1236, 12, 12, 0.0);
INSERT INTO mainrows(id, symbol_id, self_count, cumulative_count, kids, self_calls, total_calls, self_paths, total_paths, pct) VALUES(263, 263, 800, 800, 0, 0, 200, 2, 2, 0.0);
INSERT INTO mainrows(id, symbol_id, self_count, cumulative_count, kids, self_calls, total_calls, self_paths, total_paths, pct) VALUES(264, 264, 800, 800, 0, 0, 200, 2, 2, 0.0);
INSERT INTO mainrows(id, symbol_id, self_count, cumulative_count, kids, self_calls, total_calls, self_paths, total_paths, pct) VALUES(265, 265, 800, 800, 0, 0, 200, 2, 2, 0.0);
INSERT INTO mainrows(id, symbol_id, self_count, cumulative_count, kids, self_calls, total_calls, self_paths, total_paths, pct) VALUES(266, 266, 2544, 2544, 0, 0, 636, 6, 6, 0.0);
INSERT INTO mainrows(id, symbol_id, self_count, cumulative_count, kids, self_calls, total_calls, self_paths, total_paths, pct) VALUES(267, 267, 13064, 13064, 4, 0, 3266, 30, 30, 0.0);
INSERT INTO mainrows(id, symbol_id, self_count, cumulative_count, kids, self_calls, total_calls, self_paths, total_paths, pct) VALUES(268, 268, 3344, 3344, 0, 0, 836, 7, 7, 0.0);
INSERT INTO mainrows(id, symbol_id, self_count, cumulative_count, kids, self_calls, total_calls, self_paths, total_paths, pct) VALUES(269, 269, 3344, 3344, 0, 0, 836, 7, 7, 0.0);
INSERT INTO mainrows(id, symbol_id, self_count, cumulative_count, kids, self_calls, total_calls, self_paths, total_paths, pct) VALUES(270, 270, 3344, 3344, 0, 0, 836, 7, 7, 0.0);
INSERT INTO mainrows(id, symbol_id, self_count, cumulative_count, kids, self_calls, total_calls, self_paths, total_paths, pct) VALUES(271, 271, 2544, 2544, 0, 0, 636, 6, 6, 0.0);
INSERT INTO mainrows(id, symbol_id, self_count, cumulative_count, kids, self_calls, total_calls, self_paths, total_paths, pct) VALUES(272, 272, 13064, 13064, 4, 0, 3266, 30, 30, 0.0);
INSERT INTO mainrows(id, symbol_id, self_count, cumulative_count, kids, self_calls, total_calls, self_paths, total_paths, pct) VALUES(273, 273, 3344, 3344, 0, 0, 836, 7, 7, 0.0);
INSERT INTO mainrows(id, symbol_id, self_count, cumulative_count, kids, self_calls, total_calls, self_paths, total_paths, pct) VALUES(274, 274, 3344, 3344, 0, 0, 836, 7, 7, 0.0);
INSERT INTO mainrows(id, symbol_id, self_count, cumulative_count, kids, self_calls, total_calls, self_paths, total_paths, pct) VALUES(275, 275, 3344, 3344, 0, 0, 836, 7, 7, 0.0);
INSERT INTO mainrows(id, symbol_id, self_count, cumulative_count, kids, self_calls, total_calls, self_paths, total_paths, pct) VALUES(276, 276, 2544, 2544, 0, 0, 636, 6, 6, 0.0);
INSERT INTO mainrows(id, symbol_id, self_count, cumulative_count, kids, self_calls, total_calls, self_paths, total_paths, pct) VALUES(277, 277, 13080, 13080, 4, 0, 3270, 30, 30, 0.0);
INSERT INTO mainrows(id, symbol_id, self_count, cumulative_count, kids, self_calls, total_calls, self_paths, total_paths, pct) VALUES(278, 278, 3344, 3344, 0, 0, 836, 7, 7, 0.0);
INSERT INTO mainrows(id, symbol_id, self_count, cumulative_count, kids, self_calls, total_calls, self_paths, total_paths, pct) VALUES(279, 279, 3344, 3344, 0, 0, 836, 7, 7, 0.0);
INSERT INTO mainrows(id, symbol_id, self_count, cumulative_count, kids, self_calls, total_calls, self_paths, total_paths, pct) VALUES(280, 280, 3344, 3344, 0, 0, 836, 7, 7, 0.0);
INSERT INTO mainrows(id, symbol_id, self_count, cumulative_count, kids, self_calls, total_calls, self_paths, total_paths, pct) VALUES(281, 281, 2544, 2544, 0, 0, 636, 6, 6, 0.0);
INSERT INTO mainrows(id, symbol_id, self_count, cumulative_count, kids, self_calls, total_calls, self_paths, total_paths, pct) VALUES(282, 282, 13064, 13064, 4, 39, 3266, 30, 30, 0.0);
INSERT INTO mainrows(id, symbol_id, self_count, cumulative_count, kids, self_calls, total_calls, self_paths, total_paths, pct) VALUES(283, 283, 3344, 3344, 0, 11, 836, 7, 7, 0.0);
INSERT INTO mainrows(id, symbol_id, self_count, cumulative_count, kids, self_calls, total_calls, self_paths, total_paths, pct) VALUES(284, 284, 3344, 3344, 0, 14, 836, 7, 7, 0.0);
INSERT INTO mainrows(id, symbol_id, self_count, cumulative_count, kids, self_calls, total_calls, self_paths, total_paths, pct) VALUES(285, 285, 3344, 3344, 0, 14, 836, 7, 7, 0.0);
INSERT INTO mainrows(id, symbol_id, self_count, cumulative_count, kids, self_calls, total_calls, self_paths, total_paths, pct) VALUES(286, 286, 2544, 2544, 0, 0, 636, 6, 6, 0.0);
INSERT INTO mainrows(id, symbol_id, self_count, cumulative_count, kids, self_calls, total_calls, self_paths, total_paths, pct) VALUES(287, 287, 13064, 13064, 4, 0, 3266, 30, 30, 0.0);
INSERT INTO mainrows(id, symbol_id, self_count, cumulative_count, kids, self_calls, total_calls, self_paths, total_paths, pct) VALUES(288, 288, 3344, 3344, 0, 0, 836, 7, 7, 0.0);
INSERT INTO mainrows(id, symbol_id, self_count, cumulative_count, kids, self_calls, total_calls, self_paths, total_paths, pct) VALUES(289, 289, 3344, 3344, 0, 0, 836, 7, 7, 0.0);
INSERT INTO mainrows(id, symbol_id, self_count, cumulative_count, kids, self_calls, total_calls, self_paths, total_paths, pct) VALUES(290, 290, 3344, 3344, 0, 0, 836, 7, 7, 0.0);
INSERT INTO mainrows(id, symbol_id, self_count, cumulative_count, kids, self_calls, total_calls, self_paths, total_paths, pct) VALUES(291, 291, 2544, 2544, 0, 0, 636, 6, 6, 0.0);
INSERT INTO mainrows(id, symbol_id, self_count, cumulative_count, kids, self_calls, total_calls, self_paths, total_paths, pct) VALUES(292, 292, 13064, 13064, 4, 0, 3266, 30, 30, 0.0);
INSERT INTO mainrows(id, symbol_id, self_count, cumulative_count, kids, self_calls, total_calls, self_paths, total_paths, pct) VALUES(293, 293, 3344, 3344, 0, 0, 836, 7, 7, 0.0);
INSERT INTO mainrows(id, symbol_id, self_count, cumulative_count, kids, self_calls, total_calls, self_paths, total_paths, pct) VALUES(294, 294, 3344, 3344, 0, 0, 836, 7, 7, 0.0);
INSERT INTO mainrows(id, symbol_id, self_count, cumulative_count, kids, self_calls, total_calls, self_paths, total_paths, pct) VALUES(295, 295, 3344, 3344, 0, 0, 836, 7, 7, 0.0);
INSERT INTO mainrows(id, symbol_id, self_count, cumulative_count, kids, self_calls, total_calls, self_paths, total_paths, pct) VALUES(296, 296, 2544, 2544, 0, 0, 636, 6, 6, 0.0);
INSERT INTO mainrows(id, symbol_id, self_count, cumulative_count, kids, self_calls, total_calls, self_paths, total_paths, pct) VALUES(297, 297, 13064, 13064, 4, 0, 3266, 30, 30, 0.0);
INSERT INTO mainrows(id, symbol_id, self_count, cumulative_count, kids, self_calls, total_calls, self_paths, total_paths, pct) VALUES(298, 298, 3344, 3344, 0, 0, 836, 7, 7, 0.0);
INSERT INTO mainrows(id, symbol_id, self_count, cumulative_count, kids, self_calls, total_calls, self_paths, total_paths, pct) VALUES(299, 299, 3344, 3344, 0, 0, 836, 7, 7, 0.0);
INSERT INTO mainrows(id, symbol_id, self_count, cumulative_count, kids, self_calls, total_calls, self_paths, total_paths, pct) VALUES(300, 300, 3344, 3344, 0, 0, 836, 7, 7, 0.0);
INSERT INTO mainrows(id, symbol_id, self_count, cumulative_count, kids, self_calls, total_calls, self_paths, total_paths, pct) VALUES(301, 301, 2544, 2544, 0, 0, 636, 6, 6, 0.0);
INSERT INTO mainrows(id, symbol_id, self_count, cumulative_count, kids, self_calls, total_calls, self_paths, total_paths, pct) VALUES(302, 302, 13064, 13064, 4, 13, 3266, 30, 30, 0.0);
INSERT INTO mainrows(id, symbol_id, self_count, cumulative_count, kids, self_calls, total_calls, self_paths, total_paths, pct) VALUES(303, 303, 3344, 3344, 0, 0, 836, 7, 7, 0.0);
INSERT INTO mainrows(id, symbol_id, self_count, cumulative_count, kids, self_calls, total_calls, self_paths, total_paths, pct) VALUES(304, 304, 3344, 3344, 0, 13, 836, 7, 7, 0.0);
INSERT INTO mainrows(id, symbol_id, self_count, cumulative_count, kids, self_calls, total_calls, self_paths, total_paths, pct) VALUES(305, 305, 3344, 3344, 0, 0, 836, 7, 7, 0.0);
INSERT INTO mainrows(id, symbol_id, self_count, cumulative_count, kids, self_calls, total_calls, self_paths, total_paths, pct) VALUES(306, 306, 2544, 2544, 0, 0, 636, 6, 6, 0.0);
INSERT INTO mainrows(id, symbol_id, self_count, cumulative_count, kids, self_calls, total_calls, self_paths, total_paths, pct) VALUES(307, 307, 166880, 166880, 14, 32, 41720, 385, 385, 0.0);
INSERT INTO mainrows(id, symbol_id, self_count, cumulative_count, kids, self_calls, total_calls, self_paths, total_paths, pct) VALUES(308, 308, 13064, 13064, 4, 0, 3266, 30, 30, 0.0);
INSERT INTO mainrows(id, symbol_id, self_count, cumulative_count, kids, self_calls, total_calls, self_paths, total_paths, pct) VALUES(309, 309, 3344, 3344, 0, 0, 836, 7, 7, 0.0);
INSERT INTO mainrows(id, symbol_id, self_count, cumulative_count, kids, self_calls, total_calls, self_paths, total_paths, pct) VALUES(310, 310, 3344, 3344, 0, 0, 836, 7, 7, 0.0);
INSERT INTO mainrows(id, symbol_id, self_count, cumulative_count, kids, self_calls, total_calls, self_paths, total_paths, pct) VALUES(311, 311, 3344, 3344, 0, 0, 836, 7, 7, 0.0);
INSERT INTO mainrows(id, symbol_id, self_count, cumulative_count, kids, self_calls, total_calls, self_paths, total_paths, pct) VALUES(312, 312, 2544, 2544, 0, 0, 636, 6, 6, 0.0);
INSERT INTO mainrows(id, symbol_id, self_count, cumulative_count, kids, self_calls, total_calls, self_paths, total_paths, pct) VALUES(313, 313, 13080, 13080, 4, 0, 3270, 30, 30, 0.0);
INSERT INTO mainrows(id, symbol_id, self_count, cumulative_count, kids, self_calls, total_calls, self_paths, total_paths, pct) VALUES(314, 314, 3344, 3344, 0, 0, 836, 7, 7, 0.0);
INSERT INTO mainrows(id, symbol_id, self_count, cumulative_count, kids, self_calls, total_calls, self_paths, total_paths, pct) VALUES(315, 315, 3344, 3344, 0, 0, 836, 7, 7, 0.0);
INSERT INTO mainrows(id, symbol_id, self_count, cumulative_count, kids, self_calls, total_calls, self_paths, total_paths, pct) VALUES(316, 316, 3344, 3344, 0, 0, 836, 7, 7, 0.0);
INSERT INTO mainrows(id, symbol_id, self_count, cumulative_count, kids, self_calls, total_calls, self_paths, total_paths, pct) VALUES(317, 317, 2544, 2544, 0, 0, 636, 6, 6, 0.0);
INSERT INTO mainrows(id, symbol_id, self_count, cumulative_count, kids, self_calls, total_calls, self_paths, total_paths, pct) VALUES(318, 318, 13064, 13064, 4, 0, 3266, 30, 30, 0.0);
INSERT INTO mainrows(id, symbol_id, self_count, cumulative_count, kids, self_calls, total_calls, self_paths, total_paths, pct) VALUES(319, 319, 3344, 3344, 0, 0, 836, 7, 7, 0.0);
INSERT INTO mainrows(id, symbol_id, self_count, cumulative_count, kids, self_calls, total_calls, self_paths, total_paths, pct) VALUES(320, 320, 3344, 3344, 0, 0, 836, 7, 7, 0.0);
INSERT INTO mainrows(id, symbol_id, self_count, cumulative_count, kids, self_calls, total_calls, self_paths, total_paths, pct) VALUES(321, 321, 3344, 3344, 0, 0, 836, 7, 7, 0.0);
INSERT INTO mainrows(id, symbol_id, self_count, cumulative_count, kids, self_calls, total_calls, self_paths, total_paths, pct) VALUES(322, 322, 2544, 2544, 0, 0, 636, 6, 6, 0.0);
INSERT INTO mainrows(id, symbol_id, self_count, cumulative_count, kids, self_calls, total_calls, self_paths, total_paths, pct) VALUES(323, 323, 13064, 13064, 4, 0, 3266, 30, 30, 0.0);
INSERT INTO mainrows(id, symbol_id, self_count, cumulative_count, kids, self_calls, total_calls, self_paths, total_paths, pct) VALUES(324, 324, 3344, 3344, 0, 0, 836, 7, 7, 0.0);
INSERT INTO mainrows(id, symbol_id, self_count, cumulative_count, kids, self_calls, total_calls, self_paths, total_paths, pct) VALUES(325, 325, 3344, 3344, 0, 0, 836, 7, 7, 0.0);
INSERT INTO mainrows(id, symbol_id, self_count, cumulative_count, kids, self_calls, total_calls, self_paths, total_paths, pct) VALUES(326, 326, 3344, 3344, 0, 0, 836, 7, 7, 0.0);
INSERT INTO mainrows(id, symbol_id, self_count, cumulative_count, kids, self_calls, total_calls, self_paths, total_paths, pct) VALUES(327, 327, 2544, 2544, 0, 0, 636, 6, 6, 0.0);
INSERT INTO mainrows(id, symbol_id, self_count, cumulative_count, kids, self_calls, total_calls, self_paths, total_paths, pct) VALUES(328, 328, 4944, 4944, 4, 0, 1236, 12, 12, 0.0);
INSERT INTO mainrows(id, symbol_id, self_count, cumulative_count, kids, self_calls, total_calls, self_paths, total_paths, pct) VALUES(329, 329, 800, 800, 0, 0, 200, 2, 2, 0.0);
INSERT INTO mainrows(id, symbol_id, self_count, cumulative_count, kids, self_calls, total_calls, self_paths, total_paths, pct) VALUES(330, 330, 800, 800, 0, 0, 200, 2, 2, 0.0);
INSERT INTO mainrows(id, symbol_id, self_count, cumulative_count, kids, self_calls, total_calls, self_paths, total_paths, pct) VALUES(331, 331, 800, 800, 0, 0, 200, 2, 2, 0.0);
INSERT INTO mainrows(id, symbol_id, self_count, cumulative_count, kids, self_calls, total_calls, self_paths, total_paths, pct) VALUES(332, 332, 2544, 2544, 0, 0, 636, 6, 6, 0.0);
INSERT INTO mainrows(id, symbol_id, self_count, cumulative_count, kids, self_calls, total_calls, self_paths, total_paths, pct) VALUES(333, 333, 4944, 4944, 4, 0, 1236, 12, 12, 0.0);
INSERT INTO mainrows(id, symbol_id, self_count, cumulative_count, kids, self_calls, total_calls, self_paths, total_paths, pct) VALUES(334, 334, 800, 800, 0, 0, 200, 2, 2, 0.0);
INSERT INTO mainrows(id, symbol_id, self_count, cumulative_count, kids, self_calls, total_calls, self_paths, total_paths, pct) VALUES(335, 335, 800, 800, 0, 0, 200, 2, 2, 0.0);
INSERT INTO mainrows(id, symbol_id, self_count, cumulative_count, kids, self_calls, total_calls, self_paths, total_paths, pct) VALUES(336, 336, 800, 800, 0, 0, 200, 2, 2, 0.0);
INSERT INTO mainrows(id, symbol_id, self_count, cumulative_count, kids, self_calls, total_calls, self_paths, total_paths, pct) VALUES(337, 337, 2544, 2544, 0, 0, 636, 6, 6, 0.0);
INSERT INTO mainrows(id, symbol_id, self_count, cumulative_count, kids, self_calls, total_calls, self_paths, total_paths, pct) VALUES(338, 338, 13064, 13064, 4, 0, 3266, 30, 30, 0.0);
INSERT INTO mainrows(id, symbol_id, self_count, cumulative_count, kids, self_calls, total_calls, self_paths, total_paths, pct) VALUES(339, 339, 3344, 3344, 0, 0, 836, 7, 7, 0.0);
INSERT INTO mainrows(id, symbol_id, self_count, cumulative_count, kids, self_calls, total_calls, self_paths, total_paths, pct) VALUES(340, 340, 3344, 3344, 0, 0, 836, 7, 7, 0.0);
INSERT INTO mainrows(id, symbol_id, self_count, cumulative_count, kids, self_calls, total_calls, self_paths, total_paths, pct) VALUES(341, 341, 3344, 3344, 0, 0, 836, 7, 7, 0.0);
INSERT INTO mainrows(id, symbol_id, self_count, cumulative_count, kids, self_calls, total_calls, self_paths, total_paths, pct) VALUES(342, 342, 2544, 2544, 0, 0, 636, 6, 6, 0.0);
INSERT INTO mainrows(id, symbol_id, self_count, cumulative_count, kids, self_calls, total_calls, self_paths, total_paths, pct) VALUES(343, 343, 13064, 13064, 4, 0, 3266, 30, 30, 0.0);
INSERT INTO mainrows(id, symbol_id, self_count, cumulative_count, kids, self_calls, total_calls, self_paths, total_paths, pct) VALUES(344, 344, 3344, 3344, 0, 0, 836, 7, 7, 0.0);
INSERT INTO mainrows(id, symbol_id, self_count, cumulative_count, kids, self_calls, total_calls, self_paths, total_paths, pct) VALUES(345, 345, 3344, 3344, 0, 0, 836, 7, 7, 0.0);
INSERT INTO mainrows(id, symbol_id, self_count, cumulative_count, kids, self_calls, total_calls, self_paths, total_paths, pct) VALUES(346, 346, 3344, 3344, 0, 0, 836, 7, 7, 0.0);
INSERT INTO mainrows(id, symbol_id, self_count, cumulative_count, kids, self_calls, total_calls, self_paths, total_paths, pct) VALUES(347, 347, 2544, 2544, 0, 0, 636, 6, 6, 0.0);
INSERT INTO mainrows(id, symbol_id, self_count, cumulative_count, kids, self_calls, total_calls, self_paths, total_paths, pct) VALUES(348, 348, 13080, 13080, 4, 0, 3270, 30, 30, 0.0);
INSERT INTO mainrows(id, symbol_id, self_count, cumulative_count, kids, self_calls, total_calls, self_paths, total_paths, pct) VALUES(349, 349, 3344, 3344, 0, 0, 836, 7, 7, 0.0);
INSERT INTO mainrows(id, symbol_id, self_count, cumulative_count, kids, self_calls, total_calls, self_paths, total_paths, pct) VALUES(350, 350, 3344, 3344, 0, 0, 836, 7, 7, 0.0);
INSERT INTO mainrows(id, symbol_id, self_count, cumulative_count, kids, self_calls, total_calls, self_paths, total_paths, pct) VALUES(351, 351, 3344, 3344, 0, 0, 836, 7, 7, 0.0);
INSERT INTO mainrows(id, symbol_id, self_count, cumulative_count, kids, self_calls, total_calls, self_paths, total_paths, pct) VALUES(352, 352, 2544, 2544, 0, 0, 636, 6, 6, 0.0);
INSERT INTO mainrows(id, symbol_id, self_count, cumulative_count, kids, self_calls, total_calls, self_paths, total_paths, pct) VALUES(353, 353, 13064, 13064, 4, 0, 3266, 30, 30, 0.0);
INSERT INTO mainrows(id, symbol_id, self_count, cumulative_count, kids, self_calls, total_calls, self_paths, total_paths, pct) VALUES(354, 354, 3344, 3344, 0, 0, 836, 7, 7, 0.0);
INSERT INTO mainrows(id, symbol_id, self_count, cumulative_count, kids, self_calls, total_calls, self_paths, total_paths, pct) VALUES(355, 355, 3344, 3344, 0, 0, 836, 7, 7, 0.0);
INSERT INTO mainrows(id, symbol_id, self_count, cumulative_count, kids, self_calls, total_calls, self_paths, total_paths, pct) VALUES(356, 356, 3344, 3344, 0, 0, 836, 7, 7, 0.0);
INSERT INTO mainrows(id, symbol_id, self_count, cumulative_count, kids, self_calls, total_calls, self_paths, total_paths, pct) VALUES(357, 357, 2544, 2544, 0, 0, 636, 6, 6, 0.0);
INSERT INTO mainrows(id, symbol_id, self_count, cumulative_count, kids, self_calls, total_calls, self_paths, total_paths, pct) VALUES(358, 358, 13064, 13064, 4, 0, 3266, 30, 30, 0.0);
INSERT INTO mainrows(id, symbol_id, self_count, cumulative_count, kids, self_calls, total_calls, self_paths, total_paths, pct) VALUES(359, 359, 3344, 3344, 0, 0, 836, 7, 7, 0.0);
INSERT INTO mainrows(id, symbol_id, self_count, cumulative_count, kids, self_calls, total_calls, self_paths, total_paths, pct) VALUES(360, 360, 3344, 3344, 0, 0, 836, 7, 7, 0.0);
INSERT INTO mainrows(id, symbol_id, self_count, cumulative_count, kids, self_calls, total_calls, self_paths, total_paths, pct) VALUES(361, 361, 3344, 3344, 0, 0, 836, 7, 7, 0.0);
INSERT INTO mainrows(id, symbol_id, self_count, cumulative_count, kids, self_calls, total_calls, self_paths, total_paths, pct) VALUES(362, 362, 2544, 2544, 0, 0, 636, 6, 6, 0.0);
INSERT INTO mainrows(id, symbol_id, self_count, cumulative_count, kids, self_calls, total_calls, self_paths, total_paths, pct) VALUES(363, 363, 13064, 13064, 4, 0, 3266, 30, 30, 0.0);
INSERT INTO mainrows(id, symbol_id, self_count, cumulative_count, kids, self_calls, total_calls, self_paths, total_paths, pct) VALUES(364, 364, 3344, 3344, 0, 0, 836, 7, 7, 0.0);
INSERT INTO mainrows(id, symbol_id, self_count, cumulative_count, kids, self_calls, total_calls, self_paths, total_paths, pct) VALUES(365, 365, 3344, 3344, 0, 0, 836, 7, 7, 0.0);
INSERT INTO mainrows(id, symbol_id, self_count, cumulative_count, kids, self_calls, total_calls, self_paths, total_paths, pct) VALUES(366, 366, 3344, 3344, 0, 0, 836, 7, 7, 0.0);
INSERT INTO mainrows(id, symbol_id, self_count, cumulative_count, kids, self_calls, total_calls, self_paths, total_paths, pct) VALUES(367, 367, 2544, 2544, 0, 0, 636, 6, 6, 0.0);
INSERT INTO mainrows(id, symbol_id, self_count, cumulative_count, kids, self_calls, total_calls, self_paths, total_paths, pct) VALUES(368, 368, 13064, 13064, 4, 0, 3266, 30, 30, 0.0);
INSERT INTO mainrows(id, symbol_id, self_count, cumulative_count, kids, self_calls, total_calls, self_paths, total_paths, pct) VALUES(369, 369, 3344, 3344, 0, 0, 836, 7, 7, 0.0);
INSERT INTO mainrows(id, symbol_id, self_count, cumulative_count, kids, self_calls, total_calls, self_paths, total_paths, pct) VALUES(370, 370, 3344, 3344, 0, 0, 836, 7, 7, 0.0);
INSERT INTO mainrows(id, symbol_id, self_count, cumulative_count, kids, self_calls, total_calls, self_paths, total_paths, pct) VALUES(371, 371, 3344, 3344, 0, 0, 836, 7, 7, 0.0);
INSERT INTO mainrows(id, symbol_id, self_count, cumulative_count, kids, self_calls, total_calls, self_paths, total_paths, pct) VALUES(372, 372, 2544, 2544, 0, 0, 636, 6, 6, 0.0);
INSERT INTO mainrows(id, symbol_id, self_count, cumulative_count, kids, self_calls, total_calls, self_paths, total_paths, pct) VALUES(373, 373, 13064, 13064, 4, 0, 3266, 30, 30, 0.0);
INSERT INTO mainrows(id, symbol_id, self_count, cumulative_count, kids, self_calls, total_calls, self_paths, total_paths, pct) VALUES(374, 374, 3344, 3344, 0, 0, 836, 7, 7, 0.0);
INSERT INTO mainrows(id, symbol_id, self_count, cumulative_count, kids, self_calls, total_calls, self_paths, total_paths, pct) VALUES(375, 375, 3344, 3344, 0, 0, 836, 7, 7, 0.0);
INSERT INTO mainrows(id, symbol_id, self_count, cumulative_count, kids, self_calls, total_calls, self_paths, total_paths, pct) VALUES(376, 376, 3344, 3344, 0, 0, 836, 7, 7, 0.0);
INSERT INTO mainrows(id, symbol_id, self_count, cumulative_count, kids, self_calls, total_calls, self_paths, total_paths, pct) VALUES(377, 377, 2544, 2544, 0, 0, 636, 6, 6, 0.0);
INSERT INTO mainrows(id, symbol_id, self_count, cumulative_count, kids, self_calls, total_calls, self_paths, total_paths, pct) VALUES(378, 378, 166880, 166880, 14, 66, 41720, 385, 385, 0.0);
INSERT INTO mainrows(id, symbol_id, self_count, cumulative_count, kids, self_calls, total_calls, self_paths, total_paths, pct) VALUES(379, 379, 13064, 13064, 4, 0, 3266, 30, 30, 0.0);
INSERT INTO mainrows(id, symbol_id, self_count, cumulative_count, kids, self_calls, total_calls, self_paths, total_paths, pct) VALUES(380, 380, 3344, 3344, 0, 0, 836, 7, 7, 0.0);
INSERT INTO mainrows(id, symbol_id, self_count, cumulative_count, kids, self_calls, total_calls, self_paths, total_paths, pct) VALUES(381, 381, 3344, 3344, 0, 0, 836, 7, 7, 0.0);
INSERT INTO mainrows(id, symbol_id, self_count, cumulative_count, kids, self_calls, total_calls, self_paths, total_paths, pct) VALUES(382, 382, 3344, 3344, 0, 0, 836, 7, 7, 0.0);
INSERT INTO mainrows(id, symbol_id, self_count, cumulative_count, kids, self_calls, total_calls, self_paths, total_paths, pct) VALUES(383, 383, 2544, 2544, 0, 0, 636, 6, 6, 0.0);
INSERT INTO mainrows(id, symbol_id, self_count, cumulative_count, kids, self_calls, total_calls, self_paths, total_paths, pct) VALUES(384, 384, 13080, 13080, 4, 15, 3270, 30, 30, 0.0);
INSERT INTO mainrows(id, symbol_id, self_count, cumulative_count, kids, self_calls, total_calls, self_paths, total_paths, pct) VALUES(385, 385, 3344, 3344, 0, 0, 836, 7, 7, 0.0);
INSERT INTO mainrows(id, symbol_id, self_count, cumulative_count, kids, self_calls, total_calls, self_paths, total_paths, pct) VALUES(386, 386, 3344, 3344, 0, 15, 836, 7, 7, 0.0);
INSERT INTO mainrows(id, symbol_id, self_count, cumulative_count, kids, self_calls, total_calls, self_paths, total_paths, pct) VALUES(387, 387, 3344, 3344, 0, 0, 836, 7, 7, 0.0);
INSERT INTO mainrows(id, symbol_id, self_count, cumulative_count, kids, self_calls, total_calls, self_paths, total_paths, pct) VALUES(388, 388, 2544, 2544, 0, 0, 636, 6, 6, 0.0);
INSERT INTO mainrows(id, symbol_id, self_count, cumulative_count, kids, self_calls, total_calls, self_paths, total_paths, pct) VALUES(389, 389, 13064, 13064, 4, 2, 3266, 30, 30, 0.0);
INSERT INTO mainrows(id, symbol_id, self_count, cumulative_count, kids, self_calls, total_calls, self_paths, total_paths, pct) VALUES(390, 390, 3344, 3344, 0, 2, 836, 7, 7, 0.0);
INSERT INTO mainrows(id, symbol_id, self_count, cumulative_count, kids, self_calls, total_calls, self_paths, total_paths, pct) VALUES(391, 391, 3344, 3344, 0, 0, 836, 7, 7, 0.0);
INSERT INTO mainrows(id, symbol_id, self_count, cumulative_count, kids, self_calls, total_calls, self_paths, total_paths, pct) VALUES(392, 392, 3344, 3344, 0, 0, 836, 7, 7, 0.0);
INSERT INTO mainrows(id, symbol_id, self_count, cumulative_count, kids, self_calls, total_calls, self_paths, total_paths, pct) VALUES(393, 393, 2544, 2544, 0, 0, 636, 6, 6, 0.0);
INSERT INTO mainrows(id, symbol_id, self_count, cumulative_count, kids, self_calls, total_calls, self_paths, total_paths, pct) VALUES(394, 394, 13064, 13064, 4, 0, 3266, 30, 30, 0.0);
INSERT INTO mainrows(id, symbol_id, self_count, cumulative_count, kids, self_calls, total_calls, self_paths, total_paths, pct) VALUES(395, 395, 3344, 3344, 0, 0, 836, 7, 7, 0.0);
INSERT INTO mainrows(id, symbol_id, self_count, cumulative_count, kids, self_calls, total_calls, self_paths, total_paths, pct) VALUES(396, 396, 3344, 3344, 0, 0, 836, 7, 7, 0.0);
INSERT INTO mainrows(id, symbol_id, self_count, cumulative_count, kids, self_calls, total_calls, self_paths, total_paths, pct) VALUES(397, 397, 3344, 3344, 0, 0, 836, 7, 7, 0.0);
INSERT INTO mainrows(id, symbol_id, self_count, cumulative_count, kids, self_calls, total_calls, self_paths, total_paths, pct) VALUES(398, 398, 2544, 2544, 0, 0, 636, 6, 6, 0.0);
INSERT INTO mainrows(id, symbol_id, self_count, cumulative_count, kids, self_calls, total_calls, self_paths, total_paths, pct) VALUES(399, 399, 4944, 4944, 4, 0, 1236, 12, 12, 0.0);
INSERT INTO mainrows(id, symbol_id, self_count, cumulative_count, kids, self_calls, total_calls, self_paths, total_paths, pct) VALUES(400, 400, 800, 800, 0, 0, 200, 2, 2, 0.0);
INSERT INTO mainrows(id, symbol_id, self_count, cumulative_count, kids, self_calls, total_calls, self_paths, total_paths, pct) VALUES(401, 401, 800, 800, 0, 0, 200, 2, 2, 0.0);
INSERT INTO mainrows(id, symbol_id, self_count, cumulative_count, kids, self_calls, total_calls, self_paths, total_paths, pct) VALUES(402, 402, 800, 800, 0, 0, 200, 2, 2, 0.0);
INSERT INTO mainrows(id, symbol_id, self_count, cumulative_count, kids, self_calls, total_calls, self_paths, total_paths, pct) VALUES(403, 403, 2544, 2544, 0, 0, 636, 6, 6, 0.0);
INSERT INTO mainrows(id, symbol_id, self_count, cumulative_count, kids, self_calls, total_calls, self_paths, total_paths, pct) VALUES(404, 404, 4944, 4944, 4, 0, 1236, 12, 12, 0.0);
INSERT INTO mainrows(id, symbol_id, self_count, cumulative_count, kids, self_calls, total_calls, self_paths, total_paths, pct) VALUES(405, 405, 800, 800, 0, 0, 200, 2, 2, 0.0);
INSERT INTO mainrows(id, symbol_id, self_count, cumulative_count, kids, self_calls, total_calls, self_paths, total_paths, pct) VALUES(406, 406, 800, 800, 0, 0, 200, 2, 2, 0.0);
INSERT INTO mainrows(id, symbol_id, self_count, cumulative_count, kids, self_calls, total_calls, self_paths, total_paths, pct) VALUES(407, 407, 800, 800, 0, 0, 200, 2, 2, 0.0);
INSERT INTO mainrows(id, symbol_id, self_count, cumulative_count, kids, self_calls, total_calls, self_paths, total_paths, pct) VALUES(408, 408, 2544, 2544, 0, 0, 636, 6, 6, 0.0);
INSERT INTO mainrows(id, symbol_id, self_count, cumulative_count, kids, self_calls, total_calls, self_paths, total_paths, pct) VALUES(409, 409, 13064, 13064, 4, 0, 3266, 30, 30, 0.0);
INSERT INTO mainrows(id, symbol_id, self_count, cumulative_count, kids, self_calls, total_calls, self_paths, total_paths, pct) VALUES(410, 410, 3344, 3344, 0, 0, 836, 7, 7, 0.0);
INSERT INTO mainrows(id, symbol_id, self_count, cumulative_count, kids, self_calls, total_calls, self_paths, total_paths, pct) VALUES(411, 411, 3344, 3344, 0, 0, 836, 7, 7, 0.0);
INSERT INTO mainrows(id, symbol_id, self_count, cumulative_count, kids, self_calls, total_calls, self_paths, total_paths, pct) VALUES(412, 412, 3344, 3344, 0, 0, 836, 7, 7, 0.0);
INSERT INTO mainrows(id, symbol_id, self_count, cumulative_count, kids, self_calls, total_calls, self_paths, total_paths, pct) VALUES(413, 413, 2544, 2544, 0, 0, 636, 6, 6, 0.0);
INSERT INTO mainrows(id, symbol_id, self_count, cumulative_count, kids, self_calls, total_calls, self_paths, total_paths, pct) VALUES(414, 414, 13064, 13064, 4, 2, 3266, 30, 30, 0.0);
INSERT INTO mainrows(id, symbol_id, self_count, cumulative_count, kids, self_calls, total_calls, self_paths, total_paths, pct) VALUES(415, 415, 3344, 3344, 0, 0, 836, 7, 7, 0.0);
INSERT INTO mainrows(id, symbol_id, self_count, cumulative_count, kids, self_calls, total_calls, self_paths, total_paths, pct) VALUES(416, 416, 3344, 3344, 0, 0, 836, 7, 7, 0.0);
INSERT INTO mainrows(id, symbol_id, self_count, cumulative_count, kids, self_calls, total_calls, self_paths, total_paths, pct) VALUES(417, 417, 3344, 3344, 0, 0, 836, 7, 7, 0.0);
INSERT INTO mainrows(id, symbol_id, self_count, cumulative_count, kids, self_calls, total_calls, self_paths, total_paths, pct) VALUES(418, 418, 2544, 2544, 0, 2, 636, 6, 6, 0.0);
INSERT INTO mainrows(id, symbol_id, self_count, cumulative_count, kids, self_calls, total_calls, self_paths, total_paths, pct) VALUES(419, 419, 13080, 13080, 4, 0, 3270, 30, 30, 0.0);
INSERT INTO mainrows(id, symbol_id, self_count, cumulative_count, kids, self_calls, total_calls, self_paths, total_paths, pct) VALUES(420, 420, 3344, 3344, 0, 0, 836, 7, 7, 0.0);
INSERT INTO mainrows(id, symbol_id, self_count, cumulative_count, kids, self_calls, total_calls, self_paths, total_paths, pct) VALUES(421, 421, 3344, 3344, 0, 0, 836, 7, 7, 0.0);
INSERT INTO mainrows(id, symbol_id, self_count, cumulative_count, kids, self_calls, total_calls, self_paths, total_paths, pct) VALUES(422, 422, 3344, 3344, 0, 0, 836, 7, 7, 0.0);
INSERT INTO mainrows(id, symbol_id, self_count, cumulative_count, kids, self_calls, total_calls, self_paths, total_paths, pct) VALUES(423, 423, 2544, 2544, 0, 0, 636, 6, 6, 0.0);
INSERT INTO mainrows(id, symbol_id, self_count, cumulative_count, kids, self_calls, total_calls, self_paths, total_paths, pct) VALUES(424, 424, 13064, 13064, 4, 0, 3266, 30, 30, 0.0);
INSERT INTO mainrows(id, symbol_id, self_count, cumulative_count, kids, self_calls, total_calls, self_paths, total_paths, pct) VALUES(425, 425, 3344, 3344, 0, 0, 836, 7, 7, 0.0);
INSERT INTO mainrows(id, symbol_id, self_count, cumulative_count, kids, self_calls, total_calls, self_paths, total_paths, pct) VALUES(426, 426, 3344, 3344, 0, 0, 836, 7, 7, 0.0);
INSERT INTO mainrows(id, symbol_id, self_count, cumulative_count, kids, self_calls, total_calls, self_paths, total_paths, pct) VALUES(427, 427, 3344, 3344, 0, 0, 836, 7, 7, 0.0);
INSERT INTO mainrows(id, symbol_id, self_count, cumulative_count, kids, self_calls, total_calls, self_paths, total_paths, pct) VALUES(428, 428, 2544, 2544, 0, 0, 636, 6, 6, 0.0);
INSERT INTO mainrows(id, symbol_id, self_count, cumulative_count, kids, self_calls, total_calls, self_paths, total_paths, pct) VALUES(429, 429, 13064, 13064, 4, 0, 3266, 30, 30, 0.0);
INSERT INTO mainrows(id, symbol_id, self_count, cumulative_count, kids, self_calls, total_calls, self_paths, total_paths, pct) VALUES(430, 430, 3344, 3344, 0, 0, 836, 7, 7, 0.0);
INSERT INTO mainrows(id, symbol_id, self_count, cumulative_count, kids, self_calls, total_calls, self_paths, total_paths, pct) VALUES(431, 431, 3344, 3344, 0, 0, 836, 7, 7, 0.0);
INSERT INTO mainrows(id, symbol_id, self_count, cumulative_count, kids, self_calls, total_calls, self_paths, total_paths, pct) VALUES(432, 432, 3344, 3344, 0, 0, 836, 7, 7, 0.0);
INSERT INTO mainrows(id, symbol_id, self_count, cumulative_count, kids, self_calls, total_calls, self_paths, total_paths, pct) VALUES(433, 433, 2544, 2544, 0, 0, 636, 6, 6, 0.0);
INSERT INTO mainrows(id, symbol_id, self_count, cumulative_count, kids, self_calls, total_calls, self_paths, total_paths, pct) VALUES(434, 434, 13064, 13064, 4, 0, 3266, 30, 30, 0.0);
INSERT INTO mainrows(id, symbol_id, self_count, cumulative_count, kids, self_calls, total_calls, self_paths, total_paths, pct) VALUES(435, 435, 3344, 3344, 0, 0, 836, 7, 7, 0.0);
INSERT INTO mainrows(id, symbol_id, self_count, cumulative_count, kids, self_calls, total_calls, self_paths, total_paths, pct) VALUES(436, 436, 3344, 3344, 0, 0, 836, 7, 7, 0.0);
INSERT INTO mainrows(id, symbol_id, self_count, cumulative_count, kids, self_calls, total_calls, self_paths, total_paths, pct) VALUES(437, 437, 3344, 3344, 0, 0, 836, 7, 7, 0.0);
INSERT INTO mainrows(id, symbol_id, self_count, cumulative_count, kids, self_calls, total_calls, self_paths, total_paths, pct) VALUES(438, 438, 2544, 2544, 0, 0, 636, 6, 6, 0.0);
INSERT INTO mainrows(id, symbol_id, self_count, cumulative_count, kids, self_calls, total_calls, self_paths, total_paths, pct) VALUES(439, 439, 13064, 13064, 4, 0, 3266, 30, 30, 0.0);
INSERT INTO mainrows(id, symbol_id, self_count, cumulative_count, kids, self_calls, total_calls, self_paths, total_paths, pct) VALUES(440, 440, 3344, 3344, 0, 0, 836, 7, 7, 0.0);
INSERT INTO mainrows(id, symbol_id, self_count, cumulative_count, kids, self_calls, total_calls, self_paths, total_paths, pct) VALUES(441, 441, 3344, 3344, 0, 0, 836, 7, 7, 0.0);
INSERT INTO mainrows(id, symbol_id, self_count, cumulative_count, kids, self_calls, total_calls, self_paths, total_paths, pct) VALUES(442, 442, 3344, 3344, 0, 0, 836, 7, 7, 0.0);
INSERT INTO mainrows(id, symbol_id, self_count, cumulative_count, kids, self_calls, total_calls, self_paths, total_paths, pct) VALUES(443, 443, 2544, 2544, 0, 0, 636, 6, 6, 0.0);
INSERT INTO mainrows(id, symbol_id, self_count, cumulative_count, kids, self_calls, total_calls, self_paths, total_paths, pct) VALUES(444, 444, 13064, 13064, 4, 15, 3266, 30, 30, 0.0);
INSERT INTO mainrows(id, symbol_id, self_count, cumulative_count, kids, self_calls, total_calls, self_paths, total_paths, pct) VALUES(445, 445, 3344, 3344, 0, 13, 836, 7, 7, 0.0);
INSERT INTO mainrows(id, symbol_id, self_count, cumulative_count, kids, self_calls, total_calls, self_paths, total_paths, pct) VALUES(446, 446, 3344, 3344, 0, 2, 836, 7, 7, 0.0);
INSERT INTO mainrows(id, symbol_id, self_count, cumulative_count, kids, self_calls, total_calls, self_paths, total_paths, pct) VALUES(447, 447, 3344, 3344, 0, 0, 836, 7, 7, 0.0);
INSERT INTO mainrows(id, symbol_id, self_count, cumulative_count, kids, self_calls, total_calls, self_paths, total_paths, pct) VALUES(448, 448, 2544, 2544, 0, 0, 636, 6, 6, 0.0);
INSERT INTO mainrows(id, symbol_id, self_count, cumulative_count, kids, self_calls, total_calls, self_paths, total_paths, pct) VALUES(449, 449, 166880, 166880, 14, 37, 41720, 385, 385, 0.0);
INSERT INTO mainrows(id, symbol_id, self_count, cumulative_count, kids, self_calls, total_calls, self_paths, total_paths, pct) VALUES(450, 450, 13064, 13064, 4, 0, 3266, 30, 30, 0.0);
INSERT INTO mainrows(id, symbol_id, self_count, cumulative_count, kids, self_calls, total_calls, self_paths, total_paths, pct) VALUES(451, 451, 3344, 3344, 0, 0, 836, 7, 7, 0.0);
INSERT INTO mainrows(id, symbol_id, self_count, cumulative_count, kids, self_calls, total_calls, self_paths, total_paths, pct) VALUES(452, 452, 3344, 3344, 0, 0, 836, 7, 7, 0.0);
INSERT INTO mainrows(id, symbol_id, self_count, cumulative_count, kids, self_calls, total_calls, self_paths, total_paths, pct) VALUES(453, 453, 3344, 3344, 0, 0, 836, 7, 7, 0.0);
INSERT INTO mainrows(id, symbol_id, self_count, cumulative_count, kids, self_calls, total_calls, self_paths, total_paths, pct) VALUES(454, 454, 2544, 2544, 0, 0, 636, 6, 6, 0.0);
INSERT INTO mainrows(id, symbol_id, self_count, cumulative_count, kids, self_calls, total_calls, self_paths, total_paths, pct) VALUES(455, 455, 13080, 13080, 4, 0, 3270, 30, 30, 0.0);
INSERT INTO mainrows(id, symbol_id, self_count, cumulative_count, kids, self_calls, total_calls, self_paths, total_paths, pct) VALUES(456, 456, 3344, 3344, 0, 0, 836, 7, 7, 0.0);
INSERT INTO mainrows(id, symbol_id, self_count, cumulative_count, kids, self_calls, total_calls, self_paths, total_paths, pct) VALUES(457, 457, 3344, 3344, 0, 0, 836, 7, 7, 0.0);
INSERT INTO mainrows(id, symbol_id, self_count, cumulative_count, kids, self_calls, total_calls, self_paths, total_paths, pct) VALUES(458, 458, 3344, 3344, 0, 0, 836, 7, 7, 0.0);
INSERT INTO mainrows(id, symbol_id, self_count, cumulative_count, kids, self_calls, total_calls, self_paths, total_paths, pct) VALUES(459, 459, 2544, 2544, 0, 0, 636, 6, 6, 0.0);
INSERT INTO mainrows(id, symbol_id, self_count, cumulative_count, kids, self_calls, total_calls, self_paths, total_paths, pct) VALUES(460, 460, 13064, 13064, 4, 0, 3266, 30, 30, 0.0);
INSERT INTO mainrows(id, symbol_id, self_count, cumulative_count, kids, self_calls, total_calls, self_paths, total_paths, pct) VALUES(461, 461, 3344, 3344, 0, 0, 836, 7, 7, 0.0);
INSERT INTO mainrows(id, symbol_id, self_count, cumulative_count, kids, self_calls, total_calls, self_paths, total_paths, pct) VALUES(462, 462, 3344, 3344, 0, 0, 836, 7, 7, 0.0);
INSERT INTO mainrows(id, symbol_id, self_count, cumulative_count, kids, self_calls, total_calls, self_paths, total_paths, pct) VALUES(463, 463, 3344, 3344, 0, 0, 836, 7, 7, 0.0);
INSERT INTO mainrows(id, symbol_id, self_count, cumulative_count, kids, self_calls, total_calls, self_paths, total_paths, pct) VALUES(464, 464, 2544, 2544, 0, 0, 636, 6, 6, 0.0);
INSERT INTO mainrows(id, symbol_id, self_count, cumulative_count, kids, self_calls, total_calls, self_paths, total_paths, pct) VALUES(465, 465, 13064, 13064, 4, 0, 3266, 30, 30, 0.0);
INSERT INTO mainrows(id, symbol_id, self_count, cumulative_count, kids, self_calls, total_calls, self_paths, total_paths, pct) VALUES(466, 466, 3344, 3344, 0, 0, 836, 7, 7, 0.0);
INSERT INTO mainrows(id, symbol_id, self_count, cumulative_count, kids, self_calls, total_calls, self_paths, total_paths, pct) VALUES(467, 467, 3344, 3344, 0, 0, 836, 7, 7, 0.0);
INSERT INTO mainrows(id, symbol_id, self_count, cumulative_count, kids, self_calls, total_calls, self_paths, total_paths, pct) VALUES(468, 468, 3344, 3344, 0, 0, 836, 7, 7, 0.0);
INSERT INTO mainrows(id, symbol_id, self_count, cumulative_count, kids, self_calls, total_calls, self_paths, total_paths, pct) VALUES(469, 469, 2544, 2544, 0, 0, 636, 6, 6, 0.0);
INSERT INTO mainrows(id, symbol_id, self_count, cumulative_count, kids, self_calls, total_calls, self_paths, total_paths, pct) VALUES(470, 470, 4944, 4944, 4, 0, 1236, 12, 12, 0.0);
INSERT INTO mainrows(id, symbol_id, self_count, cumulative_count, kids, self_calls, total_calls, self_paths, total_paths, pct) VALUES(471, 471, 800, 800, 0, 0, 200, 2, 2, 0.0);
INSERT INTO mainrows(id, symbol_id, self_count, cumulative_count, kids, self_calls, total_calls, self_paths, total_paths, pct) VALUES(472, 472, 800, 800, 0, 0, 200, 2, 2, 0.0);
INSERT INTO mainrows(id, symbol_id, self_count, cumulative_count, kids, self_calls, total_calls, self_paths, total_paths, pct) VALUES(473, 473, 800, 800, 0, 0, 200, 2, 2, 0.0);
INSERT INTO mainrows(id, symbol_id, self_count, cumulative_count, kids, self_calls, total_calls, self_paths, total_paths, pct) VALUES(474, 474, 2544, 2544, 0, 0, 636, 6, 6, 0.0);
INSERT INTO mainrows(id, symbol_id, self_count, cumulative_count, kids, self_calls, total_calls, self_paths, total_paths, pct) VALUES(475, 475, 4944, 4944, 4, 0, 1236, 12, 12, 0.0);
INSERT INTO mainrows(id, symbol_id, self_count, cumulative_count, kids, self_calls, total_calls, self_paths, total_paths, pct) VALUES(476, 476, 800, 800, 0, 0, 200, 2, 2, 0.0);
INSERT INTO mainrows(id, symbol_id, self_count, cumulative_count, kids, self_calls, total_calls, self_paths, total_paths, pct) VALUES(477, 477, 800, 800, 0, 0, 200, 2, 2, 0.0);
INSERT INTO mainrows(id, symbol_id, self_count, cumulative_count, kids, self_calls, total_calls, self_paths, total_paths, pct) VALUES(478, 478, 800, 800, 0, 0, 200, 2, 2, 0.0);
INSERT INTO mainrows(id, symbol_id, self_count, cumulative_count, kids, self_calls, total_calls, self_paths, total_paths, pct) VALUES(479, 479, 2544, 2544, 0, 0, 636, 6, 6, 0.0);
INSERT INTO mainrows(id, symbol_id, self_count, cumulative_count, kids, self_calls, total_calls, self_paths, total_paths, pct) VALUES(480, 480, 13064, 13064, 4, 4, 3266, 30, 30, 0.0);
INSERT INTO mainrows(id, symbol_id, self_count, cumulative_count, kids, self_calls, total_calls, self_paths, total_paths, pct) VALUES(481, 481, 3344, 3344, 0, 2, 836, 7, 7, 0.0);
INSERT INTO mainrows(id, symbol_id, self_count, cumulative_count, kids, self_calls, total_calls, self_paths, total_paths, pct) VALUES(482, 482, 3344, 3344, 0, 2, 836, 7, 7, 0.0);
INSERT INTO mainrows(id, symbol_id, self_count, cumulative_count, kids, self_calls, total_calls, self_paths, total_paths, pct) VALUES(483, 483, 3344, 3344, 0, 0, 836, 7, 7, 0.0);
INSERT INTO mainrows(id, symbol_id, self_count, cumulative_count, kids, self_calls, total_calls, self_paths, total_paths, pct) VALUES(484, 484, 2544, 2544, 0, 0, 636, 6, 6, 0.0);
INSERT INTO mainrows(id, symbol_id, self_count, cumulative_count, kids, self_calls, total_calls, self_paths, total_paths, pct) VALUES(485, 485, 13064, 13064, 4, 0, 3266, 30, 30, 0.0);
INSERT INTO mainrows(id, symbol_id, self_count, cumulative_count, kids, self_calls, total_calls, self_paths, total_paths, pct) VALUES(486, 486, 3344, 3344, 0, 0, 836, 7, 7, 0.0);
INSERT INTO mainrows(id, symbol_id, self_count, cumulative_count, kids, self_calls, total_calls, self_paths, total_paths, pct) VALUES(487, 487, 3344, 3344, 0, 0, 836, 7, 7, 0.0);
INSERT INTO mainrows(id, symbol_id, self_count, cumulative_count, kids, self_calls, total_calls, self_paths, total_paths, pct) VALUES(488, 488, 3344, 3344, 0, 0, 836, 7, 7, 0.0);
INSERT INTO mainrows(id, symbol_id, self_count, cumulative_count, kids, self_calls, total_calls, self_paths, total_paths, pct) VALUES(489, 489, 2544, 2544, 0, 0, 636, 6, 6, 0.0);
INSERT INTO mainrows(id, symbol_id, self_count, cumulative_count, kids, self_calls, total_calls, self_paths, total_paths, pct) VALUES(490, 490, 13080, 13080, 4, 0, 3270, 30, 30, 0.0);
INSERT INTO mainrows(id, symbol_id, self_count, cumulative_count, kids, self_calls, total_calls, self_paths, total_paths, pct) VALUES(491, 491, 3344, 3344, 0, 0, 836, 7, 7, 0.0);
INSERT INTO mainrows(id, symbol_id, self_count, cumulative_count, kids, self_calls, total_calls, self_paths, total_paths, pct) VALUES(492, 492, 3344, 3344, 0, 0, 836, 7, 7, 0.0);
INSERT INTO mainrows(id, symbol_id, self_count, cumulative_count, kids, self_calls, total_calls, self_paths, total_paths, pct) VALUES(493, 493, 3344, 3344, 0, 0, 836, 7, 7, 0.0);
INSERT INTO mainrows(id, symbol_id, self_count, cumulative_count, kids, self_calls, total_calls, self_paths, total_paths, pct) VALUES(494, 494, 2544, 2544, 0, 0, 636, 6, 6, 0.0);
INSERT INTO mainrows(id, symbol_id, self_count, cumulative_count, kids, self_calls, total_calls, self_paths, total_paths, pct) VALUES(495, 495, 13064, 13064, 4, 0, 3266, 30, 30, 0.0);
INSERT INTO mainrows(id, symbol_id, self_count, cumulative_count, kids, self_calls, total_calls, self_paths, total_paths, pct) VALUES(496, 496, 3344, 3344, 0, 0, 836, 7, 7, 0.0);
INSERT INTO mainrows(id, symbol_id, self_count, cumulative_count, kids, self_calls, total_calls, self_paths, total_paths, pct) VALUES(497, 497, 3344, 3344, 0, 0, 836, 7, 7, 0.0);
INSERT INTO mainrows(id, symbol_id, self_count, cumulative_count, kids, self_calls, total_calls, self_paths, total_paths, pct) VALUES(498, 498, 3344, 3344, 0, 0, 836, 7, 7, 0.0);
INSERT INTO mainrows(id, symbol_id, self_count, cumulative_count, kids, self_calls, total_calls, self_paths, total_paths, pct) VALUES(499, 499, 2544, 2544, 0, 0, 636, 6, 6, 0.0);
INSERT INTO mainrows(id, symbol_id, self_count, cumulative_count, kids, self_calls, total_calls, self_paths, total_paths, pct) VALUES(500, 500, 13064, 13064, 4, 0, 3266, 30, 30, 0.0);
INSERT INTO mainrows(id, symbol_id, self_count, cumulative_count, kids, self_calls, total_calls, self_paths, total_paths, pct) VALUES(501, 501, 3344, 3344, 0, 0, 836, 7, 7, 0.0);
INSERT INTO mainrows(id, symbol_id, self_count, cumulative_count, kids, self_calls, total_calls, self_paths, total_paths, pct) VALUES(502, 502, 3344, 3344, 0, 0, 836, 7, 7, 0.0);
INSERT INTO mainrows(id, symbol_id, self_count, cumulative_count, kids, self_calls, total_calls, self_paths, total_paths, pct) VALUES(503, 503, 3344, 3344, 0, 0, 836, 7, 7, 0.0);
INSERT INTO mainrows(id, symbol_id, self_count, cumulative_count, kids, self_calls, total_calls, self_paths, total_paths, pct) VALUES(504, 504, 2544, 2544, 0, 0, 636, 6, 6, 0.0);
INSERT INTO mainrows(id, symbol_id, self_count, cumulative_count, kids, self_calls, total_calls, self_paths, total_paths, pct) VALUES(505, 505, 13064, 13064, 4, 0, 3266, 30, 30, 0.0);
INSERT INTO mainrows(id, symbol_id, self_count, cumulative_count, kids, self_calls, total_calls, self_paths, total_paths, pct) VALUES(506, 506, 3344, 3344, 0, 0, 836, 7, 7, 0.0);
INSERT INTO mainrows(id, symbol_id, self_count, cumulative_count, kids, self_calls, total_calls, self_paths, total_paths, pct) VALUES(507, 507, 3344, 3344, 0, 0, 836, 7, 7, 0.0);
INSERT INTO mainrows(id, symbol_id, self_count, cumulative_count, kids, self_calls, total_calls, self_paths, total_paths, pct) VALUES(508, 508, 3344, 3344, 0, 0, 836, 7, 7, 0.0);
INSERT INTO mainrows(id, symbol_id, self_count, cumulative_count, kids, self_calls, total_calls, self_paths, total_paths, pct) VALUES(509, 509, 2544, 2544, 0, 0, 636, 6, 6, 0.0);
INSERT INTO mainrows(id, symbol_id, self_count, cumulative_count, kids, self_calls, total_calls, self_paths, total_paths, pct) VALUES(510, 510, 13064, 13064, 4, 0, 3266, 30, 30, 0.0);
INSERT INTO mainrows(id, symbol_id, self_count, cumulative_count, kids, self_calls, total_calls, self_paths, total_paths, pct) VALUES(511, 511, 3344, 3344, 0, 0, 836, 7, 7, 0.0);
INSERT INTO mainrows(id, symbol_id, self_count, cumulative_count, kids, self_calls, total_calls, self_paths, total_paths, pct) VALUES(512, 512, 3344, 3344, 0, 0, 836, 7, 7, 0.0);
INSERT INTO mainrows(id, symbol_id, self_count, cumulative_count, kids, self_calls, total_calls, self_paths, total_paths, pct) VALUES(513, 513, 3344, 3344, 0, 0, 836, 7, 7, 0.0);
INSERT INTO mainrows(id, symbol_id, self_count, cumulative_count, kids, self_calls, total_calls, self_paths, total_paths, pct) VALUES(514, 514, 2544, 2544, 0, 0, 636, 6, 6, 0.0);
INSERT INTO mainrows(id, symbol_id, self_count, cumulative_count, kids, self_calls, total_calls, self_paths, total_paths, pct) VALUES(515, 515, 13064, 13064, 4, 0, 3266, 30, 30, 0.0);
INSERT INTO mainrows(id, symbol_id, self_count, cumulative_count, kids, self_calls, total_calls, self_paths, total_paths, pct) VALUES(516, 516, 3344, 3344, 0, 0, 836, 7, 7, 0.0);
INSERT INTO mainrows(id, symbol_id, self_count, cumulative_count, kids, self_calls, total_calls, self_paths, total_paths, pct) VALUES(517, 517, 3344, 3344, 0, 0, 836, 7, 7, 0.0);
INSERT INTO mainrows(id, symbol_id, self_count, cumulative_count, kids, self_calls, total_calls, self_paths, total_paths, pct) VALUES(518, 518, 3344, 3344, 0, 0, 836, 7, 7, 0.0);
INSERT INTO mainrows(id, symbol_id, self_count, cumulative_count, kids, self_calls, total_calls, self_paths, total_paths, pct) VALUES(519, 519, 2544, 2544, 0, 0, 636, 6, 6, 0.0);
INSERT INTO mainrows(id, symbol_id, self_count, cumulative_count, kids, self_calls, total_calls, self_paths, total_paths, pct) VALUES(520, 520, 166880, 166880, 14, 85, 41720, 385, 385, 0.0);
INSERT INTO mainrows(id, symbol_id, self_count, cumulative_count, kids, self_calls, total_calls, self_paths, total_paths, pct) VALUES(521, 521, 13064, 13064, 4, 28, 3266, 30, 30, 0.0);
INSERT INTO mainrows(id, symbol_id, self_count, cumulative_count, kids, self_calls, total_calls, self_paths, total_paths, pct) VALUES(522, 522, 3344, 3344, 0, 0, 836, 7, 7, 0.0);
INSERT INTO mainrows(id, symbol_id, self_count, cumulative_count, kids, self_calls, total_calls, self_paths, total_paths, pct) VALUES(523, 523, 3344, 3344, 0, 12, 836, 7, 7, 0.0);
INSERT INTO mainrows(id, symbol_id, self_count, cumulative_count, kids, self_calls, total_calls, self_paths, total_paths, pct) VALUES(524, 524, 3344, 3344, 0, 14, 836, 7, 7, 0.0);
INSERT INTO mainrows(id, symbol_id, self_count, cumulative_count, kids, self_calls, total_calls, self_paths, total_paths, pct) VALUES(525, 525, 2544, 2544, 0, 2, 636, 6, 6, 0.0);
INSERT INTO mainrows(id, symbol_id, self_count, cumulative_count, kids, self_calls, total_calls, self_paths, total_paths, pct) VALUES(526, 526, 13080, 13080, 4, 0, 3270, 30, 30, 0.0);
INSERT INTO mainrows(id, symbol_id, self_count, cumulative_count, kids, self_calls, total_calls, self_paths, total_paths, pct) VALUES(527, 527, 3344, 3344, 0, 0, 836, 7, 7, 0.0);
INSERT INTO mainrows(id, symbol_id, self_count, cumulative_count, kids, self_calls, total_calls, self_paths, total_paths, pct) VALUES(528, 528, 3344, 3344, 0, 0, 836, 7, 7, 0.0);
INSERT INTO mainrows(id, symbol_id, self_count, cumulative_count, kids, self_calls, total_calls, self_paths, total_paths, pct) VALUES(529, 529, 3344, 3344, 0, 0, 836, 7, 7, 0.0);
INSERT INTO mainrows(id, symbol_id, self_count, cumulative_count, kids, self_calls, total_calls, self_paths, total_paths, pct) VALUES(530, 530, 2544, 2544, 0, 0, 636, 6, 6, 0.0);
INSERT INTO mainrows(id, symbol_id, self_count, cumulative_count, kids, self_calls, total_calls, self_paths, total_paths, pct) VALUES(531, 531, 13064, 13064, 4, 12, 3266, 30, 30, 0.0);
INSERT INTO mainrows(id, symbol_id, self_count, cumulative_count, kids, self_calls, total_calls, self_paths, total_paths, pct) VALUES(532, 532, 3344, 3344, 0, 12, 836, 7, 7, 0.0);
INSERT INTO mainrows(id, symbol_id, self_count, cumulative_count, kids, self_calls, total_calls, self_paths, total_paths, pct) VALUES(533, 533, 3344, 3344, 0, 0, 836, 7, 7, 0.0);
INSERT INTO mainrows(id, symbol_id, self_count, cumulative_count, kids, self_calls, total_calls, self_paths, total_paths, pct) VALUES(534, 534, 3344, 3344, 0, 0, 836, 7, 7, 0.0);
INSERT INTO mainrows(id, symbol_id, self_count, cumulative_count, kids, self_calls, total_calls, self_paths, total_paths, pct) VALUES(535, 535, 2544, 2544, 0, 0, 636, 6, 6, 0.0);
INSERT INTO mainrows(id, symbol_id, self_count, cumulative_count, kids, self_calls, total_calls, self_paths, total_paths, pct) VALUES(536, 536, 13064, 13064, 4, 0, 3266, 30, 30, 0.0);
INSERT INTO mainrows(id, symbol_id, self_count, cumulative_count, kids, self_calls, total_calls, self_paths, total_paths, pct) VALUES(537, 537, 3344, 3344, 0, 0, 836, 7, 7, 0.0);
INSERT INTO mainrows(id, symbol_id, self_count, cumulative_count, kids, self_calls, total_calls, self_paths, total_paths, pct) VALUES(538, 538, 3344, 3344, 0, 0, 836, 7, 7, 0.0);
INSERT INTO mainrows(id, symbol_id, self_count, cumulative_count, kids, self_calls, total_calls, self_paths, total_paths, pct) VALUES(539, 539, 3344, 3344, 0, 0, 836, 7, 7, 0.0);
INSERT INTO mainrows(id, symbol_id, self_count, cumulative_count, kids, self_calls, total_calls, self_paths, total_paths, pct) VALUES(540, 540, 2544, 2544, 0, 0, 636, 6, 6, 0.0);
INSERT INTO mainrows(id, symbol_id, self_count, cumulative_count, kids, self_calls, total_calls, self_paths, total_paths, pct) VALUES(541, 541, 4944, 4944, 4, 0, 1236, 12, 12, 0.0);
INSERT INTO mainrows(id, symbol_id, self_count, cumulative_count, kids, self_calls, total_calls, self_paths, total_paths, pct) VALUES(542, 542, 800, 800, 0, 0, 200, 2, 2, 0.0);
INSERT INTO mainrows(id, symbol_id, self_count, cumulative_count, kids, self_calls, total_calls, self_paths, total_paths, pct) VALUES(543, 543, 800, 800, 0, 0, 200, 2, 2, 0.0);
INSERT INTO mainrows(id, symbol_id, self_count, cumulative_count, kids, self_calls, total_calls, self_paths, total_paths, pct) VALUES(544, 544, 800, 800, 0, 0, 200, 2, 2, 0.0);
INSERT INTO mainrows(id, symbol_id, self_count, cumulative_count, kids, self_calls, total_calls, self_paths, total_paths, pct) VALUES(545, 545, 2544, 2544, 0, 0, 636, 6, 6, 0.0);
INSERT INTO mainrows(id, symbol_id, self_count, cumulative_count, kids, self_calls, total_calls, self_paths, total_paths, pct) VALUES(546, 546, 4944, 4944, 4, 0, 1236, 12, 12, 0.0);
INSERT INTO mainrows(id, symbol_id, self_count, cumulative_count, kids, self_calls, total_calls, self_paths, total_paths, pct) VALUES(547, 547, 800, 800, 0, 0, 200, 2, 2, 0.0);
INSERT INTO mainrows(id, symbol_id, self_count, cumulative_count, kids, self_calls, total_calls, self_paths, total_paths, pct) VALUES(548, 548, 800, 800, 0, 0, 200, 2, 2, 0.0);
INSERT INTO mainrows(id, symbol_id, self_count, cumulative_count, kids, self_calls, total_calls, self_paths, total_paths, pct) VALUES(549, 549, 800, 800, 0, 0, 200, 2, 2, 0.0);
INSERT INTO mainrows(id, symbol_id, self_count, cumulative_count, kids, self_calls, total_calls, self_paths, total_paths, pct) VALUES(550, 550, 2544, 2544, 0, 0, 636, 6, 6, 0.0);
INSERT INTO mainrows(id, symbol_id, self_count, cumulative_count, kids, self_calls, total_calls, self_paths, total_paths, pct) VALUES(551, 551, 13064, 13064, 4, 0, 3266, 30, 30, 0.0);
INSERT INTO mainrows(id, symbol_id, self_count, cumulative_count, kids, self_calls, total_calls, self_paths, total_paths, pct) VALUES(552, 552, 3344, 3344, 0, 0, 836, 7, 7, 0.0);
INSERT INTO mainrows(id, symbol_id, self_count, cumulative_count, kids, self_calls, total_calls, self_paths, total_paths, pct) VALUES(553, 553, 3344, 3344, 0, 0, 836, 7, 7, 0.0);
INSERT INTO mainrows(id, symbol_id, self_count, cumulative_count, kids, self_calls, total_calls, self_paths, total_paths, pct) VALUES(554, 554, 3344, 3344, 0, 0, 836, 7, 7, 0.0);
INSERT INTO mainrows(id, symbol_id, self_count, cumulative_count, kids, self_calls, total_calls, self_paths, total_paths, pct) VALUES(555, 555, 2544, 2544, 0, 0, 636, 6, 6, 0.0);
INSERT INTO mainrows(id, symbol_id, self_count, cumulative_count, kids, self_calls, total_calls, self_paths, total_paths, pct) VALUES(556, 556, 13064, 13064, 4, 1, 3266, 30, 30, 0.0);
INSERT INTO mainrows(id, symbol_id, self_count, cumulative_count, kids, self_calls, total_calls, self_paths, total_paths, pct) VALUES(557, 557, 3344, 3344, 0, 0, 836, 7, 7, 0.0);
INSERT INTO mainrows(id, symbol_id, self_count, cumulative_count, kids, self_calls, total_calls, self_paths, total_paths, pct) VALUES(558, 558, 3344, 3344, 0, 0, 836, 7, 7, 0.0);
INSERT INTO mainrows(id, symbol_id, self_count, cumulative_count, kids, self_calls, total_calls, self_paths, total_paths, pct) VALUES(559, 559, 3344, 3344, 0, 0, 836, 7, 7, 0.0);
INSERT INTO mainrows(id, symbol_id, self_count, cumulative_count, kids, self_calls, total_calls, self_paths, total_paths, pct) VALUES(560, 560, 2544, 2544, 0, 1, 636, 6, 6, 0.0);
INSERT INTO mainrows(id, symbol_id, self_count, cumulative_count, kids, self_calls, total_calls, self_paths, total_paths, pct) VALUES(561, 561, 13080, 13080, 4, 10, 3270, 30, 30, 0.0);
INSERT INTO mainrows(id, symbol_id, self_count, cumulative_count, kids, self_calls, total_calls, self_paths, total_paths, pct) VALUES(562, 562, 3344, 3344, 0, 10, 836, 7, 7, 0.0);
INSERT INTO mainrows(id, symbol_id, self_count, cumulative_count, kids, self_calls, total_calls, self_paths, total_paths, pct) VALUES(563, 563, 3344, 3344, 0, 0, 836, 7, 7, 0.0);
INSERT INTO mainrows(id, symbol_id, self_count, cumulative_count, kids, self_calls, total_calls, self_paths, total_paths, pct) VALUES(564, 564, 3344, 3344, 0, 0, 836, 7, 7, 0.0);
INSERT INTO mainrows(id, symbol_id, self_count, cumulative_count, kids, self_calls, total_calls, self_paths, total_paths, pct) VALUES(565, 565, 2544, 2544, 0, 0, 636, 6, 6, 0.0);
INSERT INTO mainrows(id, symbol_id, self_count, cumulative_count, kids, self_calls, total_calls, self_paths, total_paths, pct) VALUES(566, 566, 13064, 13064, 4, 0, 3266, 30, 30, 0.0);
INSERT INTO mainrows(id, symbol_id, self_count, cumulative_count, kids, self_calls, total_calls, self_paths, total_paths, pct) VALUES(567, 567, 3344, 3344, 0, 0, 836, 7, 7, 0.0);
INSERT INTO mainrows(id, symbol_id, self_count, cumulative_count, kids, self_calls, total_calls, self_paths, total_paths, pct) VALUES(568, 568, 3344, 3344, 0, 0, 836, 7, 7, 0.0);
INSERT INTO mainrows(id, symbol_id, self_count, cumulative_count, kids, self_calls, total_calls, self_paths, total_paths, pct) VALUES(569, 569, 3344, 3344, 0, 0, 836, 7, 7, 0.0);
INSERT INTO mainrows(id, symbol_id, self_count, cumulative_count, kids, self_calls, total_calls, self_paths, total_paths, pct) VALUES(570, 570, 2544, 2544, 0, 0, 636, 6, 6, 0.0);
INSERT INTO mainrows(id, symbol_id, self_count, cumulative_count, kids, self_calls, total_calls, self_paths, total_paths, pct) VALUES(571, 571, 13064, 13064, 4, 0, 3266, 30, 30, 0.0);
INSERT INTO mainrows(id, symbol_id, self_count, cumulative_count, kids, self_calls, total_calls, self_paths, total_paths, pct) VALUES(572, 572, 3344, 3344, 0, 0, 836, 7, 7, 0.0);
INSERT INTO mainrows(id, symbol_id, self_count, cumulative_count, kids, self_calls, total_calls, self_paths, total_paths, pct) VALUES(573, 573, 3344, 3344, 0, 0, 836, 7, 7, 0.0);
INSERT INTO mainrows(id, symbol_id, self_count, cumulative_count, kids, self_calls, total_calls, self_paths, total_paths, pct) VALUES(574, 574, 3344, 3344, 0, 0, 836, 7, 7, 0.0);
INSERT INTO mainrows(id, symbol_id, self_count, cumulative_count, kids, self_calls, total_calls, self_paths, total_paths, pct) VALUES(575, 575, 2544, 2544, 0, 0, 636, 6, 6, 0.0);
INSERT INTO mainrows(id, symbol_id, self_count, cumulative_count, kids, self_calls, total_calls, self_paths, total_paths, pct) VALUES(576, 576, 13064, 13064, 4, 2, 3266, 30, 30, 0.0);
INSERT INTO mainrows(id, symbol_id, self_count, cumulative_count, kids, self_calls, total_calls, self_paths, total_paths, pct) VALUES(577, 577, 3344, 3344, 0, 0, 836, 7, 7, 0.0);
INSERT INTO mainrows(id, symbol_id, self_count, cumulative_count, kids, self_calls, total_calls, self_paths, total_paths, pct) VALUES(578, 578, 3344, 3344, 0, 0, 836, 7, 7, 0.0);
INSERT INTO mainrows(id, symbol_id, self_count, cumulative_count, kids, self_calls, total_calls, self_paths, total_paths, pct) VALUES(579, 579, 3344, 3344, 0, 0, 836, 7, 7, 0.0);
INSERT INTO mainrows(id, symbol_id, self_count, cumulative_count, kids, self_calls, total_calls, self_paths, total_paths, pct) VALUES(580, 580, 2544, 2544, 0, 2, 636, 6, 6, 0.0);
INSERT INTO mainrows(id, symbol_id, self_count, cumulative_count, kids, self_calls, total_calls, self_paths, total_paths, pct) VALUES(581, 581, 13064, 13064, 4, 0, 3266, 30, 30, 0.0);
INSERT INTO mainrows(id, symbol_id, self_count, cumulative_count, kids, self_calls, total_calls, self_paths, total_paths, pct) VALUES(582, 582, 3344, 3344, 0, 0, 836, 7, 7, 0.0);
INSERT INTO mainrows(id, symbol_id, self_count, cumulative_count, kids, self_calls, total_calls, self_paths, total_paths, pct) VALUES(583, 583, 3344, 3344, 0, 0, 836, 7, 7, 0.0);
INSERT INTO mainrows(id, symbol_id, self_count, cumulative_count, kids, self_calls, total_calls, self_paths, total_paths, pct) VALUES(584, 584, 3344, 3344, 0, 0, 836, 7, 7, 0.0);
INSERT INTO mainrows(id, symbol_id, self_count, cumulative_count, kids, self_calls, total_calls, self_paths, total_paths, pct) VALUES(585, 585, 2544, 2544, 0, 0, 636, 6, 6, 0.0);
INSERT INTO mainrows(id, symbol_id, self_count, cumulative_count, kids, self_calls, total_calls, self_paths, total_paths, pct) VALUES(586, 586, 13064, 13064, 4, 0, 3266, 30, 30, 0.0);
INSERT INTO mainrows(id, symbol_id, self_count, cumulative_count, kids, self_calls, total_calls, self_paths, total_paths, pct) VALUES(587, 587, 3344, 3344, 0, 0, 836, 7, 7, 0.0);
INSERT INTO mainrows(id, symbol_id, self_count, cumulative_count, kids, self_calls, total_calls, self_paths, total_paths, pct) VALUES(588, 588, 3344, 3344, 0, 0, 836, 7, 7, 0.0);
INSERT INTO mainrows(id, symbol_id, self_count, cumulative_count, kids, self_calls, total_calls, self_paths, total_paths, pct) VALUES(589, 589, 3344, 3344, 0, 0, 836, 7, 7, 0.0);
INSERT INTO mainrows(id, symbol_id, self_count, cumulative_count, kids, self_calls, total_calls, self_paths, total_paths, pct) VALUES(590, 590, 2544, 2544, 0, 0, 636, 6, 6, 0.0);
INSERT INTO mainrows(id, symbol_id, self_count, cumulative_count, kids, self_calls, total_calls, self_paths, total_paths, pct) VALUES(591, 591, 7248, 7248, 6, 821, 1812, 37, 37, 0.0);
INSERT INTO mainrows(id, symbol_id, self_count, cumulative_count, kids, self_calls, total_calls, self_paths, total_paths, pct) VALUES(592, 592, 2880, 2880, 0, 483, 720, 15, 15, 0.0);
INSERT INTO mainrows(id, symbol_id, self_count, cumulative_count, kids, self_calls, total_calls, self_paths, total_paths, pct) VALUES(593, 593, 792, 792, 0, 68, 198, 4, 4, 0.0);
INSERT INTO mainrows(id, symbol_id, self_count, cumulative_count, kids, self_calls, total_calls, self_paths, total_paths, pct) VALUES(594, 594, 792, 792, 0, 64, 198, 4, 4, 0.0);
INSERT INTO mainrows(id, symbol_id, self_count, cumulative_count, kids, self_calls, total_calls, self_paths, total_paths, pct) VALUES(595, 595, 792, 792, 0, 68, 198, 4, 4, 0.0);
INSERT INTO mainrows(id, symbol_id, self_count, cumulative_count, kids, self_calls, total_calls, self_paths, total_paths, pct) VALUES(596, 596, 792, 792, 0, 64, 198, 4, 4, 0.0);
INSERT INTO mainrows(id, symbol_id, self_count, cumulative_count, kids, self_calls, total_calls, self_paths, total_paths, pct) VALUES(597, 597, 792, 792, 0, 70, 198, 4, 4, 0.0);
INSERT INTO mainrows(id, symbol_id, self_count, cumulative_count, kids, self_calls, total_calls, self_paths, total_paths, pct) VALUES(598, 598, 7248, 7248, 6, 815, 1812, 37, 37, 0.0);
INSERT INTO mainrows(id, symbol_id, self_count, cumulative_count, kids, self_calls, total_calls, self_paths, total_paths, pct) VALUES(599, 599, 2880, 2880, 0, 481, 720, 15, 15, 0.0);
INSERT INTO mainrows(id, symbol_id, self_count, cumulative_count, kids, self_calls, total_calls, self_paths, total_paths, pct) VALUES(600, 600, 792, 792, 0, 68, 198, 4, 4, 0.0);
INSERT INTO mainrows(id, symbol_id, self_count, cumulative_count, kids, self_calls, total_calls, self_paths, total_paths, pct) VALUES(601, 601, 792, 792, 0, 64, 198, 4, 4, 0.0);
INSERT INTO mainrows(id, symbol_id, self_count, cumulative_count, kids, self_calls, total_calls, self_paths, total_paths, pct) VALUES(602, 602, 792, 792, 0, 68, 198, 4, 4, 0.0);
INSERT INTO mainrows(id, symbol_id, self_count, cumulative_count, kids, self_calls, total_calls, self_paths, total_paths, pct) VALUES(603, 603, 792, 792, 0, 64, 198, 4, 4, 0.0);
INSERT INTO mainrows(id, symbol_id, self_count, cumulative_count, kids, self_calls, total_calls, self_paths, total_paths, pct) VALUES(604, 604, 792, 792, 0, 66, 198, 4, 4, 0.0);
INSERT INTO mainrows(id, symbol_id, self_count, cumulative_count, kids, self_calls, total_calls, self_paths, total_paths, pct) VALUES(605, 605, 7064, 7064, 2, 999, 1766, 32, 32, 0.0);
INSERT INTO mainrows(id, symbol_id, self_count, cumulative_count, kids, self_calls, total_calls, self_paths, total_paths, pct) VALUES(606, 606, 1120, 1120, 0, 190, 280, 5, 5, 0.0);
INSERT INTO mainrows(id, symbol_id, self_count, cumulative_count, kids, self_calls, total_calls, self_paths, total_paths, pct) VALUES(607, 607, 3360, 3360, 0, 572, 840, 15, 15, 0.0);
INSERT INTO mainrows(id, symbol_id, self_count, cumulative_count, kids, self_calls, total_calls, self_paths, total_paths, pct) VALUES(608, 608, 1200, 1200, 5, 147, 300, 15, 15, 0.0);
INSERT INTO mainrows(id, symbol_id, self_count, cumulative_count, kids, self_calls, total_calls, self_paths, total_paths, pct) VALUES(609, 609, 0, 0, 0, 0, 0, 0, 0, 0.0);
INSERT INTO mainrows(id, symbol_id, self_count, cumulative_count, kids, self_calls, total_calls, self_paths, total_paths, pct) VALUES(610, 610, 0, 0, 0, 0, 0, 0, 0, 0.0);
INSERT INTO mainrows(id, symbol_id, self_count, cumulative_count, kids, self_calls, total_calls, self_paths, total_paths, pct) VALUES(611, 611, 0, 0, 0, 0, 0, 0, 0, 0.0);
INSERT INTO mainrows(id, symbol_id, self_count, cumulative_count, kids, self_calls, total_calls, self_paths, total_paths, pct) VALUES(612, 612, 80, 80, 0, 13, 20, 11, 11, 0.0);
INSERT INTO mainrows(id, symbol_id, self_count, cumulative_count, kids, self_calls, total_calls, self_paths, total_paths, pct) VALUES(613, 613, 0, 0, 0, 0, 0, 0, 0, 0.0);
INSERT INTO mainrows(id, symbol_id, self_count, cumulative_count, kids, self_calls, total_calls, self_paths, total_paths, pct) VALUES(614, 614, 120, 120, 0, 5, 30, 3, 3, 0.0);
INSERT INTO parents(self_id, child_id, to_child_count, to_child_calls, to_child_paths, pct) VALUES(10,96,0,0,0,0);
INSERT INTO parents(self_id, child_id, to_child_count, to_child_calls, to_child_paths, pct) VALUES(96,97,10280,2570,12,0);
INSERT INTO parents(self_id, child_id, to_child_count, to_child_calls, to_child_paths, pct) VALUES(97,98,2580,645,2,0);
INSERT INTO parents(self_id, child_id, to_child_count, to_child_calls, to_child_paths, pct) VALUES(98,99,1144,286,1,0);
INSERT INTO parents(self_id, child_id, to_child_count, to_child_calls, to_child_paths, pct) VALUES(98,100,1144,286,1,0);
INSERT INTO parents(self_id, child_id, to_child_count, to_child_calls, to_child_paths, pct) VALUES(98,101,1144,286,1,0);
INSERT INTO parents(self_id, child_id, to_child_count, to_child_calls, to_child_paths, pct) VALUES(98,102,1144,286,1,0);
INSERT INTO parents(self_id, child_id, to_child_count, to_child_calls, to_child_paths, pct) VALUES(98,103,1144,286,1,0);
INSERT INTO parents(self_id, child_id, to_child_count, to_child_calls, to_child_paths, pct) VALUES(98,104,1144,286,1,0);
INSERT INTO parents(self_id, child_id, to_child_count, to_child_calls, to_child_paths, pct) VALUES(98,105,1144,286,1,0);
INSERT INTO parents(self_id, child_id, to_child_count, to_child_calls, to_child_paths, pct) VALUES(98,106,1144,286,1,0);
INSERT INTO parents(self_id, child_id, to_child_count, to_child_calls, to_child_paths, pct) VALUES(98,107,1144,286,1,0);
INSERT INTO parents(self_id, child_id, to_child_count, to_child_calls, to_child_paths, pct) VALUES(98,108,1144,286,1,0);
INSERT INTO parents(self_id, child_id, to_child_count, to_child_calls, to_child_paths, pct) VALUES(98,109,1144,286,1,0);
INSERT INTO parents(self_id, child_id, to_child_count, to_child_calls, to_child_paths, pct) VALUES(98,110,1144,286,1,0);
INSERT INTO parents(self_id, child_id, to_child_count, to_child_calls, to_child_paths, pct) VALUES(97,111,2580,645,2,0);
INSERT INTO parents(self_id, child_id, to_child_count, to_child_calls, to_child_paths, pct) VALUES(111,112,1144,286,1,0);
INSERT INTO parents(self_id, child_id, to_child_count, to_child_calls, to_child_paths, pct) VALUES(111,113,1144,286,1,0);
INSERT INTO parents(self_id, child_id, to_child_count, to_child_calls, to_child_paths, pct) VALUES(111,114,1144,286,1,0);
INSERT INTO parents(self_id, child_id, to_child_count, to_child_calls, to_child_paths, pct) VALUES(111,115,1144,286,1,0);
INSERT INTO parents(self_id, child_id, to_child_count, to_child_calls, to_child_paths, pct) VALUES(111,116,1144,286,1,0);
INSERT INTO parents(self_id, child_id, to_child_count, to_child_calls, to_child_paths, pct) VALUES(111,117,1144,286,1,0);
INSERT INTO parents(self_id, child_id, to_child_count, to_child_calls, to_child_paths, pct) VALUES(111,118,1144,286,1,0);
INSERT INTO parents(self_id, child_id, to_child_count, to_child_calls, to_child_paths, pct) VALUES(111,119,1144,286,1,0);
INSERT INTO parents(self_id, child_id, to_child_count, to_child_calls, to_child_paths, pct) VALUES(111,120,1144,286,1,0);
INSERT INTO parents(self_id, child_id, to_child_count, to_child_calls, to_child_paths, pct) VALUES(111,121,1144,286,1,0);
INSERT INTO parents(self_id, child_id, to_child_count, to_child_calls, to_child_paths, pct) VALUES(111,122,1144,286,1,0);
INSERT INTO parents(self_id, child_id, to_child_count, to_child_calls, to_child_paths, pct) VALUES(111,123,1144,286,1,0);
INSERT INTO parents(self_id, child_id, to_child_count, to_child_calls, to_child_paths, pct) VALUES(97,124,2580,645,2,0);
INSERT INTO parents(self_id, child_id, to_child_count, to_child_calls, to_child_paths, pct) VALUES(124,125,1144,286,1,0);
INSERT INTO parents(self_id, child_id, to_child_count, to_child_calls, to_child_paths, pct) VALUES(124,126,1144,286,1,0);
INSERT INTO parents(self_id, child_id, to_child_count, to_child_calls, to_child_paths, pct) VALUES(124,127,1144,286,1,0);
INSERT INTO parents(self_id, child_id, to_child_count, to_child_calls, to_child_paths, pct) VALUES(124,128,1144,286,1,0);
INSERT INTO parents(self_id, child_id, to_child_count, to_child_calls, to_child_paths, pct) VALUES(124,129,1144,286,1,0);
INSERT INTO parents(self_id, child_id, to_child_count, to_child_calls, to_child_paths, pct) VALUES(124,130,1144,286,1,0);
INSERT INTO parents(self_id, child_id, to_child_count, to_child_calls, to_child_paths, pct) VALUES(124,131,1144,286,1,0);
INSERT INTO parents(self_id, child_id, to_child_count, to_child_calls, to_child_paths, pct) VALUES(124,132,1144,286,1,0);
INSERT INTO parents(self_id, child_id, to_child_count, to_child_calls, to_child_paths, pct) VALUES(124,133,1144,286,1,0);
INSERT INTO parents(self_id, child_id, to_child_count, to_child_calls, to_child_paths, pct) VALUES(124,134,1144,286,1,0);
INSERT INTO parents(self_id, child_id, to_child_count, to_child_calls, to_child_paths, pct) VALUES(124,135,1144,286,1,0);
INSERT INTO parents(self_id, child_id, to_child_count, to_child_calls, to_child_paths, pct) VALUES(124,136,1144,286,1,0);
INSERT INTO parents(self_id, child_id, to_child_count, to_child_calls, to_child_paths, pct) VALUES(97,137,2580,645,2,0);
INSERT INTO parents(self_id, child_id, to_child_count, to_child_calls, to_child_paths, pct) VALUES(137,138,1144,286,1,0);
INSERT INTO parents(self_id, child_id, to_child_count, to_child_calls, to_child_paths, pct) VALUES(137,139,1144,286,1,0);
INSERT INTO parents(self_id, child_id, to_child_count, to_child_calls, to_child_paths, pct) VALUES(137,140,1144,286,1,0);
INSERT INTO parents(self_id, child_id, to_child_count, to_child_calls, to_child_paths, pct) VALUES(137,141,1144,286,1,0);
INSERT INTO parents(self_id, child_id, to_child_count, to_child_calls, to_child_paths, pct) VALUES(137,142,1144,286,1,0);
INSERT INTO parents(self_id, child_id, to_child_count, to_child_calls, to_child_paths, pct) VALUES(137,143,1144,286,1,0);
INSERT INTO parents(self_id, child_id, to_child_count, to_child_calls, to_child_paths, pct) VALUES(137,144,1144,286,1,0);
INSERT INTO parents(self_id, child_id, to_child_count, to_child_calls, to_child_paths, pct) VALUES(137,145,1144,286,1,0);
INSERT INTO parents(self_id, child_id, to_child_count, to_child_calls, to_child_paths, pct) VALUES(137,146,1144,286,1,0);
INSERT INTO parents(self_id, child_id, to_child_count, to_child_calls, to_child_paths, pct) VALUES(137,147,1144,286,1,0);
INSERT INTO parents(self_id, child_id, to_child_count, to_child_calls, to_child_paths, pct) VALUES(137,148,1144,286,1,0);
INSERT INTO parents(self_id, child_id, to_child_count, to_child_calls, to_child_paths, pct) VALUES(137,149,1144,286,1,0);
INSERT INTO parents(self_id, child_id, to_child_count, to_child_calls, to_child_paths, pct) VALUES(97,150,2580,645,2,0);
INSERT INTO parents(self_id, child_id, to_child_count, to_child_calls, to_child_paths, pct) VALUES(150,151,1144,286,1,0);
INSERT INTO parents(self_id, child_id, to_child_count, to_child_calls, to_child_paths, pct) VALUES(150,152,1144,286,1,0);
INSERT INTO parents(self_id, child_id, to_child_count, to_child_calls, to_child_paths, pct) VALUES(150,153,1144,286,1,0);
INSERT INTO parents(self_id, child_id, to_child_count, to_child_calls, to_child_paths, pct) VALUES(150,154,1144,286,1,0);
INSERT INTO parents(self_id, child_id, to_child_count, to_child_calls, to_child_paths, pct) VALUES(150,155,1144,286,1,0);
INSERT INTO parents(self_id, child_id, to_child_count, to_child_calls, to_child_paths, pct) VALUES(150,156,1144,286,1,0);
INSERT INTO parents(self_id, child_id, to_child_count, to_child_calls, to_child_paths, pct) VALUES(150,157,1144,286,1,0);
INSERT INTO parents(self_id, child_id, to_child_count, to_child_calls, to_child_paths, pct) VALUES(150,158,1144,286,1,0);
INSERT INTO parents(self_id, child_id, to_child_count, to_child_calls, to_child_paths, pct) VALUES(150,159,1144,286,1,0);
INSERT INTO parents(self_id, child_id, to_child_count, to_child_calls, to_child_paths, pct) VALUES(150,160,1144,286,1,0);
INSERT INTO parents(self_id, child_id, to_child_count, to_child_calls, to_child_paths, pct) VALUES(150,161,1144,286,1,0);
INSERT INTO parents(self_id, child_id, to_child_count, to_child_calls, to_child_paths, pct) VALUES(150,162,1144,286,1,0);
INSERT INTO parents(self_id, child_id, to_child_count, to_child_calls, to_child_paths, pct) VALUES(97,163,2580,645,2,0);
INSERT INTO parents(self_id, child_id, to_child_count, to_child_calls, to_child_paths, pct) VALUES(163,164,1144,286,1,0);
INSERT INTO parents(self_id, child_id, to_child_count, to_child_calls, to_child_paths, pct) VALUES(163,165,1144,286,1,0);
INSERT INTO parents(self_id, child_id, to_child_count, to_child_calls, to_child_paths, pct) VALUES(163,166,1144,286,1,0);
INSERT INTO parents(self_id, child_id, to_child_count, to_child_calls, to_child_paths, pct) VALUES(163,167,1144,286,1,0);
INSERT INTO parents(self_id, child_id, to_child_count, to_child_calls, to_child_paths, pct) VALUES(163,168,1144,286,1,0);
INSERT INTO parents(self_id, child_id, to_child_count, to_child_calls, to_child_paths, pct) VALUES(163,169,1144,286,1,0);
INSERT INTO parents(self_id, child_id, to_child_count, to_child_calls, to_child_paths, pct) VALUES(163,170,1144,286,1,0);
INSERT INTO parents(self_id, child_id, to_child_count, to_child_calls, to_child_paths, pct) VALUES(163,171,1144,286,1,0);
INSERT INTO parents(self_id, child_id, to_child_count, to_child_calls, to_child_paths, pct) VALUES(163,172,1144,286,1,0);
INSERT INTO parents(self_id, child_id, to_child_count, to_child_calls, to_child_paths, pct) VALUES(163,173,1144,286,1,0);
INSERT INTO parents(self_id, child_id, to_child_count, to_child_calls, to_child_paths, pct) VALUES(163,174,1144,286,1,0);
INSERT INTO parents(self_id, child_id, to_child_count, to_child_calls, to_child_paths, pct) VALUES(163,175,1144,286,1,0);
INSERT INTO parents(self_id, child_id, to_child_count, to_child_calls, to_child_paths, pct) VALUES(97,176,2580,645,2,0);
INSERT INTO parents(self_id, child_id, to_child_count, to_child_calls, to_child_paths, pct) VALUES(176,177,1144,286,1,0);
INSERT INTO parents(self_id, child_id, to_child_count, to_child_calls, to_child_paths, pct) VALUES(176,178,1144,286,1,0);
INSERT INTO parents(self_id, child_id, to_child_count, to_child_calls, to_child_paths, pct) VALUES(176,179,1144,286,1,0);
INSERT INTO parents(self_id, child_id, to_child_count, to_child_calls, to_child_paths, pct) VALUES(176,180,1144,286,1,0);
INSERT INTO parents(self_id, child_id, to_child_count, to_child_calls, to_child_paths, pct) VALUES(176,181,1144,286,1,0);
INSERT INTO parents(self_id, child_id, to_child_count, to_child_calls, to_child_paths, pct) VALUES(176,182,1144,286,1,0);
INSERT INTO parents(self_id, child_id, to_child_count, to_child_calls, to_child_paths, pct) VALUES(176,183,1144,286,1,0);
INSERT INTO parents(self_id, child_id, to_child_count, to_child_calls, to_child_paths, pct) VALUES(176,184,1144,286,1,0);
INSERT INTO parents(self_id, child_id, to_child_count, to_child_calls, to_child_paths, pct) VALUES(176,185,1144,286,1,0);
INSERT INTO parents(self_id, child_id, to_child_count, to_child_calls, to_child_paths, pct) VALUES(176,186,1144,286,1,0);
INSERT INTO parents(self_id, child_id, to_child_count, to_child_calls, to_child_paths, pct) VALUES(176,187,1144,286,1,0);
INSERT INTO parents(self_id, child_id, to_child_count, to_child_calls, to_child_paths, pct) VALUES(176,188,1144,286,1,0);
INSERT INTO parents(self_id, child_id, to_child_count, to_child_calls, to_child_paths, pct) VALUES(97,189,2580,645,2,0);
INSERT INTO parents(self_id, child_id, to_child_count, to_child_calls, to_child_paths, pct) VALUES(189,190,1144,286,1,0);
INSERT INTO parents(self_id, child_id, to_child_count, to_child_calls, to_child_paths, pct) VALUES(189,191,1144,286,1,0);
INSERT INTO parents(self_id, child_id, to_child_count, to_child_calls, to_child_paths, pct) VALUES(189,192,1144,286,1,0);
INSERT INTO parents(self_id, child_id, to_child_count, to_child_calls, to_child_paths, pct) VALUES(189,193,1144,286,1,0);
INSERT INTO parents(self_id, child_id, to_child_count, to_child_calls, to_child_paths, pct) VALUES(189,194,1144,286,1,0);
INSERT INTO parents(self_id, child_id, to_child_count, to_child_calls, to_child_paths, pct) VALUES(189,195,1144,286,1,0);
INSERT INTO parents(self_id, child_id, to_child_count, to_child_calls, to_child_paths, pct) VALUES(189,196,1144,286,1,0);
INSERT INTO parents(self_id, child_id, to_child_count, to_child_calls, to_child_paths, pct) VALUES(189,197,1144,286,1,0);
INSERT INTO parents(self_id, child_id, to_child_count, to_child_calls, to_child_paths, pct) VALUES(189,198,1144,286,1,0);
INSERT INTO parents(self_id, child_id, to_child_count, to_child_calls, to_child_paths, pct) VALUES(189,199,1144,286,1,0);
INSERT INTO parents(self_id, child_id, to_child_count, to_child_calls, to_child_paths, pct) VALUES(189,200,1144,286,1,0);
INSERT INTO parents(self_id, child_id, to_child_count, to_child_calls, to_child_paths, pct) VALUES(189,201,1144,286,1,0);
INSERT INTO parents(self_id, child_id, to_child_count, to_child_calls, to_child_paths, pct) VALUES(97,202,2580,645,2,0);
INSERT INTO parents(self_id, child_id, to_child_count, to_child_calls, to_child_paths, pct) VALUES(202,203,1144,286,1,0);
INSERT INTO parents(self_id, child_id, to_child_count, to_child_calls, to_child_paths, pct) VALUES(202,204,1144,286,1,0);
INSERT INTO parents(self_id, child_id, to_child_count, to_child_calls, to_child_paths, pct) VALUES(202,205,1144,286,1,0);
INSERT INTO parents(self_id, child_id, to_child_count, to_child_calls, to_child_paths, pct) VALUES(202,206,1144,286,1,0);
INSERT INTO parents(self_id, child_id, to_child_count, to_child_calls, to_child_paths, pct) VALUES(202,207,1144,286,1,0);
INSERT INTO parents(self_id, child_id, to_child_count, to_child_calls, to_child_paths, pct) VALUES(202,208,1144,286,1,0);
INSERT INTO parents(self_id, child_id, to_child_count, to_child_calls, to_child_paths, pct) VALUES(202,209,1144,286,1,0);
INSERT INTO parents(self_id, child_id, to_child_count, to_child_calls, to_child_paths, pct) VALUES(202,210,1144,286,1,0);
INSERT INTO parents(self_id, child_id, to_child_count, to_child_calls, to_child_paths, pct) VALUES(202,211,1144,286,1,0);
INSERT INTO parents(self_id, child_id, to_child_count, to_child_calls, to_child_paths, pct) VALUES(202,212,1144,286,1,0);
INSERT INTO parents(self_id, child_id, to_child_count, to_child_calls, to_child_paths, pct) VALUES(202,213,1144,286,1,0);
INSERT INTO parents(self_id, child_id, to_child_count, to_child_calls, to_child_paths, pct) VALUES(202,214,1144,286,1,0);
INSERT INTO parents(self_id, child_id, to_child_count, to_child_calls, to_child_paths, pct) VALUES(97,215,2580,645,2,0);
INSERT INTO parents(self_id, child_id, to_child_count, to_child_calls, to_child_paths, pct) VALUES(215,216,1144,286,1,0);
INSERT INTO parents(self_id, child_id, to_child_count, to_child_calls, to_child_paths, pct) VALUES(215,217,1144,286,1,0);
INSERT INTO parents(self_id, child_id, to_child_count, to_child_calls, to_child_paths, pct) VALUES(215,218,1144,286,1,0);
INSERT INTO parents(self_id, child_id, to_child_count, to_child_calls, to_child_paths, pct) VALUES(215,219,1144,286,1,0);
INSERT INTO parents(self_id, child_id, to_child_count, to_child_calls, to_child_paths, pct) VALUES(215,220,1144,286,1,0);
INSERT INTO parents(self_id, child_id, to_child_count, to_child_calls, to_child_paths, pct) VALUES(215,221,1144,286,1,0);
INSERT INTO parents(self_id, child_id, to_child_count, to_child_calls, to_child_paths, pct) VALUES(215,222,1144,286,1,0);
INSERT INTO parents(self_id, child_id, to_child_count, to_child_calls, to_child_paths, pct) VALUES(215,223,1144,286,1,0);
INSERT INTO parents(self_id, child_id, to_child_count, to_child_calls, to_child_paths, pct) VALUES(215,224,1144,286,1,0);
INSERT INTO parents(self_id, child_id, to_child_count, to_child_calls, to_child_paths, pct) VALUES(215,225,1144,286,1,0);
INSERT INTO parents(self_id, child_id, to_child_count, to_child_calls, to_child_paths, pct) VALUES(215,226,1144,286,1,0);
INSERT INTO parents(self_id, child_id, to_child_count, to_child_calls, to_child_paths, pct) VALUES(215,227,1144,286,1,0);
INSERT INTO parents(self_id, child_id, to_child_count, to_child_calls, to_child_paths, pct) VALUES(96,228,1200,300,6,0);
INSERT INTO parents(self_id, child_id, to_child_count, to_child_calls, to_child_paths, pct) VALUES(96,229,2160,540,10,0);
INSERT INTO parents(self_id, child_id, to_child_count, to_child_calls, to_child_paths, pct) VALUES(229,230,4880,1220,11,0);
INSERT INTO parents(self_id, child_id, to_child_count, to_child_calls, to_child_paths, pct) VALUES(229,231,3880,970,11,0);
INSERT INTO parents(self_id, child_id, to_child_count, to_child_calls, to_child_paths, pct) VALUES(229,232,2640,660,12,0);
INSERT INTO parents(self_id, child_id, to_child_count, to_child_calls, to_child_paths, pct) VALUES(229,233,1920,480,12,0);
INSERT INTO parents(self_id, child_id, to_child_count, to_child_calls, to_child_paths, pct) VALUES(229,234,3600,900,12,0);
INSERT INTO parents(self_id, child_id, to_child_count, to_child_calls, to_child_paths, pct) VALUES(229,235,2400,600,12,0);
INSERT INTO parents(self_id, child_id, to_child_count, to_child_calls, to_child_paths, pct) VALUES(229,236,192,48,1,0);
INSERT INTO parents(self_id, child_id, to_child_count, to_child_calls, to_child_paths, pct) VALUES(236,237,488,122,3,0);
INSERT INTO parents(self_id, child_id, to_child_count, to_child_calls, to_child_paths, pct) VALUES(237,238,3344,836,7,0);
INSERT INTO parents(self_id, child_id, to_child_count, to_child_calls, to_child_paths, pct) VALUES(237,239,3344,836,7,0);
INSERT INTO parents(self_id, child_id, to_child_count, to_child_calls, to_child_paths, pct) VALUES(237,240,3344,836,7,0);
INSERT INTO parents(self_id, child_id, to_child_count, to_child_calls, to_child_paths, pct) VALUES(237,241,2544,636,6,0);
INSERT INTO parents(self_id, child_id, to_child_count, to_child_calls, to_child_paths, pct) VALUES(236,242,504,126,3,0);
INSERT INTO parents(self_id, child_id, to_child_count, to_child_calls, to_child_paths, pct) VALUES(242,243,3344,836,7,0);
INSERT INTO parents(self_id, child_id, to_child_count, to_child_calls, to_child_paths, pct) VALUES(242,244,3344,836,7,0);
INSERT INTO parents(self_id, child_id, to_child_count, to_child_calls, to_child_paths, pct) VALUES(242,245,3344,836,7,0);
INSERT INTO parents(self_id, child_id, to_child_count, to_child_calls, to_child_paths, pct) VALUES(242,246,2544,636,6,0);
INSERT INTO parents(self_id, child_id, to_child_count, to_child_calls, to_child_paths, pct) VALUES(236,247,488,122,3,0);
INSERT INTO parents(self_id, child_id, to_child_count, to_child_calls, to_child_paths, pct) VALUES(247,248,3344,836,7,0);
INSERT INTO parents(self_id, child_id, to_child_count, to_child_calls, to_child_paths, pct) VALUES(247,249,3344,836,7,0);
INSERT INTO parents(self_id, child_id, to_child_count, to_child_calls, to_child_paths, pct) VALUES(247,250,3344,836,7,0);
INSERT INTO parents(self_id, child_id, to_child_count, to_child_calls, to_child_paths, pct) VALUES(247,251,2544,636,6,0);
INSERT INTO parents(self_id, child_id, to_child_count, to_child_calls, to_child_paths, pct) VALUES(236,252,488,122,3,0);
INSERT INTO parents(self_id, child_id, to_child_count, to_child_calls, to_child_paths, pct) VALUES(252,253,3344,836,7,0);
INSERT INTO parents(self_id, child_id, to_child_count, to_child_calls, to_child_paths, pct) VALUES(252,254,3344,836,7,0);
INSERT INTO parents(self_id, child_id, to_child_count, to_child_calls, to_child_paths, pct) VALUES(252,255,3344,836,7,0);
INSERT INTO parents(self_id, child_id, to_child_count, to_child_calls, to_child_paths, pct) VALUES(252,256,2544,636,6,0);
INSERT INTO parents(self_id, child_id, to_child_count, to_child_calls, to_child_paths, pct) VALUES(236,257,0,0,0,0);
INSERT INTO parents(self_id, child_id, to_child_count, to_child_calls, to_child_paths, pct) VALUES(257,258,800,200,2,0);
INSERT INTO parents(self_id, child_id, to_child_count, to_child_calls, to_child_paths, pct) VALUES(257,259,800,200,2,0);
INSERT INTO parents(self_id, child_id, to_child_count, to_child_calls, to_child_paths, pct) VALUES(257,260,800,200,2,0);
INSERT INTO parents(self_id, child_id, to_child_count, to_child_calls, to_child_paths, pct) VALUES(257,261,2544,636,6,0);
INSERT INTO parents(self_id, child_id, to_child_count, to_child_calls, to_child_paths, pct) VALUES(236,262,0,0,0,0);
INSERT INTO parents(self_id, child_id, to_child_count, to_child_calls, to_child_paths, pct) VALUES(262,263,800,200,2,0);
INSERT INTO parents(self_id, child_id, to_child_count, to_child_calls, to_child_paths, pct) VALUES(262,264,800,200,2,0);
INSERT INTO parents(self_id, child_id, to_child_count, to_child_calls, to_child_paths, pct) VALUES(262,265,800,200,2,0);
INSERT INTO parents(self_id, child_id, to_child_count, to_child_calls, to_child_paths, pct) VALUES(262,266,2544,636,6,0);
INSERT INTO parents(self_id, child_id, to_child_count, to_child_calls, to_child_paths, pct) VALUES(236,267,488,122,3,0);
INSERT INTO parents(self_id, child_id, to_child_count, to_child_calls, to_child_paths, pct) VALUES(267,268,3344,836,7,0);
INSERT INTO parents(self_id, child_id, to_child_count, to_child_calls, to_child_paths, pct) VALUES(267,269,3344,836,7,0);
INSERT INTO parents(self_id, child_id, to_child_count, to_child_calls, to_child_paths, pct) VALUES(267,270,3344,836,7,0);
INSERT INTO parents(self_id, child_id, to_child_count, to_child_calls, to_child_paths, pct) VALUES(267,271,2544,636,6,0);
INSERT INTO parents(self_id, child_id, to_child_count, to_child_calls, to_child_paths, pct) VALUES(236,272,488,122,3,0);
INSERT INTO parents(self_id, child_id, to_child_count, to_child_calls, to_child_paths, pct) VALUES(272,273,3344,836,7,0);
INSERT INTO parents(self_id, child_id, to_child_count, to_child_calls, to_child_paths, pct) VALUES(272,274,3344,836,7,0);
INSERT INTO parents(self_id, child_id, to_child_count, to_child_calls, to_child_paths, pct) VALUES(272,275,3344,836,7,0);
INSERT INTO parents(self_id, child_id, to_child_count, to_child_calls, to_child_paths, pct) VALUES(272,276,2544,636,6,0);
INSERT INTO parents(self_id, child_id, to_child_count, to_child_calls, to_child_paths, pct) VALUES(236,277,504,126,3,0);
INSERT INTO parents(self_id, child_id, to_child_count, to_child_calls, to_child_paths, pct) VALUES(277,278,3344,836,7,0);
INSERT INTO parents(self_id, child_id, to_child_count, to_child_calls, to_child_paths, pct) VALUES(277,279,3344,836,7,0);
INSERT INTO parents(self_id, child_id, to_child_count, to_child_calls, to_child_paths, pct) VALUES(277,280,3344,836,7,0);
INSERT INTO parents(self_id, child_id, to_child_count, to_child_calls, to_child_paths, pct) VALUES(277,281,2544,636,6,0);
INSERT INTO parents(self_id, child_id, to_child_count, to_child_calls, to_child_paths, pct) VALUES(236,282,488,122,3,0);
INSERT INTO parents(self_id, child_id, to_child_count, to_child_calls, to_child_paths, pct) VALUES(282,283,3344,836,7,0);
INSERT INTO parents(self_id, child_id, to_child_count, to_child_calls, to_child_paths, pct) VALUES(282,284,3344,836,7,0);
INSERT INTO parents(self_id, child_id, to_child_count, to_child_calls, to_child_paths, pct) VALUES(282,285,3344,836,7,0);
INSERT INTO parents(self_id, child_id, to_child_count, to_child_calls, to_child_paths, pct) VALUES(282,286,2544,636,6,0);
INSERT INTO parents(self_id, child_id, to_child_count, to_child_calls, to_child_paths, pct) VALUES(236,287,488,122,3,0);
INSERT INTO parents(self_id, child_id, to_child_count, to_child_calls, to_child_paths, pct) VALUES(287,288,3344,836,7,0);
INSERT INTO parents(self_id, child_id, to_child_count, to_child_calls, to_child_paths, pct) VALUES(287,289,3344,836,7,0);
INSERT INTO parents(self_id, child_id, to_child_count, to_child_calls, to_child_paths, pct) VALUES(287,290,3344,836,7,0);
INSERT INTO parents(self_id, child_id, to_child_count, to_child_calls, to_child_paths, pct) VALUES(287,291,2544,636,6,0);
INSERT INTO parents(self_id, child_id, to_child_count, to_child_calls, to_child_paths, pct) VALUES(236,292,488,122,3,0);
INSERT INTO parents(self_id, child_id, to_child_count, to_child_calls, to_child_paths, pct) VALUES(292,293,3344,836,7,0);
INSERT INTO parents(self_id, child_id, to_child_count, to_child_calls, to_child_paths, pct) VALUES(292,294,3344,836,7,0);
INSERT INTO parents(self_id, child_id, to_child_count, to_child_calls, to_child_paths, pct) VALUES(292,295,3344,836,7,0);
INSERT INTO parents(self_id, child_id, to_child_count, to_child_calls, to_child_paths, pct) VALUES(292,296,2544,636,6,0);
INSERT INTO parents(self_id, child_id, to_child_count, to_child_calls, to_child_paths, pct) VALUES(236,297,488,122,3,0);
INSERT INTO parents(self_id, child_id, to_child_count, to_child_calls, to_child_paths, pct) VALUES(297,298,3344,836,7,0);
INSERT INTO parents(self_id, child_id, to_child_count, to_child_calls, to_child_paths, pct) VALUES(297,299,3344,836,7,0);
INSERT INTO parents(self_id, child_id, to_child_count, to_child_calls, to_child_paths, pct) VALUES(297,300,3344,836,7,0);
INSERT INTO parents(self_id, child_id, to_child_count, to_child_calls, to_child_paths, pct) VALUES(297,301,2544,636,6,0);
INSERT INTO parents(self_id, child_id, to_child_count, to_child_calls, to_child_paths, pct) VALUES(236,302,488,122,3,0);
INSERT INTO parents(self_id, child_id, to_child_count, to_child_calls, to_child_paths, pct) VALUES(302,303,3344,836,7,0);
INSERT INTO parents(self_id, child_id, to_child_count, to_child_calls, to_child_paths, pct) VALUES(302,304,3344,836,7,0);
INSERT INTO parents(self_id, child_id, to_child_count, to_child_calls, to_child_paths, pct) VALUES(302,305,3344,836,7,0);
INSERT INTO parents(self_id, child_id, to_child_count, to_child_calls, to_child_paths, pct) VALUES(302,306,2544,636,6,0);
INSERT INTO parents(self_id, child_id, to_child_count, to_child_calls, to_child_paths, pct) VALUES(229,307,192,48,1,0);
INSERT INTO parents(self_id, child_id, to_child_count, to_child_calls, to_child_paths, pct) VALUES(307,308,488,122,3,0);
INSERT INTO parents(self_id, child_id, to_child_count, to_child_calls, to_child_paths, pct) VALUES(308,309,3344,836,7,0);
INSERT INTO parents(self_id, child_id, to_child_count, to_child_calls, to_child_paths, pct) VALUES(308,310,3344,836,7,0);
INSERT INTO parents(self_id, child_id, to_child_count, to_child_calls, to_child_paths, pct) VALUES(308,311,3344,836,7,0);
INSERT INTO parents(self_id, child_id, to_child_count, to_child_calls, to_child_paths, pct) VALUES(308,312,2544,636,6,0);
INSERT INTO parents(self_id, child_id, to_child_count, to_child_calls, to_child_paths, pct) VALUES(307,313,504,126,3,0);
INSERT INTO parents(self_id, child_id, to_child_count, to_child_calls, to_child_paths, pct) VALUES(313,314,3344,836,7,0);
INSERT INTO parents(self_id, child_id, to_child_count, to_child_calls, to_child_paths, pct) VALUES(313,315,3344,836,7,0);
INSERT INTO parents(self_id, child_id, to_child_count, to_child_calls, to_child_paths, pct) VALUES(313,316,3344,836,7,0);
INSERT INTO parents(self_id, child_id, to_child_count, to_child_calls, to_child_paths, pct) VALUES(313,317,2544,636,6,0);
INSERT INTO parents(self_id, child_id, to_child_count, to_child_calls, to_child_paths, pct) VALUES(307,318,488,122,3,0);
INSERT INTO parents(self_id, child_id, to_child_count, to_child_calls, to_child_paths, pct) VALUES(318,319,3344,836,7,0);
INSERT INTO parents(self_id, child_id, to_child_count, to_child_calls, to_child_paths, pct) VALUES(318,320,3344,836,7,0);
INSERT INTO parents(self_id, child_id, to_child_count, to_child_calls, to_child_paths, pct) VALUES(318,321,3344,836,7,0);
INSERT INTO parents(self_id, child_id, to_child_count, to_child_calls, to_child_paths, pct) VALUES(318,322,2544,636,6,0);
INSERT INTO parents(self_id, child_id, to_child_count, to_child_calls, to_child_paths, pct) VALUES(307,323,488,122,3,0);
INSERT INTO parents(self_id, child_id, to_child_count, to_child_calls, to_child_paths, pct) VALUES(323,324,3344,836,7,0);
INSERT INTO parents(self_id, child_id, to_child_count, to_child_calls, to_child_paths, pct) VALUES(323,325,3344,836,7,0);
INSERT INTO parents(self_id, child_id, to_child_count, to_child_calls, to_child_paths, pct) VALUES(323,326,3344,836,7,0);
INSERT INTO parents(self_id, child_id, to_child_count, to_child_calls, to_child_paths, pct) VALUES(323,327,2544,636,6,0);
INSERT INTO parents(self_id, child_id, to_child_count, to_child_calls, to_child_paths, pct) VALUES(307,328,0,0,0,0);
INSERT INTO parents(self_id, child_id, to_child_count, to_child_calls, to_child_paths, pct) VALUES(328,329,800,200,2,0);
INSERT INTO parents(self_id, child_id, to_child_count, to_child_calls, to_child_paths, pct) VALUES(328,330,800,200,2,0);
INSERT INTO parents(self_id, child_id, to_child_count, to_child_calls, to_child_paths, pct) VALUES(328,331,800,200,2,0);
INSERT INTO parents(self_id, child_id, to_child_count, to_child_calls, to_child_paths, pct) VALUES(328,332,2544,636,6,0);
INSERT INTO parents(self_id, child_id, to_child_count, to_child_calls, to_child_paths, pct) VALUES(307,333,0,0,0,0);
INSERT INTO parents(self_id, child_id, to_child_count, to_child_calls, to_child_paths, pct) VALUES(333,334,800,200,2,0);
INSERT INTO parents(self_id, child_id, to_child_count, to_child_calls, to_child_paths, pct) VALUES(333,335,800,200,2,0);
INSERT INTO parents(self_id, child_id, to_child_count, to_child_calls, to_child_paths, pct) VALUES(333,336,800,200,2,0);
INSERT INTO parents(self_id, child_id, to_child_count, to_child_calls, to_child_paths, pct) VALUES(333,337,2544,636,6,0);
INSERT INTO parents(self_id, child_id, to_child_count, to_child_calls, to_child_paths, pct) VALUES(307,338,488,122,3,0);
INSERT INTO parents(self_id, child_id, to_child_count, to_child_calls, to_child_paths, pct) VALUES(338,339,3344,836,7,0);
INSERT INTO parents(self_id, child_id, to_child_count, to_child_calls, to_child_paths, pct) VALUES(338,340,3344,836,7,0);
INSERT INTO parents(self_id, child_id, to_child_count, to_child_calls, to_child_paths, pct) VALUES(338,341,3344,836,7,0);
INSERT INTO parents(self_id, child_id, to_child_count, to_child_calls, to_child_paths, pct) VALUES(338,342,2544,636,6,0);
INSERT INTO parents(self_id, child_id, to_child_count, to_child_calls, to_child_paths, pct) VALUES(307,343,488,122,3,0);
INSERT INTO parents(self_id, child_id, to_child_count, to_child_calls, to_child_paths, pct) VALUES(343,344,3344,836,7,0);
INSERT INTO parents(self_id, child_id, to_child_count, to_child_calls, to_child_paths, pct) VALUES(343,345,3344,836,7,0);
INSERT INTO parents(self_id, child_id, to_child_count, to_child_calls, to_child_paths, pct) VALUES(343,346,3344,836,7,0);
INSERT INTO parents(self_id, child_id, to_child_count, to_child_calls, to_child_paths, pct) VALUES(343,347,2544,636,6,0);
INSERT INTO parents(self_id, child_id, to_child_count, to_child_calls, to_child_paths, pct) VALUES(307,348,504,126,3,0);
INSERT INTO parents(self_id, child_id, to_child_count, to_child_calls, to_child_paths, pct) VALUES(348,349,3344,836,7,0);
INSERT INTO parents(self_id, child_id, to_child_count, to_child_calls, to_child_paths, pct) VALUES(348,350,3344,836,7,0);
INSERT INTO parents(self_id, child_id, to_child_count, to_child_calls, to_child_paths, pct) VALUES(348,351,3344,836,7,0);
INSERT INTO parents(self_id, child_id, to_child_count, to_child_calls, to_child_paths, pct) VALUES(348,352,2544,636,6,0);
INSERT INTO parents(self_id, child_id, to_child_count, to_child_calls, to_child_paths, pct) VALUES(307,353,488,122,3,0);
INSERT INTO parents(self_id, child_id, to_child_count, to_child_calls, to_child_paths, pct) VALUES(353,354,3344,836,7,0);
INSERT INTO parents(self_id, child_id, to_child_count, to_child_calls, to_child_paths, pct) VALUES(353,355,3344,836,7,0);
INSERT INTO parents(self_id, child_id, to_child_count, to_child_calls, to_child_paths, pct) VALUES(353,356,3344,836,7,0);
INSERT INTO parents(self_id, child_id, to_child_count, to_child_calls, to_child_paths, pct) VALUES(353,357,2544,636,6,0);
INSERT INTO parents(self_id, child_id, to_child_count, to_child_calls, to_child_paths, pct) VALUES(307,358,488,122,3,0);
INSERT INTO parents(self_id, child_id, to_child_count, to_child_calls, to_child_paths, pct) VALUES(358,359,3344,836,7,0);
INSERT INTO parents(self_id, child_id, to_child_count, to_child_calls, to_child_paths, pct) VALUES(358,360,3344,836,7,0);
INSERT INTO parents(self_id, child_id, to_child_count, to_child_calls, to_child_paths, pct) VALUES(358,361,3344,836,7,0);
INSERT INTO parents(self_id, child_id, to_child_count, to_child_calls, to_child_paths, pct) VALUES(358,362,2544,636,6,0);
INSERT INTO parents(self_id, child_id, to_child_count, to_child_calls, to_child_paths, pct) VALUES(307,363,488,122,3,0);
INSERT INTO parents(self_id, child_id, to_child_count, to_child_calls, to_child_paths, pct) VALUES(363,364,3344,836,7,0);
INSERT INTO parents(self_id, child_id, to_child_count, to_child_calls, to_child_paths, pct) VALUES(363,365,3344,836,7,0);
INSERT INTO parents(self_id, child_id, to_child_count, to_child_calls, to_child_paths, pct) VALUES(363,366,3344,836,7,0);
INSERT INTO parents(self_id, child_id, to_child_count, to_child_calls, to_child_paths, pct) VALUES(363,367,2544,636,6,0);
INSERT INTO parents(self_id, child_id, to_child_count, to_child_calls, to_child_paths, pct) VALUES(307,368,488,122,3,0);
INSERT INTO parents(self_id, child_id, to_child_count, to_child_calls, to_child_paths, pct) VALUES(368,369,3344,836,7,0);
INSERT INTO parents(self_id, child_id, to_child_count, to_child_calls, to_child_paths, pct) VALUES(368,370,3344,836,7,0);
INSERT INTO parents(self_id, child_id, to_child_count, to_child_calls, to_child_paths, pct) VALUES(368,371,3344,836,7,0);
INSERT INTO parents(self_id, child_id, to_child_count, to_child_calls, to_child_paths, pct) VALUES(368,372,2544,636,6,0);
INSERT INTO parents(self_id, child_id, to_child_count, to_child_calls, to_child_paths, pct) VALUES(307,373,488,122,3,0);
INSERT INTO parents(self_id, child_id, to_child_count, to_child_calls, to_child_paths, pct) VALUES(373,374,3344,836,7,0);
INSERT INTO parents(self_id, child_id, to_child_count, to_child_calls, to_child_paths, pct) VALUES(373,375,3344,836,7,0);
INSERT INTO parents(self_id, child_id, to_child_count, to_child_calls, to_child_paths, pct) VALUES(373,376,3344,836,7,0);
INSERT INTO parents(self_id, child_id, to_child_count, to_child_calls, to_child_paths, pct) VALUES(373,377,2544,636,6,0);
INSERT INTO parents(self_id, child_id, to_child_count, to_child_calls, to_child_paths, pct) VALUES(229,378,192,48,1,0);
INSERT INTO parents(self_id, child_id, to_child_count, to_child_calls, to_child_paths, pct) VALUES(378,379,488,122,3,0);
INSERT INTO parents(self_id, child_id, to_child_count, to_child_calls, to_child_paths, pct) VALUES(379,380,3344,836,7,0);
INSERT INTO parents(self_id, child_id, to_child_count, to_child_calls, to_child_paths, pct) VALUES(379,381,3344,836,7,0);
INSERT INTO parents(self_id, child_id, to_child_count, to_child_calls, to_child_paths, pct) VALUES(379,382,3344,836,7,0);
INSERT INTO parents(self_id, child_id, to_child_count, to_child_calls, to_child_paths, pct) VALUES(379,383,2544,636,6,0);
INSERT INTO parents(self_id, child_id, to_child_count, to_child_calls, to_child_paths, pct) VALUES(378,384,504,126,3,0);
INSERT INTO parents(self_id, child_id, to_child_count, to_child_calls, to_child_paths, pct) VALUES(384,385,3344,836,7,0);
INSERT INTO parents(self_id, child_id, to_child_count, to_child_calls, to_child_paths, pct) VALUES(384,386,3344,836,7,0);
INSERT INTO parents(self_id, child_id, to_child_count, to_child_calls, to_child_paths, pct) VALUES(384,387,3344,836,7,0);
INSERT INTO parents(self_id, child_id, to_child_count, to_child_calls, to_child_paths, pct) VALUES(384,388,2544,636,6,0);
INSERT INTO parents(self_id, child_id, to_child_count, to_child_calls, to_child_paths, pct) VALUES(378,389,488,122,3,0);
INSERT INTO parents(self_id, child_id, to_child_count, to_child_calls, to_child_paths, pct) VALUES(389,390,3344,836,7,0);
INSERT INTO parents(self_id, child_id, to_child_count, to_child_calls, to_child_paths, pct) VALUES(389,391,3344,836,7,0);
INSERT INTO parents(self_id, child_id, to_child_count, to_child_calls, to_child_paths, pct) VALUES(389,392,3344,836,7,0);
INSERT INTO parents(self_id, child_id, to_child_count, to_child_calls, to_child_paths, pct) VALUES(389,393,2544,636,6,0);
INSERT INTO parents(self_id, child_id, to_child_count, to_child_calls, to_child_paths, pct) VALUES(378,394,488,122,3,0);
INSERT INTO parents(self_id, child_id, to_child_count, to_child_calls, to_child_paths, pct) VALUES(394,395,3344,836,7,0);
INSERT INTO parents(self_id, child_id, to_child_count, to_child_calls, to_child_paths, pct) VALUES(394,396,3344,836,7,0);
INSERT INTO parents(self_id, child_id, to_child_count, to_child_calls, to_child_paths, pct) VALUES(394,397,3344,836,7,0);
INSERT INTO parents(self_id, child_id, to_child_count, to_child_calls, to_child_paths, pct) VALUES(394,398,2544,636,6,0);
INSERT INTO parents(self_id, child_id, to_child_count, to_child_calls, to_child_paths, pct) VALUES(378,399,0,0,0,0);
INSERT INTO parents(self_id, child_id, to_child_count, to_child_calls, to_child_paths, pct) VALUES(399,400,800,200,2,0);
INSERT INTO parents(self_id, child_id, to_child_count, to_child_calls, to_child_paths, pct) VALUES(399,401,800,200,2,0);
INSERT INTO parents(self_id, child_id, to_child_count, to_child_calls, to_child_paths, pct) VALUES(399,402,800,200,2,0);
INSERT INTO parents(self_id, child_id, to_child_count, to_child_calls, to_child_paths, pct) VALUES(399,403,2544,636,6,0);
INSERT INTO parents(self_id, child_id, to_child_count, to_child_calls, to_child_paths, pct) VALUES(378,404,0,0,0,0);
INSERT INTO parents(self_id, child_id, to_child_count, to_child_calls, to_child_paths, pct) VALUES(404,405,800,200,2,0);
INSERT INTO parents(self_id, child_id, to_child_count, to_child_calls, to_child_paths, pct) VALUES(404,406,800,200,2,0);
INSERT INTO parents(self_id, child_id, to_child_count, to_child_calls, to_child_paths, pct) VALUES(404,407,800,200,2,0);
INSERT INTO parents(self_id, child_id, to_child_count, to_child_calls, to_child_paths, pct) VALUES(404,408,2544,636,6,0);
INSERT INTO parents(self_id, child_id, to_child_count, to_child_calls, to_child_paths, pct) VALUES(378,409,488,122,3,0);
INSERT INTO parents(self_id, child_id, to_child_count, to_child_calls, to_child_paths, pct) VALUES(409,410,3344,836,7,0);
INSERT INTO parents(self_id, child_id, to_child_count, to_child_calls, to_child_paths, pct) VALUES(409,411,3344,836,7,0);
INSERT INTO parents(self_id, child_id, to_child_count, to_child_calls, to_child_paths, pct) VALUES(409,412,3344,836,7,0);
INSERT INTO parents(self_id, child_id, to_child_count, to_child_calls, to_child_paths, pct) VALUES(409,413,2544,636,6,0);
INSERT INTO parents(self_id, child_id, to_child_count, to_child_calls, to_child_paths, pct) VALUES(378,414,488,122,3,0);
INSERT INTO parents(self_id, child_id, to_child_count, to_child_calls, to_child_paths, pct) VALUES(414,415,3344,836,7,0);
INSERT INTO parents(self_id, child_id, to_child_count, to_child_calls, to_child_paths, pct) VALUES(414,416,3344,836,7,0);
INSERT INTO parents(self_id, child_id, to_child_count, to_child_calls, to_child_paths, pct) VALUES(414,417,3344,836,7,0);
INSERT INTO parents(self_id, child_id, to_child_count, to_child_calls, to_child_paths, pct) VALUES(414,418,2544,636,6,0);
INSERT INTO parents(self_id, child_id, to_child_count, to_child_calls, to_child_paths, pct) VALUES(378,419,504,126,3,0);
INSERT INTO parents(self_id, child_id, to_child_count, to_child_calls, to_child_paths, pct) VALUES(419,420,3344,836,7,0);
INSERT INTO parents(self_id, child_id, to_child_count, to_child_calls, to_child_paths, pct) VALUES(419,421,3344,836,7,0);
INSERT INTO parents(self_id, child_id, to_child_count, to_child_calls, to_child_paths, pct) VALUES(419,422,3344,836,7,0);
INSERT INTO parents(self_id, child_id, to_child_count, to_child_calls, to_child_paths, pct) VALUES(419,423,2544,636,6,0);
INSERT INTO parents(self_id, child_id, to_child_count, to_child_calls, to_child_paths, pct) VALUES(378,424,488,122,3,0);
INSERT INTO parents(self_id, child_id, to_child_count, to_child_calls, to_child_paths, pct) VALUES(424,425,3344,836,7,0);
INSERT INTO parents(self_id, child_id, to_child_count, to_child_calls, to_child_paths, pct) VALUES(424,426,3344,836,7,0);
INSERT INTO parents(self_id, child_id, to_child_count, to_child_calls, to_child_paths, pct) VALUES(424,427,3344,836,7,0);
INSERT INTO parents(self_id, child_id, to_child_count, to_child_calls, to_child_paths, pct) VALUES(424,428,2544,636,6,0);
INSERT INTO parents(self_id, child_id, to_child_count, to_child_calls, to_child_paths, pct) VALUES(378,429,488,122,3,0);
INSERT INTO parents(self_id, child_id, to_child_count, to_child_calls, to_child_paths, pct) VALUES(429,430,3344,836,7,0);
INSERT INTO parents(self_id, child_id, to_child_count, to_child_calls, to_child_paths, pct) VALUES(429,431,3344,836,7,0);
INSERT INTO parents(self_id, child_id, to_child_count, to_child_calls, to_child_paths, pct) VALUES(429,432,3344,836,7,0);
INSERT INTO parents(self_id, child_id, to_child_count, to_child_calls, to_child_paths, pct) VALUES(429,433,2544,636,6,0);
INSERT INTO parents(self_id, child_id, to_child_count, to_child_calls, to_child_paths, pct) VALUES(378,434,488,122,3,0);
INSERT INTO parents(self_id, child_id, to_child_count, to_child_calls, to_child_paths, pct) VALUES(434,435,3344,836,7,0);
INSERT INTO parents(self_id, child_id, to_child_count, to_child_calls, to_child_paths, pct) VALUES(434,436,3344,836,7,0);
INSERT INTO parents(self_id, child_id, to_child_count, to_child_calls, to_child_paths, pct) VALUES(434,437,3344,836,7,0);
INSERT INTO parents(self_id, child_id, to_child_count, to_child_calls, to_child_paths, pct) VALUES(434,438,2544,636,6,0);
INSERT INTO parents(self_id, child_id, to_child_count, to_child_calls, to_child_paths, pct) VALUES(378,439,488,122,3,0);
INSERT INTO parents(self_id, child_id, to_child_count, to_child_calls, to_child_paths, pct) VALUES(439,440,3344,836,7,0);
INSERT INTO parents(self_id, child_id, to_child_count, to_child_calls, to_child_paths, pct) VALUES(439,441,3344,836,7,0);
INSERT INTO parents(self_id, child_id, to_child_count, to_child_calls, to_child_paths, pct) VALUES(439,442,3344,836,7,0);
INSERT INTO parents(self_id, child_id, to_child_count, to_child_calls, to_child_paths, pct) VALUES(439,443,2544,636,6,0);
INSERT INTO parents(self_id, child_id, to_child_count, to_child_calls, to_child_paths, pct) VALUES(378,444,488,122,3,0);
INSERT INTO parents(self_id, child_id, to_child_count, to_child_calls, to_child_paths, pct) VALUES(444,445,3344,836,7,0);
INSERT INTO parents(self_id, child_id, to_child_count, to_child_calls, to_child_paths, pct) VALUES(444,446,3344,836,7,0);
INSERT INTO parents(self_id, child_id, to_child_count, to_child_calls, to_child_paths, pct) VALUES(444,447,3344,836,7,0);
INSERT INTO parents(self_id, child_id, to_child_count, to_child_calls, to_child_paths, pct) VALUES(444,448,2544,636,6,0);
INSERT INTO parents(self_id, child_id, to_child_count, to_child_calls, to_child_paths, pct) VALUES(229,449,192,48,1,0);
INSERT INTO parents(self_id, child_id, to_child_count, to_child_calls, to_child_paths, pct) VALUES(449,450,488,122,3,0);
INSERT INTO parents(self_id, child_id, to_child_count, to_child_calls, to_child_paths, pct) VALUES(450,451,3344,836,7,0);
INSERT INTO parents(self_id, child_id, to_child_count, to_child_calls, to_child_paths, pct) VALUES(450,452,3344,836,7,0);
INSERT INTO parents(self_id, child_id, to_child_count, to_child_calls, to_child_paths, pct) VALUES(450,453,3344,836,7,0);
INSERT INTO parents(self_id, child_id, to_child_count, to_child_calls, to_child_paths, pct) VALUES(450,454,2544,636,6,0);
INSERT INTO parents(self_id, child_id, to_child_count, to_child_calls, to_child_paths, pct) VALUES(449,455,504,126,3,0);
INSERT INTO parents(self_id, child_id, to_child_count, to_child_calls, to_child_paths, pct) VALUES(455,456,3344,836,7,0);
INSERT INTO parents(self_id, child_id, to_child_count, to_child_calls, to_child_paths, pct) VALUES(455,457,3344,836,7,0);
INSERT INTO parents(self_id, child_id, to_child_count, to_child_calls, to_child_paths, pct) VALUES(455,458,3344,836,7,0);
INSERT INTO parents(self_id, child_id, to_child_count, to_child_calls, to_child_paths, pct) VALUES(455,459,2544,636,6,0);
INSERT INTO parents(self_id, child_id, to_child_count, to_child_calls, to_child_paths, pct) VALUES(449,460,488,122,3,0);
INSERT INTO parents(self_id, child_id, to_child_count, to_child_calls, to_child_paths, pct) VALUES(460,461,3344,836,7,0);
INSERT INTO parents(self_id, child_id, to_child_count, to_child_calls, to_child_paths, pct) VALUES(460,462,3344,836,7,0);
INSERT INTO parents(self_id, child_id, to_child_count, to_child_calls, to_child_paths, pct) VALUES(460,463,3344,836,7,0);
INSERT INTO parents(self_id, child_id, to_child_count, to_child_calls, to_child_paths, pct) VALUES(460,464,2544,636,6,0);
INSERT INTO parents(self_id, child_id, to_child_count, to_child_calls, to_child_paths, pct) VALUES(449,465,488,122,3,0);
INSERT INTO parents(self_id, child_id, to_child_count, to_child_calls, to_child_paths, pct) VALUES(465,466,3344,836,7,0);
INSERT INTO parents(self_id, child_id, to_child_count, to_child_calls, to_child_paths, pct) VALUES(465,467,3344,836,7,0);
INSERT INTO parents(self_id, child_id, to_child_count, to_child_calls, to_child_paths, pct) VALUES(465,468,3344,836,7,0);
INSERT INTO parents(self_id, child_id, to_child_count, to_child_calls, to_child_paths, pct) VALUES(465,469,2544,636,6,0);
INSERT INTO parents(self_id, child_id, to_child_count, to_child_calls, to_child_paths, pct) VALUES(449,470,0,0,0,0);
INSERT INTO parents(self_id, child_id, to_child_count, to_child_calls, to_child_paths, pct) VALUES(470,471,800,200,2,0);
INSERT INTO parents(self_id, child_id, to_child_count, to_child_calls, to_child_paths, pct) VALUES(470,472,800,200,2,0);
INSERT INTO parents(self_id, child_id, to_child_count, to_child_calls, to_child_paths, pct) VALUES(470,473,800,200,2,0);
INSERT INTO parents(self_id, child_id, to_child_count, to_child_calls, to_child_paths, pct) VALUES(470,474,2544,636,6,0);
INSERT INTO parents(self_id, child_id, to_child_count, to_child_calls, to_child_paths, pct) VALUES(449,475,0,0,0,0);
INSERT INTO parents(self_id, child_id, to_child_count, to_child_calls, to_child_paths, pct) VALUES(475,476,800,200,2,0);
INSERT INTO parents(self_id, child_id, to_child_count, to_child_calls, to_child_paths, pct) VALUES(475,477,800,200,2,0);
INSERT INTO parents(self_id, child_id, to_child_count, to_child_calls, to_child_paths, pct) VALUES(475,478,800,200,2,0);
INSERT INTO parents(self_id, child_id, to_child_count, to_child_calls, to_child_paths, pct) VALUES(475,479,2544,636,6,0);
INSERT INTO parents(self_id, child_id, to_child_count, to_child_calls, to_child_paths, pct) VALUES(449,480,488,122,3,0);
INSERT INTO parents(self_id, child_id, to_child_count, to_child_calls, to_child_paths, pct) VALUES(480,481,3344,836,7,0);
INSERT INTO parents(self_id, child_id, to_child_count, to_child_calls, to_child_paths, pct) VALUES(480,482,3344,836,7,0);
INSERT INTO parents(self_id, child_id, to_child_count, to_child_calls, to_child_paths, pct) VALUES(480,483,3344,836,7,0);
INSERT INTO parents(self_id, child_id, to_child_count, to_child_calls, to_child_paths, pct) VALUES(480,484,2544,636,6,0);
INSERT INTO parents(self_id, child_id, to_child_count, to_child_calls, to_child_paths, pct) VALUES(449,485,488,122,3,0);
INSERT INTO parents(self_id, child_id, to_child_count, to_child_calls, to_child_paths, pct) VALUES(485,486,3344,836,7,0);
INSERT INTO parents(self_id, child_id, to_child_count, to_child_calls, to_child_paths, pct) VALUES(485,487,3344,836,7,0);
INSERT INTO parents(self_id, child_id, to_child_count, to_child_calls, to_child_paths, pct) VALUES(485,488,3344,836,7,0);
INSERT INTO parents(self_id, child_id, to_child_count, to_child_calls, to_child_paths, pct) VALUES(485,489,2544,636,6,0);
INSERT INTO parents(self_id, child_id, to_child_count, to_child_calls, to_child_paths, pct) VALUES(449,490,504,126,3,0);
INSERT INTO parents(self_id, child_id, to_child_count, to_child_calls, to_child_paths, pct) VALUES(490,491,3344,836,7,0);
INSERT INTO parents(self_id, child_id, to_child_count, to_child_calls, to_child_paths, pct) VALUES(490,492,3344,836,7,0);
INSERT INTO parents(self_id, child_id, to_child_count, to_child_calls, to_child_paths, pct) VALUES(490,493,3344,836,7,0);
INSERT INTO parents(self_id, child_id, to_child_count, to_child_calls, to_child_paths, pct) VALUES(490,494,2544,636,6,0);
INSERT INTO parents(self_id, child_id, to_child_count, to_child_calls, to_child_paths, pct) VALUES(449,495,488,122,3,0);
INSERT INTO parents(self_id, child_id, to_child_count, to_child_calls, to_child_paths, pct) VALUES(495,496,3344,836,7,0);
INSERT INTO parents(self_id, child_id, to_child_count, to_child_calls, to_child_paths, pct) VALUES(495,497,3344,836,7,0);
INSERT INTO parents(self_id, child_id, to_child_count, to_child_calls, to_child_paths, pct) VALUES(495,498,3344,836,7,0);
INSERT INTO parents(self_id, child_id, to_child_count, to_child_calls, to_child_paths, pct) VALUES(495,499,2544,636,6,0);
INSERT INTO parents(self_id, child_id, to_child_count, to_child_calls, to_child_paths, pct) VALUES(449,500,488,122,3,0);
INSERT INTO parents(self_id, child_id, to_child_count, to_child_calls, to_child_paths, pct) VALUES(500,501,3344,836,7,0);
INSERT INTO parents(self_id, child_id, to_child_count, to_child_calls, to_child_paths, pct) VALUES(500,502,3344,836,7,0);
INSERT INTO parents(self_id, child_id, to_child_count, to_child_calls, to_child_paths, pct) VALUES(500,503,3344,836,7,0);
INSERT INTO parents(self_id, child_id, to_child_count, to_child_calls, to_child_paths, pct) VALUES(500,504,2544,636,6,0);
INSERT INTO parents(self_id, child_id, to_child_count, to_child_calls, to_child_paths, pct) VALUES(449,505,488,122,3,0);
INSERT INTO parents(self_id, child_id, to_child_count, to_child_calls, to_child_paths, pct) VALUES(505,506,3344,836,7,0);
INSERT INTO parents(self_id, child_id, to_child_count, to_child_calls, to_child_paths, pct) VALUES(505,507,3344,836,7,0);
INSERT INTO parents(self_id, child_id, to_child_count, to_child_calls, to_child_paths, pct) VALUES(505,508,3344,836,7,0);
INSERT INTO parents(self_id, child_id, to_child_count, to_child_calls, to_child_paths, pct) VALUES(505,509,2544,636,6,0);
INSERT INTO parents(self_id, child_id, to_child_count, to_child_calls, to_child_paths, pct) VALUES(449,510,488,122,3,0);
INSERT INTO parents(self_id, child_id, to_child_count, to_child_calls, to_child_paths, pct) VALUES(510,511,3344,836,7,0);
INSERT INTO parents(self_id, child_id, to_child_count, to_child_calls, to_child_paths, pct) VALUES(510,512,3344,836,7,0);
INSERT INTO parents(self_id, child_id, to_child_count, to_child_calls, to_child_paths, pct) VALUES(510,513,3344,836,7,0);
INSERT INTO parents(self_id, child_id, to_child_count, to_child_calls, to_child_paths, pct) VALUES(510,514,2544,636,6,0);
INSERT INTO parents(self_id, child_id, to_child_count, to_child_calls, to_child_paths, pct) VALUES(449,515,488,122,3,0);
INSERT INTO parents(self_id, child_id, to_child_count, to_child_calls, to_child_paths, pct) VALUES(515,516,3344,836,7,0);
INSERT INTO parents(self_id, child_id, to_child_count, to_child_calls, to_child_paths, pct) VALUES(515,517,3344,836,7,0);
INSERT INTO parents(self_id, child_id, to_child_count, to_child_calls, to_child_paths, pct) VALUES(515,518,3344,836,7,0);
INSERT INTO parents(self_id, child_id, to_child_count, to_child_calls, to_child_paths, pct) VALUES(515,519,2544,636,6,0);
INSERT INTO parents(self_id, child_id, to_child_count, to_child_calls, to_child_paths, pct) VALUES(229,520,192,48,1,0);
INSERT INTO parents(self_id, child_id, to_child_count, to_child_calls, to_child_paths, pct) VALUES(520,521,488,122,3,0);
INSERT INTO parents(self_id, child_id, to_child_count, to_child_calls, to_child_paths, pct) VALUES(521,522,3344,836,7,0);
INSERT INTO parents(self_id, child_id, to_child_count, to_child_calls, to_child_paths, pct) VALUES(521,523,3344,836,7,0);
INSERT INTO parents(self_id, child_id, to_child_count, to_child_calls, to_child_paths, pct) VALUES(521,524,3344,836,7,0);
INSERT INTO parents(self_id, child_id, to_child_count, to_child_calls, to_child_paths, pct) VALUES(521,525,2544,636,6,0);
INSERT INTO parents(self_id, child_id, to_child_count, to_child_calls, to_child_paths, pct) VALUES(520,526,504,126,3,0);
INSERT INTO parents(self_id, child_id, to_child_count, to_child_calls, to_child_paths, pct) VALUES(526,527,3344,836,7,0);
INSERT INTO parents(self_id, child_id, to_child_count, to_child_calls, to_child_paths, pct) VALUES(526,528,3344,836,7,0);
INSERT INTO parents(self_id, child_id, to_child_count, to_child_calls, to_child_paths, pct) VALUES(526,529,3344,836,7,0);
INSERT INTO parents(self_id, child_id, to_child_count, to_child_calls, to_child_paths, pct) VALUES(526,530,2544,636,6,0);
INSERT INTO parents(self_id, child_id, to_child_count, to_child_calls, to_child_paths, pct) VALUES(520,531,488,122,3,0);
INSERT INTO parents(self_id, child_id, to_child_count, to_child_calls, to_child_paths, pct) VALUES(531,532,3344,836,7,0);
INSERT INTO parents(self_id, child_id, to_child_count, to_child_calls, to_child_paths, pct) VALUES(531,533,3344,836,7,0);
INSERT INTO parents(self_id, child_id, to_child_count, to_child_calls, to_child_paths, pct) VALUES(531,534,3344,836,7,0);
INSERT INTO parents(self_id, child_id, to_child_count, to_child_calls, to_child_paths, pct) VALUES(531,535,2544,636,6,0);
INSERT INTO parents(self_id, child_id, to_child_count, to_child_calls, to_child_paths, pct) VALUES(520,536,488,122,3,0);
INSERT INTO parents(self_id, child_id, to_child_count, to_child_calls, to_child_paths, pct) VALUES(536,537,3344,836,7,0);
INSERT INTO parents(self_id, child_id, to_child_count, to_child_calls, to_child_paths, pct) VALUES(536,538,3344,836,7,0);
INSERT INTO parents(self_id, child_id, to_child_count, to_child_calls, to_child_paths, pct) VALUES(536,539,3344,836,7,0);
INSERT INTO parents(self_id, child_id, to_child_count, to_child_calls, to_child_paths, pct) VALUES(536,540,2544,636,6,0);
INSERT INTO parents(self_id, child_id, to_child_count, to_child_calls, to_child_paths, pct) VALUES(520,541,0,0,0,0);
INSERT INTO parents(self_id, child_id, to_child_count, to_child_calls, to_child_paths, pct) VALUES(541,542,800,200,2,0);
INSERT INTO parents(self_id, child_id, to_child_count, to_child_calls, to_child_paths, pct) VALUES(541,543,800,200,2,0);
INSERT INTO parents(self_id, child_id, to_child_count, to_child_calls, to_child_paths, pct) VALUES(541,544,800,200,2,0);
INSERT INTO parents(self_id, child_id, to_child_count, to_child_calls, to_child_paths, pct) VALUES(541,545,2544,636,6,0);
INSERT INTO parents(self_id, child_id, to_child_count, to_child_calls, to_child_paths, pct) VALUES(520,546,0,0,0,0);
INSERT INTO parents(self_id, child_id, to_child_count, to_child_calls, to_child_paths, pct) VALUES(546,547,800,200,2,0);
INSERT INTO parents(self_id, child_id, to_child_count, to_child_calls, to_child_paths, pct) VALUES(546,548,800,200,2,0);
INSERT INTO parents(self_id, child_id, to_child_count, to_child_calls, to_child_paths, pct) VALUES(546,549,800,200,2,0);
INSERT INTO parents(self_id, child_id, to_child_count, to_child_calls, to_child_paths, pct) VALUES(546,550,2544,636,6,0);
INSERT INTO parents(self_id, child_id, to_child_count, to_child_calls, to_child_paths, pct) VALUES(520,551,488,122,3,0);
INSERT INTO parents(self_id, child_id, to_child_count, to_child_calls, to_child_paths, pct) VALUES(551,552,3344,836,7,0);
INSERT INTO parents(self_id, child_id, to_child_count, to_child_calls, to_child_paths, pct) VALUES(551,553,3344,836,7,0);
INSERT INTO parents(self_id, child_id, to_child_count, to_child_calls, to_child_paths, pct) VALUES(551,554,3344,836,7,0);
INSERT INTO parents(self_id, child_id, to_child_count, to_child_calls, to_child_paths, pct) VALUES(551,555,2544,636,6,0);
INSERT INTO parents(self_id, child_id, to_child_count, to_child_calls, to_child_paths, pct) VALUES(520,556,488,122,3,0);
INSERT INTO parents(self_id, child_id, to_child_count, to_child_calls, to_child_paths, pct) VALUES(556,557,3344,836,7,0);
INSERT INTO parents(self_id, child_id, to_child_count, to_child_calls, to_child_paths, pct) VALUES(556,558,3344,836,7,0);
INSERT INTO parents(self_id, child_id, to_child_count, to_child_calls, to_child_paths, pct) VALUES(556,559,3344,836,7,0);
INSERT INTO parents(self_id, child_id, to_child_count, to_child_calls, to_child_paths, pct) VALUES(556,560,2544,636,6,0);
INSERT INTO parents(self_id, child_id, to_child_count, to_child_calls, to_child_paths, pct) VALUES(520,561,504,126,3,0);
INSERT INTO parents(self_id, child_id, to_child_count, to_child_calls, to_child_paths, pct) VALUES(561,562,3344,836,7,0);
INSERT INTO parents(self_id, child_id, to_child_count, to_child_calls, to_child_paths, pct) VALUES(561,563,3344,836,7,0);
INSERT INTO parents(self_id, child_id, to_child_count, to_child_calls, to_child_paths, pct) VALUES(561,564,3344,836,7,0);
INSERT INTO parents(self_id, child_id, to_child_count, to_child_calls, to_child_paths, pct) VALUES(561,565,2544,636,6,0);
INSERT INTO parents(self_id, child_id, to_child_count, to_child_calls, to_child_paths, pct) VALUES(520,566,488,122,3,0);
INSERT INTO parents(self_id, child_id, to_child_count, to_child_calls, to_child_paths, pct) VALUES(566,567,3344,836,7,0);
INSERT INTO parents(self_id, child_id, to_child_count, to_child_calls, to_child_paths, pct) VALUES(566,568,3344,836,7,0);
INSERT INTO parents(self_id, child_id, to_child_count, to_child_calls, to_child_paths, pct) VALUES(566,569,3344,836,7,0);
INSERT INTO parents(self_id, child_id, to_child_count, to_child_calls, to_child_paths, pct) VALUES(566,570,2544,636,6,0);
INSERT INTO parents(self_id, child_id, to_child_count, to_child_calls, to_child_paths, pct) VALUES(520,571,488,122,3,0);
INSERT INTO parents(self_id, child_id, to_child_count, to_child_calls, to_child_paths, pct) VALUES(571,572,3344,836,7,0);
INSERT INTO parents(self_id, child_id, to_child_count, to_child_calls, to_child_paths, pct) VALUES(571,573,3344,836,7,0);
INSERT INTO parents(self_id, child_id, to_child_count, to_child_calls, to_child_paths, pct) VALUES(571,574,3344,836,7,0);
INSERT INTO parents(self_id, child_id, to_child_count, to_child_calls, to_child_paths, pct) VALUES(571,575,2544,636,6,0);
INSERT INTO parents(self_id, child_id, to_child_count, to_child_calls, to_child_paths, pct) VALUES(520,576,488,122,3,0);
INSERT INTO parents(self_id, child_id, to_child_count, to_child_calls, to_child_paths, pct) VALUES(576,577,3344,836,7,0);
INSERT INTO parents(self_id, child_id, to_child_count, to_child_calls, to_child_paths, pct) VALUES(576,578,3344,836,7,0);
INSERT INTO parents(self_id, child_id, to_child_count, to_child_calls, to_child_paths, pct) VALUES(576,579,3344,836,7,0);
INSERT INTO parents(self_id, child_id, to_child_count, to_child_calls, to_child_paths, pct) VALUES(576,580,2544,636,6,0);
INSERT INTO parents(self_id, child_id, to_child_count, to_child_calls, to_child_paths, pct) VALUES(520,581,488,122,3,0);
INSERT INTO parents(self_id, child_id, to_child_count, to_child_calls, to_child_paths, pct) VALUES(581,582,3344,836,7,0);
INSERT INTO parents(self_id, child_id, to_child_count, to_child_calls, to_child_paths, pct) VALUES(581,583,3344,836,7,0);
INSERT INTO parents(self_id, child_id, to_child_count, to_child_calls, to_child_paths, pct) VALUES(581,584,3344,836,7,0);
INSERT INTO parents(self_id, child_id, to_child_count, to_child_calls, to_child_paths, pct) VALUES(581,585,2544,636,6,0);
INSERT INTO parents(self_id, child_id, to_child_count, to_child_calls, to_child_paths, pct) VALUES(520,586,488,122,3,0);
INSERT INTO parents(self_id, child_id, to_child_count, to_child_calls, to_child_paths, pct) VALUES(586,587,3344,836,7,0);
INSERT INTO parents(self_id, child_id, to_child_count, to_child_calls, to_child_paths, pct) VALUES(586,588,3344,836,7,0);
INSERT INTO parents(self_id, child_id, to_child_count, to_child_calls, to_child_paths, pct) VALUES(586,589,3344,836,7,0);
INSERT INTO parents(self_id, child_id, to_child_count, to_child_calls, to_child_paths, pct) VALUES(586,590,2544,636,6,0);
INSERT INTO parents(self_id, child_id, to_child_count, to_child_calls, to_child_paths, pct) VALUES(96,591,408,102,2,0);
INSERT INTO parents(self_id, child_id, to_child_count, to_child_calls, to_child_paths, pct) VALUES(591,592,2880,720,15,0);
INSERT INTO parents(self_id, child_id, to_child_count, to_child_calls, to_child_paths, pct) VALUES(591,593,792,198,4,0);
INSERT INTO parents(self_id, child_id, to_child_count, to_child_calls, to_child_paths, pct) VALUES(591,594,792,198,4,0);
INSERT INTO parents(self_id, child_id, to_child_count, to_child_calls, to_child_paths, pct) VALUES(591,595,792,198,4,0);
INSERT INTO parents(self_id, child_id, to_child_count, to_child_calls, to_child_paths, pct) VALUES(591,596,792,198,4,0);
INSERT INTO parents(self_id, child_id, to_child_count, to_child_calls, to_child_paths, pct) VALUES(591,597,792,198,4,0);
INSERT INTO parents(self_id, child_id, to_child_count, to_child_calls, to_child_paths, pct) VALUES(96,598,408,102,2,0);
INSERT INTO parents(self_id, child_id, to_child_count, to_child_calls, to_child_paths, pct) VALUES(598,599,2880,720,15,0);
INSERT INTO parents(self_id, child_id, to_child_count, to_child_calls, to_child_paths, pct) VALUES(598,600,792,198,4,0);
INSERT INTO parents(self_id, child_id, to_child_count, to_child_calls, to_child_paths, pct) VALUES(598,601,792,198,4,0);
INSERT INTO parents(self_id, child_id, to_child_count, to_child_calls, to_child_paths, pct) VALUES(598,602,792,198,4,0);
INSERT INTO parents(self_id, child_id, to_child_count, to_child_calls, to_child_paths, pct) VALUES(598,603,792,198,4,0);
INSERT INTO parents(self_id, child_id, to_child_count, to_child_calls, to_child_paths, pct) VALUES(598,604,792,198,4,0);
INSERT INTO parents(self_id, child_id, to_child_count, to_child_calls, to_child_paths, pct) VALUES(96,605,2584,646,12,0);
INSERT INTO parents(self_id, child_id, to_child_count, to_child_calls, to_child_paths, pct) VALUES(605,606,1120,280,5,0);
INSERT INTO parents(self_id, child_id, to_child_count, to_child_calls, to_child_paths, pct) VALUES(605,607,3360,840,15,0);
INSERT INTO parents(self_id, child_id, to_child_count, to_child_calls, to_child_paths, pct) VALUES(96,608,1120,280,4,0);
INSERT INTO parents(self_id, child_id, to_child_count, to_child_calls, to_child_paths, pct) VALUES(608,609,0,0,0,0);
INSERT INTO parents(self_id, child_id, to_child_count, to_child_calls, to_child_paths, pct) VALUES(608,610,0,0,0,0);
INSERT INTO parents(self_id, child_id, to_child_count, to_child_calls, to_child_paths, pct) VALUES(608,611,0,0,0,0);
INSERT INTO parents(self_id, child_id, to_child_count, to_child_calls, to_child_paths, pct) VALUES(608,612,80,20,11,0);
INSERT INTO parents(self_id, child_id, to_child_count, to_child_calls, to_child_paths, pct) VALUES(608,613,0,0,0,0);
INSERT INTO parents(self_id, child_id, to_child_count, to_child_calls, to_child_paths, pct) VALUES(96,614,120,30,3,0);
INSERT INTO children(self_id, parent_id, from_parent_count, from_parent_calls, from_parent_paths, pct) VALUES(96,10,1053320,39839,0,0);
INSERT INTO children(self_id, parent_id, from_parent_count, from_parent_calls, from_parent_paths, pct) VALUES(97,96,173360,33832,12,0);
INSERT INTO children(self_id, parent_id, from_parent_count, from_parent_calls, from_parent_paths, pct) VALUES(98,97,16308,3167,2,0);
INSERT INTO children(self_id, parent_id, from_parent_count, from_parent_calls, from_parent_paths, pct) VALUES(99,98,1144,253,1,0);
INSERT INTO children(self_id, parent_id, from_parent_count, from_parent_calls, from_parent_paths, pct) VALUES(100,98,1144,253,1,0);
INSERT INTO children(self_id, parent_id, from_parent_count, from_parent_calls, from_parent_paths, pct) VALUES(101,98,1144,253,1,0);
INSERT INTO children(self_id, parent_id, from_parent_count, from_parent_calls, from_parent_paths, pct) VALUES(102,98,1144,253,1,0);
INSERT INTO children(self_id, parent_id, from_parent_count, from_parent_calls, from_parent_paths, pct) VALUES(103,98,1144,253,1,0);
INSERT INTO children(self_id, parent_id, from_parent_count, from_parent_calls, from_parent_paths, pct) VALUES(104,98,1144,253,1,0);
INSERT INTO children(self_id, parent_id, from_parent_count, from_parent_calls, from_parent_paths, pct) VALUES(105,98,1144,253,1,0);
INSERT INTO children(self_id, parent_id, from_parent_count, from_parent_calls, from_parent_paths, pct) VALUES(106,98,1144,253,1,0);
INSERT INTO children(self_id, parent_id, from_parent_count, from_parent_calls, from_parent_paths, pct) VALUES(107,98,1144,253,1,0);
INSERT INTO children(self_id, parent_id, from_parent_count, from_parent_calls, from_parent_paths, pct) VALUES(108,98,1144,253,1,0);
INSERT INTO children(self_id, parent_id, from_parent_count, from_parent_calls, from_parent_paths, pct) VALUES(109,98,1144,253,1,0);
INSERT INTO children(self_id, parent_id, from_parent_count, from_parent_calls, from_parent_paths, pct) VALUES(110,98,1144,253,1,0);
INSERT INTO children(self_id, parent_id, from_parent_count, from_parent_calls, from_parent_paths, pct) VALUES(111,97,16308,3168,2,0);
INSERT INTO children(self_id, parent_id, from_parent_count, from_parent_calls, from_parent_paths, pct) VALUES(112,111,1144,253,1,0);
INSERT INTO children(self_id, parent_id, from_parent_count, from_parent_calls, from_parent_paths, pct) VALUES(113,111,1144,253,1,0);
INSERT INTO children(self_id, parent_id, from_parent_count, from_parent_calls, from_parent_paths, pct) VALUES(114,111,1144,253,1,0);
INSERT INTO children(self_id, parent_id, from_parent_count, from_parent_calls, from_parent_paths, pct) VALUES(115,111,1144,253,1,0);
INSERT INTO children(self_id, parent_id, from_parent_count, from_parent_calls, from_parent_paths, pct) VALUES(116,111,1144,253,1,0);
INSERT INTO children(self_id, parent_id, from_parent_count, from_parent_calls, from_parent_paths, pct) VALUES(117,111,1144,253,1,0);
INSERT INTO children(self_id, parent_id, from_parent_count, from_parent_calls, from_parent_paths, pct) VALUES(118,111,1144,253,1,0);
INSERT INTO children(self_id, parent_id, from_parent_count, from_parent_calls, from_parent_paths, pct) VALUES(119,111,1144,253,1,0);
INSERT INTO children(self_id, parent_id, from_parent_count, from_parent_calls, from_parent_paths, pct) VALUES(120,111,1144,253,1,0);
INSERT INTO children(self_id, parent_id, from_parent_count, from_parent_calls, from_parent_paths, pct) VALUES(121,111,1144,253,1,0);
INSERT INTO children(self_id, parent_id, from_parent_count, from_parent_calls, from_parent_paths, pct) VALUES(122,111,1144,253,1,0);
INSERT INTO children(self_id, parent_id, from_parent_count, from_parent_calls, from_parent_paths, pct) VALUES(123,111,1144,253,1,0);
INSERT INTO children(self_id, parent_id, from_parent_count, from_parent_calls, from_parent_paths, pct) VALUES(124,97,16308,3166,2,0);
INSERT INTO children(self_id, parent_id, from_parent_count, from_parent_calls, from_parent_paths, pct) VALUES(125,124,1144,253,1,0);
INSERT INTO children(self_id, parent_id, from_parent_count, from_parent_calls, from_parent_paths, pct) VALUES(126,124,1144,253,1,0);
INSERT INTO children(self_id, parent_id, from_parent_count, from_parent_calls, from_parent_paths, pct) VALUES(127,124,1144,253,1,0);
INSERT INTO children(self_id, parent_id, from_parent_count, from_parent_calls, from_parent_paths, pct) VALUES(128,124,1144,253,1,0);
INSERT INTO children(self_id, parent_id, from_parent_count, from_parent_calls, from_parent_paths, pct) VALUES(129,124,1144,253,1,0);
INSERT INTO children(self_id, parent_id, from_parent_count, from_parent_calls, from_parent_paths, pct) VALUES(130,124,1144,253,1,0);
INSERT INTO children(self_id, parent_id, from_parent_count, from_parent_calls, from_parent_paths, pct) VALUES(131,124,1144,253,1,0);
INSERT INTO children(self_id, parent_id, from_parent_count, from_parent_calls, from_parent_paths, pct) VALUES(132,124,1144,253,1,0);
INSERT INTO children(self_id, parent_id, from_parent_count, from_parent_calls, from_parent_paths, pct) VALUES(133,124,1144,253,1,0);
INSERT INTO children(self_id, parent_id, from_parent_count, from_parent_calls, from_parent_paths, pct) VALUES(134,124,1144,253,1,0);
INSERT INTO children(self_id, parent_id, from_parent_count, from_parent_calls, from_parent_paths, pct) VALUES(135,124,1144,253,1,0);
INSERT INTO children(self_id, parent_id, from_parent_count, from_parent_calls, from_parent_paths, pct) VALUES(136,124,1144,253,1,0);
INSERT INTO children(self_id, parent_id, from_parent_count, from_parent_calls, from_parent_paths, pct) VALUES(137,97,16308,3165,2,0);
INSERT INTO children(self_id, parent_id, from_parent_count, from_parent_calls, from_parent_paths, pct) VALUES(138,137,1144,253,1,0);
INSERT INTO children(self_id, parent_id, from_parent_count, from_parent_calls, from_parent_paths, pct) VALUES(139,137,1144,253,1,0);
INSERT INTO children(self_id, parent_id, from_parent_count, from_parent_calls, from_parent_paths, pct) VALUES(140,137,1144,253,1,0);
INSERT INTO children(self_id, parent_id, from_parent_count, from_parent_calls, from_parent_paths, pct) VALUES(141,137,1144,253,1,0);
INSERT INTO children(self_id, parent_id, from_parent_count, from_parent_calls, from_parent_paths, pct) VALUES(142,137,1144,253,1,0);
INSERT INTO children(self_id, parent_id, from_parent_count, from_parent_calls, from_parent_paths, pct) VALUES(143,137,1144,253,1,0);
INSERT INTO children(self_id, parent_id, from_parent_count, from_parent_calls, from_parent_paths, pct) VALUES(144,137,1144,253,1,0);
INSERT INTO children(self_id, parent_id, from_parent_count, from_parent_calls, from_parent_paths, pct) VALUES(145,137,1144,253,1,0);
INSERT INTO children(self_id, parent_id, from_parent_count, from_parent_calls, from_parent_paths, pct) VALUES(146,137,1144,253,1,0);
INSERT INTO children(self_id, parent_id, from_parent_count, from_parent_calls, from_parent_paths, pct) VALUES(147,137,1144,253,1,0);
INSERT INTO children(self_id, parent_id, from_parent_count, from_parent_calls, from_parent_paths, pct) VALUES(148,137,1144,253,1,0);
INSERT INTO children(self_id, parent_id, from_parent_count, from_parent_calls, from_parent_paths, pct) VALUES(149,137,1144,253,1,0);
INSERT INTO children(self_id, parent_id, from_parent_count, from_parent_calls, from_parent_paths, pct) VALUES(150,97,16308,3168,2,0);
INSERT INTO children(self_id, parent_id, from_parent_count, from_parent_calls, from_parent_paths, pct) VALUES(151,150,1144,253,1,0);
INSERT INTO children(self_id, parent_id, from_parent_count, from_parent_calls, from_parent_paths, pct) VALUES(152,150,1144,253,1,0);
INSERT INTO children(self_id, parent_id, from_parent_count, from_parent_calls, from_parent_paths, pct) VALUES(153,150,1144,253,1,0);
INSERT INTO children(self_id, parent_id, from_parent_count, from_parent_calls, from_parent_paths, pct) VALUES(154,150,1144,253,1,0);
INSERT INTO children(self_id, parent_id, from_parent_count, from_parent_calls, from_parent_paths, pct) VALUES(155,150,1144,253,1,0);
INSERT INTO children(self_id, parent_id, from_parent_count, from_parent_calls, from_parent_paths, pct) VALUES(156,150,1144,253,1,0);
INSERT INTO children(self_id, parent_id, from_parent_count, from_parent_calls, from_parent_paths, pct) VALUES(157,150,1144,253,1,0);
INSERT INTO children(self_id, parent_id, from_parent_count, from_parent_calls, from_parent_paths, pct) VALUES(158,150,1144,253,1,0);
INSERT INTO children(self_id, parent_id, from_parent_count, from_parent_calls, from_parent_paths, pct) VALUES(159,150,1144,253,1,0);
INSERT INTO children(self_id, parent_id, from_parent_count, from_parent_calls, from_parent_paths, pct) VALUES(160,150,1144,253,1,0);
INSERT INTO children(self_id, parent_id, from_parent_count, from_parent_calls, from_parent_paths, pct) VALUES(161,150,1144,253,1,0);
INSERT INTO children(self_id, parent_id, from_parent_count, from_parent_calls, from_parent_paths, pct) VALUES(162,150,1144,253,1,0);
INSERT INTO children(self_id, parent_id, from_parent_count, from_parent_calls, from_parent_paths, pct) VALUES(163,97,16308,3157,2,0);
INSERT INTO children(self_id, parent_id, from_parent_count, from_parent_calls, from_parent_paths, pct) VALUES(164,163,1144,253,1,0);
INSERT INTO children(self_id, parent_id, from_parent_count, from_parent_calls, from_parent_paths, pct) VALUES(165,163,1144,253,1,0);
INSERT INTO children(self_id, parent_id, from_parent_count, from_parent_calls, from_parent_paths, pct) VALUES(166,163,1144,253,1,0);
INSERT INTO children(self_id, parent_id, from_parent_count, from_parent_calls, from_parent_paths, pct) VALUES(167,163,1144,253,1,0);
INSERT INTO children(self_id, parent_id, from_parent_count, from_parent_calls, from_parent_paths, pct) VALUES(168,163,1144,253,1,0);
INSERT INTO children(self_id, parent_id, from_parent_count, from_parent_calls, from_parent_paths, pct) VALUES(169,163,1144,253,1,0);
INSERT INTO children(self_id, parent_id, from_parent_count, from_parent_calls, from_parent_paths, pct) VALUES(170,163,1144,253,1,0);
INSERT INTO children(self_id, parent_id, from_parent_count, from_parent_calls, from_parent_paths, pct) VALUES(171,163,1144,253,1,0);
INSERT INTO children(self_id, parent_id, from_parent_count, from_parent_calls, from_parent_paths, pct) VALUES(172,163,1144,253,1,0);
INSERT INTO children(self_id, parent_id, from_parent_count, from_parent_calls, from_parent_paths, pct) VALUES(173,163,1144,253,1,0);
INSERT INTO children(self_id, parent_id, from_parent_count, from_parent_calls, from_parent_paths, pct) VALUES(174,163,1144,253,1,0);
INSERT INTO children(self_id, parent_id, from_parent_count, from_parent_calls, from_parent_paths, pct) VALUES(175,163,1144,253,1,0);
INSERT INTO children(self_id, parent_id, from_parent_count, from_parent_calls, from_parent_paths, pct) VALUES(176,97,16308,3157,2,0);
INSERT INTO children(self_id, parent_id, from_parent_count, from_parent_calls, from_parent_paths, pct) VALUES(177,176,1144,253,1,0);
INSERT INTO children(self_id, parent_id, from_parent_count, from_parent_calls, from_parent_paths, pct) VALUES(178,176,1144,253,1,0);
INSERT INTO children(self_id, parent_id, from_parent_count, from_parent_calls, from_parent_paths, pct) VALUES(179,176,1144,253,1,0);
INSERT INTO children(self_id, parent_id, from_parent_count, from_parent_calls, from_parent_paths, pct) VALUES(180,176,1144,253,1,0);
INSERT INTO children(self_id, parent_id, from_parent_count, from_parent_calls, from_parent_paths, pct) VALUES(181,176,1144,253,1,0);
INSERT INTO children(self_id, parent_id, from_parent_count, from_parent_calls, from_parent_paths, pct) VALUES(182,176,1144,253,1,0);
INSERT INTO children(self_id, parent_id, from_parent_count, from_parent_calls, from_parent_paths, pct) VALUES(183,176,1144,253,1,0);
INSERT INTO children(self_id, parent_id, from_parent_count, from_parent_calls, from_parent_paths, pct) VALUES(184,176,1144,253,1,0);
INSERT INTO children(self_id, parent_id, from_parent_count, from_parent_calls, from_parent_paths, pct) VALUES(185,176,1144,253,1,0);
INSERT INTO children(self_id, parent_id, from_parent_count, from_parent_calls, from_parent_paths, pct) VALUES(186,176,1144,253,1,0);
INSERT INTO children(self_id, parent_id, from_parent_count, from_parent_calls, from_parent_paths, pct) VALUES(187,176,1144,253,1,0);
INSERT INTO children(self_id, parent_id, from_parent_count, from_parent_calls, from_parent_paths, pct) VALUES(188,176,1144,253,1,0);
INSERT INTO children(self_id, parent_id, from_parent_count, from_parent_calls, from_parent_paths, pct) VALUES(189,97,16308,3157,2,0);
INSERT INTO children(self_id, parent_id, from_parent_count, from_parent_calls, from_parent_paths, pct) VALUES(190,189,1144,253,1,0);
INSERT INTO children(self_id, parent_id, from_parent_count, from_parent_calls, from_parent_paths, pct) VALUES(191,189,1144,253,1,0);
INSERT INTO children(self_id, parent_id, from_parent_count, from_parent_calls, from_parent_paths, pct) VALUES(192,189,1144,253,1,0);
INSERT INTO children(self_id, parent_id, from_parent_count, from_parent_calls, from_parent_paths, pct) VALUES(193,189,1144,253,1,0);
INSERT INTO children(self_id, parent_id, from_parent_count, from_parent_calls, from_parent_paths, pct) VALUES(194,189,1144,253,1,0);
INSERT INTO children(self_id, parent_id, from_parent_count, from_parent_calls, from_parent_paths, pct) VALUES(195,189,1144,253,1,0);
INSERT INTO children(self_id, parent_id, from_parent_count, from_parent_calls, from_parent_paths, pct) VALUES(196,189,1144,253,1,0);
INSERT INTO children(self_id, parent_id, from_parent_count, from_parent_calls, from_parent_paths, pct) VALUES(197,189,1144,253,1,0);
INSERT INTO children(self_id, parent_id, from_parent_count, from_parent_calls, from_parent_paths, pct) VALUES(198,189,1144,253,1,0);
INSERT INTO children(self_id, parent_id, from_parent_count, from_parent_calls, from_parent_paths, pct) VALUES(199,189,1144,253,1,0);
INSERT INTO children(self_id, parent_id, from_parent_count, from_parent_calls, from_parent_paths, pct) VALUES(200,189,1144,253,1,0);
INSERT INTO children(self_id, parent_id, from_parent_count, from_parent_calls, from_parent_paths, pct) VALUES(201,189,1144,253,1,0);
INSERT INTO children(self_id, parent_id, from_parent_count, from_parent_calls, from_parent_paths, pct) VALUES(202,97,16308,3157,2,0);
INSERT INTO children(self_id, parent_id, from_parent_count, from_parent_calls, from_parent_paths, pct) VALUES(203,202,1144,253,1,0);
INSERT INTO children(self_id, parent_id, from_parent_count, from_parent_calls, from_parent_paths, pct) VALUES(204,202,1144,253,1,0);
INSERT INTO children(self_id, parent_id, from_parent_count, from_parent_calls, from_parent_paths, pct) VALUES(205,202,1144,253,1,0);
INSERT INTO children(self_id, parent_id, from_parent_count, from_parent_calls, from_parent_paths, pct) VALUES(206,202,1144,253,1,0);
INSERT INTO children(self_id, parent_id, from_parent_count, from_parent_calls, from_parent_paths, pct) VALUES(207,202,1144,253,1,0);
INSERT INTO children(self_id, parent_id, from_parent_count, from_parent_calls, from_parent_paths, pct) VALUES(208,202,1144,253,1,0);
INSERT INTO children(self_id, parent_id, from_parent_count, from_parent_calls, from_parent_paths, pct) VALUES(209,202,1144,253,1,0);
INSERT INTO children(self_id, parent_id, from_parent_count, from_parent_calls, from_parent_paths, pct) VALUES(210,202,1144,253,1,0);
INSERT INTO children(self_id, parent_id, from_parent_count, from_parent_calls, from_parent_paths, pct) VALUES(211,202,1144,253,1,0);
INSERT INTO children(self_id, parent_id, from_parent_count, from_parent_calls, from_parent_paths, pct) VALUES(212,202,1144,253,1,0);
INSERT INTO children(self_id, parent_id, from_parent_count, from_parent_calls, from_parent_paths, pct) VALUES(213,202,1144,253,1,0);
INSERT INTO children(self_id, parent_id, from_parent_count, from_parent_calls, from_parent_paths, pct) VALUES(214,202,1144,253,1,0);
INSERT INTO children(self_id, parent_id, from_parent_count, from_parent_calls, from_parent_paths, pct) VALUES(215,97,16308,3157,2,0);
INSERT INTO children(self_id, parent_id, from_parent_count, from_parent_calls, from_parent_paths, pct) VALUES(216,215,1144,253,1,0);
INSERT INTO children(self_id, parent_id, from_parent_count, from_parent_calls, from_parent_paths, pct) VALUES(217,215,1144,253,1,0);
INSERT INTO children(self_id, parent_id, from_parent_count, from_parent_calls, from_parent_paths, pct) VALUES(218,215,1144,253,1,0);
INSERT INTO children(self_id, parent_id, from_parent_count, from_parent_calls, from_parent_paths, pct) VALUES(219,215,1144,253,1,0);
INSERT INTO children(self_id, parent_id, from_parent_count, from_parent_calls, from_parent_paths, pct) VALUES(220,215,1144,253,1,0);
INSERT INTO children(self_id, parent_id, from_parent_count, from_parent_calls, from_parent_paths, pct) VALUES(221,215,1144,253,1,0);
INSERT INTO children(self_id, parent_id, from_parent_count, from_parent_calls, from_parent_paths, pct) VALUES(222,215,1144,253,1,0);
INSERT INTO children(self_id, parent_id, from_parent_count, from_parent_calls, from_parent_paths, pct) VALUES(223,215,1144,253,1,0);
INSERT INTO children(self_id, parent_id, from_parent_count, from_parent_calls, from_parent_paths, pct) VALUES(224,215,1144,253,1,0);
INSERT INTO children(self_id, parent_id, from_parent_count, from_parent_calls, from_parent_paths, pct) VALUES(225,215,1144,253,1,0);
INSERT INTO children(self_id, parent_id, from_parent_count, from_parent_calls, from_parent_paths, pct) VALUES(226,215,1144,253,1,0);
INSERT INTO children(self_id, parent_id, from_parent_count, from_parent_calls, from_parent_paths, pct) VALUES(227,215,1144,253,1,0);
INSERT INTO children(self_id, parent_id, from_parent_count, from_parent_calls, from_parent_paths, pct) VALUES(228,96,1200,228,6,0);
INSERT INTO children(self_id, parent_id, from_parent_count, from_parent_calls, from_parent_paths, pct) VALUES(229,96,855880,2992,10,0);
INSERT INTO children(self_id, parent_id, from_parent_count, from_parent_calls, from_parent_paths, pct) VALUES(230,229,4880,648,11,0);
INSERT INTO children(self_id, parent_id, from_parent_count, from_parent_calls, from_parent_paths, pct) VALUES(231,229,3880,648,11,0);
INSERT INTO children(self_id, parent_id, from_parent_count, from_parent_calls, from_parent_paths, pct) VALUES(232,229,2640,242,12,0);
INSERT INTO children(self_id, parent_id, from_parent_count, from_parent_calls, from_parent_paths, pct) VALUES(233,229,1920,232,12,0);
INSERT INTO children(self_id, parent_id, from_parent_count, from_parent_calls, from_parent_paths, pct) VALUES(234,229,3600,226,12,0);
INSERT INTO children(self_id, parent_id, from_parent_count, from_parent_calls, from_parent_paths, pct) VALUES(235,229,2400,232,12,0);
INSERT INTO children(self_id, parent_id, from_parent_count, from_parent_calls, from_parent_paths, pct) VALUES(236,229,166880,134,1,0);
INSERT INTO children(self_id, parent_id, from_parent_count, from_parent_calls, from_parent_paths, pct) VALUES(237,236,13064,0,3,0);
INSERT INTO children(self_id, parent_id, from_parent_count, from_parent_calls, from_parent_paths, pct) VALUES(238,237,3344,0,7,0);
INSERT INTO children(self_id, parent_id, from_parent_count, from_parent_calls, from_parent_paths, pct) VALUES(239,237,3344,0,7,0);
INSERT INTO children(self_id, parent_id, from_parent_count, from_parent_calls, from_parent_paths, pct) VALUES(240,237,3344,0,7,0);
INSERT INTO children(self_id, parent_id, from_parent_count, from_parent_calls, from_parent_paths, pct) VALUES(241,237,2544,0,6,0);
INSERT INTO children(self_id, parent_id, from_parent_count, from_parent_calls, from_parent_paths, pct) VALUES(242,236,13080,38,3,0);
INSERT INTO children(self_id, parent_id, from_parent_count, from_parent_calls, from_parent_paths, pct) VALUES(243,242,3344,0,7,0);
INSERT INTO children(self_id, parent_id, from_parent_count, from_parent_calls, from_parent_paths, pct) VALUES(244,242,3344,13,7,0);
INSERT INTO children(self_id, parent_id, from_parent_count, from_parent_calls, from_parent_paths, pct) VALUES(245,242,3344,14,7,0);
INSERT INTO children(self_id, parent_id, from_parent_count, from_parent_calls, from_parent_paths, pct) VALUES(246,242,2544,11,6,0);
INSERT INTO children(self_id, parent_id, from_parent_count, from_parent_calls, from_parent_paths, pct) VALUES(247,236,13064,12,3,0);
INSERT INTO children(self_id, parent_id, from_parent_count, from_parent_calls, from_parent_paths, pct) VALUES(248,247,3344,0,7,0);
INSERT INTO children(self_id, parent_id, from_parent_count, from_parent_calls, from_parent_paths, pct) VALUES(249,247,3344,0,7,0);
INSERT INTO children(self_id, parent_id, from_parent_count, from_parent_calls, from_parent_paths, pct) VALUES(250,247,3344,12,7,0);
INSERT INTO children(self_id, parent_id, from_parent_count, from_parent_calls, from_parent_paths, pct) VALUES(251,247,2544,0,6,0);
INSERT INTO children(self_id, parent_id, from_parent_count, from_parent_calls, from_parent_paths, pct) VALUES(252,236,13064,0,3,0);
INSERT INTO children(self_id, parent_id, from_parent_count, from_parent_calls, from_parent_paths, pct) VALUES(253,252,3344,0,7,0);
INSERT INTO children(self_id, parent_id, from_parent_count, from_parent_calls, from_parent_paths, pct) VALUES(254,252,3344,0,7,0);
INSERT INTO children(self_id, parent_id, from_parent_count, from_parent_calls, from_parent_paths, pct) VALUES(255,252,3344,0,7,0);
INSERT INTO children(self_id, parent_id, from_parent_count, from_parent_calls, from_parent_paths, pct) VALUES(256,252,2544,0,6,0);
INSERT INTO children(self_id, parent_id, from_parent_count, from_parent_calls, from_parent_paths, pct) VALUES(257,236,4944,0,0,0);
INSERT INTO children(self_id, parent_id, from_parent_count, from_parent_calls, from_parent_paths, pct) VALUES(258,257,800,0,2,0);
INSERT INTO children(self_id, parent_id, from_parent_count, from_parent_calls, from_parent_paths, pct) VALUES(259,257,800,0,2,0);
INSERT INTO children(self_id, parent_id, from_parent_count, from_parent_calls, from_parent_paths, pct) VALUES(260,257,800,0,2,0);
INSERT INTO children(self_id, parent_id, from_parent_count, from_parent_calls, from_parent_paths, pct) VALUES(261,257,2544,0,6,0);
INSERT INTO children(self_id, parent_id, from_parent_count, from_parent_calls, from_parent_paths, pct) VALUES(262,236,4944,0,0,0);
INSERT INTO children(self_id, parent_id, from_parent_count, from_parent_calls, from_parent_paths, pct) VALUES(263,262,800,0,2,0);
INSERT INTO children(self_id, parent_id, from_parent_count, from_parent_calls, from_parent_paths, pct) VALUES(264,262,800,0,2,0);
INSERT INTO children(self_id, parent_id, from_parent_count, from_parent_calls, from_parent_paths, pct) VALUES(265,262,800,0,2,0);
INSERT INTO children(self_id, parent_id, from_parent_count, from_parent_calls, from_parent_paths, pct) VALUES(266,262,2544,0,6,0);
INSERT INTO children(self_id, parent_id, from_parent_count, from_parent_calls, from_parent_paths, pct) VALUES(267,236,13064,0,3,0);
INSERT INTO children(self_id, parent_id, from_parent_count, from_parent_calls, from_parent_paths, pct) VALUES(268,267,3344,0,7,0);
INSERT INTO children(self_id, parent_id, from_parent_count, from_parent_calls, from_parent_paths, pct) VALUES(269,267,3344,0,7,0);
INSERT INTO children(self_id, parent_id, from_parent_count, from_parent_calls, from_parent_paths, pct) VALUES(270,267,3344,0,7,0);
INSERT INTO children(self_id, parent_id, from_parent_count, from_parent_calls, from_parent_paths, pct) VALUES(271,267,2544,0,6,0);
INSERT INTO children(self_id, parent_id, from_parent_count, from_parent_calls, from_parent_paths, pct) VALUES(272,236,13064,0,3,0);
INSERT INTO children(self_id, parent_id, from_parent_count, from_parent_calls, from_parent_paths, pct) VALUES(273,272,3344,0,7,0);
INSERT INTO children(self_id, parent_id, from_parent_count, from_parent_calls, from_parent_paths, pct) VALUES(274,272,3344,0,7,0);
INSERT INTO children(self_id, parent_id, from_parent_count, from_parent_calls, from_parent_paths, pct) VALUES(275,272,3344,0,7,0);
INSERT INTO children(self_id, parent_id, from_parent_count, from_parent_calls, from_parent_paths, pct) VALUES(276,272,2544,0,6,0);
INSERT INTO children(self_id, parent_id, from_parent_count, from_parent_calls, from_parent_paths, pct) VALUES(277,236,13080,0,3,0);
INSERT INTO children(self_id, parent_id, from_parent_count, from_parent_calls, from_parent_paths, pct) VALUES(278,277,3344,0,7,0);
INSERT INTO children(self_id, parent_id, from_parent_count, from_parent_calls, from_parent_paths, pct) VALUES(279,277,3344,0,7,0);
INSERT INTO children(self_id, parent_id, from_parent_count, from_parent_calls, from_parent_paths, pct) VALUES(280,277,3344,0,7,0);
INSERT INTO children(self_id, parent_id, from_parent_count, from_parent_calls, from_parent_paths, pct) VALUES(281,277,2544,0,6,0);
INSERT INTO children(self_id, parent_id, from_parent_count, from_parent_calls, from_parent_paths, pct) VALUES(282,236,13064,39,3,0);
INSERT INTO children(self_id, parent_id, from_parent_count, from_parent_calls, from_parent_paths, pct) VALUES(283,282,3344,11,7,0);
INSERT INTO children(self_id, parent_id, from_parent_count, from_parent_calls, from_parent_paths, pct) VALUES(284,282,3344,14,7,0);
INSERT INTO children(self_id, parent_id, from_parent_count, from_parent_calls, from_parent_paths, pct) VALUES(285,282,3344,14,7,0);
INSERT INTO children(self_id, parent_id, from_parent_count, from_parent_calls, from_parent_paths, pct) VALUES(286,282,2544,0,6,0);
INSERT INTO children(self_id, parent_id, from_parent_count, from_parent_calls, from_parent_paths, pct) VALUES(287,236,13064,0,3,0);
INSERT INTO children(self_id, parent_id, from_parent_count, from_parent_calls, from_parent_paths, pct) VALUES(288,287,3344,0,7,0);
INSERT INTO children(self_id, parent_id, from_parent_count, from_parent_calls, from_parent_paths, pct) VALUES(289,287,3344,0,7,0);
INSERT INTO children(self_id, parent_id, from_parent_count, from_parent_calls, from_parent_paths, pct) VALUES(290,287,3344,0,7,0);
INSERT INTO children(self_id, parent_id, from_parent_count, from_parent_calls, from_parent_paths, pct) VALUES(291,287,2544,0,6,0);
INSERT INTO children(self_id, parent_id, from_parent_count, from_parent_calls, from_parent_paths, pct) VALUES(292,236,13064,0,3,0);
INSERT INTO children(self_id, parent_id, from_parent_count, from_parent_calls, from_parent_paths, pct) VALUES(293,292,3344,0,7,0);
INSERT INTO children(self_id, parent_id, from_parent_count, from_parent_calls, from_parent_paths, pct) VALUES(294,292,3344,0,7,0);
INSERT INTO children(self_id, parent_id, from_parent_count, from_parent_calls, from_parent_paths, pct) VALUES(295,292,3344,0,7,0);
INSERT INTO children(self_id, parent_id, from_parent_count, from_parent_calls, from_parent_paths, pct) VALUES(296,292,2544,0,6,0);
INSERT INTO children(self_id, parent_id, from_parent_count, from_parent_calls, from_parent_paths, pct) VALUES(297,236,13064,0,3,0);
INSERT INTO children(self_id, parent_id, from_parent_count, from_parent_calls, from_parent_paths, pct) VALUES(298,297,3344,0,7,0);
INSERT INTO children(self_id, parent_id, from_parent_count, from_parent_calls, from_parent_paths, pct) VALUES(299,297,3344,0,7,0);
INSERT INTO children(self_id, parent_id, from_parent_count, from_parent_calls, from_parent_paths, pct) VALUES(300,297,3344,0,7,0);
INSERT INTO children(self_id, parent_id, from_parent_count, from_parent_calls, from_parent_paths, pct) VALUES(301,297,2544,0,6,0);
INSERT INTO children(self_id, parent_id, from_parent_count, from_parent_calls, from_parent_paths, pct) VALUES(302,236,13064,13,3,0);
INSERT INTO children(self_id, parent_id, from_parent_count, from_parent_calls, from_parent_paths, pct) VALUES(303,302,3344,0,7,0);
INSERT INTO children(self_id, parent_id, from_parent_count, from_parent_calls, from_parent_paths, pct) VALUES(304,302,3344,13,7,0);
INSERT INTO children(self_id, parent_id, from_parent_count, from_parent_calls, from_parent_paths, pct) VALUES(305,302,3344,0,7,0);
INSERT INTO children(self_id, parent_id, from_parent_count, from_parent_calls, from_parent_paths, pct) VALUES(306,302,2544,0,6,0);
INSERT INTO children(self_id, parent_id, from_parent_count, from_parent_calls, from_parent_paths, pct) VALUES(307,229,166880,32,1,0);
INSERT INTO children(self_id, parent_id, from_parent_count, from_parent_calls, from_parent_paths, pct) VALUES(308,307,13064,0,3,0);
INSERT INTO children(self_id, parent_id, from_parent_count, from_parent_calls, from_parent_paths, pct) VALUES(309,308,3344,0,7,0);
INSERT INTO children(self_id, parent_id, from_parent_count, from_parent_calls, from_parent_paths, pct) VALUES(310,308,3344,0,7,0);
INSERT INTO children(self_id, parent_id, from_parent_count, from_parent_calls, from_parent_paths, pct) VALUES(311,308,3344,0,7,0);
INSERT INTO children(self_id, parent_id, from_parent_count, from_parent_calls, from_parent_paths, pct) VALUES(312,308,2544,0,6,0);
INSERT INTO children(self_id, parent_id, from_parent_count, from_parent_calls, from_parent_paths, pct) VALUES(313,307,13080,0,3,0);
INSERT INTO children(self_id, parent_id, from_parent_count, from_parent_calls, from_parent_paths, pct) VALUES(314,313,3344,0,7,0);
INSERT INTO children(self_id, parent_id, from_parent_count, from_parent_calls, from_parent_paths, pct) VALUES(315,313,3344,0,7,0);
INSERT INTO children(self_id, parent_id, from_parent_count, from_parent_calls, from_parent_paths, pct) VALUES(316,313,3344,0,7,0);
INSERT INTO children(self_id, parent_id, from_parent_count, from_parent_calls, from_parent_paths, pct) VALUES(317,313,2544,0,6,0);
INSERT INTO children(self_id, parent_id, from_parent_count, from_parent_calls, from_parent_paths, pct) VALUES(318,307,13064,0,3,0);
INSERT INTO children(self_id, parent_id, from_parent_count, from_parent_calls, from_parent_paths, pct) VALUES(319,318,3344,0,7,0);
INSERT INTO children(self_id, parent_id, from_parent_count, from_parent_calls, from_parent_paths, pct) VALUES(320,318,3344,0,7,0);
INSERT INTO children(self_id, parent_id, from_parent_count, from_parent_calls, from_parent_paths, pct) VALUES(321,318,3344,0,7,0);
INSERT INTO children(self_id, parent_id, from_parent_count, from_parent_calls, from_parent_paths, pct) VALUES(322,318,2544,0,6,0);
INSERT INTO children(self_id, parent_id, from_parent_count, from_parent_calls, from_parent_paths, pct) VALUES(323,307,13064,0,3,0);
INSERT INTO children(self_id, parent_id, from_parent_count, from_parent_calls, from_parent_paths, pct) VALUES(324,323,3344,0,7,0);
INSERT INTO children(self_id, parent_id, from_parent_count, from_parent_calls, from_parent_paths, pct) VALUES(325,323,3344,0,7,0);
INSERT INTO children(self_id, parent_id, from_parent_count, from_parent_calls, from_parent_paths, pct) VALUES(326,323,3344,0,7,0);
INSERT INTO children(self_id, parent_id, from_parent_count, from_parent_calls, from_parent_paths, pct) VALUES(327,323,2544,0,6,0);
INSERT INTO children(self_id, parent_id, from_parent_count, from_parent_calls, from_parent_paths, pct) VALUES(328,307,4944,0,0,0);
INSERT INTO children(self_id, parent_id, from_parent_count, from_parent_calls, from_parent_paths, pct) VALUES(329,328,800,0,2,0);
INSERT INTO children(self_id, parent_id, from_parent_count, from_parent_calls, from_parent_paths, pct) VALUES(330,328,800,0,2,0);
INSERT INTO children(self_id, parent_id, from_parent_count, from_parent_calls, from_parent_paths, pct) VALUES(331,328,800,0,2,0);
INSERT INTO children(self_id, parent_id, from_parent_count, from_parent_calls, from_parent_paths, pct) VALUES(332,328,2544,0,6,0);
INSERT INTO children(self_id, parent_id, from_parent_count, from_parent_calls, from_parent_paths, pct) VALUES(333,307,4944,0,0,0);
INSERT INTO children(self_id, parent_id, from_parent_count, from_parent_calls, from_parent_paths, pct) VALUES(334,333,800,0,2,0);
INSERT INTO children(self_id, parent_id, from_parent_count, from_parent_calls, from_parent_paths, pct) VALUES(335,333,800,0,2,0);
INSERT INTO children(self_id, parent_id, from_parent_count, from_parent_calls, from_parent_paths, pct) VALUES(336,333,800,0,2,0);
INSERT INTO children(self_id, parent_id, from_parent_count, from_parent_calls, from_parent_paths, pct) VALUES(337,333,2544,0,6,0);
INSERT INTO children(self_id, parent_id, from_parent_count, from_parent_calls, from_parent_paths, pct) VALUES(338,307,13064,0,3,0);
INSERT INTO children(self_id, parent_id, from_parent_count, from_parent_calls, from_parent_paths, pct) VALUES(339,338,3344,0,7,0);
INSERT INTO children(self_id, parent_id, from_parent_count, from_parent_calls, from_parent_paths, pct) VALUES(340,338,3344,0,7,0);
INSERT INTO children(self_id, parent_id, from_parent_count, from_parent_calls, from_parent_paths, pct) VALUES(341,338,3344,0,7,0);
INSERT INTO children(self_id, parent_id, from_parent_count, from_parent_calls, from_parent_paths, pct) VALUES(342,338,2544,0,6,0);
INSERT INTO children(self_id, parent_id, from_parent_count, from_parent_calls, from_parent_paths, pct) VALUES(343,307,13064,0,3,0);
INSERT INTO children(self_id, parent_id, from_parent_count, from_parent_calls, from_parent_paths, pct) VALUES(344,343,3344,0,7,0);
INSERT INTO children(self_id, parent_id, from_parent_count, from_parent_calls, from_parent_paths, pct) VALUES(345,343,3344,0,7,0);
INSERT INTO children(self_id, parent_id, from_parent_count, from_parent_calls, from_parent_paths, pct) VALUES(346,343,3344,0,7,0);
INSERT INTO children(self_id, parent_id, from_parent_count, from_parent_calls, from_parent_paths, pct) VALUES(347,343,2544,0,6,0);
INSERT INTO children(self_id, parent_id, from_parent_count, from_parent_calls, from_parent_paths, pct) VALUES(348,307,13080,0,3,0);
INSERT INTO children(self_id, parent_id, from_parent_count, from_parent_calls, from_parent_paths, pct) VALUES(349,348,3344,0,7,0);
INSERT INTO children(self_id, parent_id, from_parent_count, from_parent_calls, from_parent_paths, pct) VALUES(350,348,3344,0,7,0);
INSERT INTO children(self_id, parent_id, from_parent_count, from_parent_calls, from_parent_paths, pct) VALUES(351,348,3344,0,7,0);
INSERT INTO children(self_id, parent_id, from_parent_count, from_parent_calls, from_parent_paths, pct) VALUES(352,348,2544,0,6,0);
INSERT INTO children(self_id, parent_id, from_parent_count, from_parent_calls, from_parent_paths, pct) VALUES(353,307,13064,0,3,0);
INSERT INTO children(self_id, parent_id, from_parent_count, from_parent_calls, from_parent_paths, pct) VALUES(354,353,3344,0,7,0);
INSERT INTO children(self_id, parent_id, from_parent_count, from_parent_calls, from_parent_paths, pct) VALUES(355,353,3344,0,7,0);
INSERT INTO children(self_id, parent_id, from_parent_count, from_parent_calls, from_parent_paths, pct) VALUES(356,353,3344,0,7,0);
INSERT INTO children(self_id, parent_id, from_parent_count, from_parent_calls, from_parent_paths, pct) VALUES(357,353,2544,0,6,0);
INSERT INTO children(self_id, parent_id, from_parent_count, from_parent_calls, from_parent_paths, pct) VALUES(358,307,13064,0,3,0);
INSERT INTO children(self_id, parent_id, from_parent_count, from_parent_calls, from_parent_paths, pct) VALUES(359,358,3344,0,7,0);
INSERT INTO children(self_id, parent_id, from_parent_count, from_parent_calls, from_parent_paths, pct) VALUES(360,358,3344,0,7,0);
INSERT INTO children(self_id, parent_id, from_parent_count, from_parent_calls, from_parent_paths, pct) VALUES(361,358,3344,0,7,0);
INSERT INTO children(self_id, parent_id, from_parent_count, from_parent_calls, from_parent_paths, pct) VALUES(362,358,2544,0,6,0);
INSERT INTO children(self_id, parent_id, from_parent_count, from_parent_calls, from_parent_paths, pct) VALUES(363,307,13064,0,3,0);
INSERT INTO children(self_id, parent_id, from_parent_count, from_parent_calls, from_parent_paths, pct) VALUES(364,363,3344,0,7,0);
INSERT INTO children(self_id, parent_id, from_parent_count, from_parent_calls, from_parent_paths, pct) VALUES(365,363,3344,0,7,0);
INSERT INTO children(self_id, parent_id, from_parent_count, from_parent_calls, from_parent_paths, pct) VALUES(366,363,3344,0,7,0);
INSERT INTO children(self_id, parent_id, from_parent_count, from_parent_calls, from_parent_paths, pct) VALUES(367,363,2544,0,6,0);
INSERT INTO children(self_id, parent_id, from_parent_count, from_parent_calls, from_parent_paths, pct) VALUES(368,307,13064,0,3,0);
INSERT INTO children(self_id, parent_id, from_parent_count, from_parent_calls, from_parent_paths, pct) VALUES(369,368,3344,0,7,0);
INSERT INTO children(self_id, parent_id, from_parent_count, from_parent_calls, from_parent_paths, pct) VALUES(370,368,3344,0,7,0);
INSERT INTO children(self_id, parent_id, from_parent_count, from_parent_calls, from_parent_paths, pct) VALUES(371,368,3344,0,7,0);
INSERT INTO children(self_id, parent_id, from_parent_count, from_parent_calls, from_parent_paths, pct) VALUES(372,368,2544,0,6,0);
INSERT INTO children(self_id, parent_id, from_parent_count, from_parent_calls, from_parent_paths, pct) VALUES(373,307,13064,0,3,0);
INSERT INTO children(self_id, parent_id, from_parent_count, from_parent_calls, from_parent_paths, pct) VALUES(374,373,3344,0,7,0);
INSERT INTO children(self_id, parent_id, from_parent_count, from_parent_calls, from_parent_paths, pct) VALUES(375,373,3344,0,7,0);
INSERT INTO children(self_id, parent_id, from_parent_count, from_parent_calls, from_parent_paths, pct) VALUES(376,373,3344,0,7,0);
INSERT INTO children(self_id, parent_id, from_parent_count, from_parent_calls, from_parent_paths, pct) VALUES(377,373,2544,0,6,0);
INSERT INTO children(self_id, parent_id, from_parent_count, from_parent_calls, from_parent_paths, pct) VALUES(378,229,166880,66,1,0);
INSERT INTO children(self_id, parent_id, from_parent_count, from_parent_calls, from_parent_paths, pct) VALUES(379,378,13064,0,3,0);
INSERT INTO children(self_id, parent_id, from_parent_count, from_parent_calls, from_parent_paths, pct) VALUES(380,379,3344,0,7,0);
INSERT INTO children(self_id, parent_id, from_parent_count, from_parent_calls, from_parent_paths, pct) VALUES(381,379,3344,0,7,0);
INSERT INTO children(self_id, parent_id, from_parent_count, from_parent_calls, from_parent_paths, pct) VALUES(382,379,3344,0,7,0);
INSERT INTO children(self_id, parent_id, from_parent_count, from_parent_calls, from_parent_paths, pct) VALUES(383,379,2544,0,6,0);
INSERT INTO children(self_id, parent_id, from_parent_count, from_parent_calls, from_parent_paths, pct) VALUES(384,378,13080,15,3,0);
INSERT INTO children(self_id, parent_id, from_parent_count, from_parent_calls, from_parent_paths, pct) VALUES(385,384,3344,0,7,0);
INSERT INTO children(self_id, parent_id, from_parent_count, from_parent_calls, from_parent_paths, pct) VALUES(386,384,3344,15,7,0);
INSERT INTO children(self_id, parent_id, from_parent_count, from_parent_calls, from_parent_paths, pct) VALUES(387,384,3344,0,7,0);
INSERT INTO children(self_id, parent_id, from_parent_count, from_parent_calls, from_parent_paths, pct) VALUES(388,384,2544,0,6,0);
INSERT INTO children(self_id, parent_id, from_parent_count, from_parent_calls, from_parent_paths, pct) VALUES(389,378,13064,2,3,0);
INSERT INTO children(self_id, parent_id, from_parent_count, from_parent_calls, from_parent_paths, pct) VALUES(390,389,3344,2,7,0);
INSERT INTO children(self_id, parent_id, from_parent_count, from_parent_calls, from_parent_paths, pct) VALUES(391,389,3344,0,7,0);
INSERT INTO children(self_id, parent_id, from_parent_count, from_parent_calls, from_parent_paths, pct) VALUES(392,389,3344,0,7,0);
INSERT INTO children(self_id, parent_id, from_parent_count, from_parent_calls, from_parent_paths, pct) VALUES(393,389,2544,0,6,0);
INSERT INTO children(self_id, parent_id, from_parent_count, from_parent_calls, from_parent_paths, pct) VALUES(394,378,13064,0,3,0);
INSERT INTO children(self_id, parent_id, from_parent_count, from_parent_calls, from_parent_paths, pct) VALUES(395,394,3344,0,7,0);
INSERT INTO children(self_id, parent_id, from_parent_count, from_parent_calls, from_parent_paths, pct) VALUES(396,394,3344,0,7,0);
INSERT INTO children(self_id, parent_id, from_parent_count, from_parent_calls, from_parent_paths, pct) VALUES(397,394,3344,0,7,0);
INSERT INTO children(self_id, parent_id, from_parent_count, from_parent_calls, from_parent_paths, pct) VALUES(398,394,2544,0,6,0);
INSERT INTO children(self_id, parent_id, from_parent_count, from_parent_calls, from_parent_paths, pct) VALUES(399,378,4944,0,0,0);
INSERT INTO children(self_id, parent_id, from_parent_count, from_parent_calls, from_parent_paths, pct) VALUES(400,399,800,0,2,0);
INSERT INTO children(self_id, parent_id, from_parent_count, from_parent_calls, from_parent_paths, pct) VALUES(401,399,800,0,2,0);
INSERT INTO children(self_id, parent_id, from_parent_count, from_parent_calls, from_parent_paths, pct) VALUES(402,399,800,0,2,0);
INSERT INTO children(self_id, parent_id, from_parent_count, from_parent_calls, from_parent_paths, pct) VALUES(403,399,2544,0,6,0);
INSERT INTO children(self_id, parent_id, from_parent_count, from_parent_calls, from_parent_paths, pct) VALUES(404,378,4944,0,0,0);
INSERT INTO children(self_id, parent_id, from_parent_count, from_parent_calls, from_parent_paths, pct) VALUES(405,404,800,0,2,0);
INSERT INTO children(self_id, parent_id, from_parent_count, from_parent_calls, from_parent_paths, pct) VALUES(406,404,800,0,2,0);
INSERT INTO children(self_id, parent_id, from_parent_count, from_parent_calls, from_parent_paths, pct) VALUES(407,404,800,0,2,0);
INSERT INTO children(self_id, parent_id, from_parent_count, from_parent_calls, from_parent_paths, pct) VALUES(408,404,2544,0,6,0);
INSERT INTO children(self_id, parent_id, from_parent_count, from_parent_calls, from_parent_paths, pct) VALUES(409,378,13064,0,3,0);
INSERT INTO children(self_id, parent_id, from_parent_count, from_parent_calls, from_parent_paths, pct) VALUES(410,409,3344,0,7,0);
INSERT INTO children(self_id, parent_id, from_parent_count, from_parent_calls, from_parent_paths, pct) VALUES(411,409,3344,0,7,0);
INSERT INTO children(self_id, parent_id, from_parent_count, from_parent_calls, from_parent_paths, pct) VALUES(412,409,3344,0,7,0);
INSERT INTO children(self_id, parent_id, from_parent_count, from_parent_calls, from_parent_paths, pct) VALUES(413,409,2544,0,6,0);
INSERT INTO children(self_id, parent_id, from_parent_count, from_parent_calls, from_parent_paths, pct) VALUES(414,378,13064,2,3,0);
INSERT INTO children(self_id, parent_id, from_parent_count, from_parent_calls, from_parent_paths, pct) VALUES(415,414,3344,0,7,0);
INSERT INTO children(self_id, parent_id, from_parent_count, from_parent_calls, from_parent_paths, pct) VALUES(416,414,3344,0,7,0);
INSERT INTO children(self_id, parent_id, from_parent_count, from_parent_calls, from_parent_paths, pct) VALUES(417,414,3344,0,7,0);
INSERT INTO children(self_id, parent_id, from_parent_count, from_parent_calls, from_parent_paths, pct) VALUES(418,414,2544,2,6,0);
INSERT INTO children(self_id, parent_id, from_parent_count, from_parent_calls, from_parent_paths, pct) VALUES(419,378,13080,0,3,0);
INSERT INTO children(self_id, parent_id, from_parent_count, from_parent_calls, from_parent_paths, pct) VALUES(420,419,3344,0,7,0);
INSERT INTO children(self_id, parent_id, from_parent_count, from_parent_calls, from_parent_paths, pct) VALUES(421,419,3344,0,7,0);
INSERT INTO children(self_id, parent_id, from_parent_count, from_parent_calls, from_parent_paths, pct) VALUES(422,419,3344,0,7,0);
INSERT INTO children(self_id, parent_id, from_parent_count, from_parent_calls, from_parent_paths, pct) VALUES(423,419,2544,0,6,0);
INSERT INTO children(self_id, parent_id, from_parent_count, from_parent_calls, from_parent_paths, pct) VALUES(424,378,13064,0,3,0);
INSERT INTO children(self_id, parent_id, from_parent_count, from_parent_calls, from_parent_paths, pct) VALUES(425,424,3344,0,7,0);
INSERT INTO children(self_id, parent_id, from_parent_count, from_parent_calls, from_parent_paths, pct) VALUES(426,424,3344,0,7,0);
INSERT INTO children(self_id, parent_id, from_parent_count, from_parent_calls, from_parent_paths, pct) VALUES(427,424,3344,0,7,0);
INSERT INTO children(self_id, parent_id, from_parent_count, from_parent_calls, from_parent_paths, pct) VALUES(428,424,2544,0,6,0);
INSERT INTO children(self_id, parent_id, from_parent_count, from_parent_calls, from_parent_paths, pct) VALUES(429,378,13064,0,3,0);
INSERT INTO children(self_id, parent_id, from_parent_count, from_parent_calls, from_parent_paths, pct) VALUES(430,429,3344,0,7,0);
INSERT INTO children(self_id, parent_id, from_parent_count, from_parent_calls, from_parent_paths, pct) VALUES(431,429,3344,0,7,0);
INSERT INTO children(self_id, parent_id, from_parent_count, from_parent_calls, from_parent_paths, pct) VALUES(432,429,3344,0,7,0);
INSERT INTO children(self_id, parent_id, from_parent_count, from_parent_calls, from_parent_paths, pct) VALUES(433,429,2544,0,6,0);
INSERT INTO children(self_id, parent_id, from_parent_count, from_parent_calls, from_parent_paths, pct) VALUES(434,378,13064,0,3,0);
INSERT INTO children(self_id, parent_id, from_parent_count, from_parent_calls, from_parent_paths, pct) VALUES(435,434,3344,0,7,0);
INSERT INTO children(self_id, parent_id, from_parent_count, from_parent_calls, from_parent_paths, pct) VALUES(436,434,3344,0,7,0);
INSERT INTO children(self_id, parent_id, from_parent_count, from_parent_calls, from_parent_paths, pct) VALUES(437,434,3344,0,7,0);
INSERT INTO children(self_id, parent_id, from_parent_count, from_parent_calls, from_parent_paths, pct) VALUES(438,434,2544,0,6,0);
INSERT INTO children(self_id, parent_id, from_parent_count, from_parent_calls, from_parent_paths, pct) VALUES(439,378,13064,0,3,0);
INSERT INTO children(self_id, parent_id, from_parent_count, from_parent_calls, from_parent_paths, pct) VALUES(440,439,3344,0,7,0);
INSERT INTO children(self_id, parent_id, from_parent_count, from_parent_calls, from_parent_paths, pct) VALUES(441,439,3344,0,7,0);
INSERT INTO children(self_id, parent_id, from_parent_count, from_parent_calls, from_parent_paths, pct) VALUES(442,439,3344,0,7,0);
INSERT INTO children(self_id, parent_id, from_parent_count, from_parent_calls, from_parent_paths, pct) VALUES(443,439,2544,0,6,0);
INSERT INTO children(self_id, parent_id, from_parent_count, from_parent_calls, from_parent_paths, pct) VALUES(444,378,13064,15,3,0);
INSERT INTO children(self_id, parent_id, from_parent_count, from_parent_calls, from_parent_paths, pct) VALUES(445,444,3344,13,7,0);
INSERT INTO children(self_id, parent_id, from_parent_count, from_parent_calls, from_parent_paths, pct) VALUES(446,444,3344,2,7,0);
INSERT INTO children(self_id, parent_id, from_parent_count, from_parent_calls, from_parent_paths, pct) VALUES(447,444,3344,0,7,0);
INSERT INTO children(self_id, parent_id, from_parent_count, from_parent_calls, from_parent_paths, pct) VALUES(448,444,2544,0,6,0);
INSERT INTO children(self_id, parent_id, from_parent_count, from_parent_calls, from_parent_paths, pct) VALUES(449,229,166880,37,1,0);
INSERT INTO children(self_id, parent_id, from_parent_count, from_parent_calls, from_parent_paths, pct) VALUES(450,449,13064,0,3,0);
INSERT INTO children(self_id, parent_id, from_parent_count, from_parent_calls, from_parent_paths, pct) VALUES(451,450,3344,0,7,0);
INSERT INTO children(self_id, parent_id, from_parent_count, from_parent_calls, from_parent_paths, pct) VALUES(452,450,3344,0,7,0);
INSERT INTO children(self_id, parent_id, from_parent_count, from_parent_calls, from_parent_paths, pct) VALUES(453,450,3344,0,7,0);
INSERT INTO children(self_id, parent_id, from_parent_count, from_parent_calls, from_parent_paths, pct) VALUES(454,450,2544,0,6,0);
INSERT INTO children(self_id, parent_id, from_parent_count, from_parent_calls, from_parent_paths, pct) VALUES(455,449,13080,0,3,0);
INSERT INTO children(self_id, parent_id, from_parent_count, from_parent_calls, from_parent_paths, pct) VALUES(456,455,3344,0,7,0);
INSERT INTO children(self_id, parent_id, from_parent_count, from_parent_calls, from_parent_paths, pct) VALUES(457,455,3344,0,7,0);
INSERT INTO children(self_id, parent_id, from_parent_count, from_parent_calls, from_parent_paths, pct) VALUES(458,455,3344,0,7,0);
INSERT INTO children(self_id, parent_id, from_parent_count, from_parent_calls, from_parent_paths, pct) VALUES(459,455,2544,0,6,0);
INSERT INTO children(self_id, parent_id, from_parent_count, from_parent_calls, from_parent_paths, pct) VALUES(460,449,13064,0,3,0);
INSERT INTO children(self_id, parent_id, from_parent_count, from_parent_calls, from_parent_paths, pct) VALUES(461,460,3344,0,7,0);
INSERT INTO children(self_id, parent_id, from_parent_count, from_parent_calls, from_parent_paths, pct) VALUES(462,460,3344,0,7,0);
INSERT INTO children(self_id, parent_id, from_parent_count, from_parent_calls, from_parent_paths, pct) VALUES(463,460,3344,0,7,0);
INSERT INTO children(self_id, parent_id, from_parent_count, from_parent_calls, from_parent_paths, pct) VALUES(464,460,2544,0,6,0);
INSERT INTO children(self_id, parent_id, from_parent_count, from_parent_calls, from_parent_paths, pct) VALUES(465,449,13064,0,3,0);
INSERT INTO children(self_id, parent_id, from_parent_count, from_parent_calls, from_parent_paths, pct) VALUES(466,465,3344,0,7,0);
INSERT INTO children(self_id, parent_id, from_parent_count, from_parent_calls, from_parent_paths, pct) VALUES(467,465,3344,0,7,0);
INSERT INTO children(self_id, parent_id, from_parent_count, from_parent_calls, from_parent_paths, pct) VALUES(468,465,3344,0,7,0);
INSERT INTO children(self_id, parent_id, from_parent_count, from_parent_calls, from_parent_paths, pct) VALUES(469,465,2544,0,6,0);
INSERT INTO children(self_id, parent_id, from_parent_count, from_parent_calls, from_parent_paths, pct) VALUES(470,449,4944,0,0,0);
INSERT INTO children(self_id, parent_id, from_parent_count, from_parent_calls, from_parent_paths, pct) VALUES(471,470,800,0,2,0);
INSERT INTO children(self_id, parent_id, from_parent_count, from_parent_calls, from_parent_paths, pct) VALUES(472,470,800,0,2,0);
INSERT INTO children(self_id, parent_id, from_parent_count, from_parent_calls, from_parent_paths, pct) VALUES(473,470,800,0,2,0);
INSERT INTO children(self_id, parent_id, from_parent_count, from_parent_calls, from_parent_paths, pct) VALUES(474,470,2544,0,6,0);
INSERT INTO children(self_id, parent_id, from_parent_count, from_parent_calls, from_parent_paths, pct) VALUES(475,449,4944,0,0,0);
INSERT INTO children(self_id, parent_id, from_parent_count, from_parent_calls, from_parent_paths, pct) VALUES(476,475,800,0,2,0);
INSERT INTO children(self_id, parent_id, from_parent_count, from_parent_calls, from_parent_paths, pct) VALUES(477,475,800,0,2,0);
INSERT INTO children(self_id, parent_id, from_parent_count, from_parent_calls, from_parent_paths, pct) VALUES(478,475,800,0,2,0);
INSERT INTO children(self_id, parent_id, from_parent_count, from_parent_calls, from_parent_paths, pct) VALUES(479,475,2544,0,6,0);
INSERT INTO children(self_id, parent_id, from_parent_count, from_parent_calls, from_parent_paths, pct) VALUES(480,449,13064,4,3,0);
INSERT INTO children(self_id, parent_id, from_parent_count, from_parent_calls, from_parent_paths, pct) VALUES(481,480,3344,2,7,0);
INSERT INTO children(self_id, parent_id, from_parent_count, from_parent_calls, from_parent_paths, pct) VALUES(482,480,3344,2,7,0);
INSERT INTO children(self_id, parent_id, from_parent_count, from_parent_calls, from_parent_paths, pct) VALUES(483,480,3344,0,7,0);
INSERT INTO children(self_id, parent_id, from_parent_count, from_parent_calls, from_parent_paths, pct) VALUES(484,480,2544,0,6,0);
INSERT INTO children(self_id, parent_id, from_parent_count, from_parent_calls, from_parent_paths, pct) VALUES(485,449,13064,0,3,0);
INSERT INTO children(self_id, parent_id, from_parent_count, from_parent_calls, from_parent_paths, pct) VALUES(486,485,3344,0,7,0);
INSERT INTO children(self_id, parent_id, from_parent_count, from_parent_calls, from_parent_paths, pct) VALUES(487,485,3344,0,7,0);
INSERT INTO children(self_id, parent_id, from_parent_count, from_parent_calls, from_parent_paths, pct) VALUES(488,485,3344,0,7,0);
INSERT INTO children(self_id, parent_id, from_parent_count, from_parent_calls, from_parent_paths, pct) VALUES(489,485,2544,0,6,0);
INSERT INTO children(self_id, parent_id, from_parent_count, from_parent_calls, from_parent_paths, pct) VALUES(490,449,13080,0,3,0);
INSERT INTO children(self_id, parent_id, from_parent_count, from_parent_calls, from_parent_paths, pct) VALUES(491,490,3344,0,7,0);
INSERT INTO children(self_id, parent_id, from_parent_count, from_parent_calls, from_parent_paths, pct) VALUES(492,490,3344,0,7,0);
INSERT INTO children(self_id, parent_id, from_parent_count, from_parent_calls, from_parent_paths, pct) VALUES(493,490,3344,0,7,0);
INSERT INTO children(self_id, parent_id, from_parent_count, from_parent_calls, from_parent_paths, pct) VALUES(494,490,2544,0,6,0);
INSERT INTO children(self_id, parent_id, from_parent_count, from_parent_calls, from_parent_paths, pct) VALUES(495,449,13064,0,3,0);
INSERT INTO children(self_id, parent_id, from_parent_count, from_parent_calls, from_parent_paths, pct) VALUES(496,495,3344,0,7,0);
INSERT INTO children(self_id, parent_id, from_parent_count, from_parent_calls, from_parent_paths, pct) VALUES(497,495,3344,0,7,0);
INSERT INTO children(self_id, parent_id, from_parent_count, from_parent_calls, from_parent_paths, pct) VALUES(498,495,3344,0,7,0);
INSERT INTO children(self_id, parent_id, from_parent_count, from_parent_calls, from_parent_paths, pct) VALUES(499,495,2544,0,6,0);
INSERT INTO children(self_id, parent_id, from_parent_count, from_parent_calls, from_parent_paths, pct) VALUES(500,449,13064,0,3,0);
INSERT INTO children(self_id, parent_id, from_parent_count, from_parent_calls, from_parent_paths, pct) VALUES(501,500,3344,0,7,0);
INSERT INTO children(self_id, parent_id, from_parent_count, from_parent_calls, from_parent_paths, pct) VALUES(502,500,3344,0,7,0);
INSERT INTO children(self_id, parent_id, from_parent_count, from_parent_calls, from_parent_paths, pct) VALUES(503,500,3344,0,7,0);
INSERT INTO children(self_id, parent_id, from_parent_count, from_parent_calls, from_parent_paths, pct) VALUES(504,500,2544,0,6,0);
INSERT INTO children(self_id, parent_id, from_parent_count, from_parent_calls, from_parent_paths, pct) VALUES(505,449,13064,0,3,0);
INSERT INTO children(self_id, parent_id, from_parent_count, from_parent_calls, from_parent_paths, pct) VALUES(506,505,3344,0,7,0);
INSERT INTO children(self_id, parent_id, from_parent_count, from_parent_calls, from_parent_paths, pct) VALUES(507,505,3344,0,7,0);
INSERT INTO children(self_id, parent_id, from_parent_count, from_parent_calls, from_parent_paths, pct) VALUES(508,505,3344,0,7,0);
INSERT INTO children(self_id, parent_id, from_parent_count, from_parent_calls, from_parent_paths, pct) VALUES(509,505,2544,0,6,0);
INSERT INTO children(self_id, parent_id, from_parent_count, from_parent_calls, from_parent_paths, pct) VALUES(510,449,13064,0,3,0);
INSERT INTO children(self_id, parent_id, from_parent_count, from_parent_calls, from_parent_paths, pct) VALUES(511,510,3344,0,7,0);
INSERT INTO children(self_id, parent_id, from_parent_count, from_parent_calls, from_parent_paths, pct) VALUES(512,510,3344,0,7,0);
INSERT INTO children(self_id, parent_id, from_parent_count, from_parent_calls, from_parent_paths, pct) VALUES(513,510,3344,0,7,0);
INSERT INTO children(self_id, parent_id, from_parent_count, from_parent_calls, from_parent_paths, pct) VALUES(514,510,2544,0,6,0);
INSERT INTO children(self_id, parent_id, from_parent_count, from_parent_calls, from_parent_paths, pct) VALUES(515,449,13064,0,3,0);
INSERT INTO children(self_id, parent_id, from_parent_count, from_parent_calls, from_parent_paths, pct) VALUES(516,515,3344,0,7,0);
INSERT INTO children(self_id, parent_id, from_parent_count, from_parent_calls, from_parent_paths, pct) VALUES(517,515,3344,0,7,0);
INSERT INTO children(self_id, parent_id, from_parent_count, from_parent_calls, from_parent_paths, pct) VALUES(518,515,3344,0,7,0);
INSERT INTO children(self_id, parent_id, from_parent_count, from_parent_calls, from_parent_paths, pct) VALUES(519,515,2544,0,6,0);
INSERT INTO children(self_id, parent_id, from_parent_count, from_parent_calls, from_parent_paths, pct) VALUES(520,229,166880,85,1,0);
INSERT INTO children(self_id, parent_id, from_parent_count, from_parent_calls, from_parent_paths, pct) VALUES(521,520,13064,28,3,0);
INSERT INTO children(self_id, parent_id, from_parent_count, from_parent_calls, from_parent_paths, pct) VALUES(522,521,3344,0,7,0);
INSERT INTO children(self_id, parent_id, from_parent_count, from_parent_calls, from_parent_paths, pct) VALUES(523,521,3344,12,7,0);
INSERT INTO children(self_id, parent_id, from_parent_count, from_parent_calls, from_parent_paths, pct) VALUES(524,521,3344,14,7,0);
INSERT INTO children(self_id, parent_id, from_parent_count, from_parent_calls, from_parent_paths, pct) VALUES(525,521,2544,2,6,0);
INSERT INTO children(self_id, parent_id, from_parent_count, from_parent_calls, from_parent_paths, pct) VALUES(526,520,13080,0,3,0);
INSERT INTO children(self_id, parent_id, from_parent_count, from_parent_calls, from_parent_paths, pct) VALUES(527,526,3344,0,7,0);
INSERT INTO children(self_id, parent_id, from_parent_count, from_parent_calls, from_parent_paths, pct) VALUES(528,526,3344,0,7,0);
INSERT INTO children(self_id, parent_id, from_parent_count, from_parent_calls, from_parent_paths, pct) VALUES(529,526,3344,0,7,0);
INSERT INTO children(self_id, parent_id, from_parent_count, from_parent_calls, from_parent_paths, pct) VALUES(530,526,2544,0,6,0);
INSERT INTO children(self_id, parent_id, from_parent_count, from_parent_calls, from_parent_paths, pct) VALUES(531,520,13064,12,3,0);
INSERT INTO children(self_id, parent_id, from_parent_count, from_parent_calls, from_parent_paths, pct) VALUES(532,531,3344,12,7,0);
INSERT INTO children(self_id, parent_id, from_parent_count, from_parent_calls, from_parent_paths, pct) VALUES(533,531,3344,0,7,0);
INSERT INTO children(self_id, parent_id, from_parent_count, from_parent_calls, from_parent_paths, pct) VALUES(534,531,3344,0,7,0);
INSERT INTO children(self_id, parent_id, from_parent_count, from_parent_calls, from_parent_paths, pct) VALUES(535,531,2544,0,6,0);
INSERT INTO children(self_id, parent_id, from_parent_count, from_parent_calls, from_parent_paths, pct) VALUES(536,520,13064,0,3,0);
INSERT INTO children(self_id, parent_id, from_parent_count, from_parent_calls, from_parent_paths, pct) VALUES(537,536,3344,0,7,0);
INSERT INTO children(self_id, parent_id, from_parent_count, from_parent_calls, from_parent_paths, pct) VALUES(538,536,3344,0,7,0);
INSERT INTO children(self_id, parent_id, from_parent_count, from_parent_calls, from_parent_paths, pct) VALUES(539,536,3344,0,7,0);
INSERT INTO children(self_id, parent_id, from_parent_count, from_parent_calls, from_parent_paths, pct) VALUES(540,536,2544,0,6,0);
INSERT INTO children(self_id, parent_id, from_parent_count, from_parent_calls, from_parent_paths, pct) VALUES(541,520,4944,0,0,0);
INSERT INTO children(self_id, parent_id, from_parent_count, from_parent_calls, from_parent_paths, pct) VALUES(542,541,800,0,2,0);
INSERT INTO children(self_id, parent_id, from_parent_count, from_parent_calls, from_parent_paths, pct) VALUES(543,541,800,0,2,0);
INSERT INTO children(self_id, parent_id, from_parent_count, from_parent_calls, from_parent_paths, pct) VALUES(544,541,800,0,2,0);
INSERT INTO children(self_id, parent_id, from_parent_count, from_parent_calls, from_parent_paths, pct) VALUES(545,541,2544,0,6,0);
INSERT INTO children(self_id, parent_id, from_parent_count, from_parent_calls, from_parent_paths, pct) VALUES(546,520,4944,0,0,0);
INSERT INTO children(self_id, parent_id, from_parent_count, from_parent_calls, from_parent_paths, pct) VALUES(547,546,800,0,2,0);
INSERT INTO children(self_id, parent_id, from_parent_count, from_parent_calls, from_parent_paths, pct) VALUES(548,546,800,0,2,0);
INSERT INTO children(self_id, parent_id, from_parent_count, from_parent_calls, from_parent_paths, pct) VALUES(549,546,800,0,2,0);
INSERT INTO children(self_id, parent_id, from_parent_count, from_parent_calls, from_parent_paths, pct) VALUES(550,546,2544,0,6,0);
INSERT INTO children(self_id, parent_id, from_parent_count, from_parent_calls, from_parent_paths, pct) VALUES(551,520,13064,0,3,0);
INSERT INTO children(self_id, parent_id, from_parent_count, from_parent_calls, from_parent_paths, pct) VALUES(552,551,3344,0,7,0);
INSERT INTO children(self_id, parent_id, from_parent_count, from_parent_calls, from_parent_paths, pct) VALUES(553,551,3344,0,7,0);
INSERT INTO children(self_id, parent_id, from_parent_count, from_parent_calls, from_parent_paths, pct) VALUES(554,551,3344,0,7,0);
INSERT INTO children(self_id, parent_id, from_parent_count, from_parent_calls, from_parent_paths, pct) VALUES(555,551,2544,0,6,0);
INSERT INTO children(self_id, parent_id, from_parent_count, from_parent_calls, from_parent_paths, pct) VALUES(556,520,13064,1,3,0);
INSERT INTO children(self_id, parent_id, from_parent_count, from_parent_calls, from_parent_paths, pct) VALUES(557,556,3344,0,7,0);
INSERT INTO children(self_id, parent_id, from_parent_count, from_parent_calls, from_parent_paths, pct) VALUES(558,556,3344,0,7,0);
INSERT INTO children(self_id, parent_id, from_parent_count, from_parent_calls, from_parent_paths, pct) VALUES(559,556,3344,0,7,0);
INSERT INTO children(self_id, parent_id, from_parent_count, from_parent_calls, from_parent_paths, pct) VALUES(560,556,2544,1,6,0);
INSERT INTO children(self_id, parent_id, from_parent_count, from_parent_calls, from_parent_paths, pct) VALUES(561,520,13080,10,3,0);
INSERT INTO children(self_id, parent_id, from_parent_count, from_parent_calls, from_parent_paths, pct) VALUES(562,561,3344,10,7,0);
INSERT INTO children(self_id, parent_id, from_parent_count, from_parent_calls, from_parent_paths, pct) VALUES(563,561,3344,0,7,0);
INSERT INTO children(self_id, parent_id, from_parent_count, from_parent_calls, from_parent_paths, pct) VALUES(564,561,3344,0,7,0);
INSERT INTO children(self_id, parent_id, from_parent_count, from_parent_calls, from_parent_paths, pct) VALUES(565,561,2544,0,6,0);
INSERT INTO children(self_id, parent_id, from_parent_count, from_parent_calls, from_parent_paths, pct) VALUES(566,520,13064,0,3,0);
INSERT INTO children(self_id, parent_id, from_parent_count, from_parent_calls, from_parent_paths, pct) VALUES(567,566,3344,0,7,0);
INSERT INTO children(self_id, parent_id, from_parent_count, from_parent_calls, from_parent_paths, pct) VALUES(568,566,3344,0,7,0);
INSERT INTO children(self_id, parent_id, from_parent_count, from_parent_calls, from_parent_paths, pct) VALUES(569,566,3344,0,7,0);
INSERT INTO children(self_id, parent_id, from_parent_count, from_parent_calls, from_parent_paths, pct) VALUES(570,566,2544,0,6,0);
INSERT INTO children(self_id, parent_id, from_parent_count, from_parent_calls, from_parent_paths, pct) VALUES(571,520,13064,0,3,0);
INSERT INTO children(self_id, parent_id, from_parent_count, from_parent_calls, from_parent_paths, pct) VALUES(572,571,3344,0,7,0);
INSERT INTO children(self_id, parent_id, from_parent_count, from_parent_calls, from_parent_paths, pct) VALUES(573,571,3344,0,7,0);
INSERT INTO children(self_id, parent_id, from_parent_count, from_parent_calls, from_parent_paths, pct) VALUES(574,571,3344,0,7,0);
INSERT INTO children(self_id, parent_id, from_parent_count, from_parent_calls, from_parent_paths, pct) VALUES(575,571,2544,0,6,0);
INSERT INTO children(self_id, parent_id, from_parent_count, from_parent_calls, from_parent_paths, pct) VALUES(576,520,13064,2,3,0);
INSERT INTO children(self_id, parent_id, from_parent_count, from_parent_calls, from_parent_paths, pct) VALUES(577,576,3344,0,7,0);
INSERT INTO children(self_id, parent_id, from_parent_count, from_parent_calls, from_parent_paths, pct) VALUES(578,576,3344,0,7,0);
INSERT INTO children(self_id, parent_id, from_parent_count, from_parent_calls, from_parent_paths, pct) VALUES(579,576,3344,0,7,0);
INSERT INTO children(self_id, parent_id, from_parent_count, from_parent_calls, from_parent_paths, pct) VALUES(580,576,2544,2,6,0);
INSERT INTO children(self_id, parent_id, from_parent_count, from_parent_calls, from_parent_paths, pct) VALUES(581,520,13064,0,3,0);
INSERT INTO children(self_id, parent_id, from_parent_count, from_parent_calls, from_parent_paths, pct) VALUES(582,581,3344,0,7,0);
INSERT INTO children(self_id, parent_id, from_parent_count, from_parent_calls, from_parent_paths, pct) VALUES(583,581,3344,0,7,0);
INSERT INTO children(self_id, parent_id, from_parent_count, from_parent_calls, from_parent_paths, pct) VALUES(584,581,3344,0,7,0);
INSERT INTO children(self_id, parent_id, from_parent_count, from_parent_calls, from_parent_paths, pct) VALUES(585,581,2544,0,6,0);
INSERT INTO children(self_id, parent_id, from_parent_count, from_parent_calls, from_parent_paths, pct) VALUES(586,520,13064,0,3,0);
INSERT INTO children(self_id, parent_id, from_parent_count, from_parent_calls, from_parent_paths, pct) VALUES(587,586,3344,0,7,0);
INSERT INTO children(self_id, parent_id, from_parent_count, from_parent_calls, from_parent_paths, pct) VALUES(588,586,3344,0,7,0);
INSERT INTO children(self_id, parent_id, from_parent_count, from_parent_calls, from_parent_paths, pct) VALUES(589,586,3344,0,7,0);
INSERT INTO children(self_id, parent_id, from_parent_count, from_parent_calls, from_parent_paths, pct) VALUES(590,586,2544,0,6,0);
INSERT INTO children(self_id, parent_id, from_parent_count, from_parent_calls, from_parent_paths, pct) VALUES(591,96,7248,821,2,0);
INSERT INTO children(self_id, parent_id, from_parent_count, from_parent_calls, from_parent_paths, pct) VALUES(592,591,2880,483,15,0);
INSERT INTO children(self_id, parent_id, from_parent_count, from_parent_calls, from_parent_paths, pct) VALUES(593,591,792,68,4,0);
INSERT INTO children(self_id, parent_id, from_parent_count, from_parent_calls, from_parent_paths, pct) VALUES(594,591,792,64,4,0);
INSERT INTO children(self_id, parent_id, from_parent_count, from_parent_calls, from_parent_paths, pct) VALUES(595,591,792,68,4,0);
INSERT INTO children(self_id, parent_id, from_parent_count, from_parent_calls, from_parent_paths, pct) VALUES(596,591,792,64,4,0);
INSERT INTO children(self_id, parent_id, from_parent_count, from_parent_calls, from_parent_paths, pct) VALUES(597,591,792,70,4,0);
INSERT INTO children(self_id, parent_id, from_parent_count, from_parent_calls, from_parent_paths, pct) VALUES(598,96,7248,815,2,0);
INSERT INTO children(self_id, parent_id, from_parent_count, from_parent_calls, from_parent_paths, pct) VALUES(599,598,2880,481,15,0);
INSERT INTO children(self_id, parent_id, from_parent_count, from_parent_calls, from_parent_paths, pct) VALUES(600,598,792,68,4,0);
INSERT INTO children(self_id, parent_id, from_parent_count, from_parent_calls, from_parent_paths, pct) VALUES(601,598,792,64,4,0);
INSERT INTO children(self_id, parent_id, from_parent_count, from_parent_calls, from_parent_paths, pct) VALUES(602,598,792,68,4,0);
INSERT INTO children(self_id, parent_id, from_parent_count, from_parent_calls, from_parent_paths, pct) VALUES(603,598,792,64,4,0);
INSERT INTO children(self_id, parent_id, from_parent_count, from_parent_calls, from_parent_paths, pct) VALUES(604,598,792,66,4,0);
INSERT INTO children(self_id, parent_id, from_parent_count, from_parent_calls, from_parent_paths, pct) VALUES(605,96,7064,999,12,0);
INSERT INTO children(self_id, parent_id, from_parent_count, from_parent_calls, from_parent_paths, pct) VALUES(606,605,1120,190,5,0);
INSERT INTO children(self_id, parent_id, from_parent_count, from_parent_calls, from_parent_paths, pct) VALUES(607,605,3360,572,15,0);
INSERT INTO children(self_id, parent_id, from_parent_count, from_parent_calls, from_parent_paths, pct) VALUES(608,96,1200,147,4,0);
INSERT INTO children(self_id, parent_id, from_parent_count, from_parent_calls, from_parent_paths, pct) VALUES(609,608,0,0,0,0);
INSERT INTO children(self_id, parent_id, from_parent_count, from_parent_calls, from_parent_paths, pct) VALUES(610,608,0,0,0,0);
INSERT INTO children(self_id, parent_id, from_parent_count, from_parent_calls, from_parent_paths, pct) VALUES(611,608,0,0,0,0);
INSERT INTO children(self_id, parent_id, from_parent_count, from_parent_calls, from_parent_paths, pct) VALUES(612,608,80,13,11,0);
INSERT INTO children(self_id, parent_id, from_parent_count, from_parent_calls, from_parent_paths, pct) VALUES(613,608,0,0,0,0);
INSERT INTO children(self_id, parent_id, from_parent_count, from_parent_calls, from_parent_paths, pct) VALUES(614,96,120,5,3,0);
INSERT INTO mainrows(id, symbol_id, self_count, cumulative_count, kids, self_calls, total_calls, self_paths, total_paths, pct) VALUES(615, 615, 36264, 36264, 3, 497, 5016, 43, 43, 0.0);
INSERT INTO mainrows(id, symbol_id, self_count, cumulative_count, kids, self_calls, total_calls, self_paths, total_paths, pct) VALUES(616, 616, 5800, 5800, 0, 298, 1000, 20, 20, 0.0);
INSERT INTO mainrows(id, symbol_id, self_count, cumulative_count, kids, self_calls, total_calls, self_paths, total_paths, pct) VALUES(617, 617, 864, 864, 4, 180, 216, 4, 4, 0.0);
INSERT INTO mainrows(id, symbol_id, self_count, cumulative_count, kids, self_calls, total_calls, self_paths, total_paths, pct) VALUES(618, 618, 0, 0, 0, 0, 0, 0, 0, 0.0);
INSERT INTO mainrows(id, symbol_id, self_count, cumulative_count, kids, self_calls, total_calls, self_paths, total_paths, pct) VALUES(619, 619, 0, 0, 0, 0, 0, 0, 0, 0.0);
INSERT INTO mainrows(id, symbol_id, self_count, cumulative_count, kids, self_calls, total_calls, self_paths, total_paths, pct) VALUES(620, 620, 0, 0, 0, 0, 0, 0, 0, 0.0);
INSERT INTO mainrows(id, symbol_id, self_count, cumulative_count, kids, self_calls, total_calls, self_paths, total_paths, pct) VALUES(621, 621, 0, 0, 0, 0, 0, 0, 0, 0.0);
INSERT INTO mainrows(id, symbol_id, self_count, cumulative_count, kids, self_calls, total_calls, self_paths, total_paths, pct) VALUES(622, 622, 29600, 29600, 0, 19, 3800, 19, 19, 0.0);
INSERT INTO parents(self_id, child_id, to_child_count, to_child_calls, to_child_paths, pct) VALUES(10,615,0,0,0,0);
INSERT INTO parents(self_id, child_id, to_child_count, to_child_calls, to_child_paths, pct) VALUES(615,616,5800,1000,20,0);
INSERT INTO parents(self_id, child_id, to_child_count, to_child_calls, to_child_paths, pct) VALUES(615,617,864,216,4,0);
INSERT INTO parents(self_id, child_id, to_child_count, to_child_calls, to_child_paths, pct) VALUES(617,618,0,0,0,0);
INSERT INTO parents(self_id, child_id, to_child_count, to_child_calls, to_child_paths, pct) VALUES(617,619,0,0,0,0);
INSERT INTO parents(self_id, child_id, to_child_count, to_child_calls, to_child_paths, pct) VALUES(617,620,0,0,0,0);
INSERT INTO parents(self_id, child_id, to_child_count, to_child_calls, to_child_paths, pct) VALUES(617,621,0,0,0,0);
INSERT INTO parents(self_id, child_id, to_child_count, to_child_calls, to_child_paths, pct) VALUES(615,622,29600,3800,19,0);
INSERT INTO children(self_id, parent_id, from_parent_count, from_parent_calls, from_parent_paths, pct) VALUES(615,10,36264,497,0,0);
INSERT INTO children(self_id, parent_id, from_parent_count, from_parent_calls, from_parent_paths, pct) VALUES(616,615,5800,298,20,0);
INSERT INTO children(self_id, parent_id, from_parent_count, from_parent_calls, from_parent_paths, pct) VALUES(617,615,864,180,4,0);
INSERT INTO children(self_id, parent_id, from_parent_count, from_parent_calls, from_parent_paths, pct) VALUES(618,617,0,0,0,0);
INSERT INTO children(self_id, parent_id, from_parent_count, from_parent_calls, from_parent_paths, pct) VALUES(619,617,0,0,0,0);
INSERT INTO children(self_id, parent_id, from_parent_count, from_parent_calls, from_parent_paths, pct) VALUES(620,617,0,0,0,0);
INSERT INTO children(self_id, parent_id, from_parent_count, from_parent_calls, from_parent_paths, pct) VALUES(621,617,0,0,0,0);
INSERT INTO children(self_id, parent_id, from_parent_count, from_parent_calls, from_parent_paths, pct) VALUES(622,615,29600,19,19,0);
INSERT INTO mainrows(id, symbol_id, self_count, cumulative_count, kids, self_calls, total_calls, self_paths, total_paths, pct) VALUES(623, 623, 4527032, 4527032, 14, 929925, 984536, 804, 804, 0.0);
INSERT INTO mainrows(id, symbol_id, self_count, cumulative_count, kids, self_calls, total_calls, self_paths, total_paths, pct) VALUES(624, 624, 82124, 82124, 0, 14681, 15425, 24, 24, 0.0);
INSERT INTO mainrows(id, symbol_id, self_count, cumulative_count, kids, self_calls, total_calls, self_paths, total_paths, pct) VALUES(625, 625, 159512, 159512, 0, 25830, 27538, 19, 19, 0.0);
INSERT INTO mainrows(id, symbol_id, self_count, cumulative_count, kids, self_calls, total_calls, self_paths, total_paths, pct) VALUES(626, 626, 244800, 244800, 0, 58140, 61200, 36, 36, 0.0);
INSERT INTO mainrows(id, symbol_id, self_count, cumulative_count, kids, self_calls, total_calls, self_paths, total_paths, pct) VALUES(627, 627, 754128, 754128, 5, 175647, 188532, 181, 181, 0.0);
INSERT INTO mainrows(id, symbol_id, self_count, cumulative_count, kids, self_calls, total_calls, self_paths, total_paths, pct) VALUES(628, 628, 244800, 244800, 0, 57420, 61200, 36, 36, 0.0);
INSERT INTO mainrows(id, symbol_id, self_count, cumulative_count, kids, self_calls, total_calls, self_paths, total_paths, pct) VALUES(629, 629, 244800, 244800, 0, 57420, 61200, 36, 36, 0.0);
INSERT INTO mainrows(id, symbol_id, self_count, cumulative_count, kids, self_calls, total_calls, self_paths, total_paths, pct) VALUES(630, 630, 244800, 244800, 0, 57420, 61200, 36, 36, 0.0);
INSERT INTO mainrows(id, symbol_id, self_count, cumulative_count, kids, self_calls, total_calls, self_paths, total_paths, pct) VALUES(631, 631, 9792, 9792, 0, 1692, 2448, 36, 36, 0.0);
INSERT INTO mainrows(id, symbol_id, self_count, cumulative_count, kids, self_calls, total_calls, self_paths, total_paths, pct) VALUES(632, 632, 9792, 9792, 0, 1692, 2448, 36, 36, 0.0);
INSERT INTO mainrows(id, symbol_id, self_count, cumulative_count, kids, self_calls, total_calls, self_paths, total_paths, pct) VALUES(633, 633, 1025440, 1025440, 0, 184998, 195160, 124, 124, 0.0);
INSERT INTO mainrows(id, symbol_id, self_count, cumulative_count, kids, self_calls, total_calls, self_paths, total_paths, pct) VALUES(634, 634, 521280, 521280, 0, 118944, 130320, 144, 144, 0.0);
INSERT INTO mainrows(id, symbol_id, self_count, cumulative_count, kids, self_calls, total_calls, self_paths, total_paths, pct) VALUES(635, 635, 489600, 489600, 1, 58140, 61200, 36, 36, 0.0);
INSERT INTO mainrows(id, symbol_id, self_count, cumulative_count, kids, self_calls, total_calls, self_paths, total_paths, pct) VALUES(636, 636, 489600, 489600, 0, 58140, 61200, 36, 36, 0.0);
INSERT INTO mainrows(id, symbol_id, self_count, cumulative_count, kids, self_calls, total_calls, self_paths, total_paths, pct) VALUES(637, 637, 117948, 117948, 0, 28098, 29487, 21, 21, 0.0);
INSERT INTO mainrows(id, symbol_id, self_count, cumulative_count, kids, self_calls, total_calls, self_paths, total_paths, pct) VALUES(638, 638, 2512, 2512, 0, 252, 628, 10, 10, 0.0);
INSERT INTO mainrows(id, symbol_id, self_count, cumulative_count, kids, self_calls, total_calls, self_paths, total_paths, pct) VALUES(639, 639, 40320, 40320, 1, 9656, 10080, 5, 5, 0.0);
INSERT INTO mainrows(id, symbol_id, self_count, cumulative_count, kids, self_calls, total_calls, self_paths, total_paths, pct) VALUES(640, 640, 29376, 29376, 0, 7062, 7344, 3, 3, 0.0);
INSERT INTO mainrows(id, symbol_id, self_count, cumulative_count, kids, self_calls, total_calls, self_paths, total_paths, pct) VALUES(641, 641, 156816, 156816, 1, 36717, 39204, 37, 37, 0.0);
INSERT INTO mainrows(id, symbol_id, self_count, cumulative_count, kids, self_calls, total_calls, self_paths, total_paths, pct) VALUES(642, 642, 156816, 156816, 0, 36717, 39204, 37, 37, 0.0);
INSERT INTO mainrows(id, symbol_id, self_count, cumulative_count, kids, self_calls, total_calls, self_paths, total_paths, pct) VALUES(643, 643, 832896, 832896, 0, 201511, 203328, 15, 15, 0.0);
INSERT INTO mainrows(id, symbol_id, self_count, cumulative_count, kids, self_calls, total_calls, self_paths, total_paths, pct) VALUES(644, 644, 99224, 99224, 1, 17272, 22326, 149, 149, 0.0);
INSERT INTO mainrows(id, symbol_id, self_count, cumulative_count, kids, self_calls, total_calls, self_paths, total_paths, pct) VALUES(645, 645, 512, 512, 0, 28, 128, 1, 1, 0.0);
INSERT INTO mainrows(id, symbol_id, self_count, cumulative_count, kids, self_calls, total_calls, self_paths, total_paths, pct) VALUES(646, 646, 432, 432, 0, 39, 108, 3, 3, 0.0);
INSERT INTO parents(self_id, child_id, to_child_count, to_child_calls, to_child_paths, pct) VALUES(10,623,0,0,0,0);
INSERT INTO parents(self_id, child_id, to_child_count, to_child_calls, to_child_paths, pct) VALUES(623,624,82124,15425,24,0);
INSERT INTO parents(self_id, child_id, to_child_count, to_child_calls, to_child_paths, pct) VALUES(623,625,159512,27538,19,0);
INSERT INTO parents(self_id, child_id, to_child_count, to_child_calls, to_child_paths, pct) VALUES(623,626,244800,61200,36,0);
INSERT INTO parents(self_id, child_id, to_child_count, to_child_calls, to_child_paths, pct) VALUES(623,627,144,36,1,0);
INSERT INTO parents(self_id, child_id, to_child_count, to_child_calls, to_child_paths, pct) VALUES(627,628,244800,61200,36,0);
INSERT INTO parents(self_id, child_id, to_child_count, to_child_calls, to_child_paths, pct) VALUES(627,629,244800,61200,36,0);
INSERT INTO parents(self_id, child_id, to_child_count, to_child_calls, to_child_paths, pct) VALUES(627,630,244800,61200,36,0);
INSERT INTO parents(self_id, child_id, to_child_count, to_child_calls, to_child_paths, pct) VALUES(627,631,9792,2448,36,0);
INSERT INTO parents(self_id, child_id, to_child_count, to_child_calls, to_child_paths, pct) VALUES(627,632,9792,2448,36,0);
INSERT INTO parents(self_id, child_id, to_child_count, to_child_calls, to_child_paths, pct) VALUES(623,633,1025440,195160,124,0);
INSERT INTO parents(self_id, child_id, to_child_count, to_child_calls, to_child_paths, pct) VALUES(623,634,521280,130320,144,0);
INSERT INTO parents(self_id, child_id, to_child_count, to_child_calls, to_child_paths, pct) VALUES(623,635,0,0,0,0);
INSERT INTO parents(self_id, child_id, to_child_count, to_child_calls, to_child_paths, pct) VALUES(635,636,489600,61200,36,0);
INSERT INTO parents(self_id, child_id, to_child_count, to_child_calls, to_child_paths, pct) VALUES(623,637,117948,29487,21,0);
INSERT INTO parents(self_id, child_id, to_child_count, to_child_calls, to_child_paths, pct) VALUES(623,638,2512,628,10,0);
INSERT INTO parents(self_id, child_id, to_child_count, to_child_calls, to_child_paths, pct) VALUES(623,639,10944,2736,2,0);
INSERT INTO parents(self_id, child_id, to_child_count, to_child_calls, to_child_paths, pct) VALUES(639,640,29376,7344,3,0);
INSERT INTO parents(self_id, child_id, to_child_count, to_child_calls, to_child_paths, pct) VALUES(623,641,0,0,0,0);
INSERT INTO parents(self_id, child_id, to_child_count, to_child_calls, to_child_paths, pct) VALUES(641,642,156816,39204,37,0);
INSERT INTO parents(self_id, child_id, to_child_count, to_child_calls, to_child_paths, pct) VALUES(623,643,832896,203328,15,0);
INSERT INTO parents(self_id, child_id, to_child_count, to_child_calls, to_child_paths, pct) VALUES(623,644,98712,22198,148,0);
INSERT INTO parents(self_id, child_id, to_child_count, to_child_calls, to_child_paths, pct) VALUES(644,645,512,128,1,0);
INSERT INTO parents(self_id, child_id, to_child_count, to_child_calls, to_child_paths, pct) VALUES(623,646,432,108,3,0);
INSERT INTO children(self_id, parent_id, from_parent_count, from_parent_calls, from_parent_paths, pct) VALUES(623,10,4527032,929925,0,0);
INSERT INTO children(self_id, parent_id, from_parent_count, from_parent_calls, from_parent_paths, pct) VALUES(624,623,82124,14681,24,0);
INSERT INTO children(self_id, parent_id, from_parent_count, from_parent_calls, from_parent_paths, pct) VALUES(625,623,159512,25830,19,0);
INSERT INTO children(self_id, parent_id, from_parent_count, from_parent_calls, from_parent_paths, pct) VALUES(626,623,244800,58140,36,0);
INSERT INTO children(self_id, parent_id, from_parent_count, from_parent_calls, from_parent_paths, pct) VALUES(627,623,754128,175647,1,0);
INSERT INTO children(self_id, parent_id, from_parent_count, from_parent_calls, from_parent_paths, pct) VALUES(628,627,244800,57420,36,0);
INSERT INTO children(self_id, parent_id, from_parent_count, from_parent_calls, from_parent_paths, pct) VALUES(629,627,244800,57420,36,0);
INSERT INTO children(self_id, parent_id, from_parent_count, from_parent_calls, from_parent_paths, pct) VALUES(630,627,244800,57420,36,0);
INSERT INTO children(self_id, parent_id, from_parent_count, from_parent_calls, from_parent_paths, pct) VALUES(631,627,9792,1692,36,0);
INSERT INTO children(self_id, parent_id, from_parent_count, from_parent_calls, from_parent_paths, pct) VALUES(632,627,9792,1692,36,0);
INSERT INTO children(self_id, parent_id, from_parent_count, from_parent_calls, from_parent_paths, pct) VALUES(633,623,1025440,184998,124,0);
INSERT INTO children(self_id, parent_id, from_parent_count, from_parent_calls, from_parent_paths, pct) VALUES(634,623,521280,118944,144,0);
INSERT INTO children(self_id, parent_id, from_parent_count, from_parent_calls, from_parent_paths, pct) VALUES(635,623,489600,58140,0,0);
INSERT INTO children(self_id, parent_id, from_parent_count, from_parent_calls, from_parent_paths, pct) VALUES(636,635,489600,58140,36,0);
INSERT INTO children(self_id, parent_id, from_parent_count, from_parent_calls, from_parent_paths, pct) VALUES(637,623,117948,28098,21,0);
INSERT INTO children(self_id, parent_id, from_parent_count, from_parent_calls, from_parent_paths, pct) VALUES(638,623,2512,252,10,0);
INSERT INTO children(self_id, parent_id, from_parent_count, from_parent_calls, from_parent_paths, pct) VALUES(639,623,40320,9656,2,0);
INSERT INTO children(self_id, parent_id, from_parent_count, from_parent_calls, from_parent_paths, pct) VALUES(640,639,29376,7062,3,0);
INSERT INTO children(self_id, parent_id, from_parent_count, from_parent_calls, from_parent_paths, pct) VALUES(641,623,156816,36717,0,0);
INSERT INTO children(self_id, parent_id, from_parent_count, from_parent_calls, from_parent_paths, pct) VALUES(642,641,156816,36717,37,0);
INSERT INTO children(self_id, parent_id, from_parent_count, from_parent_calls, from_parent_paths, pct) VALUES(643,623,832896,201511,15,0);
INSERT INTO children(self_id, parent_id, from_parent_count, from_parent_calls, from_parent_paths, pct) VALUES(644,623,99224,17272,148,0);
INSERT INTO children(self_id, parent_id, from_parent_count, from_parent_calls, from_parent_paths, pct) VALUES(645,644,512,28,1,0);
INSERT INTO children(self_id, parent_id, from_parent_count, from_parent_calls, from_parent_paths, pct) VALUES(646,623,432,39,3,0);
INSERT INTO mainrows(id, symbol_id, self_count, cumulative_count, kids, self_calls, total_calls, self_paths, total_paths, pct) VALUES(647, 647, 756, 756, 1, 0, 189, 12, 12, 0.0);
INSERT INTO mainrows(id, symbol_id, self_count, cumulative_count, kids, self_calls, total_calls, self_paths, total_paths, pct) VALUES(648, 648, 756, 756, 0, 0, 189, 12, 12, 0.0);
INSERT INTO parents(self_id, child_id, to_child_count, to_child_calls, to_child_paths, pct) VALUES(10,647,0,0,0,0);
INSERT INTO parents(self_id, child_id, to_child_count, to_child_calls, to_child_paths, pct) VALUES(647,648,756,189,12,0);
INSERT INTO children(self_id, parent_id, from_parent_count, from_parent_calls, from_parent_paths, pct) VALUES(647,10,756,0,0,0);
INSERT INTO children(self_id, parent_id, from_parent_count, from_parent_calls, from_parent_paths, pct) VALUES(648,647,756,0,12,0);
INSERT INTO mainrows(id, symbol_id, self_count, cumulative_count, kids, self_calls, total_calls, self_paths, total_paths, pct) VALUES(649, 649, 2992624, 2992624, 14, 614007, 642056, 519, 519, 0.0);
INSERT INTO mainrows(id, symbol_id, self_count, cumulative_count, kids, self_calls, total_calls, self_paths, total_paths, pct) VALUES(650, 650, 37156, 37156, 0, 6682, 7353, 37, 37, 0.0);
INSERT INTO mainrows(id, symbol_id, self_count, cumulative_count, kids, self_calls, total_calls, self_paths, total_paths, pct) VALUES(651, 651, 54000, 54000, 0, 7954, 9400, 28, 28, 0.0);
INSERT INTO mainrows(id, symbol_id, self_count, cumulative_count, kids, self_calls, total_calls, self_paths, total_paths, pct) VALUES(652, 652, 105600, 105600, 0, 25714, 26400, 18, 18, 0.0);
INSERT INTO mainrows(id, symbol_id, self_count, cumulative_count, kids, self_calls, total_calls, self_paths, total_paths, pct) VALUES(653, 653, 325320, 325320, 5, 76700, 81330, 91, 91, 0.0);
INSERT INTO mainrows(id, symbol_id, self_count, cumulative_count, kids, self_calls, total_calls, self_paths, total_paths, pct) VALUES(654, 654, 105600, 105600, 0, 25036, 26400, 18, 18, 0.0);
INSERT INTO mainrows(id, symbol_id, self_count, cumulative_count, kids, self_calls, total_calls, self_paths, total_paths, pct) VALUES(655, 655, 105600, 105600, 0, 25036, 26400, 18, 18, 0.0);
INSERT INTO mainrows(id, symbol_id, self_count, cumulative_count, kids, self_calls, total_calls, self_paths, total_paths, pct) VALUES(656, 656, 105600, 105600, 0, 25036, 26400, 18, 18, 0.0);
INSERT INTO mainrows(id, symbol_id, self_count, cumulative_count, kids, self_calls, total_calls, self_paths, total_paths, pct) VALUES(657, 657, 4224, 4224, 0, 796, 1056, 18, 18, 0.0);
INSERT INTO mainrows(id, symbol_id, self_count, cumulative_count, kids, self_calls, total_calls, self_paths, total_paths, pct) VALUES(658, 658, 4224, 4224, 0, 796, 1056, 18, 18, 0.0);
INSERT INTO mainrows(id, symbol_id, self_count, cumulative_count, kids, self_calls, total_calls, self_paths, total_paths, pct) VALUES(659, 659, 493864, 493864, 0, 92771, 97066, 83, 83, 0.0);
INSERT INTO mainrows(id, symbol_id, self_count, cumulative_count, kids, self_calls, total_calls, self_paths, total_paths, pct) VALUES(660, 660, 227040, 227040, 0, 52546, 56760, 72, 72, 0.0);
INSERT INTO mainrows(id, symbol_id, self_count, cumulative_count, kids, self_calls, total_calls, self_paths, total_paths, pct) VALUES(661, 661, 211200, 211200, 1, 25714, 26400, 18, 18, 0.0);
INSERT INTO mainrows(id, symbol_id, self_count, cumulative_count, kids, self_calls, total_calls, self_paths, total_paths, pct) VALUES(662, 662, 211200, 211200, 0, 25714, 26400, 18, 18, 0.0);
INSERT INTO mainrows(id, symbol_id, self_count, cumulative_count, kids, self_calls, total_calls, self_paths, total_paths, pct) VALUES(663, 663, 59124, 59124, 0, 13735, 14781, 21, 21, 0.0);
INSERT INTO mainrows(id, symbol_id, self_count, cumulative_count, kids, self_calls, total_calls, self_paths, total_paths, pct) VALUES(664, 664, 3128, 3128, 0, 315, 782, 11, 11, 0.0);
INSERT INTO mainrows(id, symbol_id, self_count, cumulative_count, kids, self_calls, total_calls, self_paths, total_paths, pct) VALUES(665, 665, 320576, 320576, 1, 78574, 80144, 10, 10, 0.0);
INSERT INTO mainrows(id, symbol_id, self_count, cumulative_count, kids, self_calls, total_calls, self_paths, total_paths, pct) VALUES(666, 666, 240000, 240000, 0, 58846, 60000, 6, 6, 0.0);
INSERT INTO mainrows(id, symbol_id, self_count, cumulative_count, kids, self_calls, total_calls, self_paths, total_paths, pct) VALUES(667, 667, 39112, 39112, 1, 9149, 9778, 19, 19, 0.0);
INSERT INTO mainrows(id, symbol_id, self_count, cumulative_count, kids, self_calls, total_calls, self_paths, total_paths, pct) VALUES(668, 668, 39112, 39112, 0, 9149, 9778, 19, 19, 0.0);
INSERT INTO mainrows(id, symbol_id, self_count, cumulative_count, kids, self_calls, total_calls, self_paths, total_paths, pct) VALUES(669, 669, 656288, 656288, 0, 141265, 143272, 26, 26, 0.0);
INSERT INTO mainrows(id, symbol_id, self_count, cumulative_count, kids, self_calls, total_calls, self_paths, total_paths, pct) VALUES(670, 670, 459568, 459568, 1, 82870, 88428, 82, 82, 0.0);
INSERT INTO mainrows(id, symbol_id, self_count, cumulative_count, kids, self_calls, total_calls, self_paths, total_paths, pct) VALUES(671, 671, 1024, 1024, 0, 20, 256, 2, 2, 0.0);
INSERT INTO mainrows(id, symbol_id, self_count, cumulative_count, kids, self_calls, total_calls, self_paths, total_paths, pct) VALUES(672, 672, 648, 648, 0, 18, 162, 3, 3, 0.0);
INSERT INTO parents(self_id, child_id, to_child_count, to_child_calls, to_child_paths, pct) VALUES(10,649,0,0,0,0);
INSERT INTO parents(self_id, child_id, to_child_count, to_child_calls, to_child_paths, pct) VALUES(649,650,37156,7353,37,0);
INSERT INTO parents(self_id, child_id, to_child_count, to_child_calls, to_child_paths, pct) VALUES(649,651,54000,9400,28,0);
INSERT INTO parents(self_id, child_id, to_child_count, to_child_calls, to_child_paths, pct) VALUES(649,652,105600,26400,18,0);
INSERT INTO parents(self_id, child_id, to_child_count, to_child_calls, to_child_paths, pct) VALUES(649,653,72,18,1,0);
INSERT INTO parents(self_id, child_id, to_child_count, to_child_calls, to_child_paths, pct) VALUES(653,654,105600,26400,18,0);
INSERT INTO parents(self_id, child_id, to_child_count, to_child_calls, to_child_paths, pct) VALUES(653,655,105600,26400,18,0);
INSERT INTO parents(self_id, child_id, to_child_count, to_child_calls, to_child_paths, pct) VALUES(653,656,105600,26400,18,0);
INSERT INTO parents(self_id, child_id, to_child_count, to_child_calls, to_child_paths, pct) VALUES(653,657,4224,1056,18,0);
INSERT INTO parents(self_id, child_id, to_child_count, to_child_calls, to_child_paths, pct) VALUES(653,658,4224,1056,18,0);
INSERT INTO parents(self_id, child_id, to_child_count, to_child_calls, to_child_paths, pct) VALUES(649,659,493864,97066,83,0);
INSERT INTO parents(self_id, child_id, to_child_count, to_child_calls, to_child_paths, pct) VALUES(649,660,227040,56760,72,0);
INSERT INTO parents(self_id, child_id, to_child_count, to_child_calls, to_child_paths, pct) VALUES(649,661,0,0,0,0);
INSERT INTO parents(self_id, child_id, to_child_count, to_child_calls, to_child_paths, pct) VALUES(661,662,211200,26400,18,0);
INSERT INTO parents(self_id, child_id, to_child_count, to_child_calls, to_child_paths, pct) VALUES(649,663,59124,14781,21,0);
INSERT INTO parents(self_id, child_id, to_child_count, to_child_calls, to_child_paths, pct) VALUES(649,664,3128,782,11,0);
INSERT INTO parents(self_id, child_id, to_child_count, to_child_calls, to_child_paths, pct) VALUES(649,665,80576,20144,4,0);
INSERT INTO parents(self_id, child_id, to_child_count, to_child_calls, to_child_paths, pct) VALUES(665,666,240000,60000,6,0);
INSERT INTO parents(self_id, child_id, to_child_count, to_child_calls, to_child_paths, pct) VALUES(649,667,0,0,0,0);
INSERT INTO parents(self_id, child_id, to_child_count, to_child_calls, to_child_paths, pct) VALUES(667,668,39112,9778,19,0);
INSERT INTO parents(self_id, child_id, to_child_count, to_child_calls, to_child_paths, pct) VALUES(649,669,656288,143272,26,0);
INSERT INTO parents(self_id, child_id, to_child_count, to_child_calls, to_child_paths, pct) VALUES(649,670,458544,88172,80,0);
INSERT INTO parents(self_id, child_id, to_child_count, to_child_calls, to_child_paths, pct) VALUES(670,671,1024,256,2,0);
INSERT INTO parents(self_id, child_id, to_child_count, to_child_calls, to_child_paths, pct) VALUES(649,672,648,162,3,0);
INSERT INTO children(self_id, parent_id, from_parent_count, from_parent_calls, from_parent_paths, pct) VALUES(649,10,2992624,614007,0,0);
INSERT INTO children(self_id, parent_id, from_parent_count, from_parent_calls, from_parent_paths, pct) VALUES(650,649,37156,6682,37,0);
INSERT INTO children(self_id, parent_id, from_parent_count, from_parent_calls, from_parent_paths, pct) VALUES(651,649,54000,7954,28,0);
INSERT INTO children(self_id, parent_id, from_parent_count, from_parent_calls, from_parent_paths, pct) VALUES(652,649,105600,25714,18,0);
INSERT INTO children(self_id, parent_id, from_parent_count, from_parent_calls, from_parent_paths, pct) VALUES(653,649,325320,76700,1,0);
INSERT INTO children(self_id, parent_id, from_parent_count, from_parent_calls, from_parent_paths, pct) VALUES(654,653,105600,25036,18,0);
INSERT INTO children(self_id, parent_id, from_parent_count, from_parent_calls, from_parent_paths, pct) VALUES(655,653,105600,25036,18,0);
INSERT INTO children(self_id, parent_id, from_parent_count, from_parent_calls, from_parent_paths, pct) VALUES(656,653,105600,25036,18,0);
INSERT INTO children(self_id, parent_id, from_parent_count, from_parent_calls, from_parent_paths, pct) VALUES(657,653,4224,796,18,0);
INSERT INTO children(self_id, parent_id, from_parent_count, from_parent_calls, from_parent_paths, pct) VALUES(658,653,4224,796,18,0);
INSERT INTO children(self_id, parent_id, from_parent_count, from_parent_calls, from_parent_paths, pct) VALUES(659,649,493864,92771,83,0);
INSERT INTO children(self_id, parent_id, from_parent_count, from_parent_calls, from_parent_paths, pct) VALUES(660,649,227040,52546,72,0);
INSERT INTO children(self_id, parent_id, from_parent_count, from_parent_calls, from_parent_paths, pct) VALUES(661,649,211200,25714,0,0);
INSERT INTO children(self_id, parent_id, from_parent_count, from_parent_calls, from_parent_paths, pct) VALUES(662,661,211200,25714,18,0);
INSERT INTO children(self_id, parent_id, from_parent_count, from_parent_calls, from_parent_paths, pct) VALUES(663,649,59124,13735,21,0);
INSERT INTO children(self_id, parent_id, from_parent_count, from_parent_calls, from_parent_paths, pct) VALUES(664,649,3128,315,11,0);
INSERT INTO children(self_id, parent_id, from_parent_count, from_parent_calls, from_parent_paths, pct) VALUES(665,649,320576,78574,4,0);
INSERT INTO children(self_id, parent_id, from_parent_count, from_parent_calls, from_parent_paths, pct) VALUES(666,665,240000,58846,6,0);
INSERT INTO children(self_id, parent_id, from_parent_count, from_parent_calls, from_parent_paths, pct) VALUES(667,649,39112,9149,0,0);
INSERT INTO children(self_id, parent_id, from_parent_count, from_parent_calls, from_parent_paths, pct) VALUES(668,667,39112,9149,19,0);
INSERT INTO children(self_id, parent_id, from_parent_count, from_parent_calls, from_parent_paths, pct) VALUES(669,649,656288,141265,26,0);
INSERT INTO children(self_id, parent_id, from_parent_count, from_parent_calls, from_parent_paths, pct) VALUES(670,649,459568,82870,80,0);
INSERT INTO children(self_id, parent_id, from_parent_count, from_parent_calls, from_parent_paths, pct) VALUES(671,670,1024,20,2,0);
INSERT INTO children(self_id, parent_id, from_parent_count, from_parent_calls, from_parent_paths, pct) VALUES(672,649,648,18,3,0);
INSERT INTO mainrows(id, symbol_id, self_count, cumulative_count, kids, self_calls, total_calls, self_paths, total_paths, pct) VALUES(673, 673, 515220, 515220, 8, 115739, 127365, 97, 97, 0.0);
INSERT INTO mainrows(id, symbol_id, self_count, cumulative_count, kids, self_calls, total_calls, self_paths, total_paths, pct) VALUES(674, 674, 51200, 51200, 0, 12208, 12800, 8, 8, 0.0);
INSERT INTO mainrows(id, symbol_id, self_count, cumulative_count, kids, self_calls, total_calls, self_paths, total_paths, pct) VALUES(675, 675, 264736, 264736, 0, 59090, 66184, 21, 21, 0.0);
INSERT INTO mainrows(id, symbol_id, self_count, cumulative_count, kids, self_calls, total_calls, self_paths, total_paths, pct) VALUES(676, 676, 131040, 131040, 0, 29836, 31680, 38, 38, 0.0);
INSERT INTO mainrows(id, symbol_id, self_count, cumulative_count, kids, self_calls, total_calls, self_paths, total_paths, pct) VALUES(677, 677, 3084, 3084, 0, 2, 771, 6, 6, 0.0);
INSERT INTO mainrows(id, symbol_id, self_count, cumulative_count, kids, self_calls, total_calls, self_paths, total_paths, pct) VALUES(678, 678, 4000, 4000, 0, 393, 1000, 5, 5, 0.0);
INSERT INTO mainrows(id, symbol_id, self_count, cumulative_count, kids, self_calls, total_calls, self_paths, total_paths, pct) VALUES(679, 679, 2880, 2880, 0, 8, 360, 12, 12, 0.0);
INSERT INTO mainrows(id, symbol_id, self_count, cumulative_count, kids, self_calls, total_calls, self_paths, total_paths, pct) VALUES(680, 680, 57608, 57608, 2, 14163, 14402, 4, 4, 0.0);
INSERT INTO mainrows(id, symbol_id, self_count, cumulative_count, kids, self_calls, total_calls, self_paths, total_paths, pct) VALUES(681, 681, 0, 0, 0, 0, 0, 0, 0, 0.0);
INSERT INTO mainrows(id, symbol_id, self_count, cumulative_count, kids, self_calls, total_calls, self_paths, total_paths, pct) VALUES(682, 682, 0, 0, 0, 0, 0, 0, 0, 0.0);
INSERT INTO mainrows(id, symbol_id, self_count, cumulative_count, kids, self_calls, total_calls, self_paths, total_paths, pct) VALUES(683, 683, 672, 672, 0, 39, 168, 3, 3, 0.0);
INSERT INTO parents(self_id, child_id, to_child_count, to_child_calls, to_child_paths, pct) VALUES(10,673,0,0,0,0);
INSERT INTO parents(self_id, child_id, to_child_count, to_child_calls, to_child_paths, pct) VALUES(673,674,51200,12800,8,0);
INSERT INTO parents(self_id, child_id, to_child_count, to_child_calls, to_child_paths, pct) VALUES(673,675,264736,66184,21,0);
INSERT INTO parents(self_id, child_id, to_child_count, to_child_calls, to_child_paths, pct) VALUES(673,676,131040,31680,38,0);
INSERT INTO parents(self_id, child_id, to_child_count, to_child_calls, to_child_paths, pct) VALUES(673,677,3084,771,6,0);
INSERT INTO parents(self_id, child_id, to_child_count, to_child_calls, to_child_paths, pct) VALUES(673,678,4000,1000,5,0);
INSERT INTO parents(self_id, child_id, to_child_count, to_child_calls, to_child_paths, pct) VALUES(673,679,2880,360,12,0);
INSERT INTO parents(self_id, child_id, to_child_count, to_child_calls, to_child_paths, pct) VALUES(673,680,57608,14402,4,0);
INSERT INTO parents(self_id, child_id, to_child_count, to_child_calls, to_child_paths, pct) VALUES(680,681,0,0,0,0);
INSERT INTO parents(self_id, child_id, to_child_count, to_child_calls, to_child_paths, pct) VALUES(680,682,0,0,0,0);
INSERT INTO parents(self_id, child_id, to_child_count, to_child_calls, to_child_paths, pct) VALUES(673,683,672,168,3,0);
INSERT INTO children(self_id, parent_id, from_parent_count, from_parent_calls, from_parent_paths, pct) VALUES(673,10,515220,115739,0,0);
INSERT INTO children(self_id, parent_id, from_parent_count, from_parent_calls, from_parent_paths, pct) VALUES(674,673,51200,12208,8,0);
INSERT INTO children(self_id, parent_id, from_parent_count, from_parent_calls, from_parent_paths, pct) VALUES(675,673,264736,59090,21,0);
INSERT INTO children(self_id, parent_id, from_parent_count, from_parent_calls, from_parent_paths, pct) VALUES(676,673,131040,29836,38,0);
INSERT INTO children(self_id, parent_id, from_parent_count, from_parent_calls, from_parent_paths, pct) VALUES(677,673,3084,2,6,0);
INSERT INTO children(self_id, parent_id, from_parent_count, from_parent_calls, from_parent_paths, pct) VALUES(678,673,4000,393,5,0);
INSERT INTO children(self_id, parent_id, from_parent_count, from_parent_calls, from_parent_paths, pct) VALUES(679,673,2880,8,12,0);
INSERT INTO children(self_id, parent_id, from_parent_count, from_parent_calls, from_parent_paths, pct) VALUES(680,673,57608,14163,4,0);
INSERT INTO children(self_id, parent_id, from_parent_count, from_parent_calls, from_parent_paths, pct) VALUES(681,680,0,0,0,0);
INSERT INTO children(self_id, parent_id, from_parent_count, from_parent_calls, from_parent_paths, pct) VALUES(682,680,0,0,0,0);
INSERT INTO children(self_id, parent_id, from_parent_count, from_parent_calls, from_parent_paths, pct) VALUES(683,673,672,39,3,0);
INSERT INTO mainrows(id, symbol_id, self_count, cumulative_count, kids, self_calls, total_calls, self_paths, total_paths, pct) VALUES(684, 684, 5785916, 5785916, 7, 1175106, 1383081, 1137, 1137, 0.0);
INSERT INTO mainrows(id, symbol_id, self_count, cumulative_count, kids, self_calls, total_calls, self_paths, total_paths, pct) VALUES(685, 685, 137824, 137824, 5, 19170, 32338, 207, 207, 0.0);
INSERT INTO mainrows(id, symbol_id, self_count, cumulative_count, kids, self_calls, total_calls, self_paths, total_paths, pct) VALUES(686, 686, 47024, 47024, 0, 9831, 11006, 7, 7, 0.0);
INSERT INTO mainrows(id, symbol_id, self_count, cumulative_count, kids, self_calls, total_calls, self_paths, total_paths, pct) VALUES(687, 687, 23612, 23612, 0, 2665, 5447, 53, 53, 0.0);
INSERT INTO mainrows(id, symbol_id, self_count, cumulative_count, kids, self_calls, total_calls, self_paths, total_paths, pct) VALUES(688, 688, 23612, 23612, 0, 2356, 5447, 53, 53, 0.0);
INSERT INTO mainrows(id, symbol_id, self_count, cumulative_count, kids, self_calls, total_calls, self_paths, total_paths, pct) VALUES(689, 689, 23612, 23612, 0, 2224, 5447, 53, 53, 0.0);
INSERT INTO mainrows(id, symbol_id, self_count, cumulative_count, kids, self_calls, total_calls, self_paths, total_paths, pct) VALUES(690, 690, 19964, 19964, 0, 2094, 4991, 41, 41, 0.0);
INSERT INTO mainrows(id, symbol_id, self_count, cumulative_count, kids, self_calls, total_calls, self_paths, total_paths, pct) VALUES(691, 691, 12, 12, 0, 4294967295, 3, 1, 1, 0.0);
INSERT INTO mainrows(id, symbol_id, self_count, cumulative_count, kids, self_calls, total_calls, self_paths, total_paths, pct) VALUES(692, 692, 1800, 1800, 0, 168, 450, 5, 5, 0.0);
INSERT INTO mainrows(id, symbol_id, self_count, cumulative_count, kids, self_calls, total_calls, self_paths, total_paths, pct) VALUES(693, 693, 2699280, 2699280, 4, 577930, 650540, 292, 292, 0.0);
INSERT INTO mainrows(id, symbol_id, self_count, cumulative_count, kids, self_calls, total_calls, self_paths, total_paths, pct) VALUES(694, 694, 1334680, 1334680, 1, 289197, 321530, 136, 136, 0.0);
INSERT INTO mainrows(id, symbol_id, self_count, cumulative_count, kids, self_calls, total_calls, self_paths, total_paths, pct) VALUES(695, 695, 1334680, 1334680, 1, 289197, 321530, 136, 136, 0.0);
INSERT INTO mainrows(id, symbol_id, self_count, cumulative_count, kids, self_calls, total_calls, self_paths, total_paths, pct) VALUES(696, 696, 1197560, 1197560, 0, 288586, 298790, 48, 48, 0.0);
INSERT INTO mainrows(id, symbol_id, self_count, cumulative_count, kids, self_calls, total_calls, self_paths, total_paths, pct) VALUES(697, 697, 17600, 17600, 0, 89, 4400, 13, 13, 0.0);
INSERT INTO mainrows(id, symbol_id, self_count, cumulative_count, kids, self_calls, total_calls, self_paths, total_paths, pct) VALUES(698, 698, 1334680, 1334680, 1, 288630, 321530, 136, 136, 0.0);
INSERT INTO mainrows(id, symbol_id, self_count, cumulative_count, kids, self_calls, total_calls, self_paths, total_paths, pct) VALUES(699, 699, 1334680, 1334680, 1, 288630, 321530, 136, 136, 0.0);
INSERT INTO mainrows(id, symbol_id, self_count, cumulative_count, kids, self_calls, total_calls, self_paths, total_paths, pct) VALUES(700, 700, 1197560, 1197560, 0, 288506, 298790, 48, 48, 0.0);
INSERT INTO mainrows(id, symbol_id, self_count, cumulative_count, kids, self_calls, total_calls, self_paths, total_paths, pct) VALUES(701, 701, 12320, 12320, 0, 14, 3080, 7, 7, 0.0);
INSERT INTO mainrows(id, symbol_id, self_count, cumulative_count, kids, self_calls, total_calls, self_paths, total_paths, pct) VALUES(702, 702, 2699280, 2699280, 4, 577811, 650540, 292, 292, 0.0);
INSERT INTO mainrows(id, symbol_id, self_count, cumulative_count, kids, self_calls, total_calls, self_paths, total_paths, pct) VALUES(703, 703, 1334680, 1334680, 1, 289107, 321530, 136, 136, 0.0);
INSERT INTO mainrows(id, symbol_id, self_count, cumulative_count, kids, self_calls, total_calls, self_paths, total_paths, pct) VALUES(704, 704, 1334680, 1334680, 1, 289107, 321530, 136, 136, 0.0);
INSERT INTO mainrows(id, symbol_id, self_count, cumulative_count, kids, self_calls, total_calls, self_paths, total_paths, pct) VALUES(705, 705, 1197560, 1197560, 0, 288504, 298790, 48, 48, 0.0);
INSERT INTO mainrows(id, symbol_id, self_count, cumulative_count, kids, self_calls, total_calls, self_paths, total_paths, pct) VALUES(706, 706, 17600, 17600, 0, 62, 4400, 13, 13, 0.0);
INSERT INTO mainrows(id, symbol_id, self_count, cumulative_count, kids, self_calls, total_calls, self_paths, total_paths, pct) VALUES(707, 707, 1334680, 1334680, 1, 288628, 321530, 136, 136, 0.0);
INSERT INTO mainrows(id, symbol_id, self_count, cumulative_count, kids, self_calls, total_calls, self_paths, total_paths, pct) VALUES(708, 708, 1334680, 1334680, 1, 288628, 321530, 136, 136, 0.0);
INSERT INTO mainrows(id, symbol_id, self_count, cumulative_count, kids, self_calls, total_calls, self_paths, total_paths, pct) VALUES(709, 709, 1197560, 1197560, 0, 288504, 298790, 48, 48, 0.0);
INSERT INTO mainrows(id, symbol_id, self_count, cumulative_count, kids, self_calls, total_calls, self_paths, total_paths, pct) VALUES(710, 710, 12320, 12320, 0, 14, 3080, 7, 7, 0.0);
INSERT INTO mainrows(id, symbol_id, self_count, cumulative_count, kids, self_calls, total_calls, self_paths, total_paths, pct) VALUES(711, 711, 123860, 123860, 1, 14, 24605, 170, 170, 0.0);
INSERT INTO mainrows(id, symbol_id, self_count, cumulative_count, kids, self_calls, total_calls, self_paths, total_paths, pct) VALUES(712, 712, 123860, 123860, 0, 14, 24605, 170, 170, 0.0);
INSERT INTO mainrows(id, symbol_id, self_count, cumulative_count, kids, self_calls, total_calls, self_paths, total_paths, pct) VALUES(713, 713, 123860, 123860, 1, 14, 24605, 170, 170, 0.0);
INSERT INTO mainrows(id, symbol_id, self_count, cumulative_count, kids, self_calls, total_calls, self_paths, total_paths, pct) VALUES(714, 714, 123860, 123860, 0, 14, 24605, 170, 170, 0.0);
INSERT INTO parents(self_id, child_id, to_child_count, to_child_calls, to_child_paths, pct) VALUES(10,684,0,0,0,0);
INSERT INTO parents(self_id, child_id, to_child_count, to_child_calls, to_child_paths, pct) VALUES(684,685,0,0,0,0);
INSERT INTO parents(self_id, child_id, to_child_count, to_child_calls, to_child_paths, pct) VALUES(685,686,47024,11006,7,0);
INSERT INTO parents(self_id, child_id, to_child_count, to_child_calls, to_child_paths, pct) VALUES(685,687,23612,5447,53,0);
INSERT INTO parents(self_id, child_id, to_child_count, to_child_calls, to_child_paths, pct) VALUES(685,688,23612,5447,53,0);
INSERT INTO parents(self_id, child_id, to_child_count, to_child_calls, to_child_paths, pct) VALUES(685,689,23612,5447,53,0);
INSERT INTO parents(self_id, child_id, to_child_count, to_child_calls, to_child_paths, pct) VALUES(685,690,19964,4991,41,0);
INSERT INTO parents(self_id, child_id, to_child_count, to_child_calls, to_child_paths, pct) VALUES(684,691,12,3,1,0);
INSERT INTO parents(self_id, child_id, to_child_count, to_child_calls, to_child_paths, pct) VALUES(684,692,1800,450,5,0);
INSERT INTO parents(self_id, child_id, to_child_count, to_child_calls, to_child_paths, pct) VALUES(684,693,0,0,0,0);
INSERT INTO parents(self_id, child_id, to_child_count, to_child_calls, to_child_paths, pct) VALUES(693,694,0,0,0,0);
INSERT INTO parents(self_id, child_id, to_child_count, to_child_calls, to_child_paths, pct) VALUES(694,695,137120,22740,88,0);
INSERT INTO parents(self_id, child_id, to_child_count, to_child_calls, to_child_paths, pct) VALUES(695,696,1197560,298790,48,0);
INSERT INTO parents(self_id, child_id, to_child_count, to_child_calls, to_child_paths, pct) VALUES(693,697,17600,4400,13,0);
INSERT INTO parents(self_id, child_id, to_child_count, to_child_calls, to_child_paths, pct) VALUES(693,698,0,0,0,0);
INSERT INTO parents(self_id, child_id, to_child_count, to_child_calls, to_child_paths, pct) VALUES(698,699,137120,22740,88,0);
INSERT INTO parents(self_id, child_id, to_child_count, to_child_calls, to_child_paths, pct) VALUES(699,700,1197560,298790,48,0);
INSERT INTO parents(self_id, child_id, to_child_count, to_child_calls, to_child_paths, pct) VALUES(693,701,12320,3080,7,0);
INSERT INTO parents(self_id, child_id, to_child_count, to_child_calls, to_child_paths, pct) VALUES(684,702,0,0,0,0);
INSERT INTO parents(self_id, child_id, to_child_count, to_child_calls, to_child_paths, pct) VALUES(702,703,0,0,0,0);
INSERT INTO parents(self_id, child_id, to_child_count, to_child_calls, to_child_paths, pct) VALUES(703,704,137120,22740,88,0);
INSERT INTO parents(self_id, child_id, to_child_count, to_child_calls, to_child_paths, pct) VALUES(704,705,1197560,298790,48,0);
INSERT INTO parents(self_id, child_id, to_child_count, to_child_calls, to_child_paths, pct) VALUES(702,706,17600,4400,13,0);
INSERT INTO parents(self_id, child_id, to_child_count, to_child_calls, to_child_paths, pct) VALUES(702,707,0,0,0,0);
INSERT INTO parents(self_id, child_id, to_child_count, to_child_calls, to_child_paths, pct) VALUES(707,708,137120,22740,88,0);
INSERT INTO parents(self_id, child_id, to_child_count, to_child_calls, to_child_paths, pct) VALUES(708,709,1197560,298790,48,0);
INSERT INTO parents(self_id, child_id, to_child_count, to_child_calls, to_child_paths, pct) VALUES(702,710,12320,3080,7,0);
INSERT INTO parents(self_id, child_id, to_child_count, to_child_calls, to_child_paths, pct) VALUES(684,711,0,0,0,0);
INSERT INTO parents(self_id, child_id, to_child_count, to_child_calls, to_child_paths, pct) VALUES(711,712,123860,24605,170,0);
INSERT INTO parents(self_id, child_id, to_child_count, to_child_calls, to_child_paths, pct) VALUES(684,713,0,0,0,0);
INSERT INTO parents(self_id, child_id, to_child_count, to_child_calls, to_child_paths, pct) VALUES(713,714,123860,24605,170,0);
INSERT INTO children(self_id, parent_id, from_parent_count, from_parent_calls, from_parent_paths, pct) VALUES(684,10,5785916,1175106,0,0);
INSERT INTO children(self_id, parent_id, from_parent_count, from_parent_calls, from_parent_paths, pct) VALUES(685,684,137824,19170,0,0);
INSERT INTO children(self_id, parent_id, from_parent_count, from_parent_calls, from_parent_paths, pct) VALUES(686,685,47024,9831,7,0);
INSERT INTO children(self_id, parent_id, from_parent_count, from_parent_calls, from_parent_paths, pct) VALUES(687,685,23612,2665,53,0);
INSERT INTO children(self_id, parent_id, from_parent_count, from_parent_calls, from_parent_paths, pct) VALUES(688,685,23612,2356,53,0);
INSERT INTO children(self_id, parent_id, from_parent_count, from_parent_calls, from_parent_paths, pct) VALUES(689,685,23612,2224,53,0);
INSERT INTO children(self_id, parent_id, from_parent_count, from_parent_calls, from_parent_paths, pct) VALUES(690,685,19964,2094,41,0);
INSERT INTO children(self_id, parent_id, from_parent_count, from_parent_calls, from_parent_paths, pct) VALUES(691,684,12,4294967295,1,0);
INSERT INTO children(self_id, parent_id, from_parent_count, from_parent_calls, from_parent_paths, pct) VALUES(692,684,1800,168,5,0);
INSERT INTO children(self_id, parent_id, from_parent_count, from_parent_calls, from_parent_paths, pct) VALUES(693,684,2699280,577930,0,0);
INSERT INTO children(self_id, parent_id, from_parent_count, from_parent_calls, from_parent_paths, pct) VALUES(694,693,1334680,289197,0,0);
INSERT INTO children(self_id, parent_id, from_parent_count, from_parent_calls, from_parent_paths, pct) VALUES(695,694,1334680,289197,88,0);
INSERT INTO children(self_id, parent_id, from_parent_count, from_parent_calls, from_parent_paths, pct) VALUES(696,695,1197560,288586,48,0);
INSERT INTO children(self_id, parent_id, from_parent_count, from_parent_calls, from_parent_paths, pct) VALUES(697,693,17600,89,13,0);
INSERT INTO children(self_id, parent_id, from_parent_count, from_parent_calls, from_parent_paths, pct) VALUES(698,693,1334680,288630,0,0);
INSERT INTO children(self_id, parent_id, from_parent_count, from_parent_calls, from_parent_paths, pct) VALUES(699,698,1334680,288630,88,0);
INSERT INTO children(self_id, parent_id, from_parent_count, from_parent_calls, from_parent_paths, pct) VALUES(700,699,1197560,288506,48,0);
INSERT INTO children(self_id, parent_id, from_parent_count, from_parent_calls, from_parent_paths, pct) VALUES(701,693,12320,14,7,0);
INSERT INTO children(self_id, parent_id, from_parent_count, from_parent_calls, from_parent_paths, pct) VALUES(702,684,2699280,577811,0,0);
INSERT INTO children(self_id, parent_id, from_parent_count, from_parent_calls, from_parent_paths, pct) VALUES(703,702,1334680,289107,0,0);
INSERT INTO children(self_id, parent_id, from_parent_count, from_parent_calls, from_parent_paths, pct) VALUES(704,703,1334680,289107,88,0);
INSERT INTO children(self_id, parent_id, from_parent_count, from_parent_calls, from_parent_paths, pct) VALUES(705,704,1197560,288504,48,0);
INSERT INTO children(self_id, parent_id, from_parent_count, from_parent_calls, from_parent_paths, pct) VALUES(706,702,17600,62,13,0);
INSERT INTO children(self_id, parent_id, from_parent_count, from_parent_calls, from_parent_paths, pct) VALUES(707,702,1334680,288628,0,0);
INSERT INTO children(self_id, parent_id, from_parent_count, from_parent_calls, from_parent_paths, pct) VALUES(708,707,1334680,288628,88,0);
INSERT INTO children(self_id, parent_id, from_parent_count, from_parent_calls, from_parent_paths, pct) VALUES(709,708,1197560,288504,48,0);
INSERT INTO children(self_id, parent_id, from_parent_count, from_parent_calls, from_parent_paths, pct) VALUES(710,702,12320,14,7,0);
INSERT INTO children(self_id, parent_id, from_parent_count, from_parent_calls, from_parent_paths, pct) VALUES(711,684,123860,14,0,0);
INSERT INTO children(self_id, parent_id, from_parent_count, from_parent_calls, from_parent_paths, pct) VALUES(712,711,123860,14,170,0);
INSERT INTO children(self_id, parent_id, from_parent_count, from_parent_calls, from_parent_paths, pct) VALUES(713,684,123860,14,0,0);
INSERT INTO children(self_id, parent_id, from_parent_count, from_parent_calls, from_parent_paths, pct) VALUES(714,713,123860,14,170,0);
INSERT INTO mainrows(id, symbol_id, self_count, cumulative_count, kids, self_calls, total_calls, self_paths, total_paths, pct) VALUES(715, 715, 10240, 10240, 2, 153, 2560, 4, 4, 0.0);
INSERT INTO mainrows(id, symbol_id, self_count, cumulative_count, kids, self_calls, total_calls, self_paths, total_paths, pct) VALUES(716, 716, 40, 40, 1, 7, 10, 1, 1, 0.0);
INSERT INTO mainrows(id, symbol_id, self_count, cumulative_count, kids, self_calls, total_calls, self_paths, total_paths, pct) VALUES(717, 717, 0, 0, 0, 0, 0, 0, 0, 0.0);
INSERT INTO mainrows(id, symbol_id, self_count, cumulative_count, kids, self_calls, total_calls, self_paths, total_paths, pct) VALUES(718, 718, 10200, 10200, 0, 146, 2550, 3, 3, 0.0);
INSERT INTO parents(self_id, child_id, to_child_count, to_child_calls, to_child_paths, pct) VALUES(10,715,0,0,0,0);
INSERT INTO parents(self_id, child_id, to_child_count, to_child_calls, to_child_paths, pct) VALUES(715,716,40,10,1,0);
INSERT INTO parents(self_id, child_id, to_child_count, to_child_calls, to_child_paths, pct) VALUES(716,717,0,0,0,0);
INSERT INTO parents(self_id, child_id, to_child_count, to_child_calls, to_child_paths, pct) VALUES(715,718,10200,2550,3,0);
INSERT INTO children(self_id, parent_id, from_parent_count, from_parent_calls, from_parent_paths, pct) VALUES(715,10,10240,153,0,0);
INSERT INTO children(self_id, parent_id, from_parent_count, from_parent_calls, from_parent_paths, pct) VALUES(716,715,40,7,1,0);
INSERT INTO children(self_id, parent_id, from_parent_count, from_parent_calls, from_parent_paths, pct) VALUES(717,716,0,0,0,0);
INSERT INTO children(self_id, parent_id, from_parent_count, from_parent_calls, from_parent_paths, pct) VALUES(718,715,10200,146,3,0);
INSERT INTO mainrows(id, symbol_id, self_count, cumulative_count, kids, self_calls, total_calls, self_paths, total_paths, pct) VALUES(719, 719, 3302236, 3302236, 10, 444457, 694767, 6132, 6132, 0.0);
INSERT INTO mainrows(id, symbol_id, self_count, cumulative_count, kids, self_calls, total_calls, self_paths, total_paths, pct) VALUES(720, 720, 421308, 421308, 2, 10909, 105327, 2912, 2912, 0.0);
INSERT INTO mainrows(id, symbol_id, self_count, cumulative_count, kids, self_calls, total_calls, self_paths, total_paths, pct) VALUES(721, 721, 46640, 46640, 53, 15, 11660, 330, 330, 0.0);
INSERT INTO mainrows(id, symbol_id, self_count, cumulative_count, kids, self_calls, total_calls, self_paths, total_paths, pct) VALUES(722, 722, 848, 848, 0, 0, 212, 6, 6, 0.0);
INSERT INTO mainrows(id, symbol_id, self_count, cumulative_count, kids, self_calls, total_calls, self_paths, total_paths, pct) VALUES(723, 723, 848, 848, 0, 0, 212, 6, 6, 0.0);
INSERT INTO mainrows(id, symbol_id, self_count, cumulative_count, kids, self_calls, total_calls, self_paths, total_paths, pct) VALUES(724, 724, 848, 848, 0, 0, 212, 6, 6, 0.0);
INSERT INTO mainrows(id, symbol_id, self_count, cumulative_count, kids, self_calls, total_calls, self_paths, total_paths, pct) VALUES(725, 725, 848, 848, 0, 2, 212, 6, 6, 0.0);
INSERT INTO mainrows(id, symbol_id, self_count, cumulative_count, kids, self_calls, total_calls, self_paths, total_paths, pct) VALUES(726, 726, 848, 848, 0, 2, 212, 6, 6, 0.0);
INSERT INTO mainrows(id, symbol_id, self_count, cumulative_count, kids, self_calls, total_calls, self_paths, total_paths, pct) VALUES(727, 727, 848, 848, 0, 0, 212, 6, 6, 0.0);
INSERT INTO mainrows(id, symbol_id, self_count, cumulative_count, kids, self_calls, total_calls, self_paths, total_paths, pct) VALUES(728, 728, 848, 848, 0, 0, 212, 6, 6, 0.0);
INSERT INTO mainrows(id, symbol_id, self_count, cumulative_count, kids, self_calls, total_calls, self_paths, total_paths, pct) VALUES(729, 729, 848, 848, 0, 2, 212, 6, 6, 0.0);
INSERT INTO mainrows(id, symbol_id, self_count, cumulative_count, kids, self_calls, total_calls, self_paths, total_paths, pct) VALUES(730, 730, 848, 848, 0, 0, 212, 6, 6, 0.0);
INSERT INTO mainrows(id, symbol_id, self_count, cumulative_count, kids, self_calls, total_calls, self_paths, total_paths, pct) VALUES(731, 731, 848, 848, 0, 0, 212, 6, 6, 0.0);
INSERT INTO mainrows(id, symbol_id, self_count, cumulative_count, kids, self_calls, total_calls, self_paths, total_paths, pct) VALUES(732, 732, 1696, 1696, 0, 0, 424, 12, 12, 0.0);
INSERT INTO mainrows(id, symbol_id, self_count, cumulative_count, kids, self_calls, total_calls, self_paths, total_paths, pct) VALUES(733, 733, 848, 848, 0, 0, 212, 6, 6, 0.0);
INSERT INTO mainrows(id, symbol_id, self_count, cumulative_count, kids, self_calls, total_calls, self_paths, total_paths, pct) VALUES(734, 734, 848, 848, 0, 0, 212, 6, 6, 0.0);
INSERT INTO mainrows(id, symbol_id, self_count, cumulative_count, kids, self_calls, total_calls, self_paths, total_paths, pct) VALUES(735, 735, 848, 848, 0, 0, 212, 6, 6, 0.0);
INSERT INTO mainrows(id, symbol_id, self_count, cumulative_count, kids, self_calls, total_calls, self_paths, total_paths, pct) VALUES(736, 736, 848, 848, 0, 0, 212, 6, 6, 0.0);
INSERT INTO mainrows(id, symbol_id, self_count, cumulative_count, kids, self_calls, total_calls, self_paths, total_paths, pct) VALUES(737, 737, 848, 848, 0, 0, 212, 6, 6, 0.0);
INSERT INTO mainrows(id, symbol_id, self_count, cumulative_count, kids, self_calls, total_calls, self_paths, total_paths, pct) VALUES(738, 738, 848, 848, 0, 0, 212, 6, 6, 0.0);
INSERT INTO mainrows(id, symbol_id, self_count, cumulative_count, kids, self_calls, total_calls, self_paths, total_paths, pct) VALUES(739, 739, 848, 848, 0, 0, 212, 6, 6, 0.0);
INSERT INTO mainrows(id, symbol_id, self_count, cumulative_count, kids, self_calls, total_calls, self_paths, total_paths, pct) VALUES(740, 740, 848, 848, 0, 0, 212, 6, 6, 0.0);
INSERT INTO mainrows(id, symbol_id, self_count, cumulative_count, kids, self_calls, total_calls, self_paths, total_paths, pct) VALUES(741, 741, 848, 848, 0, 0, 212, 6, 6, 0.0);
INSERT INTO mainrows(id, symbol_id, self_count, cumulative_count, kids, self_calls, total_calls, self_paths, total_paths, pct) VALUES(742, 742, 848, 848, 0, 0, 212, 6, 6, 0.0);
INSERT INTO mainrows(id, symbol_id, self_count, cumulative_count, kids, self_calls, total_calls, self_paths, total_paths, pct) VALUES(743, 743, 848, 848, 0, 0, 212, 6, 6, 0.0);
INSERT INTO mainrows(id, symbol_id, self_count, cumulative_count, kids, self_calls, total_calls, self_paths, total_paths, pct) VALUES(744, 744, 848, 848, 0, 0, 212, 6, 6, 0.0);
INSERT INTO mainrows(id, symbol_id, self_count, cumulative_count, kids, self_calls, total_calls, self_paths, total_paths, pct) VALUES(745, 745, 848, 848, 0, 0, 212, 6, 6, 0.0);
INSERT INTO mainrows(id, symbol_id, self_count, cumulative_count, kids, self_calls, total_calls, self_paths, total_paths, pct) VALUES(746, 746, 1696, 1696, 0, 0, 424, 12, 12, 0.0);
INSERT INTO mainrows(id, symbol_id, self_count, cumulative_count, kids, self_calls, total_calls, self_paths, total_paths, pct) VALUES(747, 747, 848, 848, 0, 0, 212, 6, 6, 0.0);
INSERT INTO mainrows(id, symbol_id, self_count, cumulative_count, kids, self_calls, total_calls, self_paths, total_paths, pct) VALUES(748, 748, 848, 848, 0, 0, 212, 6, 6, 0.0);
INSERT INTO mainrows(id, symbol_id, self_count, cumulative_count, kids, self_calls, total_calls, self_paths, total_paths, pct) VALUES(749, 749, 848, 848, 0, 0, 212, 6, 6, 0.0);
INSERT INTO mainrows(id, symbol_id, self_count, cumulative_count, kids, self_calls, total_calls, self_paths, total_paths, pct) VALUES(750, 750, 848, 848, 0, 0, 212, 6, 6, 0.0);
INSERT INTO mainrows(id, symbol_id, self_count, cumulative_count, kids, self_calls, total_calls, self_paths, total_paths, pct) VALUES(751, 751, 848, 848, 0, 0, 212, 6, 6, 0.0);
INSERT INTO mainrows(id, symbol_id, self_count, cumulative_count, kids, self_calls, total_calls, self_paths, total_paths, pct) VALUES(752, 752, 848, 848, 0, 0, 212, 6, 6, 0.0);
INSERT INTO mainrows(id, symbol_id, self_count, cumulative_count, kids, self_calls, total_calls, self_paths, total_paths, pct) VALUES(753, 753, 848, 848, 0, 0, 212, 6, 6, 0.0);
INSERT INTO mainrows(id, symbol_id, self_count, cumulative_count, kids, self_calls, total_calls, self_paths, total_paths, pct) VALUES(754, 754, 848, 848, 0, 0, 212, 6, 6, 0.0);
INSERT INTO mainrows(id, symbol_id, self_count, cumulative_count, kids, self_calls, total_calls, self_paths, total_paths, pct) VALUES(755, 755, 848, 848, 0, 5, 212, 6, 6, 0.0);
INSERT INTO mainrows(id, symbol_id, self_count, cumulative_count, kids, self_calls, total_calls, self_paths, total_paths, pct) VALUES(756, 756, 848, 848, 0, 0, 212, 6, 6, 0.0);
INSERT INTO mainrows(id, symbol_id, self_count, cumulative_count, kids, self_calls, total_calls, self_paths, total_paths, pct) VALUES(757, 757, 848, 848, 0, 2, 212, 6, 6, 0.0);
INSERT INTO mainrows(id, symbol_id, self_count, cumulative_count, kids, self_calls, total_calls, self_paths, total_paths, pct) VALUES(758, 758, 848, 848, 0, 0, 212, 6, 6, 0.0);
INSERT INTO mainrows(id, symbol_id, self_count, cumulative_count, kids, self_calls, total_calls, self_paths, total_paths, pct) VALUES(759, 759, 848, 848, 0, 0, 212, 6, 6, 0.0);
INSERT INTO mainrows(id, symbol_id, self_count, cumulative_count, kids, self_calls, total_calls, self_paths, total_paths, pct) VALUES(760, 760, 848, 848, 0, 0, 212, 6, 6, 0.0);
INSERT INTO mainrows(id, symbol_id, self_count, cumulative_count, kids, self_calls, total_calls, self_paths, total_paths, pct) VALUES(761, 761, 848, 848, 0, 0, 212, 6, 6, 0.0);
INSERT INTO mainrows(id, symbol_id, self_count, cumulative_count, kids, self_calls, total_calls, self_paths, total_paths, pct) VALUES(762, 762, 848, 848, 0, 0, 212, 6, 6, 0.0);
INSERT INTO mainrows(id, symbol_id, self_count, cumulative_count, kids, self_calls, total_calls, self_paths, total_paths, pct) VALUES(763, 763, 848, 848, 0, 2, 212, 6, 6, 0.0);
INSERT INTO mainrows(id, symbol_id, self_count, cumulative_count, kids, self_calls, total_calls, self_paths, total_paths, pct) VALUES(764, 764, 848, 848, 0, 0, 212, 6, 6, 0.0);
INSERT INTO mainrows(id, symbol_id, self_count, cumulative_count, kids, self_calls, total_calls, self_paths, total_paths, pct) VALUES(765, 765, 848, 848, 0, 0, 212, 6, 6, 0.0);
INSERT INTO mainrows(id, symbol_id, self_count, cumulative_count, kids, self_calls, total_calls, self_paths, total_paths, pct) VALUES(766, 766, 848, 848, 0, 0, 212, 6, 6, 0.0);
INSERT INTO mainrows(id, symbol_id, self_count, cumulative_count, kids, self_calls, total_calls, self_paths, total_paths, pct) VALUES(767, 767, 848, 848, 0, 0, 212, 6, 6, 0.0);
INSERT INTO mainrows(id, symbol_id, self_count, cumulative_count, kids, self_calls, total_calls, self_paths, total_paths, pct) VALUES(768, 768, 848, 848, 0, 0, 212, 6, 6, 0.0);
INSERT INTO mainrows(id, symbol_id, self_count, cumulative_count, kids, self_calls, total_calls, self_paths, total_paths, pct) VALUES(769, 769, 848, 848, 0, 0, 212, 6, 6, 0.0);
INSERT INTO mainrows(id, symbol_id, self_count, cumulative_count, kids, self_calls, total_calls, self_paths, total_paths, pct) VALUES(770, 770, 848, 848, 0, 0, 212, 6, 6, 0.0);
INSERT INTO mainrows(id, symbol_id, self_count, cumulative_count, kids, self_calls, total_calls, self_paths, total_paths, pct) VALUES(771, 771, 848, 848, 0, 0, 212, 6, 6, 0.0);
INSERT INTO mainrows(id, symbol_id, self_count, cumulative_count, kids, self_calls, total_calls, self_paths, total_paths, pct) VALUES(772, 772, 848, 848, 0, 0, 212, 6, 6, 0.0);
INSERT INTO mainrows(id, symbol_id, self_count, cumulative_count, kids, self_calls, total_calls, self_paths, total_paths, pct) VALUES(773, 773, 848, 848, 0, 0, 212, 6, 6, 0.0);
INSERT INTO mainrows(id, symbol_id, self_count, cumulative_count, kids, self_calls, total_calls, self_paths, total_paths, pct) VALUES(774, 774, 848, 848, 0, 0, 212, 6, 6, 0.0);
INSERT INTO mainrows(id, symbol_id, self_count, cumulative_count, kids, self_calls, total_calls, self_paths, total_paths, pct) VALUES(775, 775, 373840, 373840, 53, 10799, 93460, 2580, 2580, 0.0);
INSERT INTO mainrows(id, symbol_id, self_count, cumulative_count, kids, self_calls, total_calls, self_paths, total_paths, pct) VALUES(776, 776, 6704, 6704, 0, 194, 1676, 44, 44, 0.0);
INSERT INTO mainrows(id, symbol_id, self_count, cumulative_count, kids, self_calls, total_calls, self_paths, total_paths, pct) VALUES(777, 777, 6704, 6704, 0, 194, 1676, 44, 44, 0.0);
INSERT INTO mainrows(id, symbol_id, self_count, cumulative_count, kids, self_calls, total_calls, self_paths, total_paths, pct) VALUES(778, 778, 6704, 6704, 0, 194, 1676, 44, 44, 0.0);
INSERT INTO mainrows(id, symbol_id, self_count, cumulative_count, kids, self_calls, total_calls, self_paths, total_paths, pct) VALUES(779, 779, 6704, 6704, 0, 213, 1676, 44, 44, 0.0);
INSERT INTO mainrows(id, symbol_id, self_count, cumulative_count, kids, self_calls, total_calls, self_paths, total_paths, pct) VALUES(780, 780, 6704, 6704, 0, 213, 1676, 44, 44, 0.0);
INSERT INTO mainrows(id, symbol_id, self_count, cumulative_count, kids, self_calls, total_calls, self_paths, total_paths, pct) VALUES(781, 781, 6704, 6704, 0, 194, 1676, 44, 44, 0.0);
INSERT INTO mainrows(id, symbol_id, self_count, cumulative_count, kids, self_calls, total_calls, self_paths, total_paths, pct) VALUES(782, 782, 6704, 6704, 0, 194, 1676, 44, 44, 0.0);
INSERT INTO mainrows(id, symbol_id, self_count, cumulative_count, kids, self_calls, total_calls, self_paths, total_paths, pct) VALUES(783, 783, 6704, 6704, 0, 210, 1676, 44, 44, 0.0);
INSERT INTO mainrows(id, symbol_id, self_count, cumulative_count, kids, self_calls, total_calls, self_paths, total_paths, pct) VALUES(784, 784, 6704, 6704, 0, 194, 1676, 44, 44, 0.0);
INSERT INTO mainrows(id, symbol_id, self_count, cumulative_count, kids, self_calls, total_calls, self_paths, total_paths, pct) VALUES(785, 785, 6704, 6704, 0, 194, 1676, 44, 44, 0.0);
INSERT INTO mainrows(id, symbol_id, self_count, cumulative_count, kids, self_calls, total_calls, self_paths, total_paths, pct) VALUES(786, 786, 13664, 13664, 0, 388, 3416, 96, 96, 0.0);
INSERT INTO mainrows(id, symbol_id, self_count, cumulative_count, kids, self_calls, total_calls, self_paths, total_paths, pct) VALUES(787, 787, 6960, 6960, 0, 194, 1740, 52, 52, 0.0);
INSERT INTO mainrows(id, symbol_id, self_count, cumulative_count, kids, self_calls, total_calls, self_paths, total_paths, pct) VALUES(788, 788, 6960, 6960, 0, 194, 1740, 52, 52, 0.0);
INSERT INTO mainrows(id, symbol_id, self_count, cumulative_count, kids, self_calls, total_calls, self_paths, total_paths, pct) VALUES(789, 789, 6960, 6960, 0, 194, 1740, 52, 52, 0.0);
INSERT INTO mainrows(id, symbol_id, self_count, cumulative_count, kids, self_calls, total_calls, self_paths, total_paths, pct) VALUES(790, 790, 6960, 6960, 0, 194, 1740, 52, 52, 0.0);
INSERT INTO mainrows(id, symbol_id, self_count, cumulative_count, kids, self_calls, total_calls, self_paths, total_paths, pct) VALUES(791, 791, 6960, 6960, 0, 194, 1740, 52, 52, 0.0);
INSERT INTO mainrows(id, symbol_id, self_count, cumulative_count, kids, self_calls, total_calls, self_paths, total_paths, pct) VALUES(792, 792, 6960, 6960, 0, 194, 1740, 52, 52, 0.0);
INSERT INTO mainrows(id, symbol_id, self_count, cumulative_count, kids, self_calls, total_calls, self_paths, total_paths, pct) VALUES(793, 793, 6960, 6960, 0, 194, 1740, 52, 52, 0.0);
INSERT INTO mainrows(id, symbol_id, self_count, cumulative_count, kids, self_calls, total_calls, self_paths, total_paths, pct) VALUES(794, 794, 6960, 6960, 0, 194, 1740, 52, 52, 0.0);
INSERT INTO mainrows(id, symbol_id, self_count, cumulative_count, kids, self_calls, total_calls, self_paths, total_paths, pct) VALUES(795, 795, 6960, 6960, 0, 194, 1740, 52, 52, 0.0);
INSERT INTO mainrows(id, symbol_id, self_count, cumulative_count, kids, self_calls, total_calls, self_paths, total_paths, pct) VALUES(796, 796, 6960, 6960, 0, 194, 1740, 52, 52, 0.0);
INSERT INTO mainrows(id, symbol_id, self_count, cumulative_count, kids, self_calls, total_calls, self_paths, total_paths, pct) VALUES(797, 797, 6960, 6960, 0, 194, 1740, 52, 52, 0.0);
INSERT INTO mainrows(id, symbol_id, self_count, cumulative_count, kids, self_calls, total_calls, self_paths, total_paths, pct) VALUES(798, 798, 6960, 6960, 0, 194, 1740, 52, 52, 0.0);
INSERT INTO mainrows(id, symbol_id, self_count, cumulative_count, kids, self_calls, total_calls, self_paths, total_paths, pct) VALUES(799, 799, 6960, 6960, 0, 194, 1740, 52, 52, 0.0);
INSERT INTO mainrows(id, symbol_id, self_count, cumulative_count, kids, self_calls, total_calls, self_paths, total_paths, pct) VALUES(800, 800, 13664, 13664, 0, 388, 3416, 96, 96, 0.0);
INSERT INTO mainrows(id, symbol_id, self_count, cumulative_count, kids, self_calls, total_calls, self_paths, total_paths, pct) VALUES(801, 801, 6960, 6960, 0, 194, 1740, 52, 52, 0.0);
INSERT INTO mainrows(id, symbol_id, self_count, cumulative_count, kids, self_calls, total_calls, self_paths, total_paths, pct) VALUES(802, 802, 6960, 6960, 0, 194, 1740, 52, 52, 0.0);
INSERT INTO mainrows(id, symbol_id, self_count, cumulative_count, kids, self_calls, total_calls, self_paths, total_paths, pct) VALUES(803, 803, 6960, 6960, 0, 194, 1740, 52, 52, 0.0);
INSERT INTO mainrows(id, symbol_id, self_count, cumulative_count, kids, self_calls, total_calls, self_paths, total_paths, pct) VALUES(804, 804, 6960, 6960, 0, 194, 1740, 52, 52, 0.0);
INSERT INTO mainrows(id, symbol_id, self_count, cumulative_count, kids, self_calls, total_calls, self_paths, total_paths, pct) VALUES(805, 805, 6960, 6960, 0, 194, 1740, 52, 52, 0.0);
INSERT INTO mainrows(id, symbol_id, self_count, cumulative_count, kids, self_calls, total_calls, self_paths, total_paths, pct) VALUES(806, 806, 6704, 6704, 0, 194, 1676, 44, 44, 0.0);
INSERT INTO mainrows(id, symbol_id, self_count, cumulative_count, kids, self_calls, total_calls, self_paths, total_paths, pct) VALUES(807, 807, 6704, 6704, 0, 194, 1676, 44, 44, 0.0);
INSERT INTO mainrows(id, symbol_id, self_count, cumulative_count, kids, self_calls, total_calls, self_paths, total_paths, pct) VALUES(808, 808, 6704, 6704, 0, 194, 1676, 44, 44, 0.0);
INSERT INTO mainrows(id, symbol_id, self_count, cumulative_count, kids, self_calls, total_calls, self_paths, total_paths, pct) VALUES(809, 809, 6704, 6704, 0, 231, 1676, 44, 44, 0.0);
INSERT INTO mainrows(id, symbol_id, self_count, cumulative_count, kids, self_calls, total_calls, self_paths, total_paths, pct) VALUES(810, 810, 6704, 6704, 0, 194, 1676, 44, 44, 0.0);
INSERT INTO mainrows(id, symbol_id, self_count, cumulative_count, kids, self_calls, total_calls, self_paths, total_paths, pct) VALUES(811, 811, 6704, 6704, 0, 213, 1676, 44, 44, 0.0);
INSERT INTO mainrows(id, symbol_id, self_count, cumulative_count, kids, self_calls, total_calls, self_paths, total_paths, pct) VALUES(812, 812, 6704, 6704, 0, 194, 1676, 44, 44, 0.0);
INSERT INTO mainrows(id, symbol_id, self_count, cumulative_count, kids, self_calls, total_calls, self_paths, total_paths, pct) VALUES(813, 813, 6704, 6704, 0, 194, 1676, 44, 44, 0.0);
INSERT INTO mainrows(id, symbol_id, self_count, cumulative_count, kids, self_calls, total_calls, self_paths, total_paths, pct) VALUES(814, 814, 6704, 6704, 0, 194, 1676, 44, 44, 0.0);
INSERT INTO mainrows(id, symbol_id, self_count, cumulative_count, kids, self_calls, total_calls, self_paths, total_paths, pct) VALUES(815, 815, 6704, 6704, 0, 194, 1676, 44, 44, 0.0);
INSERT INTO mainrows(id, symbol_id, self_count, cumulative_count, kids, self_calls, total_calls, self_paths, total_paths, pct) VALUES(816, 816, 6704, 6704, 0, 194, 1676, 44, 44, 0.0);
INSERT INTO mainrows(id, symbol_id, self_count, cumulative_count, kids, self_calls, total_calls, self_paths, total_paths, pct) VALUES(817, 817, 6704, 6704, 0, 213, 1676, 44, 44, 0.0);
INSERT INTO mainrows(id, symbol_id, self_count, cumulative_count, kids, self_calls, total_calls, self_paths, total_paths, pct) VALUES(818, 818, 6704, 6704, 0, 194, 1676, 44, 44, 0.0);
INSERT INTO mainrows(id, symbol_id, self_count, cumulative_count, kids, self_calls, total_calls, self_paths, total_paths, pct) VALUES(819, 819, 6704, 6704, 0, 194, 1676, 44, 44, 0.0);
INSERT INTO mainrows(id, symbol_id, self_count, cumulative_count, kids, self_calls, total_calls, self_paths, total_paths, pct) VALUES(820, 820, 6704, 6704, 0, 194, 1676, 44, 44, 0.0);
INSERT INTO mainrows(id, symbol_id, self_count, cumulative_count, kids, self_calls, total_calls, self_paths, total_paths, pct) VALUES(821, 821, 6704, 6704, 0, 194, 1676, 44, 44, 0.0);
INSERT INTO mainrows(id, symbol_id, self_count, cumulative_count, kids, self_calls, total_calls, self_paths, total_paths, pct) VALUES(822, 822, 6704, 6704, 0, 194, 1676, 44, 44, 0.0);
INSERT INTO mainrows(id, symbol_id, self_count, cumulative_count, kids, self_calls, total_calls, self_paths, total_paths, pct) VALUES(823, 823, 6704, 6704, 0, 194, 1676, 44, 44, 0.0);
INSERT INTO mainrows(id, symbol_id, self_count, cumulative_count, kids, self_calls, total_calls, self_paths, total_paths, pct) VALUES(824, 824, 6704, 6704, 0, 194, 1676, 44, 44, 0.0);
INSERT INTO mainrows(id, symbol_id, self_count, cumulative_count, kids, self_calls, total_calls, self_paths, total_paths, pct) VALUES(825, 825, 6704, 6704, 0, 194, 1676, 44, 44, 0.0);
INSERT INTO mainrows(id, symbol_id, self_count, cumulative_count, kids, self_calls, total_calls, self_paths, total_paths, pct) VALUES(826, 826, 6704, 6704, 0, 194, 1676, 44, 44, 0.0);
INSERT INTO mainrows(id, symbol_id, self_count, cumulative_count, kids, self_calls, total_calls, self_paths, total_paths, pct) VALUES(827, 827, 6704, 6704, 0, 194, 1676, 44, 44, 0.0);
INSERT INTO mainrows(id, symbol_id, self_count, cumulative_count, kids, self_calls, total_calls, self_paths, total_paths, pct) VALUES(828, 828, 6704, 6704, 0, 194, 1676, 44, 44, 0.0);
INSERT INTO mainrows(id, symbol_id, self_count, cumulative_count, kids, self_calls, total_calls, self_paths, total_paths, pct) VALUES(829, 829, 48, 48, 1, 8, 12, 2, 2, 0.0);
INSERT INTO mainrows(id, symbol_id, self_count, cumulative_count, kids, self_calls, total_calls, self_paths, total_paths, pct) VALUES(830, 830, 0, 0, 0, 0, 0, 0, 0, 0.0);
INSERT INTO mainrows(id, symbol_id, self_count, cumulative_count, kids, self_calls, total_calls, self_paths, total_paths, pct) VALUES(831, 831, 10344, 10344, 22, 662, 2586, 320, 320, 0.0);
INSERT INTO mainrows(id, symbol_id, self_count, cumulative_count, kids, self_calls, total_calls, self_paths, total_paths, pct) VALUES(832, 832, 96, 96, 0, 5, 24, 5, 5, 0.0);
INSERT INTO mainrows(id, symbol_id, self_count, cumulative_count, kids, self_calls, total_calls, self_paths, total_paths, pct) VALUES(833, 833, 204, 204, 0, 18, 51, 15, 15, 0.0);
INSERT INTO mainrows(id, symbol_id, self_count, cumulative_count, kids, self_calls, total_calls, self_paths, total_paths, pct) VALUES(834, 834, 108, 108, 0, 8, 27, 7, 7, 0.0);
INSERT INTO mainrows(id, symbol_id, self_count, cumulative_count, kids, self_calls, total_calls, self_paths, total_paths, pct) VALUES(835, 835, 788, 788, 0, 20, 197, 16, 16, 0.0);
INSERT INTO mainrows(id, symbol_id, self_count, cumulative_count, kids, self_calls, total_calls, self_paths, total_paths, pct) VALUES(836, 836, 236, 236, 0, 25, 59, 11, 11, 0.0);
INSERT INTO mainrows(id, symbol_id, self_count, cumulative_count, kids, self_calls, total_calls, self_paths, total_paths, pct) VALUES(837, 837, 1336, 1336, 0, 39, 334, 26, 26, 0.0);
INSERT INTO mainrows(id, symbol_id, self_count, cumulative_count, kids, self_calls, total_calls, self_paths, total_paths, pct) VALUES(838, 838, 856, 856, 0, 94, 214, 45, 45, 0.0);
INSERT INTO mainrows(id, symbol_id, self_count, cumulative_count, kids, self_calls, total_calls, self_paths, total_paths, pct) VALUES(839, 839, 16, 16, 0, 2, 4, 3, 3, 0.0);
INSERT INTO mainrows(id, symbol_id, self_count, cumulative_count, kids, self_calls, total_calls, self_paths, total_paths, pct) VALUES(840, 840, 32, 32, 0, 0, 8, 3, 3, 0.0);
INSERT INTO mainrows(id, symbol_id, self_count, cumulative_count, kids, self_calls, total_calls, self_paths, total_paths, pct) VALUES(841, 841, 304, 304, 0, 23, 76, 20, 20, 0.0);
INSERT INTO mainrows(id, symbol_id, self_count, cumulative_count, kids, self_calls, total_calls, self_paths, total_paths, pct) VALUES(842, 842, 220, 220, 0, 31, 55, 12, 12, 0.0);
INSERT INTO mainrows(id, symbol_id, self_count, cumulative_count, kids, self_calls, total_calls, self_paths, total_paths, pct) VALUES(843, 843, 148, 148, 0, 16, 37, 9, 9, 0.0);
INSERT INTO mainrows(id, symbol_id, self_count, cumulative_count, kids, self_calls, total_calls, self_paths, total_paths, pct) VALUES(844, 844, 440, 440, 0, 34, 110, 10, 10, 0.0);
INSERT INTO mainrows(id, symbol_id, self_count, cumulative_count, kids, self_calls, total_calls, self_paths, total_paths, pct) VALUES(845, 845, 732, 732, 0, 91, 183, 23, 23, 0.0);
INSERT INTO mainrows(id, symbol_id, self_count, cumulative_count, kids, self_calls, total_calls, self_paths, total_paths, pct) VALUES(846, 846, 456, 456, 0, 56, 114, 17, 17, 0.0);
INSERT INTO mainrows(id, symbol_id, self_count, cumulative_count, kids, self_calls, total_calls, self_paths, total_paths, pct) VALUES(847, 847, 252, 252, 0, 27, 63, 16, 16, 0.0);
INSERT INTO mainrows(id, symbol_id, self_count, cumulative_count, kids, self_calls, total_calls, self_paths, total_paths, pct) VALUES(848, 848, 1296, 1296, 0, 51, 324, 35, 35, 0.0);
INSERT INTO mainrows(id, symbol_id, self_count, cumulative_count, kids, self_calls, total_calls, self_paths, total_paths, pct) VALUES(849, 849, 252, 252, 0, 21, 63, 10, 10, 0.0);
INSERT INTO mainrows(id, symbol_id, self_count, cumulative_count, kids, self_calls, total_calls, self_paths, total_paths, pct) VALUES(850, 850, 144, 144, 0, 3, 36, 4, 4, 0.0);
INSERT INTO mainrows(id, symbol_id, self_count, cumulative_count, kids, self_calls, total_calls, self_paths, total_paths, pct) VALUES(851, 851, 448, 448, 0, 31, 112, 19, 19, 0.0);
INSERT INTO mainrows(id, symbol_id, self_count, cumulative_count, kids, self_calls, total_calls, self_paths, total_paths, pct) VALUES(852, 852, 68, 68, 0, 12, 17, 3, 3, 0.0);
INSERT INTO mainrows(id, symbol_id, self_count, cumulative_count, kids, self_calls, total_calls, self_paths, total_paths, pct) VALUES(853, 853, 656, 656, 0, 26, 164, 10, 10, 0.0);
INSERT INTO mainrows(id, symbol_id, self_count, cumulative_count, kids, self_calls, total_calls, self_paths, total_paths, pct) VALUES(854, 854, 24960, 24960, 1, 4051, 6240, 26, 26, 0.0);
INSERT INTO mainrows(id, symbol_id, self_count, cumulative_count, kids, self_calls, total_calls, self_paths, total_paths, pct) VALUES(855, 855, 24960, 24960, 0, 4051, 6240, 26, 26, 0.0);
INSERT INTO mainrows(id, symbol_id, self_count, cumulative_count, kids, self_calls, total_calls, self_paths, total_paths, pct) VALUES(856, 856, 276548, 276548, 2, 65793, 69137, 46, 46, 0.0);
INSERT INTO mainrows(id, symbol_id, self_count, cumulative_count, kids, self_calls, total_calls, self_paths, total_paths, pct) VALUES(857, 857, 275700, 275700, 3, 65742, 68925, 42, 42, 0.0);
INSERT INTO mainrows(id, symbol_id, self_count, cumulative_count, kids, self_calls, total_calls, self_paths, total_paths, pct) VALUES(858, 858, 91900, 91900, 0, 21914, 22975, 14, 14, 0.0);
INSERT INTO mainrows(id, symbol_id, self_count, cumulative_count, kids, self_calls, total_calls, self_paths, total_paths, pct) VALUES(859, 859, 91900, 91900, 0, 21914, 22975, 14, 14, 0.0);
INSERT INTO mainrows(id, symbol_id, self_count, cumulative_count, kids, self_calls, total_calls, self_paths, total_paths, pct) VALUES(860, 860, 91900, 91900, 0, 21914, 22975, 14, 14, 0.0);
INSERT INTO mainrows(id, symbol_id, self_count, cumulative_count, kids, self_calls, total_calls, self_paths, total_paths, pct) VALUES(861, 861, 848, 848, 0, 51, 212, 4, 4, 0.0);
INSERT INTO mainrows(id, symbol_id, self_count, cumulative_count, kids, self_calls, total_calls, self_paths, total_paths, pct) VALUES(862, 862, 102784, 102784, 4, 5719, 25696, 1376, 1376, 0.0);
INSERT INTO mainrows(id, symbol_id, self_count, cumulative_count, kids, self_calls, total_calls, self_paths, total_paths, pct) VALUES(863, 863, 25696, 25696, 8, 1515, 6424, 344, 344, 0.0);
INSERT INTO mainrows(id, symbol_id, self_count, cumulative_count, kids, self_calls, total_calls, self_paths, total_paths, pct) VALUES(864, 864, 3212, 3212, 0, 179, 803, 43, 43, 0.0);
INSERT INTO mainrows(id, symbol_id, self_count, cumulative_count, kids, self_calls, total_calls, self_paths, total_paths, pct) VALUES(865, 865, 3212, 3212, 0, 179, 803, 43, 43, 0.0);
INSERT INTO mainrows(id, symbol_id, self_count, cumulative_count, kids, self_calls, total_calls, self_paths, total_paths, pct) VALUES(866, 866, 3212, 3212, 0, 179, 803, 43, 43, 0.0);
INSERT INTO mainrows(id, symbol_id, self_count, cumulative_count, kids, self_calls, total_calls, self_paths, total_paths, pct) VALUES(867, 867, 3212, 3212, 0, 201, 803, 43, 43, 0.0);
INSERT INTO mainrows(id, symbol_id, self_count, cumulative_count, kids, self_calls, total_calls, self_paths, total_paths, pct) VALUES(868, 868, 3212, 3212, 0, 190, 803, 43, 43, 0.0);
INSERT INTO mainrows(id, symbol_id, self_count, cumulative_count, kids, self_calls, total_calls, self_paths, total_paths, pct) VALUES(869, 869, 3212, 3212, 0, 190, 803, 43, 43, 0.0);
INSERT INTO mainrows(id, symbol_id, self_count, cumulative_count, kids, self_calls, total_calls, self_paths, total_paths, pct) VALUES(870, 870, 3212, 3212, 0, 179, 803, 43, 43, 0.0);
INSERT INTO mainrows(id, symbol_id, self_count, cumulative_count, kids, self_calls, total_calls, self_paths, total_paths, pct) VALUES(871, 871, 3212, 3212, 0, 218, 803, 43, 43, 0.0);
INSERT INTO mainrows(id, symbol_id, self_count, cumulative_count, kids, self_calls, total_calls, self_paths, total_paths, pct) VALUES(872, 872, 25696, 25696, 8, 1382, 6424, 344, 344, 0.0);
INSERT INTO mainrows(id, symbol_id, self_count, cumulative_count, kids, self_calls, total_calls, self_paths, total_paths, pct) VALUES(873, 873, 3212, 3212, 0, 166, 803, 43, 43, 0.0);
INSERT INTO mainrows(id, symbol_id, self_count, cumulative_count, kids, self_calls, total_calls, self_paths, total_paths, pct) VALUES(874, 874, 3212, 3212, 0, 166, 803, 43, 43, 0.0);
INSERT INTO mainrows(id, symbol_id, self_count, cumulative_count, kids, self_calls, total_calls, self_paths, total_paths, pct) VALUES(875, 875, 3212, 3212, 0, 166, 803, 43, 43, 0.0);
INSERT INTO mainrows(id, symbol_id, self_count, cumulative_count, kids, self_calls, total_calls, self_paths, total_paths, pct) VALUES(876, 876, 3212, 3212, 0, 177, 803, 43, 43, 0.0);
INSERT INTO mainrows(id, symbol_id, self_count, cumulative_count, kids, self_calls, total_calls, self_paths, total_paths, pct) VALUES(877, 877, 3212, 3212, 0, 177, 803, 43, 43, 0.0);
INSERT INTO mainrows(id, symbol_id, self_count, cumulative_count, kids, self_calls, total_calls, self_paths, total_paths, pct) VALUES(878, 878, 3212, 3212, 0, 172, 803, 43, 43, 0.0);
INSERT INTO mainrows(id, symbol_id, self_count, cumulative_count, kids, self_calls, total_calls, self_paths, total_paths, pct) VALUES(879, 879, 3212, 3212, 0, 166, 803, 43, 43, 0.0);
INSERT INTO mainrows(id, symbol_id, self_count, cumulative_count, kids, self_calls, total_calls, self_paths, total_paths, pct) VALUES(880, 880, 3212, 3212, 0, 192, 803, 43, 43, 0.0);
INSERT INTO mainrows(id, symbol_id, self_count, cumulative_count, kids, self_calls, total_calls, self_paths, total_paths, pct) VALUES(881, 881, 25696, 25696, 8, 1346, 6424, 344, 344, 0.0);
INSERT INTO mainrows(id, symbol_id, self_count, cumulative_count, kids, self_calls, total_calls, self_paths, total_paths, pct) VALUES(882, 882, 3212, 3212, 0, 163, 803, 43, 43, 0.0);
INSERT INTO mainrows(id, symbol_id, self_count, cumulative_count, kids, self_calls, total_calls, self_paths, total_paths, pct) VALUES(883, 883, 3212, 3212, 0, 163, 803, 43, 43, 0.0);
INSERT INTO mainrows(id, symbol_id, self_count, cumulative_count, kids, self_calls, total_calls, self_paths, total_paths, pct) VALUES(884, 884, 3212, 3212, 0, 163, 803, 43, 43, 0.0);
INSERT INTO mainrows(id, symbol_id, self_count, cumulative_count, kids, self_calls, total_calls, self_paths, total_paths, pct) VALUES(885, 885, 3212, 3212, 0, 174, 803, 43, 43, 0.0);
INSERT INTO mainrows(id, symbol_id, self_count, cumulative_count, kids, self_calls, total_calls, self_paths, total_paths, pct) VALUES(886, 886, 3212, 3212, 0, 174, 803, 43, 43, 0.0);
INSERT INTO mainrows(id, symbol_id, self_count, cumulative_count, kids, self_calls, total_calls, self_paths, total_paths, pct) VALUES(887, 887, 3212, 3212, 0, 163, 803, 43, 43, 0.0);
INSERT INTO mainrows(id, symbol_id, self_count, cumulative_count, kids, self_calls, total_calls, self_paths, total_paths, pct) VALUES(888, 888, 3212, 3212, 0, 163, 803, 43, 43, 0.0);
INSERT INTO mainrows(id, symbol_id, self_count, cumulative_count, kids, self_calls, total_calls, self_paths, total_paths, pct) VALUES(889, 889, 3212, 3212, 0, 183, 803, 43, 43, 0.0);
INSERT INTO mainrows(id, symbol_id, self_count, cumulative_count, kids, self_calls, total_calls, self_paths, total_paths, pct) VALUES(890, 890, 25696, 25696, 8, 1476, 6424, 344, 344, 0.0);
INSERT INTO mainrows(id, symbol_id, self_count, cumulative_count, kids, self_calls, total_calls, self_paths, total_paths, pct) VALUES(891, 891, 3212, 3212, 0, 174, 803, 43, 43, 0.0);
INSERT INTO mainrows(id, symbol_id, self_count, cumulative_count, kids, self_calls, total_calls, self_paths, total_paths, pct) VALUES(892, 892, 3212, 3212, 0, 174, 803, 43, 43, 0.0);
INSERT INTO mainrows(id, symbol_id, self_count, cumulative_count, kids, self_calls, total_calls, self_paths, total_paths, pct) VALUES(893, 893, 3212, 3212, 0, 174, 803, 43, 43, 0.0);
INSERT INTO mainrows(id, symbol_id, self_count, cumulative_count, kids, self_calls, total_calls, self_paths, total_paths, pct) VALUES(894, 894, 3212, 3212, 0, 196, 803, 43, 43, 0.0);
INSERT INTO mainrows(id, symbol_id, self_count, cumulative_count, kids, self_calls, total_calls, self_paths, total_paths, pct) VALUES(895, 895, 3212, 3212, 0, 184, 803, 43, 43, 0.0);
INSERT INTO mainrows(id, symbol_id, self_count, cumulative_count, kids, self_calls, total_calls, self_paths, total_paths, pct) VALUES(896, 896, 3212, 3212, 0, 186, 803, 43, 43, 0.0);
INSERT INTO mainrows(id, symbol_id, self_count, cumulative_count, kids, self_calls, total_calls, self_paths, total_paths, pct) VALUES(897, 897, 3212, 3212, 0, 174, 803, 43, 43, 0.0);
INSERT INTO mainrows(id, symbol_id, self_count, cumulative_count, kids, self_calls, total_calls, self_paths, total_paths, pct) VALUES(898, 898, 3212, 3212, 0, 214, 803, 43, 43, 0.0);
INSERT INTO mainrows(id, symbol_id, self_count, cumulative_count, kids, self_calls, total_calls, self_paths, total_paths, pct) VALUES(899, 899, 1532604, 1532604, 1, 165766, 261671, 582, 582, 0.0);
INSERT INTO mainrows(id, symbol_id, self_count, cumulative_count, kids, self_calls, total_calls, self_paths, total_paths, pct) VALUES(900, 900, 1532604, 1532604, 4, 165766, 261671, 582, 582, 0.0);
INSERT INTO mainrows(id, symbol_id, self_count, cumulative_count, kids, self_calls, total_calls, self_paths, total_paths, pct) VALUES(901, 901, 774584, 774584, 2, 67690, 117206, 292, 292, 0.0);
INSERT INTO mainrows(id, symbol_id, self_count, cumulative_count, kids, self_calls, total_calls, self_paths, total_paths, pct) VALUES(902, 902, 387292, 387292, 9, 33845, 58603, 146, 146, 0.0);
INSERT INTO mainrows(id, symbol_id, self_count, cumulative_count, kids, self_calls, total_calls, self_paths, total_paths, pct) VALUES(903, 903, 49628, 49628, 0, 4768, 7287, 15, 15, 0.0);
INSERT INTO mainrows(id, symbol_id, self_count, cumulative_count, kids, self_calls, total_calls, self_paths, total_paths, pct) VALUES(904, 904, 49628, 49628, 0, 4768, 7287, 15, 15, 0.0);
INSERT INTO mainrows(id, symbol_id, self_count, cumulative_count, kids, self_calls, total_calls, self_paths, total_paths, pct) VALUES(905, 905, 49628, 49628, 0, 4768, 7287, 15, 15, 0.0);
INSERT INTO mainrows(id, symbol_id, self_count, cumulative_count, kids, self_calls, total_calls, self_paths, total_paths, pct) VALUES(906, 906, 41948, 41948, 0, 3828, 6327, 15, 15, 0.0);
INSERT INTO mainrows(id, symbol_id, self_count, cumulative_count, kids, self_calls, total_calls, self_paths, total_paths, pct) VALUES(907, 907, 41948, 41948, 0, 3828, 6327, 15, 15, 0.0);
INSERT INTO mainrows(id, symbol_id, self_count, cumulative_count, kids, self_calls, total_calls, self_paths, total_paths, pct) VALUES(908, 908, 41948, 41948, 0, 3828, 6327, 15, 15, 0.0);
INSERT INTO mainrows(id, symbol_id, self_count, cumulative_count, kids, self_calls, total_calls, self_paths, total_paths, pct) VALUES(909, 909, 34268, 34268, 0, 2892, 5367, 15, 15, 0.0);
INSERT INTO mainrows(id, symbol_id, self_count, cumulative_count, kids, self_calls, total_calls, self_paths, total_paths, pct) VALUES(910, 910, 34268, 34268, 0, 2892, 5367, 15, 15, 0.0);
INSERT INTO mainrows(id, symbol_id, self_count, cumulative_count, kids, self_calls, total_calls, self_paths, total_paths, pct) VALUES(911, 911, 29148, 29148, 0, 2272, 4727, 15, 15, 0.0);
INSERT INTO mainrows(id, symbol_id, self_count, cumulative_count, kids, self_calls, total_calls, self_paths, total_paths, pct) VALUES(912, 912, 387292, 387292, 9, 33845, 58603, 146, 146, 0.0);
INSERT INTO mainrows(id, symbol_id, self_count, cumulative_count, kids, self_calls, total_calls, self_paths, total_paths, pct) VALUES(913, 913, 49628, 49628, 0, 4768, 7287, 15, 15, 0.0);
INSERT INTO mainrows(id, symbol_id, self_count, cumulative_count, kids, self_calls, total_calls, self_paths, total_paths, pct) VALUES(914, 914, 49628, 49628, 0, 4768, 7287, 15, 15, 0.0);
INSERT INTO mainrows(id, symbol_id, self_count, cumulative_count, kids, self_calls, total_calls, self_paths, total_paths, pct) VALUES(915, 915, 49628, 49628, 0, 4768, 7287, 15, 15, 0.0);
INSERT INTO mainrows(id, symbol_id, self_count, cumulative_count, kids, self_calls, total_calls, self_paths, total_paths, pct) VALUES(916, 916, 41948, 41948, 0, 3828, 6327, 15, 15, 0.0);
INSERT INTO mainrows(id, symbol_id, self_count, cumulative_count, kids, self_calls, total_calls, self_paths, total_paths, pct) VALUES(917, 917, 41948, 41948, 0, 3828, 6327, 15, 15, 0.0);
INSERT INTO mainrows(id, symbol_id, self_count, cumulative_count, kids, self_calls, total_calls, self_paths, total_paths, pct) VALUES(918, 918, 41948, 41948, 0, 3828, 6327, 15, 15, 0.0);
INSERT INTO mainrows(id, symbol_id, self_count, cumulative_count, kids, self_calls, total_calls, self_paths, total_paths, pct) VALUES(919, 919, 34268, 34268, 0, 2892, 5367, 15, 15, 0.0);
INSERT INTO mainrows(id, symbol_id, self_count, cumulative_count, kids, self_calls, total_calls, self_paths, total_paths, pct) VALUES(920, 920, 34268, 34268, 0, 2892, 5367, 15, 15, 0.0);
INSERT INTO mainrows(id, symbol_id, self_count, cumulative_count, kids, self_calls, total_calls, self_paths, total_paths, pct) VALUES(921, 921, 29148, 29148, 0, 2272, 4727, 15, 15, 0.0);
INSERT INTO mainrows(id, symbol_id, self_count, cumulative_count, kids, self_calls, total_calls, self_paths, total_paths, pct) VALUES(922, 922, 138384, 138384, 4, 10589, 21560, 71, 71, 0.0);
INSERT INTO mainrows(id, symbol_id, self_count, cumulative_count, kids, self_calls, total_calls, self_paths, total_paths, pct) VALUES(923, 923, 32476, 32476, 0, 2712, 5143, 15, 15, 0.0);
INSERT INTO mainrows(id, symbol_id, self_count, cumulative_count, kids, self_calls, total_calls, self_paths, total_paths, pct) VALUES(924, 924, 38620, 38620, 0, 3428, 5911, 15, 15, 0.0);
INSERT INTO mainrows(id, symbol_id, self_count, cumulative_count, kids, self_calls, total_calls, self_paths, total_paths, pct) VALUES(925, 925, 24284, 24284, 0, 2000, 3863, 15, 15, 0.0);
INSERT INTO mainrows(id, symbol_id, self_count, cumulative_count, kids, self_calls, total_calls, self_paths, total_paths, pct) VALUES(926, 926, 28124, 28124, 0, 2448, 4343, 15, 15, 0.0);
INSERT INTO mainrows(id, symbol_id, self_count, cumulative_count, kids, self_calls, total_calls, self_paths, total_paths, pct) VALUES(927, 927, 135528, 135528, 2, 5810, 24322, 112, 112, 0.0);
INSERT INTO mainrows(id, symbol_id, self_count, cumulative_count, kids, self_calls, total_calls, self_paths, total_paths, pct) VALUES(928, 928, 67764, 67764, 3, 2905, 12161, 56, 56, 0.0);
INSERT INTO mainrows(id, symbol_id, self_count, cumulative_count, kids, self_calls, total_calls, self_paths, total_paths, pct) VALUES(929, 929, 17628, 17628, 0, 968, 3287, 15, 15, 0.0);
INSERT INTO mainrows(id, symbol_id, self_count, cumulative_count, kids, self_calls, total_calls, self_paths, total_paths, pct) VALUES(930, 930, 17628, 17628, 0, 968, 3287, 15, 15, 0.0);
INSERT INTO mainrows(id, symbol_id, self_count, cumulative_count, kids, self_calls, total_calls, self_paths, total_paths, pct) VALUES(931, 931, 17628, 17628, 0, 968, 3287, 15, 15, 0.0);
INSERT INTO mainrows(id, symbol_id, self_count, cumulative_count, kids, self_calls, total_calls, self_paths, total_paths, pct) VALUES(932, 932, 67764, 67764, 3, 2905, 12161, 56, 56, 0.0);
INSERT INTO mainrows(id, symbol_id, self_count, cumulative_count, kids, self_calls, total_calls, self_paths, total_paths, pct) VALUES(933, 933, 17628, 17628, 0, 968, 3287, 15, 15, 0.0);
INSERT INTO mainrows(id, symbol_id, self_count, cumulative_count, kids, self_calls, total_calls, self_paths, total_paths, pct) VALUES(934, 934, 17628, 17628, 0, 968, 3287, 15, 15, 0.0);
INSERT INTO mainrows(id, symbol_id, self_count, cumulative_count, kids, self_calls, total_calls, self_paths, total_paths, pct) VALUES(935, 935, 17628, 17628, 0, 968, 3287, 15, 15, 0.0);
INSERT INTO mainrows(id, symbol_id, self_count, cumulative_count, kids, self_calls, total_calls, self_paths, total_paths, pct) VALUES(936, 936, 226888, 226888, 6, 19225, 34278, 101, 101, 0.0);
INSERT INTO mainrows(id, symbol_id, self_count, cumulative_count, kids, self_calls, total_calls, self_paths, total_paths, pct) VALUES(937, 937, 39644, 39644, 0, 3784, 5783, 15, 15, 0.0);
INSERT INTO mainrows(id, symbol_id, self_count, cumulative_count, kids, self_calls, total_calls, self_paths, total_paths, pct) VALUES(938, 938, 44252, 44252, 0, 4320, 6359, 15, 15, 0.0);
INSERT INTO mainrows(id, symbol_id, self_count, cumulative_count, kids, self_calls, total_calls, self_paths, total_paths, pct) VALUES(939, 939, 27356, 27356, 0, 2356, 4247, 15, 15, 0.0);
INSERT INTO mainrows(id, symbol_id, self_count, cumulative_count, kids, self_calls, total_calls, self_paths, total_paths, pct) VALUES(940, 940, 29660, 29660, 0, 2624, 4535, 15, 15, 0.0);
INSERT INTO mainrows(id, symbol_id, self_count, cumulative_count, kids, self_calls, total_calls, self_paths, total_paths, pct) VALUES(941, 941, 34012, 34012, 0, 2892, 5335, 15, 15, 0.0);
INSERT INTO mainrows(id, symbol_id, self_count, cumulative_count, kids, self_calls, total_calls, self_paths, total_paths, pct) VALUES(942, 942, 37084, 37084, 0, 3248, 5719, 15, 15, 0.0);
INSERT INTO mainrows(id, symbol_id, self_count, cumulative_count, kids, self_calls, total_calls, self_paths, total_paths, pct) VALUES(943, 943, 18640, 18640, 2, 111, 4660, 231, 231, 0.0);
INSERT INTO mainrows(id, symbol_id, self_count, cumulative_count, kids, self_calls, total_calls, self_paths, total_paths, pct) VALUES(944, 944, 3588, 3588, 13, 62, 897, 58, 58, 0.0);
INSERT INTO mainrows(id, symbol_id, self_count, cumulative_count, kids, self_calls, total_calls, self_paths, total_paths, pct) VALUES(945, 945, 232, 232, 0, 6, 58, 4, 4, 0.0);
INSERT INTO mainrows(id, symbol_id, self_count, cumulative_count, kids, self_calls, total_calls, self_paths, total_paths, pct) VALUES(946, 946, 240, 240, 0, 2, 60, 4, 4, 0.0);
INSERT INTO mainrows(id, symbol_id, self_count, cumulative_count, kids, self_calls, total_calls, self_paths, total_paths, pct) VALUES(947, 947, 240, 240, 0, 2, 60, 4, 4, 0.0);
INSERT INTO mainrows(id, symbol_id, self_count, cumulative_count, kids, self_calls, total_calls, self_paths, total_paths, pct) VALUES(948, 948, 240, 240, 0, 1, 60, 4, 4, 0.0);
INSERT INTO mainrows(id, symbol_id, self_count, cumulative_count, kids, self_calls, total_calls, self_paths, total_paths, pct) VALUES(949, 949, 232, 232, 0, 7, 58, 4, 4, 0.0);
INSERT INTO mainrows(id, symbol_id, self_count, cumulative_count, kids, self_calls, total_calls, self_paths, total_paths, pct) VALUES(950, 950, 232, 232, 0, 7, 58, 4, 4, 0.0);
INSERT INTO mainrows(id, symbol_id, self_count, cumulative_count, kids, self_calls, total_calls, self_paths, total_paths, pct) VALUES(951, 951, 232, 232, 0, 7, 58, 4, 4, 0.0);
INSERT INTO mainrows(id, symbol_id, self_count, cumulative_count, kids, self_calls, total_calls, self_paths, total_paths, pct) VALUES(952, 952, 236, 236, 0, 3, 59, 4, 4, 0.0);
INSERT INTO mainrows(id, symbol_id, self_count, cumulative_count, kids, self_calls, total_calls, self_paths, total_paths, pct) VALUES(953, 953, 236, 236, 0, 8, 59, 4, 4, 0.0);
INSERT INTO mainrows(id, symbol_id, self_count, cumulative_count, kids, self_calls, total_calls, self_paths, total_paths, pct) VALUES(954, 954, 240, 240, 0, 2, 60, 4, 4, 0.0);
INSERT INTO mainrows(id, symbol_id, self_count, cumulative_count, kids, self_calls, total_calls, self_paths, total_paths, pct) VALUES(955, 955, 228, 228, 0, 6, 57, 4, 4, 0.0);
INSERT INTO mainrows(id, symbol_id, self_count, cumulative_count, kids, self_calls, total_calls, self_paths, total_paths, pct) VALUES(956, 956, 912, 912, 0, 0, 228, 12, 12, 0.0);
INSERT INTO mainrows(id, symbol_id, self_count, cumulative_count, kids, self_calls, total_calls, self_paths, total_paths, pct) VALUES(957, 957, 88, 88, 1, 11, 22, 2, 2, 0.0);
INSERT INTO mainrows(id, symbol_id, self_count, cumulative_count, kids, self_calls, total_calls, self_paths, total_paths, pct) VALUES(958, 958, 88, 88, 0, 11, 22, 2, 2, 0.0);
INSERT INTO mainrows(id, symbol_id, self_count, cumulative_count, kids, self_calls, total_calls, self_paths, total_paths, pct) VALUES(959, 959, 15052, 15052, 13, 49, 3763, 173, 173, 0.0);
INSERT INTO mainrows(id, symbol_id, self_count, cumulative_count, kids, self_calls, total_calls, self_paths, total_paths, pct) VALUES(960, 960, 1184, 1184, 1, 8, 296, 13, 13, 0.0);
INSERT INTO mainrows(id, symbol_id, self_count, cumulative_count, kids, self_calls, total_calls, self_paths, total_paths, pct) VALUES(961, 961, 560, 560, 0, 7, 140, 8, 8, 0.0);
INSERT INTO mainrows(id, symbol_id, self_count, cumulative_count, kids, self_calls, total_calls, self_paths, total_paths, pct) VALUES(962, 962, 1192, 1192, 1, 0, 298, 13, 13, 0.0);
INSERT INTO mainrows(id, symbol_id, self_count, cumulative_count, kids, self_calls, total_calls, self_paths, total_paths, pct) VALUES(963, 963, 560, 560, 0, 0, 140, 8, 8, 0.0);
INSERT INTO mainrows(id, symbol_id, self_count, cumulative_count, kids, self_calls, total_calls, self_paths, total_paths, pct) VALUES(964, 964, 1192, 1192, 1, 0, 298, 13, 13, 0.0);
INSERT INTO mainrows(id, symbol_id, self_count, cumulative_count, kids, self_calls, total_calls, self_paths, total_paths, pct) VALUES(965, 965, 560, 560, 0, 0, 140, 8, 8, 0.0);
INSERT INTO mainrows(id, symbol_id, self_count, cumulative_count, kids, self_calls, total_calls, self_paths, total_paths, pct) VALUES(966, 966, 1192, 1192, 1, 0, 298, 13, 13, 0.0);
INSERT INTO mainrows(id, symbol_id, self_count, cumulative_count, kids, self_calls, total_calls, self_paths, total_paths, pct) VALUES(967, 967, 560, 560, 0, 0, 140, 8, 8, 0.0);
INSERT INTO mainrows(id, symbol_id, self_count, cumulative_count, kids, self_calls, total_calls, self_paths, total_paths, pct) VALUES(968, 968, 1184, 1184, 1, 2, 296, 13, 13, 0.0);
INSERT INTO mainrows(id, symbol_id, self_count, cumulative_count, kids, self_calls, total_calls, self_paths, total_paths, pct) VALUES(969, 969, 560, 560, 0, 0, 140, 8, 8, 0.0);
INSERT INTO mainrows(id, symbol_id, self_count, cumulative_count, kids, self_calls, total_calls, self_paths, total_paths, pct) VALUES(970, 970, 1184, 1184, 1, 2, 296, 13, 13, 0.0);
INSERT INTO mainrows(id, symbol_id, self_count, cumulative_count, kids, self_calls, total_calls, self_paths, total_paths, pct) VALUES(971, 971, 560, 560, 0, 0, 140, 8, 8, 0.0);
INSERT INTO mainrows(id, symbol_id, self_count, cumulative_count, kids, self_calls, total_calls, self_paths, total_paths, pct) VALUES(972, 972, 1184, 1184, 1, 2, 296, 13, 13, 0.0);
INSERT INTO mainrows(id, symbol_id, self_count, cumulative_count, kids, self_calls, total_calls, self_paths, total_paths, pct) VALUES(973, 973, 560, 560, 0, 0, 140, 8, 8, 0.0);
INSERT INTO mainrows(id, symbol_id, self_count, cumulative_count, kids, self_calls, total_calls, self_paths, total_paths, pct) VALUES(974, 974, 1188, 1188, 1, 1, 297, 13, 13, 0.0);
INSERT INTO mainrows(id, symbol_id, self_count, cumulative_count, kids, self_calls, total_calls, self_paths, total_paths, pct) VALUES(975, 975, 560, 560, 0, 0, 140, 8, 8, 0.0);
INSERT INTO mainrows(id, symbol_id, self_count, cumulative_count, kids, self_calls, total_calls, self_paths, total_paths, pct) VALUES(976, 976, 788, 788, 1, 5, 197, 12, 12, 0.0);
INSERT INTO mainrows(id, symbol_id, self_count, cumulative_count, kids, self_calls, total_calls, self_paths, total_paths, pct) VALUES(977, 977, 560, 560, 0, 4, 140, 8, 8, 0.0);
INSERT INTO mainrows(id, symbol_id, self_count, cumulative_count, kids, self_calls, total_calls, self_paths, total_paths, pct) VALUES(978, 978, 1192, 1192, 1, 1, 298, 13, 13, 0.0);
INSERT INTO mainrows(id, symbol_id, self_count, cumulative_count, kids, self_calls, total_calls, self_paths, total_paths, pct) VALUES(979, 979, 560, 560, 0, 0, 140, 8, 8, 0.0);
INSERT INTO mainrows(id, symbol_id, self_count, cumulative_count, kids, self_calls, total_calls, self_paths, total_paths, pct) VALUES(980, 980, 780, 780, 1, 2, 195, 12, 12, 0.0);
INSERT INTO mainrows(id, symbol_id, self_count, cumulative_count, kids, self_calls, total_calls, self_paths, total_paths, pct) VALUES(981, 981, 560, 560, 0, 0, 140, 8, 8, 0.0);
INSERT INTO mainrows(id, symbol_id, self_count, cumulative_count, kids, self_calls, total_calls, self_paths, total_paths, pct) VALUES(982, 982, 2704, 2704, 1, 22, 676, 30, 30, 0.0);
INSERT INTO mainrows(id, symbol_id, self_count, cumulative_count, kids, self_calls, total_calls, self_paths, total_paths, pct) VALUES(983, 983, 1312, 1312, 0, 22, 328, 16, 16, 0.0);
INSERT INTO mainrows(id, symbol_id, self_count, cumulative_count, kids, self_calls, total_calls, self_paths, total_paths, pct) VALUES(984, 984, 88, 88, 1, 4, 22, 2, 2, 0.0);
INSERT INTO mainrows(id, symbol_id, self_count, cumulative_count, kids, self_calls, total_calls, self_paths, total_paths, pct) VALUES(985, 985, 88, 88, 0, 4, 22, 2, 2, 0.0);
INSERT INTO mainrows(id, symbol_id, self_count, cumulative_count, kids, self_calls, total_calls, self_paths, total_paths, pct) VALUES(986, 986, 96888, 96888, 2, 10832, 24222, 406, 406, 0.0);
INSERT INTO mainrows(id, symbol_id, self_count, cumulative_count, kids, self_calls, total_calls, self_paths, total_paths, pct) VALUES(987, 987, 33384, 33384, 2, 3156, 8346, 138, 138, 0.0);
INSERT INTO mainrows(id, symbol_id, self_count, cumulative_count, kids, self_calls, total_calls, self_paths, total_paths, pct) VALUES(988, 988, 16692, 16692, 3, 1578, 4173, 69, 69, 0.0);
INSERT INTO mainrows(id, symbol_id, self_count, cumulative_count, kids, self_calls, total_calls, self_paths, total_paths, pct) VALUES(989, 989, 5564, 5564, 0, 526, 1391, 23, 23, 0.0);
INSERT INTO mainrows(id, symbol_id, self_count, cumulative_count, kids, self_calls, total_calls, self_paths, total_paths, pct) VALUES(990, 990, 5564, 5564, 0, 526, 1391, 23, 23, 0.0);
INSERT INTO mainrows(id, symbol_id, self_count, cumulative_count, kids, self_calls, total_calls, self_paths, total_paths, pct) VALUES(991, 991, 5564, 5564, 0, 526, 1391, 23, 23, 0.0);
INSERT INTO mainrows(id, symbol_id, self_count, cumulative_count, kids, self_calls, total_calls, self_paths, total_paths, pct) VALUES(992, 992, 16692, 16692, 3, 1578, 4173, 69, 69, 0.0);
INSERT INTO mainrows(id, symbol_id, self_count, cumulative_count, kids, self_calls, total_calls, self_paths, total_paths, pct) VALUES(993, 993, 5564, 5564, 0, 526, 1391, 23, 23, 0.0);
INSERT INTO mainrows(id, symbol_id, self_count, cumulative_count, kids, self_calls, total_calls, self_paths, total_paths, pct) VALUES(994, 994, 5564, 5564, 0, 526, 1391, 23, 23, 0.0);
INSERT INTO mainrows(id, symbol_id, self_count, cumulative_count, kids, self_calls, total_calls, self_paths, total_paths, pct) VALUES(995, 995, 5564, 5564, 0, 526, 1391, 23, 23, 0.0);
INSERT INTO mainrows(id, symbol_id, self_count, cumulative_count, kids, self_calls, total_calls, self_paths, total_paths, pct) VALUES(996, 996, 63504, 63504, 5, 7676, 15876, 268, 268, 0.0);
INSERT INTO mainrows(id, symbol_id, self_count, cumulative_count, kids, self_calls, total_calls, self_paths, total_paths, pct) VALUES(997, 997, 9036, 9036, 3, 1356, 2259, 39, 39, 0.0);
INSERT INTO mainrows(id, symbol_id, self_count, cumulative_count, kids, self_calls, total_calls, self_paths, total_paths, pct) VALUES(998, 998, 3012, 3012, 0, 452, 753, 13, 13, 0.0);
INSERT INTO mainrows(id, symbol_id, self_count, cumulative_count, kids, self_calls, total_calls, self_paths, total_paths, pct) VALUES(999, 999, 3012, 3012, 0, 452, 753, 13, 13, 0.0);
INSERT INTO mainrows(id, symbol_id, self_count, cumulative_count, kids, self_calls, total_calls, self_paths, total_paths, pct) VALUES(1000, 1000, 3012, 3012, 0, 452, 753, 13, 13, 0.0);
INSERT INTO mainrows(id, symbol_id, self_count, cumulative_count, kids, self_calls, total_calls, self_paths, total_paths, pct) VALUES(1001, 1001, 9036, 9036, 3, 1356, 2259, 39, 39, 0.0);
INSERT INTO mainrows(id, symbol_id, self_count, cumulative_count, kids, self_calls, total_calls, self_paths, total_paths, pct) VALUES(1002, 1002, 3012, 3012, 0, 452, 753, 13, 13, 0.0);
INSERT INTO mainrows(id, symbol_id, self_count, cumulative_count, kids, self_calls, total_calls, self_paths, total_paths, pct) VALUES(1003, 1003, 3012, 3012, 0, 452, 753, 13, 13, 0.0);
INSERT INTO mainrows(id, symbol_id, self_count, cumulative_count, kids, self_calls, total_calls, self_paths, total_paths, pct) VALUES(1004, 1004, 3012, 3012, 0, 452, 753, 13, 13, 0.0);
INSERT INTO mainrows(id, symbol_id, self_count, cumulative_count, kids, self_calls, total_calls, self_paths, total_paths, pct) VALUES(1005, 1005, 12048, 12048, 4, 1808, 3012, 52, 52, 0.0);
INSERT INTO mainrows(id, symbol_id, self_count, cumulative_count, kids, self_calls, total_calls, self_paths, total_paths, pct) VALUES(1006, 1006, 3012, 3012, 0, 452, 753, 13, 13, 0.0);
INSERT INTO mainrows(id, symbol_id, self_count, cumulative_count, kids, self_calls, total_calls, self_paths, total_paths, pct) VALUES(1007, 1007, 3012, 3012, 0, 452, 753, 13, 13, 0.0);
INSERT INTO mainrows(id, symbol_id, self_count, cumulative_count, kids, self_calls, total_calls, self_paths, total_paths, pct) VALUES(1008, 1008, 3012, 3012, 0, 452, 753, 13, 13, 0.0);
INSERT INTO mainrows(id, symbol_id, self_count, cumulative_count, kids, self_calls, total_calls, self_paths, total_paths, pct) VALUES(1009, 1009, 3012, 3012, 0, 452, 753, 13, 13, 0.0);
INSERT INTO mainrows(id, symbol_id, self_count, cumulative_count, kids, self_calls, total_calls, self_paths, total_paths, pct) VALUES(1010, 1010, 16692, 16692, 3, 1578, 4173, 69, 69, 0.0);
INSERT INTO mainrows(id, symbol_id, self_count, cumulative_count, kids, self_calls, total_calls, self_paths, total_paths, pct) VALUES(1011, 1011, 5564, 5564, 0, 526, 1391, 23, 23, 0.0);
INSERT INTO mainrows(id, symbol_id, self_count, cumulative_count, kids, self_calls, total_calls, self_paths, total_paths, pct) VALUES(1012, 1012, 5564, 5564, 0, 526, 1391, 23, 23, 0.0);
INSERT INTO mainrows(id, symbol_id, self_count, cumulative_count, kids, self_calls, total_calls, self_paths, total_paths, pct) VALUES(1013, 1013, 5564, 5564, 0, 526, 1391, 23, 23, 0.0);
INSERT INTO mainrows(id, symbol_id, self_count, cumulative_count, kids, self_calls, total_calls, self_paths, total_paths, pct) VALUES(1014, 1014, 16692, 16692, 3, 1578, 4173, 69, 69, 0.0);
INSERT INTO mainrows(id, symbol_id, self_count, cumulative_count, kids, self_calls, total_calls, self_paths, total_paths, pct) VALUES(1015, 1015, 5564, 5564, 0, 526, 1391, 23, 23, 0.0);
INSERT INTO mainrows(id, symbol_id, self_count, cumulative_count, kids, self_calls, total_calls, self_paths, total_paths, pct) VALUES(1016, 1016, 5564, 5564, 0, 526, 1391, 23, 23, 0.0);
INSERT INTO mainrows(id, symbol_id, self_count, cumulative_count, kids, self_calls, total_calls, self_paths, total_paths, pct) VALUES(1017, 1017, 5564, 5564, 0, 526, 1391, 23, 23, 0.0);
INSERT INTO mainrows(id, symbol_id, self_count, cumulative_count, kids, self_calls, total_calls, self_paths, total_paths, pct) VALUES(1018, 1018, 818112, 818112, 3, 180606, 195216, 231, 231, 0.0);
INSERT INTO mainrows(id, symbol_id, self_count, cumulative_count, kids, self_calls, total_calls, self_paths, total_paths, pct) VALUES(1019, 1019, 272704, 272704, 2, 60202, 65072, 77, 77, 0.0);
INSERT INTO mainrows(id, symbol_id, self_count, cumulative_count, kids, self_calls, total_calls, self_paths, total_paths, pct) VALUES(1020, 1020, 12164, 12164, 0, 0, 2297, 32, 32, 0.0);
INSERT INTO mainrows(id, symbol_id, self_count, cumulative_count, kids, self_calls, total_calls, self_paths, total_paths, pct) VALUES(1021, 1021, 260540, 260540, 6, 60202, 62775, 45, 45, 0.0);
INSERT INTO mainrows(id, symbol_id, self_count, cumulative_count, kids, self_calls, total_calls, self_paths, total_paths, pct) VALUES(1022, 1022, 1128, 1128, 0, 0, 166, 6, 6, 0.0);
INSERT INTO mainrows(id, symbol_id, self_count, cumulative_count, kids, self_calls, total_calls, self_paths, total_paths, pct) VALUES(1023, 1023, 1128, 1128, 0, 0, 166, 6, 6, 0.0);
INSERT INTO mainrows(id, symbol_id, self_count, cumulative_count, kids, self_calls, total_calls, self_paths, total_paths, pct) VALUES(1024, 1024, 1128, 1128, 0, 0, 166, 6, 6, 0.0);
INSERT INTO mainrows(id, symbol_id, self_count, cumulative_count, kids, self_calls, total_calls, self_paths, total_paths, pct) VALUES(1025, 1025, 1128, 1128, 0, 0, 166, 6, 6, 0.0);
INSERT INTO mainrows(id, symbol_id, self_count, cumulative_count, kids, self_calls, total_calls, self_paths, total_paths, pct) VALUES(1026, 1026, 1128, 1128, 0, 0, 166, 6, 6, 0.0);
INSERT INTO mainrows(id, symbol_id, self_count, cumulative_count, kids, self_calls, total_calls, self_paths, total_paths, pct) VALUES(1027, 1027, 1128, 1128, 0, 0, 166, 6, 6, 0.0);
INSERT INTO mainrows(id, symbol_id, self_count, cumulative_count, kids, self_calls, total_calls, self_paths, total_paths, pct) VALUES(1028, 1028, 272704, 272704, 2, 60202, 65072, 77, 77, 0.0);
INSERT INTO mainrows(id, symbol_id, self_count, cumulative_count, kids, self_calls, total_calls, self_paths, total_paths, pct) VALUES(1029, 1029, 12164, 12164, 0, 0, 2297, 32, 32, 0.0);
INSERT INTO mainrows(id, symbol_id, self_count, cumulative_count, kids, self_calls, total_calls, self_paths, total_paths, pct) VALUES(1030, 1030, 260540, 260540, 6, 60202, 62775, 45, 45, 0.0);
INSERT INTO mainrows(id, symbol_id, self_count, cumulative_count, kids, self_calls, total_calls, self_paths, total_paths, pct) VALUES(1031, 1031, 1128, 1128, 0, 0, 166, 6, 6, 0.0);
INSERT INTO mainrows(id, symbol_id, self_count, cumulative_count, kids, self_calls, total_calls, self_paths, total_paths, pct) VALUES(1032, 1032, 1128, 1128, 0, 0, 166, 6, 6, 0.0);
INSERT INTO mainrows(id, symbol_id, self_count, cumulative_count, kids, self_calls, total_calls, self_paths, total_paths, pct) VALUES(1033, 1033, 1128, 1128, 0, 0, 166, 6, 6, 0.0);
INSERT INTO mainrows(id, symbol_id, self_count, cumulative_count, kids, self_calls, total_calls, self_paths, total_paths, pct) VALUES(1034, 1034, 1128, 1128, 0, 0, 166, 6, 6, 0.0);
INSERT INTO mainrows(id, symbol_id, self_count, cumulative_count, kids, self_calls, total_calls, self_paths, total_paths, pct) VALUES(1035, 1035, 1128, 1128, 0, 0, 166, 6, 6, 0.0);
INSERT INTO mainrows(id, symbol_id, self_count, cumulative_count, kids, self_calls, total_calls, self_paths, total_paths, pct) VALUES(1036, 1036, 1128, 1128, 0, 0, 166, 6, 6, 0.0);
INSERT INTO mainrows(id, symbol_id, self_count, cumulative_count, kids, self_calls, total_calls, self_paths, total_paths, pct) VALUES(1037, 1037, 272704, 272704, 2, 60202, 65072, 77, 77, 0.0);
INSERT INTO mainrows(id, symbol_id, self_count, cumulative_count, kids, self_calls, total_calls, self_paths, total_paths, pct) VALUES(1038, 1038, 12164, 12164, 0, 0, 2297, 32, 32, 0.0);
INSERT INTO mainrows(id, symbol_id, self_count, cumulative_count, kids, self_calls, total_calls, self_paths, total_paths, pct) VALUES(1039, 1039, 260540, 260540, 6, 60202, 62775, 45, 45, 0.0);
INSERT INTO mainrows(id, symbol_id, self_count, cumulative_count, kids, self_calls, total_calls, self_paths, total_paths, pct) VALUES(1040, 1040, 1128, 1128, 0, 0, 166, 6, 6, 0.0);
INSERT INTO mainrows(id, symbol_id, self_count, cumulative_count, kids, self_calls, total_calls, self_paths, total_paths, pct) VALUES(1041, 1041, 1128, 1128, 0, 0, 166, 6, 6, 0.0);
INSERT INTO mainrows(id, symbol_id, self_count, cumulative_count, kids, self_calls, total_calls, self_paths, total_paths, pct) VALUES(1042, 1042, 1128, 1128, 0, 0, 166, 6, 6, 0.0);
INSERT INTO mainrows(id, symbol_id, self_count, cumulative_count, kids, self_calls, total_calls, self_paths, total_paths, pct) VALUES(1043, 1043, 1128, 1128, 0, 0, 166, 6, 6, 0.0);
INSERT INTO mainrows(id, symbol_id, self_count, cumulative_count, kids, self_calls, total_calls, self_paths, total_paths, pct) VALUES(1044, 1044, 1128, 1128, 0, 0, 166, 6, 6, 0.0);
INSERT INTO mainrows(id, symbol_id, self_count, cumulative_count, kids, self_calls, total_calls, self_paths, total_paths, pct) VALUES(1045, 1045, 1128, 1128, 0, 0, 166, 6, 6, 0.0);
INSERT INTO parents(self_id, child_id, to_child_count, to_child_calls, to_child_paths, pct) VALUES(10,719,0,0,0,0);
INSERT INTO parents(self_id, child_id, to_child_count, to_child_calls, to_child_paths, pct) VALUES(719,720,828,207,2,0);
INSERT INTO parents(self_id, child_id, to_child_count, to_child_calls, to_child_paths, pct) VALUES(720,721,0,0,0,0);
INSERT INTO parents(self_id, child_id, to_child_count, to_child_calls, to_child_paths, pct) VALUES(721,722,848,212,6,0);
INSERT INTO parents(self_id, child_id, to_child_count, to_child_calls, to_child_paths, pct) VALUES(721,723,848,212,6,0);
INSERT INTO parents(self_id, child_id, to_child_count, to_child_calls, to_child_paths, pct) VALUES(721,724,848,212,6,0);
INSERT INTO parents(self_id, child_id, to_child_count, to_child_calls, to_child_paths, pct) VALUES(721,725,848,212,6,0);
INSERT INTO parents(self_id, child_id, to_child_count, to_child_calls, to_child_paths, pct) VALUES(721,726,848,212,6,0);
INSERT INTO parents(self_id, child_id, to_child_count, to_child_calls, to_child_paths, pct) VALUES(721,727,848,212,6,0);
INSERT INTO parents(self_id, child_id, to_child_count, to_child_calls, to_child_paths, pct) VALUES(721,728,848,212,6,0);
INSERT INTO parents(self_id, child_id, to_child_count, to_child_calls, to_child_paths, pct) VALUES(721,729,848,212,6,0);
INSERT INTO parents(self_id, child_id, to_child_count, to_child_calls, to_child_paths, pct) VALUES(721,730,848,212,6,0);
INSERT INTO parents(self_id, child_id, to_child_count, to_child_calls, to_child_paths, pct) VALUES(721,731,848,212,6,0);
INSERT INTO parents(self_id, child_id, to_child_count, to_child_calls, to_child_paths, pct) VALUES(721,732,1696,424,12,0);
INSERT INTO parents(self_id, child_id, to_child_count, to_child_calls, to_child_paths, pct) VALUES(721,733,848,212,6,0);
INSERT INTO parents(self_id, child_id, to_child_count, to_child_calls, to_child_paths, pct) VALUES(721,734,848,212,6,0);
INSERT INTO parents(self_id, child_id, to_child_count, to_child_calls, to_child_paths, pct) VALUES(721,735,848,212,6,0);
INSERT INTO parents(self_id, child_id, to_child_count, to_child_calls, to_child_paths, pct) VALUES(721,736,848,212,6,0);
INSERT INTO parents(self_id, child_id, to_child_count, to_child_calls, to_child_paths, pct) VALUES(721,737,848,212,6,0);
INSERT INTO parents(self_id, child_id, to_child_count, to_child_calls, to_child_paths, pct) VALUES(721,738,848,212,6,0);
INSERT INTO parents(self_id, child_id, to_child_count, to_child_calls, to_child_paths, pct) VALUES(721,739,848,212,6,0);
INSERT INTO parents(self_id, child_id, to_child_count, to_child_calls, to_child_paths, pct) VALUES(721,740,848,212,6,0);
INSERT INTO parents(self_id, child_id, to_child_count, to_child_calls, to_child_paths, pct) VALUES(721,741,848,212,6,0);
INSERT INTO parents(self_id, child_id, to_child_count, to_child_calls, to_child_paths, pct) VALUES(721,742,848,212,6,0);
INSERT INTO parents(self_id, child_id, to_child_count, to_child_calls, to_child_paths, pct) VALUES(721,743,848,212,6,0);
INSERT INTO parents(self_id, child_id, to_child_count, to_child_calls, to_child_paths, pct) VALUES(721,744,848,212,6,0);
INSERT INTO parents(self_id, child_id, to_child_count, to_child_calls, to_child_paths, pct) VALUES(721,745,848,212,6,0);
INSERT INTO parents(self_id, child_id, to_child_count, to_child_calls, to_child_paths, pct) VALUES(721,746,1696,424,12,0);
INSERT INTO parents(self_id, child_id, to_child_count, to_child_calls, to_child_paths, pct) VALUES(721,747,848,212,6,0);
INSERT INTO parents(self_id, child_id, to_child_count, to_child_calls, to_child_paths, pct) VALUES(721,748,848,212,6,0);
INSERT INTO parents(self_id, child_id, to_child_count, to_child_calls, to_child_paths, pct) VALUES(721,749,848,212,6,0);
INSERT INTO parents(self_id, child_id, to_child_count, to_child_calls, to_child_paths, pct) VALUES(721,750,848,212,6,0);
INSERT INTO parents(self_id, child_id, to_child_count, to_child_calls, to_child_paths, pct) VALUES(721,751,848,212,6,0);
INSERT INTO parents(self_id, child_id, to_child_count, to_child_calls, to_child_paths, pct) VALUES(721,752,848,212,6,0);
INSERT INTO parents(self_id, child_id, to_child_count, to_child_calls, to_child_paths, pct) VALUES(721,753,848,212,6,0);
INSERT INTO parents(self_id, child_id, to_child_count, to_child_calls, to_child_paths, pct) VALUES(721,754,848,212,6,0);
INSERT INTO parents(self_id, child_id, to_child_count, to_child_calls, to_child_paths, pct) VALUES(721,755,848,212,6,0);
INSERT INTO parents(self_id, child_id, to_child_count, to_child_calls, to_child_paths, pct) VALUES(721,756,848,212,6,0);
INSERT INTO parents(self_id, child_id, to_child_count, to_child_calls, to_child_paths, pct) VALUES(721,757,848,212,6,0);
INSERT INTO parents(self_id, child_id, to_child_count, to_child_calls, to_child_paths, pct) VALUES(721,758,848,212,6,0);
INSERT INTO parents(self_id, child_id, to_child_count, to_child_calls, to_child_paths, pct) VALUES(721,759,848,212,6,0);
INSERT INTO parents(self_id, child_id, to_child_count, to_child_calls, to_child_paths, pct) VALUES(721,760,848,212,6,0);
INSERT INTO parents(self_id, child_id, to_child_count, to_child_calls, to_child_paths, pct) VALUES(721,761,848,212,6,0);
INSERT INTO parents(self_id, child_id, to_child_count, to_child_calls, to_child_paths, pct) VALUES(721,762,848,212,6,0);
INSERT INTO parents(self_id, child_id, to_child_count, to_child_calls, to_child_paths, pct) VALUES(721,763,848,212,6,0);
INSERT INTO parents(self_id, child_id, to_child_count, to_child_calls, to_child_paths, pct) VALUES(721,764,848,212,6,0);
INSERT INTO parents(self_id, child_id, to_child_count, to_child_calls, to_child_paths, pct) VALUES(721,765,848,212,6,0);
INSERT INTO parents(self_id, child_id, to_child_count, to_child_calls, to_child_paths, pct) VALUES(721,766,848,212,6,0);
INSERT INTO parents(self_id, child_id, to_child_count, to_child_calls, to_child_paths, pct) VALUES(721,767,848,212,6,0);
INSERT INTO parents(self_id, child_id, to_child_count, to_child_calls, to_child_paths, pct) VALUES(721,768,848,212,6,0);
INSERT INTO parents(self_id, child_id, to_child_count, to_child_calls, to_child_paths, pct) VALUES(721,769,848,212,6,0);
INSERT INTO parents(self_id, child_id, to_child_count, to_child_calls, to_child_paths, pct) VALUES(721,770,848,212,6,0);
INSERT INTO parents(self_id, child_id, to_child_count, to_child_calls, to_child_paths, pct) VALUES(721,771,848,212,6,0);
INSERT INTO parents(self_id, child_id, to_child_count, to_child_calls, to_child_paths, pct) VALUES(721,772,848,212,6,0);
INSERT INTO parents(self_id, child_id, to_child_count, to_child_calls, to_child_paths, pct) VALUES(721,773,848,212,6,0);
INSERT INTO parents(self_id, child_id, to_child_count, to_child_calls, to_child_paths, pct) VALUES(721,774,848,212,6,0);
INSERT INTO parents(self_id, child_id, to_child_count, to_child_calls, to_child_paths, pct) VALUES(720,775,0,0,0,0);
INSERT INTO parents(self_id, child_id, to_child_count, to_child_calls, to_child_paths, pct) VALUES(775,776,6704,1676,44,0);
INSERT INTO parents(self_id, child_id, to_child_count, to_child_calls, to_child_paths, pct) VALUES(775,777,6704,1676,44,0);
INSERT INTO parents(self_id, child_id, to_child_count, to_child_calls, to_child_paths, pct) VALUES(775,778,6704,1676,44,0);
INSERT INTO parents(self_id, child_id, to_child_count, to_child_calls, to_child_paths, pct) VALUES(775,779,6704,1676,44,0);
INSERT INTO parents(self_id, child_id, to_child_count, to_child_calls, to_child_paths, pct) VALUES(775,780,6704,1676,44,0);
INSERT INTO parents(self_id, child_id, to_child_count, to_child_calls, to_child_paths, pct) VALUES(775,781,6704,1676,44,0);
INSERT INTO parents(self_id, child_id, to_child_count, to_child_calls, to_child_paths, pct) VALUES(775,782,6704,1676,44,0);
INSERT INTO parents(self_id, child_id, to_child_count, to_child_calls, to_child_paths, pct) VALUES(775,783,6704,1676,44,0);
INSERT INTO parents(self_id, child_id, to_child_count, to_child_calls, to_child_paths, pct) VALUES(775,784,6704,1676,44,0);
INSERT INTO parents(self_id, child_id, to_child_count, to_child_calls, to_child_paths, pct) VALUES(775,785,6704,1676,44,0);
INSERT INTO parents(self_id, child_id, to_child_count, to_child_calls, to_child_paths, pct) VALUES(775,786,13664,3416,96,0);
INSERT INTO parents(self_id, child_id, to_child_count, to_child_calls, to_child_paths, pct) VALUES(775,787,6960,1740,52,0);
INSERT INTO parents(self_id, child_id, to_child_count, to_child_calls, to_child_paths, pct) VALUES(775,788,6960,1740,52,0);
INSERT INTO parents(self_id, child_id, to_child_count, to_child_calls, to_child_paths, pct) VALUES(775,789,6960,1740,52,0);
INSERT INTO parents(self_id, child_id, to_child_count, to_child_calls, to_child_paths, pct) VALUES(775,790,6960,1740,52,0);
INSERT INTO parents(self_id, child_id, to_child_count, to_child_calls, to_child_paths, pct) VALUES(775,791,6960,1740,52,0);
INSERT INTO parents(self_id, child_id, to_child_count, to_child_calls, to_child_paths, pct) VALUES(775,792,6960,1740,52,0);
INSERT INTO parents(self_id, child_id, to_child_count, to_child_calls, to_child_paths, pct) VALUES(775,793,6960,1740,52,0);
INSERT INTO parents(self_id, child_id, to_child_count, to_child_calls, to_child_paths, pct) VALUES(775,794,6960,1740,52,0);
INSERT INTO parents(self_id, child_id, to_child_count, to_child_calls, to_child_paths, pct) VALUES(775,795,6960,1740,52,0);
INSERT INTO parents(self_id, child_id, to_child_count, to_child_calls, to_child_paths, pct) VALUES(775,796,6960,1740,52,0);
INSERT INTO parents(self_id, child_id, to_child_count, to_child_calls, to_child_paths, pct) VALUES(775,797,6960,1740,52,0);
INSERT INTO parents(self_id, child_id, to_child_count, to_child_calls, to_child_paths, pct) VALUES(775,798,6960,1740,52,0);
INSERT INTO parents(self_id, child_id, to_child_count, to_child_calls, to_child_paths, pct) VALUES(775,799,6960,1740,52,0);
INSERT INTO parents(self_id, child_id, to_child_count, to_child_calls, to_child_paths, pct) VALUES(775,800,13664,3416,96,0);
INSERT INTO parents(self_id, child_id, to_child_count, to_child_calls, to_child_paths, pct) VALUES(775,801,6960,1740,52,0);
INSERT INTO parents(self_id, child_id, to_child_count, to_child_calls, to_child_paths, pct) VALUES(775,802,6960,1740,52,0);
INSERT INTO parents(self_id, child_id, to_child_count, to_child_calls, to_child_paths, pct) VALUES(775,803,6960,1740,52,0);
INSERT INTO parents(self_id, child_id, to_child_count, to_child_calls, to_child_paths, pct) VALUES(775,804,6960,1740,52,0);
INSERT INTO parents(self_id, child_id, to_child_count, to_child_calls, to_child_paths, pct) VALUES(775,805,6960,1740,52,0);
INSERT INTO parents(self_id, child_id, to_child_count, to_child_calls, to_child_paths, pct) VALUES(775,806,6704,1676,44,0);
INSERT INTO parents(self_id, child_id, to_child_count, to_child_calls, to_child_paths, pct) VALUES(775,807,6704,1676,44,0);
INSERT INTO parents(self_id, child_id, to_child_count, to_child_calls, to_child_paths, pct) VALUES(775,808,6704,1676,44,0);
INSERT INTO parents(self_id, child_id, to_child_count, to_child_calls, to_child_paths, pct) VALUES(775,809,6704,1676,44,0);
INSERT INTO parents(self_id, child_id, to_child_count, to_child_calls, to_child_paths, pct) VALUES(775,810,6704,1676,44,0);
INSERT INTO parents(self_id, child_id, to_child_count, to_child_calls, to_child_paths, pct) VALUES(775,811,6704,1676,44,0);
INSERT INTO parents(self_id, child_id, to_child_count, to_child_calls, to_child_paths, pct) VALUES(775,812,6704,1676,44,0);
INSERT INTO parents(self_id, child_id, to_child_count, to_child_calls, to_child_paths, pct) VALUES(775,813,6704,1676,44,0);
INSERT INTO parents(self_id, child_id, to_child_count, to_child_calls, to_child_paths, pct) VALUES(775,814,6704,1676,44,0);
INSERT INTO parents(self_id, child_id, to_child_count, to_child_calls, to_child_paths, pct) VALUES(775,815,6704,1676,44,0);
INSERT INTO parents(self_id, child_id, to_child_count, to_child_calls, to_child_paths, pct) VALUES(775,816,6704,1676,44,0);
INSERT INTO parents(self_id, child_id, to_child_count, to_child_calls, to_child_paths, pct) VALUES(775,817,6704,1676,44,0);
INSERT INTO parents(self_id, child_id, to_child_count, to_child_calls, to_child_paths, pct) VALUES(775,818,6704,1676,44,0);
INSERT INTO parents(self_id, child_id, to_child_count, to_child_calls, to_child_paths, pct) VALUES(775,819,6704,1676,44,0);
INSERT INTO parents(self_id, child_id, to_child_count, to_child_calls, to_child_paths, pct) VALUES(775,820,6704,1676,44,0);
INSERT INTO parents(self_id, child_id, to_child_count, to_child_calls, to_child_paths, pct) VALUES(775,821,6704,1676,44,0);
INSERT INTO parents(self_id, child_id, to_child_count, to_child_calls, to_child_paths, pct) VALUES(775,822,6704,1676,44,0);
INSERT INTO parents(self_id, child_id, to_child_count, to_child_calls, to_child_paths, pct) VALUES(775,823,6704,1676,44,0);
INSERT INTO parents(self_id, child_id, to_child_count, to_child_calls, to_child_paths, pct) VALUES(775,824,6704,1676,44,0);
INSERT INTO parents(self_id, child_id, to_child_count, to_child_calls, to_child_paths, pct) VALUES(775,825,6704,1676,44,0);
INSERT INTO parents(self_id, child_id, to_child_count, to_child_calls, to_child_paths, pct) VALUES(775,826,6704,1676,44,0);
INSERT INTO parents(self_id, child_id, to_child_count, to_child_calls, to_child_paths, pct) VALUES(775,827,6704,1676,44,0);
INSERT INTO parents(self_id, child_id, to_child_count, to_child_calls, to_child_paths, pct) VALUES(775,828,6704,1676,44,0);
INSERT INTO parents(self_id, child_id, to_child_count, to_child_calls, to_child_paths, pct) VALUES(719,829,48,12,2,0);
INSERT INTO parents(self_id, child_id, to_child_count, to_child_calls, to_child_paths, pct) VALUES(829,830,0,0,0,0);
INSERT INTO parents(self_id, child_id, to_child_count, to_child_calls, to_child_paths, pct) VALUES(719,831,1256,314,1,0);
INSERT INTO parents(self_id, child_id, to_child_count, to_child_calls, to_child_paths, pct) VALUES(831,832,96,24,5,0);
INSERT INTO parents(self_id, child_id, to_child_count, to_child_calls, to_child_paths, pct) VALUES(831,833,204,51,15,0);
INSERT INTO parents(self_id, child_id, to_child_count, to_child_calls, to_child_paths, pct) VALUES(831,834,108,27,7,0);
INSERT INTO parents(self_id, child_id, to_child_count, to_child_calls, to_child_paths, pct) VALUES(831,835,788,197,16,0);
INSERT INTO parents(self_id, child_id, to_child_count, to_child_calls, to_child_paths, pct) VALUES(831,836,236,59,11,0);
INSERT INTO parents(self_id, child_id, to_child_count, to_child_calls, to_child_paths, pct) VALUES(831,837,1336,334,26,0);
INSERT INTO parents(self_id, child_id, to_child_count, to_child_calls, to_child_paths, pct) VALUES(831,838,856,214,45,0);
INSERT INTO parents(self_id, child_id, to_child_count, to_child_calls, to_child_paths, pct) VALUES(831,839,16,4,3,0);
INSERT INTO parents(self_id, child_id, to_child_count, to_child_calls, to_child_paths, pct) VALUES(831,840,32,8,3,0);
INSERT INTO parents(self_id, child_id, to_child_count, to_child_calls, to_child_paths, pct) VALUES(831,841,304,76,20,0);
INSERT INTO parents(self_id, child_id, to_child_count, to_child_calls, to_child_paths, pct) VALUES(831,842,220,55,12,0);
INSERT INTO parents(self_id, child_id, to_child_count, to_child_calls, to_child_paths, pct) VALUES(831,843,148,37,9,0);
INSERT INTO parents(self_id, child_id, to_child_count, to_child_calls, to_child_paths, pct) VALUES(831,844,440,110,10,0);
INSERT INTO parents(self_id, child_id, to_child_count, to_child_calls, to_child_paths, pct) VALUES(831,845,732,183,23,0);
INSERT INTO parents(self_id, child_id, to_child_count, to_child_calls, to_child_paths, pct) VALUES(831,846,456,114,17,0);
INSERT INTO parents(self_id, child_id, to_child_count, to_child_calls, to_child_paths, pct) VALUES(831,847,252,63,16,0);
INSERT INTO parents(self_id, child_id, to_child_count, to_child_calls, to_child_paths, pct) VALUES(831,848,1296,324,35,0);
INSERT INTO parents(self_id, child_id, to_child_count, to_child_calls, to_child_paths, pct) VALUES(831,849,252,63,10,0);
INSERT INTO parents(self_id, child_id, to_child_count, to_child_calls, to_child_paths, pct) VALUES(831,850,144,36,4,0);
INSERT INTO parents(self_id, child_id, to_child_count, to_child_calls, to_child_paths, pct) VALUES(831,851,448,112,19,0);
INSERT INTO parents(self_id, child_id, to_child_count, to_child_calls, to_child_paths, pct) VALUES(831,852,68,17,3,0);
INSERT INTO parents(self_id, child_id, to_child_count, to_child_calls, to_child_paths, pct) VALUES(831,853,656,164,10,0);
INSERT INTO parents(self_id, child_id, to_child_count, to_child_calls, to_child_paths, pct) VALUES(719,854,0,0,0,0);
INSERT INTO parents(self_id, child_id, to_child_count, to_child_calls, to_child_paths, pct) VALUES(854,855,24960,6240,26,0);
INSERT INTO parents(self_id, child_id, to_child_count, to_child_calls, to_child_paths, pct) VALUES(719,856,0,0,0,0);
INSERT INTO parents(self_id, child_id, to_child_count, to_child_calls, to_child_paths, pct) VALUES(856,857,0,0,0,0);
INSERT INTO parents(self_id, child_id, to_child_count, to_child_calls, to_child_paths, pct) VALUES(857,858,91900,22975,14,0);
INSERT INTO parents(self_id, child_id, to_child_count, to_child_calls, to_child_paths, pct) VALUES(857,859,91900,22975,14,0);
INSERT INTO parents(self_id, child_id, to_child_count, to_child_calls, to_child_paths, pct) VALUES(857,860,91900,22975,14,0);
INSERT INTO parents(self_id, child_id, to_child_count, to_child_calls, to_child_paths, pct) VALUES(856,861,848,212,4,0);
INSERT INTO parents(self_id, child_id, to_child_count, to_child_calls, to_child_paths, pct) VALUES(719,862,0,0,0,0);
INSERT INTO parents(self_id, child_id, to_child_count, to_child_calls, to_child_paths, pct) VALUES(862,863,0,0,0,0);
INSERT INTO parents(self_id, child_id, to_child_count, to_child_calls, to_child_paths, pct) VALUES(863,864,3212,803,43,0);
INSERT INTO parents(self_id, child_id, to_child_count, to_child_calls, to_child_paths, pct) VALUES(863,865,3212,803,43,0);
INSERT INTO parents(self_id, child_id, to_child_count, to_child_calls, to_child_paths, pct) VALUES(863,866,3212,803,43,0);
INSERT INTO parents(self_id, child_id, to_child_count, to_child_calls, to_child_paths, pct) VALUES(863,867,3212,803,43,0);
INSERT INTO parents(self_id, child_id, to_child_count, to_child_calls, to_child_paths, pct) VALUES(863,868,3212,803,43,0);
INSERT INTO parents(self_id, child_id, to_child_count, to_child_calls, to_child_paths, pct) VALUES(863,869,3212,803,43,0);
INSERT INTO parents(self_id, child_id, to_child_count, to_child_calls, to_child_paths, pct) VALUES(863,870,3212,803,43,0);
INSERT INTO parents(self_id, child_id, to_child_count, to_child_calls, to_child_paths, pct) VALUES(863,871,3212,803,43,0);
INSERT INTO parents(self_id, child_id, to_child_count, to_child_calls, to_child_paths, pct) VALUES(862,872,0,0,0,0);
INSERT INTO parents(self_id, child_id, to_child_count, to_child_calls, to_child_paths, pct) VALUES(872,873,3212,803,43,0);
INSERT INTO parents(self_id, child_id, to_child_count, to_child_calls, to_child_paths, pct) VALUES(872,874,3212,803,43,0);
INSERT INTO parents(self_id, child_id, to_child_count, to_child_calls, to_child_paths, pct) VALUES(872,875,3212,803,43,0);
INSERT INTO parents(self_id, child_id, to_child_count, to_child_calls, to_child_paths, pct) VALUES(872,876,3212,803,43,0);
INSERT INTO parents(self_id, child_id, to_child_count, to_child_calls, to_child_paths, pct) VALUES(872,877,3212,803,43,0);
INSERT INTO parents(self_id, child_id, to_child_count, to_child_calls, to_child_paths, pct) VALUES(872,878,3212,803,43,0);
INSERT INTO parents(self_id, child_id, to_child_count, to_child_calls, to_child_paths, pct) VALUES(872,879,3212,803,43,0);
INSERT INTO parents(self_id, child_id, to_child_count, to_child_calls, to_child_paths, pct) VALUES(872,880,3212,803,43,0);
INSERT INTO parents(self_id, child_id, to_child_count, to_child_calls, to_child_paths, pct) VALUES(862,881,0,0,0,0);
INSERT INTO parents(self_id, child_id, to_child_count, to_child_calls, to_child_paths, pct) VALUES(881,882,3212,803,43,0);
INSERT INTO parents(self_id, child_id, to_child_count, to_child_calls, to_child_paths, pct) VALUES(881,883,3212,803,43,0);
INSERT INTO parents(self_id, child_id, to_child_count, to_child_calls, to_child_paths, pct) VALUES(881,884,3212,803,43,0);
INSERT INTO parents(self_id, child_id, to_child_count, to_child_calls, to_child_paths, pct) VALUES(881,885,3212,803,43,0);
INSERT INTO parents(self_id, child_id, to_child_count, to_child_calls, to_child_paths, pct) VALUES(881,886,3212,803,43,0);
INSERT INTO parents(self_id, child_id, to_child_count, to_child_calls, to_child_paths, pct) VALUES(881,887,3212,803,43,0);
INSERT INTO parents(self_id, child_id, to_child_count, to_child_calls, to_child_paths, pct) VALUES(881,888,3212,803,43,0);
INSERT INTO parents(self_id, child_id, to_child_count, to_child_calls, to_child_paths, pct) VALUES(881,889,3212,803,43,0);
INSERT INTO parents(self_id, child_id, to_child_count, to_child_calls, to_child_paths, pct) VALUES(862,890,0,0,0,0);
INSERT INTO parents(self_id, child_id, to_child_count, to_child_calls, to_child_paths, pct) VALUES(890,891,3212,803,43,0);
INSERT INTO parents(self_id, child_id, to_child_count, to_child_calls, to_child_paths, pct) VALUES(890,892,3212,803,43,0);
INSERT INTO parents(self_id, child_id, to_child_count, to_child_calls, to_child_paths, pct) VALUES(890,893,3212,803,43,0);
INSERT INTO parents(self_id, child_id, to_child_count, to_child_calls, to_child_paths, pct) VALUES(890,894,3212,803,43,0);
INSERT INTO parents(self_id, child_id, to_child_count, to_child_calls, to_child_paths, pct) VALUES(890,895,3212,803,43,0);
INSERT INTO parents(self_id, child_id, to_child_count, to_child_calls, to_child_paths, pct) VALUES(890,896,3212,803,43,0);
INSERT INTO parents(self_id, child_id, to_child_count, to_child_calls, to_child_paths, pct) VALUES(890,897,3212,803,43,0);
INSERT INTO parents(self_id, child_id, to_child_count, to_child_calls, to_child_paths, pct) VALUES(890,898,3212,803,43,0);
INSERT INTO parents(self_id, child_id, to_child_count, to_child_calls, to_child_paths, pct) VALUES(719,899,0,0,0,0);
INSERT INTO parents(self_id, child_id, to_child_count, to_child_calls, to_child_paths, pct) VALUES(899,900,257220,64305,6,0);
INSERT INTO parents(self_id, child_id, to_child_count, to_child_calls, to_child_paths, pct) VALUES(900,901,0,0,0,0);
INSERT INTO parents(self_id, child_id, to_child_count, to_child_calls, to_child_paths, pct) VALUES(901,902,14880,2300,11,0);
INSERT INTO parents(self_id, child_id, to_child_count, to_child_calls, to_child_paths, pct) VALUES(902,903,49628,7287,15,0);
INSERT INTO parents(self_id, child_id, to_child_count, to_child_calls, to_child_paths, pct) VALUES(902,904,49628,7287,15,0);
INSERT INTO parents(self_id, child_id, to_child_count, to_child_calls, to_child_paths, pct) VALUES(902,905,49628,7287,15,0);
INSERT INTO parents(self_id, child_id, to_child_count, to_child_calls, to_child_paths, pct) VALUES(902,906,41948,6327,15,0);
INSERT INTO parents(self_id, child_id, to_child_count, to_child_calls, to_child_paths, pct) VALUES(902,907,41948,6327,15,0);
INSERT INTO parents(self_id, child_id, to_child_count, to_child_calls, to_child_paths, pct) VALUES(902,908,41948,6327,15,0);
INSERT INTO parents(self_id, child_id, to_child_count, to_child_calls, to_child_paths, pct) VALUES(902,909,34268,5367,15,0);
INSERT INTO parents(self_id, child_id, to_child_count, to_child_calls, to_child_paths, pct) VALUES(902,910,34268,5367,15,0);
INSERT INTO parents(self_id, child_id, to_child_count, to_child_calls, to_child_paths, pct) VALUES(902,911,29148,4727,15,0);
INSERT INTO parents(self_id, child_id, to_child_count, to_child_calls, to_child_paths, pct) VALUES(901,912,14880,2300,11,0);
INSERT INTO parents(self_id, child_id, to_child_count, to_child_calls, to_child_paths, pct) VALUES(912,913,49628,7287,15,0);
INSERT INTO parents(self_id, child_id, to_child_count, to_child_calls, to_child_paths, pct) VALUES(912,914,49628,7287,15,0);
INSERT INTO parents(self_id, child_id, to_child_count, to_child_calls, to_child_paths, pct) VALUES(912,915,49628,7287,15,0);
INSERT INTO parents(self_id, child_id, to_child_count, to_child_calls, to_child_paths, pct) VALUES(912,916,41948,6327,15,0);
INSERT INTO parents(self_id, child_id, to_child_count, to_child_calls, to_child_paths, pct) VALUES(912,917,41948,6327,15,0);
INSERT INTO parents(self_id, child_id, to_child_count, to_child_calls, to_child_paths, pct) VALUES(912,918,41948,6327,15,0);
INSERT INTO parents(self_id, child_id, to_child_count, to_child_calls, to_child_paths, pct) VALUES(912,919,34268,5367,15,0);
INSERT INTO parents(self_id, child_id, to_child_count, to_child_calls, to_child_paths, pct) VALUES(912,920,34268,5367,15,0);
INSERT INTO parents(self_id, child_id, to_child_count, to_child_calls, to_child_paths, pct) VALUES(912,921,29148,4727,15,0);
INSERT INTO parents(self_id, child_id, to_child_count, to_child_calls, to_child_paths, pct) VALUES(900,922,14880,2300,11,0);
INSERT INTO parents(self_id, child_id, to_child_count, to_child_calls, to_child_paths, pct) VALUES(922,923,32476,5143,15,0);
INSERT INTO parents(self_id, child_id, to_child_count, to_child_calls, to_child_paths, pct) VALUES(922,924,38620,5911,15,0);
INSERT INTO parents(self_id, child_id, to_child_count, to_child_calls, to_child_paths, pct) VALUES(922,925,24284,3863,15,0);
INSERT INTO parents(self_id, child_id, to_child_count, to_child_calls, to_child_paths, pct) VALUES(922,926,28124,4343,15,0);
INSERT INTO parents(self_id, child_id, to_child_count, to_child_calls, to_child_paths, pct) VALUES(900,927,0,0,0,0);
INSERT INTO parents(self_id, child_id, to_child_count, to_child_calls, to_child_paths, pct) VALUES(927,928,14880,2300,11,0);
INSERT INTO parents(self_id, child_id, to_child_count, to_child_calls, to_child_paths, pct) VALUES(928,929,17628,3287,15,0);
INSERT INTO parents(self_id, child_id, to_child_count, to_child_calls, to_child_paths, pct) VALUES(928,930,17628,3287,15,0);
INSERT INTO parents(self_id, child_id, to_child_count, to_child_calls, to_child_paths, pct) VALUES(928,931,17628,3287,15,0);
INSERT INTO parents(self_id, child_id, to_child_count, to_child_calls, to_child_paths, pct) VALUES(927,932,14880,2300,11,0);
INSERT INTO parents(self_id, child_id, to_child_count, to_child_calls, to_child_paths, pct) VALUES(932,933,17628,3287,15,0);
INSERT INTO parents(self_id, child_id, to_child_count, to_child_calls, to_child_paths, pct) VALUES(932,934,17628,3287,15,0);
INSERT INTO parents(self_id, child_id, to_child_count, to_child_calls, to_child_paths, pct) VALUES(932,935,17628,3287,15,0);
INSERT INTO parents(self_id, child_id, to_child_count, to_child_calls, to_child_paths, pct) VALUES(900,936,14880,2300,11,0);
INSERT INTO parents(self_id, child_id, to_child_count, to_child_calls, to_child_paths, pct) VALUES(936,937,39644,5783,15,0);
INSERT INTO parents(self_id, child_id, to_child_count, to_child_calls, to_child_paths, pct) VALUES(936,938,44252,6359,15,0);
INSERT INTO parents(self_id, child_id, to_child_count, to_child_calls, to_child_paths, pct) VALUES(936,939,27356,4247,15,0);
INSERT INTO parents(self_id, child_id, to_child_count, to_child_calls, to_child_paths, pct) VALUES(936,940,29660,4535,15,0);
INSERT INTO parents(self_id, child_id, to_child_count, to_child_calls, to_child_paths, pct) VALUES(936,941,34012,5335,15,0);
INSERT INTO parents(self_id, child_id, to_child_count, to_child_calls, to_child_paths, pct) VALUES(936,942,37084,5719,15,0);
INSERT INTO parents(self_id, child_id, to_child_count, to_child_calls, to_child_paths, pct) VALUES(719,943,0,0,0,0);
INSERT INTO parents(self_id, child_id, to_child_count, to_child_calls, to_child_paths, pct) VALUES(943,944,0,0,0,0);
INSERT INTO parents(self_id, child_id, to_child_count, to_child_calls, to_child_paths, pct) VALUES(944,945,232,58,4,0);
INSERT INTO parents(self_id, child_id, to_child_count, to_child_calls, to_child_paths, pct) VALUES(944,946,240,60,4,0);
INSERT INTO parents(self_id, child_id, to_child_count, to_child_calls, to_child_paths, pct) VALUES(944,947,240,60,4,0);
INSERT INTO parents(self_id, child_id, to_child_count, to_child_calls, to_child_paths, pct) VALUES(944,948,240,60,4,0);
INSERT INTO parents(self_id, child_id, to_child_count, to_child_calls, to_child_paths, pct) VALUES(944,949,232,58,4,0);
INSERT INTO parents(self_id, child_id, to_child_count, to_child_calls, to_child_paths, pct) VALUES(944,950,232,58,4,0);
INSERT INTO parents(self_id, child_id, to_child_count, to_child_calls, to_child_paths, pct) VALUES(944,951,232,58,4,0);
INSERT INTO parents(self_id, child_id, to_child_count, to_child_calls, to_child_paths, pct) VALUES(944,952,236,59,4,0);
INSERT INTO parents(self_id, child_id, to_child_count, to_child_calls, to_child_paths, pct) VALUES(944,953,236,59,4,0);
INSERT INTO parents(self_id, child_id, to_child_count, to_child_calls, to_child_paths, pct) VALUES(944,954,240,60,4,0);
INSERT INTO parents(self_id, child_id, to_child_count, to_child_calls, to_child_paths, pct) VALUES(944,955,228,57,4,0);
INSERT INTO parents(self_id, child_id, to_child_count, to_child_calls, to_child_paths, pct) VALUES(944,956,912,228,12,0);
INSERT INTO parents(self_id, child_id, to_child_count, to_child_calls, to_child_paths, pct) VALUES(944,957,0,0,0,0);
INSERT INTO parents(self_id, child_id, to_child_count, to_child_calls, to_child_paths, pct) VALUES(957,958,88,22,2,0);
INSERT INTO parents(self_id, child_id, to_child_count, to_child_calls, to_child_paths, pct) VALUES(943,959,0,0,0,0);
INSERT INTO parents(self_id, child_id, to_child_count, to_child_calls, to_child_paths, pct) VALUES(959,960,624,156,5,0);
INSERT INTO parents(self_id, child_id, to_child_count, to_child_calls, to_child_paths, pct) VALUES(960,961,560,140,8,0);
INSERT INTO parents(self_id, child_id, to_child_count, to_child_calls, to_child_paths, pct) VALUES(959,962,632,158,5,0);
INSERT INTO parents(self_id, child_id, to_child_count, to_child_calls, to_child_paths, pct) VALUES(962,963,560,140,8,0);
INSERT INTO parents(self_id, child_id, to_child_count, to_child_calls, to_child_paths, pct) VALUES(959,964,632,158,5,0);
INSERT INTO parents(self_id, child_id, to_child_count, to_child_calls, to_child_paths, pct) VALUES(964,965,560,140,8,0);
INSERT INTO parents(self_id, child_id, to_child_count, to_child_calls, to_child_paths, pct) VALUES(959,966,632,158,5,0);
INSERT INTO parents(self_id, child_id, to_child_count, to_child_calls, to_child_paths, pct) VALUES(966,967,560,140,8,0);
INSERT INTO parents(self_id, child_id, to_child_count, to_child_calls, to_child_paths, pct) VALUES(959,968,624,156,5,0);
INSERT INTO parents(self_id, child_id, to_child_count, to_child_calls, to_child_paths, pct) VALUES(968,969,560,140,8,0);
INSERT INTO parents(self_id, child_id, to_child_count, to_child_calls, to_child_paths, pct) VALUES(959,970,624,156,5,0);
INSERT INTO parents(self_id, child_id, to_child_count, to_child_calls, to_child_paths, pct) VALUES(970,971,560,140,8,0);
INSERT INTO parents(self_id, child_id, to_child_count, to_child_calls, to_child_paths, pct) VALUES(959,972,624,156,5,0);
INSERT INTO parents(self_id, child_id, to_child_count, to_child_calls, to_child_paths, pct) VALUES(972,973,560,140,8,0);
INSERT INTO parents(self_id, child_id, to_child_count, to_child_calls, to_child_paths, pct) VALUES(959,974,628,157,5,0);
INSERT INTO parents(self_id, child_id, to_child_count, to_child_calls, to_child_paths, pct) VALUES(974,975,560,140,8,0);
INSERT INTO parents(self_id, child_id, to_child_count, to_child_calls, to_child_paths, pct) VALUES(959,976,228,57,4,0);
INSERT INTO parents(self_id, child_id, to_child_count, to_child_calls, to_child_paths, pct) VALUES(976,977,560,140,8,0);
INSERT INTO parents(self_id, child_id, to_child_count, to_child_calls, to_child_paths, pct) VALUES(959,978,632,158,5,0);
INSERT INTO parents(self_id, child_id, to_child_count, to_child_calls, to_child_paths, pct) VALUES(978,979,560,140,8,0);
INSERT INTO parents(self_id, child_id, to_child_count, to_child_calls, to_child_paths, pct) VALUES(959,980,220,55,4,0);
INSERT INTO parents(self_id, child_id, to_child_count, to_child_calls, to_child_paths, pct) VALUES(980,981,560,140,8,0);
INSERT INTO parents(self_id, child_id, to_child_count, to_child_calls, to_child_paths, pct) VALUES(959,982,1392,348,14,0);
INSERT INTO parents(self_id, child_id, to_child_count, to_child_calls, to_child_paths, pct) VALUES(982,983,1312,328,16,0);
INSERT INTO parents(self_id, child_id, to_child_count, to_child_calls, to_child_paths, pct) VALUES(959,984,0,0,0,0);
INSERT INTO parents(self_id, child_id, to_child_count, to_child_calls, to_child_paths, pct) VALUES(984,985,88,22,2,0);
INSERT INTO parents(self_id, child_id, to_child_count, to_child_calls, to_child_paths, pct) VALUES(719,986,0,0,0,0);
INSERT INTO parents(self_id, child_id, to_child_count, to_child_calls, to_child_paths, pct) VALUES(986,987,0,0,0,0);
INSERT INTO parents(self_id, child_id, to_child_count, to_child_calls, to_child_paths, pct) VALUES(987,988,0,0,0,0);
INSERT INTO parents(self_id, child_id, to_child_count, to_child_calls, to_child_paths, pct) VALUES(988,989,5564,1391,23,0);
INSERT INTO parents(self_id, child_id, to_child_count, to_child_calls, to_child_paths, pct) VALUES(988,990,5564,1391,23,0);
INSERT INTO parents(self_id, child_id, to_child_count, to_child_calls, to_child_paths, pct) VALUES(988,991,5564,1391,23,0);
INSERT INTO parents(self_id, child_id, to_child_count, to_child_calls, to_child_paths, pct) VALUES(987,992,0,0,0,0);
INSERT INTO parents(self_id, child_id, to_child_count, to_child_calls, to_child_paths, pct) VALUES(992,993,5564,1391,23,0);
INSERT INTO parents(self_id, child_id, to_child_count, to_child_calls, to_child_paths, pct) VALUES(992,994,5564,1391,23,0);
INSERT INTO parents(self_id, child_id, to_child_count, to_child_calls, to_child_paths, pct) VALUES(992,995,5564,1391,23,0);
INSERT INTO parents(self_id, child_id, to_child_count, to_child_calls, to_child_paths, pct) VALUES(986,996,0,0,0,0);
INSERT INTO parents(self_id, child_id, to_child_count, to_child_calls, to_child_paths, pct) VALUES(996,997,0,0,0,0);
INSERT INTO parents(self_id, child_id, to_child_count, to_child_calls, to_child_paths, pct) VALUES(997,998,3012,753,13,0);
INSERT INTO parents(self_id, child_id, to_child_count, to_child_calls, to_child_paths, pct) VALUES(997,999,3012,753,13,0);
INSERT INTO parents(self_id, child_id, to_child_count, to_child_calls, to_child_paths, pct) VALUES(997,1000,3012,753,13,0);
INSERT INTO parents(self_id, child_id, to_child_count, to_child_calls, to_child_paths, pct) VALUES(996,1001,0,0,0,0);
INSERT INTO parents(self_id, child_id, to_child_count, to_child_calls, to_child_paths, pct) VALUES(1001,1002,3012,753,13,0);
INSERT INTO parents(self_id, child_id, to_child_count, to_child_calls, to_child_paths, pct) VALUES(1001,1003,3012,753,13,0);
INSERT INTO parents(self_id, child_id, to_child_count, to_child_calls, to_child_paths, pct) VALUES(1001,1004,3012,753,13,0);
INSERT INTO parents(self_id, child_id, to_child_count, to_child_calls, to_child_paths, pct) VALUES(996,1005,0,0,0,0);
INSERT INTO parents(self_id, child_id, to_child_count, to_child_calls, to_child_paths, pct) VALUES(1005,1006,3012,753,13,0);
INSERT INTO parents(self_id, child_id, to_child_count, to_child_calls, to_child_paths, pct) VALUES(1005,1007,3012,753,13,0);
INSERT INTO parents(self_id, child_id, to_child_count, to_child_calls, to_child_paths, pct) VALUES(1005,1008,3012,753,13,0);
INSERT INTO parents(self_id, child_id, to_child_count, to_child_calls, to_child_paths, pct) VALUES(1005,1009,3012,753,13,0);
INSERT INTO parents(self_id, child_id, to_child_count, to_child_calls, to_child_paths, pct) VALUES(996,1010,0,0,0,0);
INSERT INTO parents(self_id, child_id, to_child_count, to_child_calls, to_child_paths, pct) VALUES(1010,1011,5564,1391,23,0);
INSERT INTO parents(self_id, child_id, to_child_count, to_child_calls, to_child_paths, pct) VALUES(1010,1012,5564,1391,23,0);
INSERT INTO parents(self_id, child_id, to_child_count, to_child_calls, to_child_paths, pct) VALUES(1010,1013,5564,1391,23,0);
INSERT INTO parents(self_id, child_id, to_child_count, to_child_calls, to_child_paths, pct) VALUES(996,1014,0,0,0,0);
INSERT INTO parents(self_id, child_id, to_child_count, to_child_calls, to_child_paths, pct) VALUES(1014,1015,5564,1391,23,0);
INSERT INTO parents(self_id, child_id, to_child_count, to_child_calls, to_child_paths, pct) VALUES(1014,1016,5564,1391,23,0);
INSERT INTO parents(self_id, child_id, to_child_count, to_child_calls, to_child_paths, pct) VALUES(1014,1017,5564,1391,23,0);
INSERT INTO parents(self_id, child_id, to_child_count, to_child_calls, to_child_paths, pct) VALUES(719,1018,0,0,0,0);
INSERT INTO parents(self_id, child_id, to_child_count, to_child_calls, to_child_paths, pct) VALUES(1018,1019,0,0,0,0);
INSERT INTO parents(self_id, child_id, to_child_count, to_child_calls, to_child_paths, pct) VALUES(1019,1020,12164,2297,32,0);
INSERT INTO parents(self_id, child_id, to_child_count, to_child_calls, to_child_paths, pct) VALUES(1019,1021,253772,61779,9,0);
INSERT INTO parents(self_id, child_id, to_child_count, to_child_calls, to_child_paths, pct) VALUES(1021,1022,1128,166,6,0);
INSERT INTO parents(self_id, child_id, to_child_count, to_child_calls, to_child_paths, pct) VALUES(1021,1023,1128,166,6,0);
INSERT INTO parents(self_id, child_id, to_child_count, to_child_calls, to_child_paths, pct) VALUES(1021,1024,1128,166,6,0);
INSERT INTO parents(self_id, child_id, to_child_count, to_child_calls, to_child_paths, pct) VALUES(1021,1025,1128,166,6,0);
INSERT INTO parents(self_id, child_id, to_child_count, to_child_calls, to_child_paths, pct) VALUES(1021,1026,1128,166,6,0);
INSERT INTO parents(self_id, child_id, to_child_count, to_child_calls, to_child_paths, pct) VALUES(1021,1027,1128,166,6,0);
INSERT INTO parents(self_id, child_id, to_child_count, to_child_calls, to_child_paths, pct) VALUES(1018,1028,0,0,0,0);
INSERT INTO parents(self_id, child_id, to_child_count, to_child_calls, to_child_paths, pct) VALUES(1028,1029,12164,2297,32,0);
INSERT INTO parents(self_id, child_id, to_child_count, to_child_calls, to_child_paths, pct) VALUES(1028,1030,253772,61779,9,0);
INSERT INTO parents(self_id, child_id, to_child_count, to_child_calls, to_child_paths, pct) VALUES(1030,1031,1128,166,6,0);
INSERT INTO parents(self_id, child_id, to_child_count, to_child_calls, to_child_paths, pct) VALUES(1030,1032,1128,166,6,0);
INSERT INTO parents(self_id, child_id, to_child_count, to_child_calls, to_child_paths, pct) VALUES(1030,1033,1128,166,6,0);
INSERT INTO parents(self_id, child_id, to_child_count, to_child_calls, to_child_paths, pct) VALUES(1030,1034,1128,166,6,0);
INSERT INTO parents(self_id, child_id, to_child_count, to_child_calls, to_child_paths, pct) VALUES(1030,1035,1128,166,6,0);
INSERT INTO parents(self_id, child_id, to_child_count, to_child_calls, to_child_paths, pct) VALUES(1030,1036,1128,166,6,0);
INSERT INTO parents(self_id, child_id, to_child_count, to_child_calls, to_child_paths, pct) VALUES(1018,1037,0,0,0,0);
INSERT INTO parents(self_id, child_id, to_child_count, to_child_calls, to_child_paths, pct) VALUES(1037,1038,12164,2297,32,0);
INSERT INTO parents(self_id, child_id, to_child_count, to_child_calls, to_child_paths, pct) VALUES(1037,1039,253772,61779,9,0);
INSERT INTO parents(self_id, child_id, to_child_count, to_child_calls, to_child_paths, pct) VALUES(1039,1040,1128,166,6,0);
INSERT INTO parents(self_id, child_id, to_child_count, to_child_calls, to_child_paths, pct) VALUES(1039,1041,1128,166,6,0);
INSERT INTO parents(self_id, child_id, to_child_count, to_child_calls, to_child_paths, pct) VALUES(1039,1042,1128,166,6,0);
INSERT INTO parents(self_id, child_id, to_child_count, to_child_calls, to_child_paths, pct) VALUES(1039,1043,1128,166,6,0);
INSERT INTO parents(self_id, child_id, to_child_count, to_child_calls, to_child_paths, pct) VALUES(1039,1044,1128,166,6,0);
INSERT INTO parents(self_id, child_id, to_child_count, to_child_calls, to_child_paths, pct) VALUES(1039,1045,1128,166,6,0);
INSERT INTO children(self_id, parent_id, from_parent_count, from_parent_calls, from_parent_paths, pct) VALUES(719,10,3302236,444457,0,0);
INSERT INTO children(self_id, parent_id, from_parent_count, from_parent_calls, from_parent_paths, pct) VALUES(720,719,421308,10909,2,0);
INSERT INTO children(self_id, parent_id, from_parent_count, from_parent_calls, from_parent_paths, pct) VALUES(721,720,46640,15,0,0);
INSERT INTO children(self_id, parent_id, from_parent_count, from_parent_calls, from_parent_paths, pct) VALUES(722,721,848,0,6,0);
INSERT INTO children(self_id, parent_id, from_parent_count, from_parent_calls, from_parent_paths, pct) VALUES(723,721,848,0,6,0);
INSERT INTO children(self_id, parent_id, from_parent_count, from_parent_calls, from_parent_paths, pct) VALUES(724,721,848,0,6,0);
INSERT INTO children(self_id, parent_id, from_parent_count, from_parent_calls, from_parent_paths, pct) VALUES(725,721,848,2,6,0);
INSERT INTO children(self_id, parent_id, from_parent_count, from_parent_calls, from_parent_paths, pct) VALUES(726,721,848,2,6,0);
INSERT INTO children(self_id, parent_id, from_parent_count, from_parent_calls, from_parent_paths, pct) VALUES(727,721,848,0,6,0);
INSERT INTO children(self_id, parent_id, from_parent_count, from_parent_calls, from_parent_paths, pct) VALUES(728,721,848,0,6,0);
INSERT INTO children(self_id, parent_id, from_parent_count, from_parent_calls, from_parent_paths, pct) VALUES(729,721,848,2,6,0);
INSERT INTO children(self_id, parent_id, from_parent_count, from_parent_calls, from_parent_paths, pct) VALUES(730,721,848,0,6,0);
INSERT INTO children(self_id, parent_id, from_parent_count, from_parent_calls, from_parent_paths, pct) VALUES(731,721,848,0,6,0);
INSERT INTO children(self_id, parent_id, from_parent_count, from_parent_calls, from_parent_paths, pct) VALUES(732,721,1696,0,12,0);
INSERT INTO children(self_id, parent_id, from_parent_count, from_parent_calls, from_parent_paths, pct) VALUES(733,721,848,0,6,0);
INSERT INTO children(self_id, parent_id, from_parent_count, from_parent_calls, from_parent_paths, pct) VALUES(734,721,848,0,6,0);
INSERT INTO children(self_id, parent_id, from_parent_count, from_parent_calls, from_parent_paths, pct) VALUES(735,721,848,0,6,0);
INSERT INTO children(self_id, parent_id, from_parent_count, from_parent_calls, from_parent_paths, pct) VALUES(736,721,848,0,6,0);
INSERT INTO children(self_id, parent_id, from_parent_count, from_parent_calls, from_parent_paths, pct) VALUES(737,721,848,0,6,0);
INSERT INTO children(self_id, parent_id, from_parent_count, from_parent_calls, from_parent_paths, pct) VALUES(738,721,848,0,6,0);
INSERT INTO children(self_id, parent_id, from_parent_count, from_parent_calls, from_parent_paths, pct) VALUES(739,721,848,0,6,0);
INSERT INTO children(self_id, parent_id, from_parent_count, from_parent_calls, from_parent_paths, pct) VALUES(740,721,848,0,6,0);
INSERT INTO children(self_id, parent_id, from_parent_count, from_parent_calls, from_parent_paths, pct) VALUES(741,721,848,0,6,0);
INSERT INTO children(self_id, parent_id, from_parent_count, from_parent_calls, from_parent_paths, pct) VALUES(742,721,848,0,6,0);
INSERT INTO children(self_id, parent_id, from_parent_count, from_parent_calls, from_parent_paths, pct) VALUES(743,721,848,0,6,0);
INSERT INTO children(self_id, parent_id, from_parent_count, from_parent_calls, from_parent_paths, pct) VALUES(744,721,848,0,6,0);
INSERT INTO children(self_id, parent_id, from_parent_count, from_parent_calls, from_parent_paths, pct) VALUES(745,721,848,0,6,0);
INSERT INTO children(self_id, parent_id, from_parent_count, from_parent_calls, from_parent_paths, pct) VALUES(746,721,1696,0,12,0);
INSERT INTO children(self_id, parent_id, from_parent_count, from_parent_calls, from_parent_paths, pct) VALUES(747,721,848,0,6,0);
INSERT INTO children(self_id, parent_id, from_parent_count, from_parent_calls, from_parent_paths, pct) VALUES(748,721,848,0,6,0);
INSERT INTO children(self_id, parent_id, from_parent_count, from_parent_calls, from_parent_paths, pct) VALUES(749,721,848,0,6,0);
INSERT INTO children(self_id, parent_id, from_parent_count, from_parent_calls, from_parent_paths, pct) VALUES(750,721,848,0,6,0);
INSERT INTO children(self_id, parent_id, from_parent_count, from_parent_calls, from_parent_paths, pct) VALUES(751,721,848,0,6,0);
INSERT INTO children(self_id, parent_id, from_parent_count, from_parent_calls, from_parent_paths, pct) VALUES(752,721,848,0,6,0);
INSERT INTO children(self_id, parent_id, from_parent_count, from_parent_calls, from_parent_paths, pct) VALUES(753,721,848,0,6,0);
INSERT INTO children(self_id, parent_id, from_parent_count, from_parent_calls, from_parent_paths, pct) VALUES(754,721,848,0,6,0);
INSERT INTO children(self_id, parent_id, from_parent_count, from_parent_calls, from_parent_paths, pct) VALUES(755,721,848,5,6,0);
INSERT INTO children(self_id, parent_id, from_parent_count, from_parent_calls, from_parent_paths, pct) VALUES(756,721,848,0,6,0);
INSERT INTO children(self_id, parent_id, from_parent_count, from_parent_calls, from_parent_paths, pct) VALUES(757,721,848,2,6,0);
INSERT INTO children(self_id, parent_id, from_parent_count, from_parent_calls, from_parent_paths, pct) VALUES(758,721,848,0,6,0);
INSERT INTO children(self_id, parent_id, from_parent_count, from_parent_calls, from_parent_paths, pct) VALUES(759,721,848,0,6,0);
INSERT INTO children(self_id, parent_id, from_parent_count, from_parent_calls, from_parent_paths, pct) VALUES(760,721,848,0,6,0);
INSERT INTO children(self_id, parent_id, from_parent_count, from_parent_calls, from_parent_paths, pct) VALUES(761,721,848,0,6,0);
INSERT INTO children(self_id, parent_id, from_parent_count, from_parent_calls, from_parent_paths, pct) VALUES(762,721,848,0,6,0);
INSERT INTO children(self_id, parent_id, from_parent_count, from_parent_calls, from_parent_paths, pct) VALUES(763,721,848,2,6,0);
INSERT INTO children(self_id, parent_id, from_parent_count, from_parent_calls, from_parent_paths, pct) VALUES(764,721,848,0,6,0);
INSERT INTO children(self_id, parent_id, from_parent_count, from_parent_calls, from_parent_paths, pct) VALUES(765,721,848,0,6,0);
INSERT INTO children(self_id, parent_id, from_parent_count, from_parent_calls, from_parent_paths, pct) VALUES(766,721,848,0,6,0);
INSERT INTO children(self_id, parent_id, from_parent_count, from_parent_calls, from_parent_paths, pct) VALUES(767,721,848,0,6,0);
INSERT INTO children(self_id, parent_id, from_parent_count, from_parent_calls, from_parent_paths, pct) VALUES(768,721,848,0,6,0);
INSERT INTO children(self_id, parent_id, from_parent_count, from_parent_calls, from_parent_paths, pct) VALUES(769,721,848,0,6,0);
INSERT INTO children(self_id, parent_id, from_parent_count, from_parent_calls, from_parent_paths, pct) VALUES(770,721,848,0,6,0);
INSERT INTO children(self_id, parent_id, from_parent_count, from_parent_calls, from_parent_paths, pct) VALUES(771,721,848,0,6,0);
INSERT INTO children(self_id, parent_id, from_parent_count, from_parent_calls, from_parent_paths, pct) VALUES(772,721,848,0,6,0);
INSERT INTO children(self_id, parent_id, from_parent_count, from_parent_calls, from_parent_paths, pct) VALUES(773,721,848,0,6,0);
INSERT INTO children(self_id, parent_id, from_parent_count, from_parent_calls, from_parent_paths, pct) VALUES(774,721,848,0,6,0);
INSERT INTO children(self_id, parent_id, from_parent_count, from_parent_calls, from_parent_paths, pct) VALUES(775,720,373840,10799,0,0);
INSERT INTO children(self_id, parent_id, from_parent_count, from_parent_calls, from_parent_paths, pct) VALUES(776,775,6704,194,44,0);
INSERT INTO children(self_id, parent_id, from_parent_count, from_parent_calls, from_parent_paths, pct) VALUES(777,775,6704,194,44,0);
INSERT INTO children(self_id, parent_id, from_parent_count, from_parent_calls, from_parent_paths, pct) VALUES(778,775,6704,194,44,0);
INSERT INTO children(self_id, parent_id, from_parent_count, from_parent_calls, from_parent_paths, pct) VALUES(779,775,6704,213,44,0);
INSERT INTO children(self_id, parent_id, from_parent_count, from_parent_calls, from_parent_paths, pct) VALUES(780,775,6704,213,44,0);
INSERT INTO children(self_id, parent_id, from_parent_count, from_parent_calls, from_parent_paths, pct) VALUES(781,775,6704,194,44,0);
INSERT INTO children(self_id, parent_id, from_parent_count, from_parent_calls, from_parent_paths, pct) VALUES(782,775,6704,194,44,0);
INSERT INTO children(self_id, parent_id, from_parent_count, from_parent_calls, from_parent_paths, pct) VALUES(783,775,6704,210,44,0);
INSERT INTO children(self_id, parent_id, from_parent_count, from_parent_calls, from_parent_paths, pct) VALUES(784,775,6704,194,44,0);
INSERT INTO children(self_id, parent_id, from_parent_count, from_parent_calls, from_parent_paths, pct) VALUES(785,775,6704,194,44,0);
INSERT INTO children(self_id, parent_id, from_parent_count, from_parent_calls, from_parent_paths, pct) VALUES(786,775,13664,388,96,0);
INSERT INTO children(self_id, parent_id, from_parent_count, from_parent_calls, from_parent_paths, pct) VALUES(787,775,6960,194,52,0);
INSERT INTO children(self_id, parent_id, from_parent_count, from_parent_calls, from_parent_paths, pct) VALUES(788,775,6960,194,52,0);
INSERT INTO children(self_id, parent_id, from_parent_count, from_parent_calls, from_parent_paths, pct) VALUES(789,775,6960,194,52,0);
INSERT INTO children(self_id, parent_id, from_parent_count, from_parent_calls, from_parent_paths, pct) VALUES(790,775,6960,194,52,0);
INSERT INTO children(self_id, parent_id, from_parent_count, from_parent_calls, from_parent_paths, pct) VALUES(791,775,6960,194,52,0);
INSERT INTO children(self_id, parent_id, from_parent_count, from_parent_calls, from_parent_paths, pct) VALUES(792,775,6960,194,52,0);
INSERT INTO children(self_id, parent_id, from_parent_count, from_parent_calls, from_parent_paths, pct) VALUES(793,775,6960,194,52,0);
INSERT INTO children(self_id, parent_id, from_parent_count, from_parent_calls, from_parent_paths, pct) VALUES(794,775,6960,194,52,0);
INSERT INTO children(self_id, parent_id, from_parent_count, from_parent_calls, from_parent_paths, pct) VALUES(795,775,6960,194,52,0);
INSERT INTO children(self_id, parent_id, from_parent_count, from_parent_calls, from_parent_paths, pct) VALUES(796,775,6960,194,52,0);
INSERT INTO children(self_id, parent_id, from_parent_count, from_parent_calls, from_parent_paths, pct) VALUES(797,775,6960,194,52,0);
INSERT INTO children(self_id, parent_id, from_parent_count, from_parent_calls, from_parent_paths, pct) VALUES(798,775,6960,194,52,0);
INSERT INTO children(self_id, parent_id, from_parent_count, from_parent_calls, from_parent_paths, pct) VALUES(799,775,6960,194,52,0);
INSERT INTO children(self_id, parent_id, from_parent_count, from_parent_calls, from_parent_paths, pct) VALUES(800,775,13664,388,96,0);
INSERT INTO children(self_id, parent_id, from_parent_count, from_parent_calls, from_parent_paths, pct) VALUES(801,775,6960,194,52,0);
INSERT INTO children(self_id, parent_id, from_parent_count, from_parent_calls, from_parent_paths, pct) VALUES(802,775,6960,194,52,0);
INSERT INTO children(self_id, parent_id, from_parent_count, from_parent_calls, from_parent_paths, pct) VALUES(803,775,6960,194,52,0);
INSERT INTO children(self_id, parent_id, from_parent_count, from_parent_calls, from_parent_paths, pct) VALUES(804,775,6960,194,52,0);
INSERT INTO children(self_id, parent_id, from_parent_count, from_parent_calls, from_parent_paths, pct) VALUES(805,775,6960,194,52,0);
INSERT INTO children(self_id, parent_id, from_parent_count, from_parent_calls, from_parent_paths, pct) VALUES(806,775,6704,194,44,0);
INSERT INTO children(self_id, parent_id, from_parent_count, from_parent_calls, from_parent_paths, pct) VALUES(807,775,6704,194,44,0);
INSERT INTO children(self_id, parent_id, from_parent_count, from_parent_calls, from_parent_paths, pct) VALUES(808,775,6704,194,44,0);
INSERT INTO children(self_id, parent_id, from_parent_count, from_parent_calls, from_parent_paths, pct) VALUES(809,775,6704,231,44,0);
INSERT INTO children(self_id, parent_id, from_parent_count, from_parent_calls, from_parent_paths, pct) VALUES(810,775,6704,194,44,0);
INSERT INTO children(self_id, parent_id, from_parent_count, from_parent_calls, from_parent_paths, pct) VALUES(811,775,6704,213,44,0);
INSERT INTO children(self_id, parent_id, from_parent_count, from_parent_calls, from_parent_paths, pct) VALUES(812,775,6704,194,44,0);
INSERT INTO children(self_id, parent_id, from_parent_count, from_parent_calls, from_parent_paths, pct) VALUES(813,775,6704,194,44,0);
INSERT INTO children(self_id, parent_id, from_parent_count, from_parent_calls, from_parent_paths, pct) VALUES(814,775,6704,194,44,0);
INSERT INTO children(self_id, parent_id, from_parent_count, from_parent_calls, from_parent_paths, pct) VALUES(815,775,6704,194,44,0);
INSERT INTO children(self_id, parent_id, from_parent_count, from_parent_calls, from_parent_paths, pct) VALUES(816,775,6704,194,44,0);
INSERT INTO children(self_id, parent_id, from_parent_count, from_parent_calls, from_parent_paths, pct) VALUES(817,775,6704,213,44,0);
INSERT INTO children(self_id, parent_id, from_parent_count, from_parent_calls, from_parent_paths, pct) VALUES(818,775,6704,194,44,0);
INSERT INTO children(self_id, parent_id, from_parent_count, from_parent_calls, from_parent_paths, pct) VALUES(819,775,6704,194,44,0);
INSERT INTO children(self_id, parent_id, from_parent_count, from_parent_calls, from_parent_paths, pct) VALUES(820,775,6704,194,44,0);
INSERT INTO children(self_id, parent_id, from_parent_count, from_parent_calls, from_parent_paths, pct) VALUES(821,775,6704,194,44,0);
INSERT INTO children(self_id, parent_id, from_parent_count, from_parent_calls, from_parent_paths, pct) VALUES(822,775,6704,194,44,0);
INSERT INTO children(self_id, parent_id, from_parent_count, from_parent_calls, from_parent_paths, pct) VALUES(823,775,6704,194,44,0);
INSERT INTO children(self_id, parent_id, from_parent_count, from_parent_calls, from_parent_paths, pct) VALUES(824,775,6704,194,44,0);
INSERT INTO children(self_id, parent_id, from_parent_count, from_parent_calls, from_parent_paths, pct) VALUES(825,775,6704,194,44,0);
INSERT INTO children(self_id, parent_id, from_parent_count, from_parent_calls, from_parent_paths, pct) VALUES(826,775,6704,194,44,0);
INSERT INTO children(self_id, parent_id, from_parent_count, from_parent_calls, from_parent_paths, pct) VALUES(827,775,6704,194,44,0);
INSERT INTO children(self_id, parent_id, from_parent_count, from_parent_calls, from_parent_paths, pct) VALUES(828,775,6704,194,44,0);
INSERT INTO children(self_id, parent_id, from_parent_count, from_parent_calls, from_parent_paths, pct) VALUES(829,719,48,8,2,0);
INSERT INTO children(self_id, parent_id, from_parent_count, from_parent_calls, from_parent_paths, pct) VALUES(830,829,0,0,0,0);
INSERT INTO children(self_id, parent_id, from_parent_count, from_parent_calls, from_parent_paths, pct) VALUES(831,719,10344,662,1,0);
INSERT INTO children(self_id, parent_id, from_parent_count, from_parent_calls, from_parent_paths, pct) VALUES(832,831,96,5,5,0);
INSERT INTO children(self_id, parent_id, from_parent_count, from_parent_calls, from_parent_paths, pct) VALUES(833,831,204,18,15,0);
INSERT INTO children(self_id, parent_id, from_parent_count, from_parent_calls, from_parent_paths, pct) VALUES(834,831,108,8,7,0);
INSERT INTO children(self_id, parent_id, from_parent_count, from_parent_calls, from_parent_paths, pct) VALUES(835,831,788,20,16,0);
INSERT INTO children(self_id, parent_id, from_parent_count, from_parent_calls, from_parent_paths, pct) VALUES(836,831,236,25,11,0);
INSERT INTO children(self_id, parent_id, from_parent_count, from_parent_calls, from_parent_paths, pct) VALUES(837,831,1336,39,26,0);
INSERT INTO children(self_id, parent_id, from_parent_count, from_parent_calls, from_parent_paths, pct) VALUES(838,831,856,94,45,0);
INSERT INTO children(self_id, parent_id, from_parent_count, from_parent_calls, from_parent_paths, pct) VALUES(839,831,16,2,3,0);
INSERT INTO children(self_id, parent_id, from_parent_count, from_parent_calls, from_parent_paths, pct) VALUES(840,831,32,0,3,0);
INSERT INTO children(self_id, parent_id, from_parent_count, from_parent_calls, from_parent_paths, pct) VALUES(841,831,304,23,20,0);
INSERT INTO children(self_id, parent_id, from_parent_count, from_parent_calls, from_parent_paths, pct) VALUES(842,831,220,31,12,0);
INSERT INTO children(self_id, parent_id, from_parent_count, from_parent_calls, from_parent_paths, pct) VALUES(843,831,148,16,9,0);
INSERT INTO children(self_id, parent_id, from_parent_count, from_parent_calls, from_parent_paths, pct) VALUES(844,831,440,34,10,0);
INSERT INTO children(self_id, parent_id, from_parent_count, from_parent_calls, from_parent_paths, pct) VALUES(845,831,732,91,23,0);
INSERT INTO children(self_id, parent_id, from_parent_count, from_parent_calls, from_parent_paths, pct) VALUES(846,831,456,56,17,0);
INSERT INTO children(self_id, parent_id, from_parent_count, from_parent_calls, from_parent_paths, pct) VALUES(847,831,252,27,16,0);
INSERT INTO children(self_id, parent_id, from_parent_count, from_parent_calls, from_parent_paths, pct) VALUES(848,831,1296,51,35,0);
INSERT INTO children(self_id, parent_id, from_parent_count, from_parent_calls, from_parent_paths, pct) VALUES(849,831,252,21,10,0);
INSERT INTO children(self_id, parent_id, from_parent_count, from_parent_calls, from_parent_paths, pct) VALUES(850,831,144,3,4,0);
INSERT INTO children(self_id, parent_id, from_parent_count, from_parent_calls, from_parent_paths, pct) VALUES(851,831,448,31,19,0);
INSERT INTO children(self_id, parent_id, from_parent_count, from_parent_calls, from_parent_paths, pct) VALUES(852,831,68,12,3,0);
INSERT INTO children(self_id, parent_id, from_parent_count, from_parent_calls, from_parent_paths, pct) VALUES(853,831,656,26,10,0);
INSERT INTO children(self_id, parent_id, from_parent_count, from_parent_calls, from_parent_paths, pct) VALUES(854,719,24960,4051,0,0);
INSERT INTO children(self_id, parent_id, from_parent_count, from_parent_calls, from_parent_paths, pct) VALUES(855,854,24960,4051,26,0);
INSERT INTO children(self_id, parent_id, from_parent_count, from_parent_calls, from_parent_paths, pct) VALUES(856,719,276548,65793,0,0);
INSERT INTO children(self_id, parent_id, from_parent_count, from_parent_calls, from_parent_paths, pct) VALUES(857,856,275700,65742,0,0);
INSERT INTO children(self_id, parent_id, from_parent_count, from_parent_calls, from_parent_paths, pct) VALUES(858,857,91900,21914,14,0);
INSERT INTO children(self_id, parent_id, from_parent_count, from_parent_calls, from_parent_paths, pct) VALUES(859,857,91900,21914,14,0);
INSERT INTO children(self_id, parent_id, from_parent_count, from_parent_calls, from_parent_paths, pct) VALUES(860,857,91900,21914,14,0);
INSERT INTO children(self_id, parent_id, from_parent_count, from_parent_calls, from_parent_paths, pct) VALUES(861,856,848,51,4,0);
INSERT INTO children(self_id, parent_id, from_parent_count, from_parent_calls, from_parent_paths, pct) VALUES(862,719,102784,5719,0,0);
INSERT INTO children(self_id, parent_id, from_parent_count, from_parent_calls, from_parent_paths, pct) VALUES(863,862,25696,1515,0,0);
INSERT INTO children(self_id, parent_id, from_parent_count, from_parent_calls, from_parent_paths, pct) VALUES(864,863,3212,179,43,0);
INSERT INTO children(self_id, parent_id, from_parent_count, from_parent_calls, from_parent_paths, pct) VALUES(865,863,3212,179,43,0);
INSERT INTO children(self_id, parent_id, from_parent_count, from_parent_calls, from_parent_paths, pct) VALUES(866,863,3212,179,43,0);
INSERT INTO children(self_id, parent_id, from_parent_count, from_parent_calls, from_parent_paths, pct) VALUES(867,863,3212,201,43,0);
INSERT INTO children(self_id, parent_id, from_parent_count, from_parent_calls, from_parent_paths, pct) VALUES(868,863,3212,190,43,0);
INSERT INTO children(self_id, parent_id, from_parent_count, from_parent_calls, from_parent_paths, pct) VALUES(869,863,3212,190,43,0);
INSERT INTO children(self_id, parent_id, from_parent_count, from_parent_calls, from_parent_paths, pct) VALUES(870,863,3212,179,43,0);
INSERT INTO children(self_id, parent_id, from_parent_count, from_parent_calls, from_parent_paths, pct) VALUES(871,863,3212,218,43,0);
INSERT INTO children(self_id, parent_id, from_parent_count, from_parent_calls, from_parent_paths, pct) VALUES(872,862,25696,1382,0,0);
INSERT INTO children(self_id, parent_id, from_parent_count, from_parent_calls, from_parent_paths, pct) VALUES(873,872,3212,166,43,0);
INSERT INTO children(self_id, parent_id, from_parent_count, from_parent_calls, from_parent_paths, pct) VALUES(874,872,3212,166,43,0);
INSERT INTO children(self_id, parent_id, from_parent_count, from_parent_calls, from_parent_paths, pct) VALUES(875,872,3212,166,43,0);
INSERT INTO children(self_id, parent_id, from_parent_count, from_parent_calls, from_parent_paths, pct) VALUES(876,872,3212,177,43,0);
INSERT INTO children(self_id, parent_id, from_parent_count, from_parent_calls, from_parent_paths, pct) VALUES(877,872,3212,177,43,0);
INSERT INTO children(self_id, parent_id, from_parent_count, from_parent_calls, from_parent_paths, pct) VALUES(878,872,3212,172,43,0);
INSERT INTO children(self_id, parent_id, from_parent_count, from_parent_calls, from_parent_paths, pct) VALUES(879,872,3212,166,43,0);
INSERT INTO children(self_id, parent_id, from_parent_count, from_parent_calls, from_parent_paths, pct) VALUES(880,872,3212,192,43,0);
INSERT INTO children(self_id, parent_id, from_parent_count, from_parent_calls, from_parent_paths, pct) VALUES(881,862,25696,1346,0,0);
INSERT INTO children(self_id, parent_id, from_parent_count, from_parent_calls, from_parent_paths, pct) VALUES(882,881,3212,163,43,0);
INSERT INTO children(self_id, parent_id, from_parent_count, from_parent_calls, from_parent_paths, pct) VALUES(883,881,3212,163,43,0);
INSERT INTO children(self_id, parent_id, from_parent_count, from_parent_calls, from_parent_paths, pct) VALUES(884,881,3212,163,43,0);
INSERT INTO children(self_id, parent_id, from_parent_count, from_parent_calls, from_parent_paths, pct) VALUES(885,881,3212,174,43,0);
INSERT INTO children(self_id, parent_id, from_parent_count, from_parent_calls, from_parent_paths, pct) VALUES(886,881,3212,174,43,0);
INSERT INTO children(self_id, parent_id, from_parent_count, from_parent_calls, from_parent_paths, pct) VALUES(887,881,3212,163,43,0);
INSERT INTO children(self_id, parent_id, from_parent_count, from_parent_calls, from_parent_paths, pct) VALUES(888,881,3212,163,43,0);
INSERT INTO children(self_id, parent_id, from_parent_count, from_parent_calls, from_parent_paths, pct) VALUES(889,881,3212,183,43,0);
INSERT INTO children(self_id, parent_id, from_parent_count, from_parent_calls, from_parent_paths, pct) VALUES(890,862,25696,1476,0,0);
INSERT INTO children(self_id, parent_id, from_parent_count, from_parent_calls, from_parent_paths, pct) VALUES(891,890,3212,174,43,0);
INSERT INTO children(self_id, parent_id, from_parent_count, from_parent_calls, from_parent_paths, pct) VALUES(892,890,3212,174,43,0);
INSERT INTO children(self_id, parent_id, from_parent_count, from_parent_calls, from_parent_paths, pct) VALUES(893,890,3212,174,43,0);
INSERT INTO children(self_id, parent_id, from_parent_count, from_parent_calls, from_parent_paths, pct) VALUES(894,890,3212,196,43,0);
INSERT INTO children(self_id, parent_id, from_parent_count, from_parent_calls, from_parent_paths, pct) VALUES(895,890,3212,184,43,0);
INSERT INTO children(self_id, parent_id, from_parent_count, from_parent_calls, from_parent_paths, pct) VALUES(896,890,3212,186,43,0);
INSERT INTO children(self_id, parent_id, from_parent_count, from_parent_calls, from_parent_paths, pct) VALUES(897,890,3212,174,43,0);
INSERT INTO children(self_id, parent_id, from_parent_count, from_parent_calls, from_parent_paths, pct) VALUES(898,890,3212,214,43,0);
INSERT INTO children(self_id, parent_id, from_parent_count, from_parent_calls, from_parent_paths, pct) VALUES(899,719,1532604,165766,0,0);
INSERT INTO children(self_id, parent_id, from_parent_count, from_parent_calls, from_parent_paths, pct) VALUES(900,899,1532604,165766,6,0);
INSERT INTO children(self_id, parent_id, from_parent_count, from_parent_calls, from_parent_paths, pct) VALUES(901,900,774584,67690,0,0);
INSERT INTO children(self_id, parent_id, from_parent_count, from_parent_calls, from_parent_paths, pct) VALUES(902,901,387292,33845,11,0);
INSERT INTO children(self_id, parent_id, from_parent_count, from_parent_calls, from_parent_paths, pct) VALUES(903,902,49628,4768,15,0);
INSERT INTO children(self_id, parent_id, from_parent_count, from_parent_calls, from_parent_paths, pct) VALUES(904,902,49628,4768,15,0);
INSERT INTO children(self_id, parent_id, from_parent_count, from_parent_calls, from_parent_paths, pct) VALUES(905,902,49628,4768,15,0);
INSERT INTO children(self_id, parent_id, from_parent_count, from_parent_calls, from_parent_paths, pct) VALUES(906,902,41948,3828,15,0);
INSERT INTO children(self_id, parent_id, from_parent_count, from_parent_calls, from_parent_paths, pct) VALUES(907,902,41948,3828,15,0);
INSERT INTO children(self_id, parent_id, from_parent_count, from_parent_calls, from_parent_paths, pct) VALUES(908,902,41948,3828,15,0);
INSERT INTO children(self_id, parent_id, from_parent_count, from_parent_calls, from_parent_paths, pct) VALUES(909,902,34268,2892,15,0);
INSERT INTO children(self_id, parent_id, from_parent_count, from_parent_calls, from_parent_paths, pct) VALUES(910,902,34268,2892,15,0);
INSERT INTO children(self_id, parent_id, from_parent_count, from_parent_calls, from_parent_paths, pct) VALUES(911,902,29148,2272,15,0);
INSERT INTO children(self_id, parent_id, from_parent_count, from_parent_calls, from_parent_paths, pct) VALUES(912,901,387292,33845,11,0);
INSERT INTO children(self_id, parent_id, from_parent_count, from_parent_calls, from_parent_paths, pct) VALUES(913,912,49628,4768,15,0);
INSERT INTO children(self_id, parent_id, from_parent_count, from_parent_calls, from_parent_paths, pct) VALUES(914,912,49628,4768,15,0);
INSERT INTO children(self_id, parent_id, from_parent_count, from_parent_calls, from_parent_paths, pct) VALUES(915,912,49628,4768,15,0);
INSERT INTO children(self_id, parent_id, from_parent_count, from_parent_calls, from_parent_paths, pct) VALUES(916,912,41948,3828,15,0);
INSERT INTO children(self_id, parent_id, from_parent_count, from_parent_calls, from_parent_paths, pct) VALUES(917,912,41948,3828,15,0);
INSERT INTO children(self_id, parent_id, from_parent_count, from_parent_calls, from_parent_paths, pct) VALUES(918,912,41948,3828,15,0);
INSERT INTO children(self_id, parent_id, from_parent_count, from_parent_calls, from_parent_paths, pct) VALUES(919,912,34268,2892,15,0);
INSERT INTO children(self_id, parent_id, from_parent_count, from_parent_calls, from_parent_paths, pct) VALUES(920,912,34268,2892,15,0);
INSERT INTO children(self_id, parent_id, from_parent_count, from_parent_calls, from_parent_paths, pct) VALUES(921,912,29148,2272,15,0);
INSERT INTO children(self_id, parent_id, from_parent_count, from_parent_calls, from_parent_paths, pct) VALUES(922,900,138384,10589,11,0);
INSERT INTO children(self_id, parent_id, from_parent_count, from_parent_calls, from_parent_paths, pct) VALUES(923,922,32476,2712,15,0);
INSERT INTO children(self_id, parent_id, from_parent_count, from_parent_calls, from_parent_paths, pct) VALUES(924,922,38620,3428,15,0);
INSERT INTO children(self_id, parent_id, from_parent_count, from_parent_calls, from_parent_paths, pct) VALUES(925,922,24284,2000,15,0);
INSERT INTO children(self_id, parent_id, from_parent_count, from_parent_calls, from_parent_paths, pct) VALUES(926,922,28124,2448,15,0);
INSERT INTO children(self_id, parent_id, from_parent_count, from_parent_calls, from_parent_paths, pct) VALUES(927,900,135528,5810,0,0);
INSERT INTO children(self_id, parent_id, from_parent_count, from_parent_calls, from_parent_paths, pct) VALUES(928,927,67764,2905,11,0);
INSERT INTO children(self_id, parent_id, from_parent_count, from_parent_calls, from_parent_paths, pct) VALUES(929,928,17628,968,15,0);
INSERT INTO children(self_id, parent_id, from_parent_count, from_parent_calls, from_parent_paths, pct) VALUES(930,928,17628,968,15,0);
INSERT INTO children(self_id, parent_id, from_parent_count, from_parent_calls, from_parent_paths, pct) VALUES(931,928,17628,968,15,0);
INSERT INTO children(self_id, parent_id, from_parent_count, from_parent_calls, from_parent_paths, pct) VALUES(932,927,67764,2905,11,0);
INSERT INTO children(self_id, parent_id, from_parent_count, from_parent_calls, from_parent_paths, pct) VALUES(933,932,17628,968,15,0);
INSERT INTO children(self_id, parent_id, from_parent_count, from_parent_calls, from_parent_paths, pct) VALUES(934,932,17628,968,15,0);
INSERT INTO children(self_id, parent_id, from_parent_count, from_parent_calls, from_parent_paths, pct) VALUES(935,932,17628,968,15,0);
INSERT INTO children(self_id, parent_id, from_parent_count, from_parent_calls, from_parent_paths, pct) VALUES(936,900,226888,19225,11,0);
INSERT INTO children(self_id, parent_id, from_parent_count, from_parent_calls, from_parent_paths, pct) VALUES(937,936,39644,3784,15,0);
INSERT INTO children(self_id, parent_id, from_parent_count, from_parent_calls, from_parent_paths, pct) VALUES(938,936,44252,4320,15,0);
INSERT INTO children(self_id, parent_id, from_parent_count, from_parent_calls, from_parent_paths, pct) VALUES(939,936,27356,2356,15,0);
INSERT INTO children(self_id, parent_id, from_parent_count, from_parent_calls, from_parent_paths, pct) VALUES(940,936,29660,2624,15,0);
INSERT INTO children(self_id, parent_id, from_parent_count, from_parent_calls, from_parent_paths, pct) VALUES(941,936,34012,2892,15,0);
INSERT INTO children(self_id, parent_id, from_parent_count, from_parent_calls, from_parent_paths, pct) VALUES(942,936,37084,3248,15,0);
INSERT INTO children(self_id, parent_id, from_parent_count, from_parent_calls, from_parent_paths, pct) VALUES(943,719,18640,111,0,0);
INSERT INTO children(self_id, parent_id, from_parent_count, from_parent_calls, from_parent_paths, pct) VALUES(944,943,3588,62,0,0);
INSERT INTO children(self_id, parent_id, from_parent_count, from_parent_calls, from_parent_paths, pct) VALUES(945,944,232,6,4,0);
INSERT INTO children(self_id, parent_id, from_parent_count, from_parent_calls, from_parent_paths, pct) VALUES(946,944,240,2,4,0);
INSERT INTO children(self_id, parent_id, from_parent_count, from_parent_calls, from_parent_paths, pct) VALUES(947,944,240,2,4,0);
INSERT INTO children(self_id, parent_id, from_parent_count, from_parent_calls, from_parent_paths, pct) VALUES(948,944,240,1,4,0);
INSERT INTO children(self_id, parent_id, from_parent_count, from_parent_calls, from_parent_paths, pct) VALUES(949,944,232,7,4,0);
INSERT INTO children(self_id, parent_id, from_parent_count, from_parent_calls, from_parent_paths, pct) VALUES(950,944,232,7,4,0);
INSERT INTO children(self_id, parent_id, from_parent_count, from_parent_calls, from_parent_paths, pct) VALUES(951,944,232,7,4,0);
INSERT INTO children(self_id, parent_id, from_parent_count, from_parent_calls, from_parent_paths, pct) VALUES(952,944,236,3,4,0);
INSERT INTO children(self_id, parent_id, from_parent_count, from_parent_calls, from_parent_paths, pct) VALUES(953,944,236,8,4,0);
INSERT INTO children(self_id, parent_id, from_parent_count, from_parent_calls, from_parent_paths, pct) VALUES(954,944,240,2,4,0);
INSERT INTO children(self_id, parent_id, from_parent_count, from_parent_calls, from_parent_paths, pct) VALUES(955,944,228,6,4,0);
INSERT INTO children(self_id, parent_id, from_parent_count, from_parent_calls, from_parent_paths, pct) VALUES(956,944,912,0,12,0);
INSERT INTO children(self_id, parent_id, from_parent_count, from_parent_calls, from_parent_paths, pct) VALUES(957,944,88,11,0,0);
INSERT INTO children(self_id, parent_id, from_parent_count, from_parent_calls, from_parent_paths, pct) VALUES(958,957,88,11,2,0);
INSERT INTO children(self_id, parent_id, from_parent_count, from_parent_calls, from_parent_paths, pct) VALUES(959,943,15052,49,0,0);
INSERT INTO children(self_id, parent_id, from_parent_count, from_parent_calls, from_parent_paths, pct) VALUES(960,959,1184,8,5,0);
INSERT INTO children(self_id, parent_id, from_parent_count, from_parent_calls, from_parent_paths, pct) VALUES(961,960,560,7,8,0);
INSERT INTO children(self_id, parent_id, from_parent_count, from_parent_calls, from_parent_paths, pct) VALUES(962,959,1192,0,5,0);
INSERT INTO children(self_id, parent_id, from_parent_count, from_parent_calls, from_parent_paths, pct) VALUES(963,962,560,0,8,0);
INSERT INTO children(self_id, parent_id, from_parent_count, from_parent_calls, from_parent_paths, pct) VALUES(964,959,1192,0,5,0);
INSERT INTO children(self_id, parent_id, from_parent_count, from_parent_calls, from_parent_paths, pct) VALUES(965,964,560,0,8,0);
INSERT INTO children(self_id, parent_id, from_parent_count, from_parent_calls, from_parent_paths, pct) VALUES(966,959,1192,0,5,0);
INSERT INTO children(self_id, parent_id, from_parent_count, from_parent_calls, from_parent_paths, pct) VALUES(967,966,560,0,8,0);
INSERT INTO children(self_id, parent_id, from_parent_count, from_parent_calls, from_parent_paths, pct) VALUES(968,959,1184,2,5,0);
INSERT INTO children(self_id, parent_id, from_parent_count, from_parent_calls, from_parent_paths, pct) VALUES(969,968,560,0,8,0);
INSERT INTO children(self_id, parent_id, from_parent_count, from_parent_calls, from_parent_paths, pct) VALUES(970,959,1184,2,5,0);
INSERT INTO children(self_id, parent_id, from_parent_count, from_parent_calls, from_parent_paths, pct) VALUES(971,970,560,0,8,0);
INSERT INTO children(self_id, parent_id, from_parent_count, from_parent_calls, from_parent_paths, pct) VALUES(972,959,1184,2,5,0);
INSERT INTO children(self_id, parent_id, from_parent_count, from_parent_calls, from_parent_paths, pct) VALUES(973,972,560,0,8,0);
INSERT INTO children(self_id, parent_id, from_parent_count, from_parent_calls, from_parent_paths, pct) VALUES(974,959,1188,1,5,0);
INSERT INTO children(self_id, parent_id, from_parent_count, from_parent_calls, from_parent_paths, pct) VALUES(975,974,560,0,8,0);
INSERT INTO children(self_id, parent_id, from_parent_count, from_parent_calls, from_parent_paths, pct) VALUES(976,959,788,5,4,0);
INSERT INTO children(self_id, parent_id, from_parent_count, from_parent_calls, from_parent_paths, pct) VALUES(977,976,560,4,8,0);
INSERT INTO children(self_id, parent_id, from_parent_count, from_parent_calls, from_parent_paths, pct) VALUES(978,959,1192,1,5,0);
INSERT INTO children(self_id, parent_id, from_parent_count, from_parent_calls, from_parent_paths, pct) VALUES(979,978,560,0,8,0);
INSERT INTO children(self_id, parent_id, from_parent_count, from_parent_calls, from_parent_paths, pct) VALUES(980,959,780,2,4,0);
INSERT INTO children(self_id, parent_id, from_parent_count, from_parent_calls, from_parent_paths, pct) VALUES(981,980,560,0,8,0);
INSERT INTO children(self_id, parent_id, from_parent_count, from_parent_calls, from_parent_paths, pct) VALUES(982,959,2704,22,14,0);
INSERT INTO children(self_id, parent_id, from_parent_count, from_parent_calls, from_parent_paths, pct) VALUES(983,982,1312,22,16,0);
INSERT INTO children(self_id, parent_id, from_parent_count, from_parent_calls, from_parent_paths, pct) VALUES(984,959,88,4,0,0);
INSERT INTO children(self_id, parent_id, from_parent_count, from_parent_calls, from_parent_paths, pct) VALUES(985,984,88,4,2,0);
INSERT INTO children(self_id, parent_id, from_parent_count, from_parent_calls, from_parent_paths, pct) VALUES(986,719,96888,10832,0,0);
INSERT INTO children(self_id, parent_id, from_parent_count, from_parent_calls, from_parent_paths, pct) VALUES(987,986,33384,3156,0,0);
INSERT INTO children(self_id, parent_id, from_parent_count, from_parent_calls, from_parent_paths, pct) VALUES(988,987,16692,1578,0,0);
INSERT INTO children(self_id, parent_id, from_parent_count, from_parent_calls, from_parent_paths, pct) VALUES(989,988,5564,526,23,0);
INSERT INTO children(self_id, parent_id, from_parent_count, from_parent_calls, from_parent_paths, pct) VALUES(990,988,5564,526,23,0);
INSERT INTO children(self_id, parent_id, from_parent_count, from_parent_calls, from_parent_paths, pct) VALUES(991,988,5564,526,23,0);
INSERT INTO children(self_id, parent_id, from_parent_count, from_parent_calls, from_parent_paths, pct) VALUES(992,987,16692,1578,0,0);
INSERT INTO children(self_id, parent_id, from_parent_count, from_parent_calls, from_parent_paths, pct) VALUES(993,992,5564,526,23,0);
INSERT INTO children(self_id, parent_id, from_parent_count, from_parent_calls, from_parent_paths, pct) VALUES(994,992,5564,526,23,0);
INSERT INTO children(self_id, parent_id, from_parent_count, from_parent_calls, from_parent_paths, pct) VALUES(995,992,5564,526,23,0);
INSERT INTO children(self_id, parent_id, from_parent_count, from_parent_calls, from_parent_paths, pct) VALUES(996,986,63504,7676,0,0);
INSERT INTO children(self_id, parent_id, from_parent_count, from_parent_calls, from_parent_paths, pct) VALUES(997,996,9036,1356,0,0);
INSERT INTO children(self_id, parent_id, from_parent_count, from_parent_calls, from_parent_paths, pct) VALUES(998,997,3012,452,13,0);
INSERT INTO children(self_id, parent_id, from_parent_count, from_parent_calls, from_parent_paths, pct) VALUES(999,997,3012,452,13,0);
INSERT INTO children(self_id, parent_id, from_parent_count, from_parent_calls, from_parent_paths, pct) VALUES(1000,997,3012,452,13,0);
INSERT INTO children(self_id, parent_id, from_parent_count, from_parent_calls, from_parent_paths, pct) VALUES(1001,996,9036,1356,0,0);
INSERT INTO children(self_id, parent_id, from_parent_count, from_parent_calls, from_parent_paths, pct) VALUES(1002,1001,3012,452,13,0);
INSERT INTO children(self_id, parent_id, from_parent_count, from_parent_calls, from_parent_paths, pct) VALUES(1003,1001,3012,452,13,0);
INSERT INTO children(self_id, parent_id, from_parent_count, from_parent_calls, from_parent_paths, pct) VALUES(1004,1001,3012,452,13,0);
INSERT INTO children(self_id, parent_id, from_parent_count, from_parent_calls, from_parent_paths, pct) VALUES(1005,996,12048,1808,0,0);
INSERT INTO children(self_id, parent_id, from_parent_count, from_parent_calls, from_parent_paths, pct) VALUES(1006,1005,3012,452,13,0);
INSERT INTO children(self_id, parent_id, from_parent_count, from_parent_calls, from_parent_paths, pct) VALUES(1007,1005,3012,452,13,0);
INSERT INTO children(self_id, parent_id, from_parent_count, from_parent_calls, from_parent_paths, pct) VALUES(1008,1005,3012,452,13,0);
INSERT INTO children(self_id, parent_id, from_parent_count, from_parent_calls, from_parent_paths, pct) VALUES(1009,1005,3012,452,13,0);
INSERT INTO children(self_id, parent_id, from_parent_count, from_parent_calls, from_parent_paths, pct) VALUES(1010,996,16692,1578,0,0);
INSERT INTO children(self_id, parent_id, from_parent_count, from_parent_calls, from_parent_paths, pct) VALUES(1011,1010,5564,526,23,0);
INSERT INTO children(self_id, parent_id, from_parent_count, from_parent_calls, from_parent_paths, pct) VALUES(1012,1010,5564,526,23,0);
INSERT INTO children(self_id, parent_id, from_parent_count, from_parent_calls, from_parent_paths, pct) VALUES(1013,1010,5564,526,23,0);
INSERT INTO children(self_id, parent_id, from_parent_count, from_parent_calls, from_parent_paths, pct) VALUES(1014,996,16692,1578,0,0);
INSERT INTO children(self_id, parent_id, from_parent_count, from_parent_calls, from_parent_paths, pct) VALUES(1015,1014,5564,526,23,0);
INSERT INTO children(self_id, parent_id, from_parent_count, from_parent_calls, from_parent_paths, pct) VALUES(1016,1014,5564,526,23,0);
INSERT INTO children(self_id, parent_id, from_parent_count, from_parent_calls, from_parent_paths, pct) VALUES(1017,1014,5564,526,23,0);
INSERT INTO children(self_id, parent_id, from_parent_count, from_parent_calls, from_parent_paths, pct) VALUES(1018,719,818112,180606,0,0);
INSERT INTO children(self_id, parent_id, from_parent_count, from_parent_calls, from_parent_paths, pct) VALUES(1019,1018,272704,60202,0,0);
INSERT INTO children(self_id, parent_id, from_parent_count, from_parent_calls, from_parent_paths, pct) VALUES(1020,1019,12164,0,32,0);
INSERT INTO children(self_id, parent_id, from_parent_count, from_parent_calls, from_parent_paths, pct) VALUES(1021,1019,260540,60202,9,0);
INSERT INTO children(self_id, parent_id, from_parent_count, from_parent_calls, from_parent_paths, pct) VALUES(1022,1021,1128,0,6,0);
INSERT INTO children(self_id, parent_id, from_parent_count, from_parent_calls, from_parent_paths, pct) VALUES(1023,1021,1128,0,6,0);
INSERT INTO children(self_id, parent_id, from_parent_count, from_parent_calls, from_parent_paths, pct) VALUES(1024,1021,1128,0,6,0);
INSERT INTO children(self_id, parent_id, from_parent_count, from_parent_calls, from_parent_paths, pct) VALUES(1025,1021,1128,0,6,0);
INSERT INTO children(self_id, parent_id, from_parent_count, from_parent_calls, from_parent_paths, pct) VALUES(1026,1021,1128,0,6,0);
INSERT INTO children(self_id, parent_id, from_parent_count, from_parent_calls, from_parent_paths, pct) VALUES(1027,1021,1128,0,6,0);
INSERT INTO children(self_id, parent_id, from_parent_count, from_parent_calls, from_parent_paths, pct) VALUES(1028,1018,272704,60202,0,0);
INSERT INTO children(self_id, parent_id, from_parent_count, from_parent_calls, from_parent_paths, pct) VALUES(1029,1028,12164,0,32,0);
INSERT INTO children(self_id, parent_id, from_parent_count, from_parent_calls, from_parent_paths, pct) VALUES(1030,1028,260540,60202,9,0);
INSERT INTO children(self_id, parent_id, from_parent_count, from_parent_calls, from_parent_paths, pct) VALUES(1031,1030,1128,0,6,0);
INSERT INTO children(self_id, parent_id, from_parent_count, from_parent_calls, from_parent_paths, pct) VALUES(1032,1030,1128,0,6,0);
INSERT INTO children(self_id, parent_id, from_parent_count, from_parent_calls, from_parent_paths, pct) VALUES(1033,1030,1128,0,6,0);
INSERT INTO children(self_id, parent_id, from_parent_count, from_parent_calls, from_parent_paths, pct) VALUES(1034,1030,1128,0,6,0);
INSERT INTO children(self_id, parent_id, from_parent_count, from_parent_calls, from_parent_paths, pct) VALUES(1035,1030,1128,0,6,0);
INSERT INTO children(self_id, parent_id, from_parent_count, from_parent_calls, from_parent_paths, pct) VALUES(1036,1030,1128,0,6,0);
INSERT INTO children(self_id, parent_id, from_parent_count, from_parent_calls, from_parent_paths, pct) VALUES(1037,1018,272704,60202,0,0);
INSERT INTO children(self_id, parent_id, from_parent_count, from_parent_calls, from_parent_paths, pct) VALUES(1038,1037,12164,0,32,0);
INSERT INTO children(self_id, parent_id, from_parent_count, from_parent_calls, from_parent_paths, pct) VALUES(1039,1037,260540,60202,9,0);
INSERT INTO children(self_id, parent_id, from_parent_count, from_parent_calls, from_parent_paths, pct) VALUES(1040,1039,1128,0,6,0);
INSERT INTO children(self_id, parent_id, from_parent_count, from_parent_calls, from_parent_paths, pct) VALUES(1041,1039,1128,0,6,0);
INSERT INTO children(self_id, parent_id, from_parent_count, from_parent_calls, from_parent_paths, pct) VALUES(1042,1039,1128,0,6,0);
INSERT INTO children(self_id, parent_id, from_parent_count, from_parent_calls, from_parent_paths, pct) VALUES(1043,1039,1128,0,6,0);
INSERT INTO children(self_id, parent_id, from_parent_count, from_parent_calls, from_parent_paths, pct) VALUES(1044,1039,1128,0,6,0);
INSERT INTO children(self_id, parent_id, from_parent_count, from_parent_calls, from_parent_paths, pct) VALUES(1045,1039,1128,0,6,0);
INSERT INTO mainrows(id, symbol_id, self_count, cumulative_count, kids, self_calls, total_calls, self_paths, total_paths, pct) VALUES(1046, 1046, 8649892, 8649892, 13, 1498998, 1917985, 790, 790, 0.0);
INSERT INTO mainrows(id, symbol_id, self_count, cumulative_count, kids, self_calls, total_calls, self_paths, total_paths, pct) VALUES(1047, 1047, 333976, 333976, 6, 16915, 51070, 53, 53, 0.0);
INSERT INTO mainrows(id, symbol_id, self_count, cumulative_count, kids, self_calls, total_calls, self_paths, total_paths, pct) VALUES(1048, 1048, 7200, 7200, 0, 1562, 1800, 2, 2, 0.0);
INSERT INTO mainrows(id, symbol_id, self_count, cumulative_count, kids, self_calls, total_calls, self_paths, total_paths, pct) VALUES(1049, 1049, 7200, 7200, 0, 1566, 1800, 2, 2, 0.0);
INSERT INTO mainrows(id, symbol_id, self_count, cumulative_count, kids, self_calls, total_calls, self_paths, total_paths, pct) VALUES(1050, 1050, 7200, 7200, 0, 1560, 1800, 2, 2, 0.0);
INSERT INTO mainrows(id, symbol_id, self_count, cumulative_count, kids, self_calls, total_calls, self_paths, total_paths, pct) VALUES(1051, 1051, 7200, 7200, 0, 1567, 1800, 2, 2, 0.0);
INSERT INTO mainrows(id, symbol_id, self_count, cumulative_count, kids, self_calls, total_calls, self_paths, total_paths, pct) VALUES(1052, 1052, 28, 28, 0, 4294967295, 7, 1, 1, 0.0);
INSERT INTO mainrows(id, symbol_id, self_count, cumulative_count, kids, self_calls, total_calls, self_paths, total_paths, pct) VALUES(1053, 1053, 296568, 296568, 0, 8994, 41890, 40, 40, 0.0);
INSERT INTO mainrows(id, symbol_id, self_count, cumulative_count, kids, self_calls, total_calls, self_paths, total_paths, pct) VALUES(1054, 1054, 3653800, 3653800, 8, 689610, 805450, 58, 58, 0.0);
INSERT INTO mainrows(id, symbol_id, self_count, cumulative_count, kids, self_calls, total_calls, self_paths, total_paths, pct) VALUES(1055, 1055, 6400, 6400, 0, 40, 1600, 4, 4, 0.0);
INSERT INTO mainrows(id, symbol_id, self_count, cumulative_count, kids, self_calls, total_calls, self_paths, total_paths, pct) VALUES(1056, 1056, 28, 28, 0, 0, 7, 1, 1, 0.0);
INSERT INTO mainrows(id, symbol_id, self_count, cumulative_count, kids, self_calls, total_calls, self_paths, total_paths, pct) VALUES(1057, 1057, 0, 0, 0, 0, 0, 0, 0, 0.0);
INSERT INTO mainrows(id, symbol_id, self_count, cumulative_count, kids, self_calls, total_calls, self_paths, total_paths, pct) VALUES(1058, 1058, 212416, 212416, 0, 12878, 33104, 9, 9, 0.0);
INSERT INTO mainrows(id, symbol_id, self_count, cumulative_count, kids, self_calls, total_calls, self_paths, total_paths, pct) VALUES(1059, 1059, 212416, 212416, 0, 12676, 33104, 9, 9, 0.0);
INSERT INTO mainrows(id, symbol_id, self_count, cumulative_count, kids, self_calls, total_calls, self_paths, total_paths, pct) VALUES(1060, 1060, 212416, 212416, 0, 12878, 33104, 9, 9, 0.0);
INSERT INTO mainrows(id, symbol_id, self_count, cumulative_count, kids, self_calls, total_calls, self_paths, total_paths, pct) VALUES(1061, 1061, 212416, 212416, 0, 12676, 33104, 9, 9, 0.0);
INSERT INTO mainrows(id, symbol_id, self_count, cumulative_count, kids, self_calls, total_calls, self_paths, total_paths, pct) VALUES(1062, 1062, 52416, 52416, 0, 12653, 13104, 4, 4, 0.0);
INSERT INTO mainrows(id, symbol_id, self_count, cumulative_count, kids, self_calls, total_calls, self_paths, total_paths, pct) VALUES(1063, 1063, 116440, 116440, 6, 18964, 29110, 30, 30, 0.0);
INSERT INTO mainrows(id, symbol_id, self_count, cumulative_count, kids, self_calls, total_calls, self_paths, total_paths, pct) VALUES(1064, 1064, 34292, 34292, 0, 0, 8573, 6, 6, 0.0);
INSERT INTO mainrows(id, symbol_id, self_count, cumulative_count, kids, self_calls, total_calls, self_paths, total_paths, pct) VALUES(1065, 1065, 2336, 2336, 0, 0, 584, 8, 8, 0.0);
INSERT INTO mainrows(id, symbol_id, self_count, cumulative_count, kids, self_calls, total_calls, self_paths, total_paths, pct) VALUES(1066, 1066, 1156, 1156, 0, 0, 289, 6, 6, 0.0);
INSERT INTO mainrows(id, symbol_id, self_count, cumulative_count, kids, self_calls, total_calls, self_paths, total_paths, pct) VALUES(1067, 1067, 28, 28, 0, 4294967295, 7, 1, 1, 0.0);
INSERT INTO mainrows(id, symbol_id, self_count, cumulative_count, kids, self_calls, total_calls, self_paths, total_paths, pct) VALUES(1068, 1068, 1728, 1728, 0, 348, 432, 3, 3, 0.0);
INSERT INTO mainrows(id, symbol_id, self_count, cumulative_count, kids, self_calls, total_calls, self_paths, total_paths, pct) VALUES(1069, 1069, 52416, 52416, 0, 12653, 13104, 4, 4, 0.0);
INSERT INTO mainrows(id, symbol_id, self_count, cumulative_count, kids, self_calls, total_calls, self_paths, total_paths, pct) VALUES(1070, 1070, 919716, 919716, 8, 118450, 189929, 183, 183, 0.0);
INSERT INTO mainrows(id, symbol_id, self_count, cumulative_count, kids, self_calls, total_calls, self_paths, total_paths, pct) VALUES(1071, 1071, 23904, 23904, 0, 5821, 5976, 1, 1, 0.0);
INSERT INTO mainrows(id, symbol_id, self_count, cumulative_count, kids, self_calls, total_calls, self_paths, total_paths, pct) VALUES(1072, 1072, 28, 28, 0, 4294967295, 7, 1, 1, 0.0);
INSERT INTO mainrows(id, symbol_id, self_count, cumulative_count, kids, self_calls, total_calls, self_paths, total_paths, pct) VALUES(1073, 1073, 416512, 416512, 5, 51828, 80128, 29, 29, 0.0);
INSERT INTO mainrows(id, symbol_id, self_count, cumulative_count, kids, self_calls, total_calls, self_paths, total_paths, pct) VALUES(1074, 1074, 192400, 192400, 0, 3, 24100, 7, 7, 0.0);
INSERT INTO mainrows(id, symbol_id, self_count, cumulative_count, kids, self_calls, total_calls, self_paths, total_paths, pct) VALUES(1075, 1075, 57456, 57456, 0, 13808, 14364, 6, 6, 0.0);
INSERT INTO mainrows(id, symbol_id, self_count, cumulative_count, kids, self_calls, total_calls, self_paths, total_paths, pct) VALUES(1076, 1076, 52416, 52416, 0, 12653, 13104, 4, 4, 0.0);
INSERT INTO mainrows(id, symbol_id, self_count, cumulative_count, kids, self_calls, total_calls, self_paths, total_paths, pct) VALUES(1077, 1077, 52416, 52416, 0, 12653, 13104, 4, 4, 0.0);
INSERT INTO mainrows(id, symbol_id, self_count, cumulative_count, kids, self_calls, total_calls, self_paths, total_paths, pct) VALUES(1078, 1078, 52416, 52416, 0, 12653, 13104, 4, 4, 0.0);
INSERT INTO mainrows(id, symbol_id, self_count, cumulative_count, kids, self_calls, total_calls, self_paths, total_paths, pct) VALUES(1079, 1079, 104832, 104832, 1, 25306, 26208, 8, 8, 0.0);
INSERT INTO mainrows(id, symbol_id, self_count, cumulative_count, kids, self_calls, total_calls, self_paths, total_paths, pct) VALUES(1080, 1080, 104832, 104832, 2, 25306, 26208, 8, 8, 0.0);
INSERT INTO mainrows(id, symbol_id, self_count, cumulative_count, kids, self_calls, total_calls, self_paths, total_paths, pct) VALUES(1081, 1081, 52416, 52416, 0, 12653, 13104, 4, 4, 0.0);
INSERT INTO mainrows(id, symbol_id, self_count, cumulative_count, kids, self_calls, total_calls, self_paths, total_paths, pct) VALUES(1082, 1082, 52416, 52416, 0, 12653, 13104, 4, 4, 0.0);
INSERT INTO mainrows(id, symbol_id, self_count, cumulative_count, kids, self_calls, total_calls, self_paths, total_paths, pct) VALUES(1083, 1083, 75172, 75172, 4, 2686, 18793, 125, 125, 0.0);
INSERT INTO mainrows(id, symbol_id, self_count, cumulative_count, kids, self_calls, total_calls, self_paths, total_paths, pct) VALUES(1084, 1084, 16380, 16380, 0, 639, 4095, 30, 30, 0.0);
INSERT INTO mainrows(id, symbol_id, self_count, cumulative_count, kids, self_calls, total_calls, self_paths, total_paths, pct) VALUES(1085, 1085, 16380, 16380, 0, 817, 4095, 30, 30, 0.0);
INSERT INTO mainrows(id, symbol_id, self_count, cumulative_count, kids, self_calls, total_calls, self_paths, total_paths, pct) VALUES(1086, 1086, 12924, 12924, 0, 738, 3231, 30, 30, 0.0);
INSERT INTO mainrows(id, symbol_id, self_count, cumulative_count, kids, self_calls, total_calls, self_paths, total_paths, pct) VALUES(1087, 1087, 14652, 14652, 0, 383, 3663, 30, 30, 0.0);
INSERT INTO mainrows(id, symbol_id, self_count, cumulative_count, kids, self_calls, total_calls, self_paths, total_paths, pct) VALUES(1088, 1088, 0, 0, 0, 0, 0, 0, 0, 0.0);
INSERT INTO mainrows(id, symbol_id, self_count, cumulative_count, kids, self_calls, total_calls, self_paths, total_paths, pct) VALUES(1089, 1089, 222368, 222368, 2, 14193, 39592, 13, 13, 0.0);
INSERT INTO mainrows(id, symbol_id, self_count, cumulative_count, kids, self_calls, total_calls, self_paths, total_paths, pct) VALUES(1090, 1090, 128000, 128000, 0, 4, 16000, 4, 4, 0.0);
INSERT INTO mainrows(id, symbol_id, self_count, cumulative_count, kids, self_calls, total_calls, self_paths, total_paths, pct) VALUES(1091, 1091, 58076, 58076, 0, 14185, 14519, 8, 8, 0.0);
INSERT INTO mainrows(id, symbol_id, self_count, cumulative_count, kids, self_calls, total_calls, self_paths, total_paths, pct) VALUES(1092, 1092, 52416, 52416, 0, 12653, 13104, 4, 4, 0.0);
INSERT INTO mainrows(id, symbol_id, self_count, cumulative_count, kids, self_calls, total_calls, self_paths, total_paths, pct) VALUES(1093, 1093, 136, 136, 4, 0, 34, 5, 5, 0.0);
INSERT INTO mainrows(id, symbol_id, self_count, cumulative_count, kids, self_calls, total_calls, self_paths, total_paths, pct) VALUES(1094, 1094, 0, 0, 0, 0, 0, 0, 0, 0.0);
INSERT INTO mainrows(id, symbol_id, self_count, cumulative_count, kids, self_calls, total_calls, self_paths, total_paths, pct) VALUES(1095, 1095, 0, 0, 0, 0, 0, 0, 0, 0.0);
INSERT INTO mainrows(id, symbol_id, self_count, cumulative_count, kids, self_calls, total_calls, self_paths, total_paths, pct) VALUES(1096, 1096, 0, 0, 0, 0, 0, 0, 0, 0.0);
INSERT INTO mainrows(id, symbol_id, self_count, cumulative_count, kids, self_calls, total_calls, self_paths, total_paths, pct) VALUES(1097, 1097, 0, 0, 0, 0, 0, 0, 0, 0.0);
INSERT INTO mainrows(id, symbol_id, self_count, cumulative_count, kids, self_calls, total_calls, self_paths, total_paths, pct) VALUES(1098, 1098, 442768, 442768, 3, 101228, 110692, 32, 32, 0.0);
INSERT INTO mainrows(id, symbol_id, self_count, cumulative_count, kids, self_calls, total_calls, self_paths, total_paths, pct) VALUES(1099, 1099, 52416, 52416, 0, 12701, 13104, 4, 4, 0.0);
INSERT INTO mainrows(id, symbol_id, self_count, cumulative_count, kids, self_calls, total_calls, self_paths, total_paths, pct) VALUES(1100, 1100, 209664, 209664, 0, 51560, 52416, 16, 16, 0.0);
INSERT INTO mainrows(id, symbol_id, self_count, cumulative_count, kids, self_calls, total_calls, self_paths, total_paths, pct) VALUES(1101, 1101, 164520, 164520, 0, 36932, 41130, 8, 8, 0.0);
INSERT INTO mainrows(id, symbol_id, self_count, cumulative_count, kids, self_calls, total_calls, self_paths, total_paths, pct) VALUES(1102, 1102, 434176, 434176, 5, 56666, 84544, 29, 29, 0.0);
INSERT INTO mainrows(id, symbol_id, self_count, cumulative_count, kids, self_calls, total_calls, self_paths, total_paths, pct) VALUES(1103, 1103, 28, 28, 0, 4294967295, 7, 1, 1, 0.0);
INSERT INTO mainrows(id, symbol_id, self_count, cumulative_count, kids, self_calls, total_calls, self_paths, total_paths, pct) VALUES(1104, 1104, 60416, 60416, 0, 12743, 15104, 8, 8, 0.0);
INSERT INTO mainrows(id, symbol_id, self_count, cumulative_count, kids, self_calls, total_calls, self_paths, total_paths, pct) VALUES(1105, 1105, 52416, 52416, 0, 12654, 13104, 4, 4, 0.0);
INSERT INTO mainrows(id, symbol_id, self_count, cumulative_count, kids, self_calls, total_calls, self_paths, total_paths, pct) VALUES(1106, 1106, 52416, 52416, 0, 12653, 13104, 4, 4, 0.0);
INSERT INTO mainrows(id, symbol_id, self_count, cumulative_count, kids, self_calls, total_calls, self_paths, total_paths, pct) VALUES(1107, 1107, 52416, 52416, 0, 12653, 13104, 4, 4, 0.0);
INSERT INTO mainrows(id, symbol_id, self_count, cumulative_count, kids, self_calls, total_calls, self_paths, total_paths, pct) VALUES(1108, 1108, 32, 32, 1, 0, 8, 2, 2, 0.0);
INSERT INTO mainrows(id, symbol_id, self_count, cumulative_count, kids, self_calls, total_calls, self_paths, total_paths, pct) VALUES(1109, 1109, 28, 28, 0, 4294967295, 7, 1, 1, 0.0);
INSERT INTO mainrows(id, symbol_id, self_count, cumulative_count, kids, self_calls, total_calls, self_paths, total_paths, pct) VALUES(1110, 1110, 76896, 76896, 1, 18616, 19224, 5, 5, 0.0);
INSERT INTO mainrows(id, symbol_id, self_count, cumulative_count, kids, self_calls, total_calls, self_paths, total_paths, pct) VALUES(1111, 1111, 52416, 52416, 0, 12653, 13104, 4, 4, 0.0);
INSERT INTO mainrows(id, symbol_id, self_count, cumulative_count, kids, self_calls, total_calls, self_paths, total_paths, pct) VALUES(1112, 1112, 244208, 244208, 5, 57607, 61052, 41, 41, 0.0);
INSERT INTO mainrows(id, symbol_id, self_count, cumulative_count, kids, self_calls, total_calls, self_paths, total_paths, pct) VALUES(1113, 1113, 179248, 179248, 0, 42915, 44812, 21, 21, 0.0);
INSERT INTO mainrows(id, symbol_id, self_count, cumulative_count, kids, self_calls, total_calls, self_paths, total_paths, pct) VALUES(1114, 1114, 52416, 52416, 0, 12653, 13104, 4, 4, 0.0);
INSERT INTO mainrows(id, symbol_id, self_count, cumulative_count, kids, self_calls, total_calls, self_paths, total_paths, pct) VALUES(1115, 1115, 28, 28, 0, 4294967295, 7, 1, 1, 0.0);
INSERT INTO mainrows(id, symbol_id, self_count, cumulative_count, kids, self_calls, total_calls, self_paths, total_paths, pct) VALUES(1116, 1116, 4612, 4612, 0, 144, 1153, 12, 12, 0.0);
INSERT INTO mainrows(id, symbol_id, self_count, cumulative_count, kids, self_calls, total_calls, self_paths, total_paths, pct) VALUES(1117, 1117, 7900, 7900, 0, 1895, 1975, 2, 2, 0.0);
INSERT INTO mainrows(id, symbol_id, self_count, cumulative_count, kids, self_calls, total_calls, self_paths, total_paths, pct) VALUES(1118, 1118, 1021748, 1021748, 5, 184092, 231373, 97, 97, 0.0);
INSERT INTO mainrows(id, symbol_id, self_count, cumulative_count, kids, self_calls, total_calls, self_paths, total_paths, pct) VALUES(1119, 1119, 537228, 537228, 1, 125532, 134307, 44, 44, 0.0);
INSERT INTO mainrows(id, symbol_id, self_count, cumulative_count, kids, self_calls, total_calls, self_paths, total_paths, pct) VALUES(1120, 1120, 429824, 429824, 0, 104139, 107456, 32, 32, 0.0);
INSERT INTO mainrows(id, symbol_id, self_count, cumulative_count, kids, self_calls, total_calls, self_paths, total_paths, pct) VALUES(1121, 1121, 118804, 118804, 0, 21299, 29669, 7, 7, 0.0);
INSERT INTO mainrows(id, symbol_id, self_count, cumulative_count, kids, self_calls, total_calls, self_paths, total_paths, pct) VALUES(1122, 1122, 96788, 96788, 0, 18641, 24165, 33, 33, 0.0);
INSERT INTO mainrows(id, symbol_id, self_count, cumulative_count, kids, self_calls, total_calls, self_paths, total_paths, pct) VALUES(1123, 1123, 28, 28, 0, 4294967295, 7, 1, 1, 0.0);
INSERT INTO mainrows(id, symbol_id, self_count, cumulative_count, kids, self_calls, total_calls, self_paths, total_paths, pct) VALUES(1124, 1124, 52416, 52416, 0, 12653, 13104, 4, 4, 0.0);
INSERT INTO mainrows(id, symbol_id, self_count, cumulative_count, kids, self_calls, total_calls, self_paths, total_paths, pct) VALUES(1125, 1125, 1244452, 1244452, 8, 236762, 295113, 156, 156, 0.0);
INSERT INTO mainrows(id, symbol_id, self_count, cumulative_count, kids, self_calls, total_calls, self_paths, total_paths, pct) VALUES(1126, 1126, 17504, 17504, 0, 1995, 4376, 17, 17, 0.0);
INSERT INTO mainrows(id, symbol_id, self_count, cumulative_count, kids, self_calls, total_calls, self_paths, total_paths, pct) VALUES(1127, 1127, 451196, 451196, 2, 102261, 112799, 47, 47, 0.0);
INSERT INTO mainrows(id, symbol_id, self_count, cumulative_count, kids, self_calls, total_calls, self_paths, total_paths, pct) VALUES(1128, 1128, 7200, 7200, 0, 793, 1800, 8, 8, 0.0);
INSERT INTO mainrows(id, symbol_id, self_count, cumulative_count, kids, self_calls, total_calls, self_paths, total_paths, pct) VALUES(1129, 1129, 157248, 157248, 0, 38565, 39312, 12, 12, 0.0);
INSERT INTO mainrows(id, symbol_id, self_count, cumulative_count, kids, self_calls, total_calls, self_paths, total_paths, pct) VALUES(1130, 1130, 35608, 35608, 0, 0, 8902, 8, 8, 0.0);
INSERT INTO mainrows(id, symbol_id, self_count, cumulative_count, kids, self_calls, total_calls, self_paths, total_paths, pct) VALUES(1131, 1131, 459564, 459564, 2, 97976, 114891, 60, 60, 0.0);
INSERT INTO mainrows(id, symbol_id, self_count, cumulative_count, kids, self_calls, total_calls, self_paths, total_paths, pct) VALUES(1132, 1132, 18440, 18440, 0, 554, 4610, 16, 16, 0.0);
INSERT INTO mainrows(id, symbol_id, self_count, cumulative_count, kids, self_calls, total_calls, self_paths, total_paths, pct) VALUES(1133, 1133, 157248, 157248, 0, 38235, 39312, 12, 12, 0.0);
INSERT INTO mainrows(id, symbol_id, self_count, cumulative_count, kids, self_calls, total_calls, self_paths, total_paths, pct) VALUES(1134, 1134, 28, 28, 0, 4294967295, 7, 1, 1, 0.0);
INSERT INTO mainrows(id, symbol_id, self_count, cumulative_count, kids, self_calls, total_calls, self_paths, total_paths, pct) VALUES(1135, 1135, 203640, 203640, 4, 15912, 34910, 16, 16, 0.0);
INSERT INTO mainrows(id, symbol_id, self_count, cumulative_count, kids, self_calls, total_calls, self_paths, total_paths, pct) VALUES(1136, 1136, 51040, 51040, 0, 3983, 8760, 4, 4, 0.0);
INSERT INTO mainrows(id, symbol_id, self_count, cumulative_count, kids, self_calls, total_calls, self_paths, total_paths, pct) VALUES(1137, 1137, 51040, 51040, 0, 4013, 8760, 4, 4, 0.0);
INSERT INTO mainrows(id, symbol_id, self_count, cumulative_count, kids, self_calls, total_calls, self_paths, total_paths, pct) VALUES(1138, 1138, 50692, 50692, 0, 3940, 8673, 4, 4, 0.0);
INSERT INTO mainrows(id, symbol_id, self_count, cumulative_count, kids, self_calls, total_calls, self_paths, total_paths, pct) VALUES(1139, 1139, 50868, 50868, 0, 3976, 8717, 4, 4, 0.0);
INSERT INTO mainrows(id, symbol_id, self_count, cumulative_count, kids, self_calls, total_calls, self_paths, total_paths, pct) VALUES(1140, 1140, 52416, 52416, 0, 12653, 13104, 4, 4, 0.0);
INSERT INTO mainrows(id, symbol_id, self_count, cumulative_count, kids, self_calls, total_calls, self_paths, total_paths, pct) VALUES(1141, 1141, 0, 0, 1, 0, 0, 0, 0, 0.0);
INSERT INTO mainrows(id, symbol_id, self_count, cumulative_count, kids, self_calls, total_calls, self_paths, total_paths, pct) VALUES(1142, 1142, 0, 0, 0, 0, 0, 0, 0, 0.0);
INSERT INTO mainrows(id, symbol_id, self_count, cumulative_count, kids, self_calls, total_calls, self_paths, total_paths, pct) VALUES(1143, 1143, 161544, 161544, 3, 88, 40386, 99, 99, 0.0);
INSERT INTO mainrows(id, symbol_id, self_count, cumulative_count, kids, self_calls, total_calls, self_paths, total_paths, pct) VALUES(1144, 1144, 1328, 1328, 0, 33, 332, 3, 3, 0.0);
INSERT INTO mainrows(id, symbol_id, self_count, cumulative_count, kids, self_calls, total_calls, self_paths, total_paths, pct) VALUES(1145, 1145, 16, 16, 3, 0, 4, 1, 1, 0.0);
INSERT INTO mainrows(id, symbol_id, self_count, cumulative_count, kids, self_calls, total_calls, self_paths, total_paths, pct) VALUES(1146, 1146, 0, 0, 0, 0, 0, 0, 0, 0.0);
INSERT INTO mainrows(id, symbol_id, self_count, cumulative_count, kids, self_calls, total_calls, self_paths, total_paths, pct) VALUES(1147, 1147, 0, 0, 0, 0, 0, 0, 0, 0.0);
INSERT INTO mainrows(id, symbol_id, self_count, cumulative_count, kids, self_calls, total_calls, self_paths, total_paths, pct) VALUES(1148, 1148, 0, 0, 0, 0, 0, 0, 0, 0.0);
INSERT INTO mainrows(id, symbol_id, self_count, cumulative_count, kids, self_calls, total_calls, self_paths, total_paths, pct) VALUES(1149, 1149, 160200, 160200, 2, 55, 40050, 95, 95, 0.0);
INSERT INTO mainrows(id, symbol_id, self_count, cumulative_count, kids, self_calls, total_calls, self_paths, total_paths, pct) VALUES(1150, 1150, 79920, 79920, 0, 0, 19980, 54, 54, 0.0);
INSERT INTO mainrows(id, symbol_id, self_count, cumulative_count, kids, self_calls, total_calls, self_paths, total_paths, pct) VALUES(1151, 1151, 79920, 79920, 0, 0, 19980, 36, 36, 0.0);
INSERT INTO parents(self_id, child_id, to_child_count, to_child_calls, to_child_paths, pct) VALUES(10,1046,0,0,0,0);
INSERT INTO parents(self_id, child_id, to_child_count, to_child_calls, to_child_paths, pct) VALUES(1046,1047,8580,1973,4,0);
INSERT INTO parents(self_id, child_id, to_child_count, to_child_calls, to_child_paths, pct) VALUES(1047,1048,7200,1800,2,0);
INSERT INTO parents(self_id, child_id, to_child_count, to_child_calls, to_child_paths, pct) VALUES(1047,1049,7200,1800,2,0);
INSERT INTO parents(self_id, child_id, to_child_count, to_child_calls, to_child_paths, pct) VALUES(1047,1050,7200,1800,2,0);
INSERT INTO parents(self_id, child_id, to_child_count, to_child_calls, to_child_paths, pct) VALUES(1047,1051,7200,1800,2,0);
INSERT INTO parents(self_id, child_id, to_child_count, to_child_calls, to_child_paths, pct) VALUES(1047,1052,28,7,1,0);
INSERT INTO parents(self_id, child_id, to_child_count, to_child_calls, to_child_paths, pct) VALUES(1047,1053,296568,41890,40,0);
INSERT INTO parents(self_id, child_id, to_child_count, to_child_calls, to_child_paths, pct) VALUES(1046,1054,2745292,658323,13,0);
INSERT INTO parents(self_id, child_id, to_child_count, to_child_calls, to_child_paths, pct) VALUES(1054,1055,6400,1600,4,0);
INSERT INTO parents(self_id, child_id, to_child_count, to_child_calls, to_child_paths, pct) VALUES(1054,1056,28,7,1,0);
INSERT INTO parents(self_id, child_id, to_child_count, to_child_calls, to_child_paths, pct) VALUES(1054,1057,0,0,0,0);
INSERT INTO parents(self_id, child_id, to_child_count, to_child_calls, to_child_paths, pct) VALUES(1054,1058,212416,33104,9,0);
INSERT INTO parents(self_id, child_id, to_child_count, to_child_calls, to_child_paths, pct) VALUES(1054,1059,212416,33104,9,0);
INSERT INTO parents(self_id, child_id, to_child_count, to_child_calls, to_child_paths, pct) VALUES(1054,1060,212416,33104,9,0);
INSERT INTO parents(self_id, child_id, to_child_count, to_child_calls, to_child_paths, pct) VALUES(1054,1061,212416,33104,9,0);
INSERT INTO parents(self_id, child_id, to_child_count, to_child_calls, to_child_paths, pct) VALUES(1054,1062,52416,13104,4,0);
INSERT INTO parents(self_id, child_id, to_child_count, to_child_calls, to_child_paths, pct) VALUES(1046,1063,24484,6121,2,0);
INSERT INTO parents(self_id, child_id, to_child_count, to_child_calls, to_child_paths, pct) VALUES(1063,1064,34292,8573,6,0);
INSERT INTO parents(self_id, child_id, to_child_count, to_child_calls, to_child_paths, pct) VALUES(1063,1065,2336,584,8,0);
INSERT INTO parents(self_id, child_id, to_child_count, to_child_calls, to_child_paths, pct) VALUES(1063,1066,1156,289,6,0);
INSERT INTO parents(self_id, child_id, to_child_count, to_child_calls, to_child_paths, pct) VALUES(1063,1067,28,7,1,0);
INSERT INTO parents(self_id, child_id, to_child_count, to_child_calls, to_child_paths, pct) VALUES(1063,1068,1728,432,3,0);
INSERT INTO parents(self_id, child_id, to_child_count, to_child_calls, to_child_paths, pct) VALUES(1063,1069,52416,13104,4,0);
INSERT INTO parents(self_id, child_id, to_child_count, to_child_calls, to_child_paths, pct) VALUES(1046,1070,24484,6121,2,0);
INSERT INTO parents(self_id, child_id, to_child_count, to_child_calls, to_child_paths, pct) VALUES(1070,1071,23904,5976,1,0);
INSERT INTO parents(self_id, child_id, to_child_count, to_child_calls, to_child_paths, pct) VALUES(1070,1072,28,7,1,0);
INSERT INTO parents(self_id, child_id, to_child_count, to_child_calls, to_child_paths, pct) VALUES(1070,1073,9408,2352,4,0);
INSERT INTO parents(self_id, child_id, to_child_count, to_child_calls, to_child_paths, pct) VALUES(1073,1074,192400,24100,7,0);
INSERT INTO parents(self_id, child_id, to_child_count, to_child_calls, to_child_paths, pct) VALUES(1073,1075,57456,14364,6,0);
INSERT INTO parents(self_id, child_id, to_child_count, to_child_calls, to_child_paths, pct) VALUES(1073,1076,52416,13104,4,0);
INSERT INTO parents(self_id, child_id, to_child_count, to_child_calls, to_child_paths, pct) VALUES(1073,1077,52416,13104,4,0);
INSERT INTO parents(self_id, child_id, to_child_count, to_child_calls, to_child_paths, pct) VALUES(1073,1078,52416,13104,4,0);
INSERT INTO parents(self_id, child_id, to_child_count, to_child_calls, to_child_paths, pct) VALUES(1070,1079,0,0,0,0);
INSERT INTO parents(self_id, child_id, to_child_count, to_child_calls, to_child_paths, pct) VALUES(1079,1080,0,0,0,0);
INSERT INTO parents(self_id, child_id, to_child_count, to_child_calls, to_child_paths, pct) VALUES(1080,1081,52416,13104,4,0);
INSERT INTO parents(self_id, child_id, to_child_count, to_child_calls, to_child_paths, pct) VALUES(1080,1082,52416,13104,4,0);
INSERT INTO parents(self_id, child_id, to_child_count, to_child_calls, to_child_paths, pct) VALUES(1070,1083,14836,3709,5,0);
INSERT INTO parents(self_id, child_id, to_child_count, to_child_calls, to_child_paths, pct) VALUES(1083,1084,16380,4095,30,0);
INSERT INTO parents(self_id, child_id, to_child_count, to_child_calls, to_child_paths, pct) VALUES(1083,1085,16380,4095,30,0);
INSERT INTO parents(self_id, child_id, to_child_count, to_child_calls, to_child_paths, pct) VALUES(1083,1086,12924,3231,30,0);
INSERT INTO parents(self_id, child_id, to_child_count, to_child_calls, to_child_paths, pct) VALUES(1083,1087,14652,3663,30,0);
INSERT INTO parents(self_id, child_id, to_child_count, to_child_calls, to_child_paths, pct) VALUES(1070,1088,0,0,0,0);
INSERT INTO parents(self_id, child_id, to_child_count, to_child_calls, to_child_paths, pct) VALUES(1070,1089,36292,9073,1,0);
INSERT INTO parents(self_id, child_id, to_child_count, to_child_calls, to_child_paths, pct) VALUES(1089,1090,128000,16000,4,0);
INSERT INTO parents(self_id, child_id, to_child_count, to_child_calls, to_child_paths, pct) VALUES(1089,1091,58076,14519,8,0);
INSERT INTO parents(self_id, child_id, to_child_count, to_child_calls, to_child_paths, pct) VALUES(1070,1092,52416,13104,4,0);
INSERT INTO parents(self_id, child_id, to_child_count, to_child_calls, to_child_paths, pct) VALUES(1046,1093,136,34,5,0);
INSERT INTO parents(self_id, child_id, to_child_count, to_child_calls, to_child_paths, pct) VALUES(1093,1094,0,0,0,0);
INSERT INTO parents(self_id, child_id, to_child_count, to_child_calls, to_child_paths, pct) VALUES(1093,1095,0,0,0,0);
INSERT INTO parents(self_id, child_id, to_child_count, to_child_calls, to_child_paths, pct) VALUES(1093,1096,0,0,0,0);
INSERT INTO parents(self_id, child_id, to_child_count, to_child_calls, to_child_paths, pct) VALUES(1093,1097,0,0,0,0);
INSERT INTO parents(self_id, child_id, to_child_count, to_child_calls, to_child_paths, pct) VALUES(1046,1098,16168,4042,4,0);
INSERT INTO parents(self_id, child_id, to_child_count, to_child_calls, to_child_paths, pct) VALUES(1098,1099,52416,13104,4,0);
INSERT INTO parents(self_id, child_id, to_child_count, to_child_calls, to_child_paths, pct) VALUES(1098,1100,209664,52416,16,0);
INSERT INTO parents(self_id, child_id, to_child_count, to_child_calls, to_child_paths, pct) VALUES(1098,1101,164520,41130,8,0);
INSERT INTO parents(self_id, child_id, to_child_count, to_child_calls, to_child_paths, pct) VALUES(1046,1102,216484,30121,8,0);
INSERT INTO parents(self_id, child_id, to_child_count, to_child_calls, to_child_paths, pct) VALUES(1102,1103,28,7,1,0);
INSERT INTO parents(self_id, child_id, to_child_count, to_child_calls, to_child_paths, pct) VALUES(1102,1104,60416,15104,8,0);
INSERT INTO parents(self_id, child_id, to_child_count, to_child_calls, to_child_paths, pct) VALUES(1102,1105,52416,13104,4,0);
INSERT INTO parents(self_id, child_id, to_child_count, to_child_calls, to_child_paths, pct) VALUES(1102,1106,52416,13104,4,0);
INSERT INTO parents(self_id, child_id, to_child_count, to_child_calls, to_child_paths, pct) VALUES(1102,1107,52416,13104,4,0);
INSERT INTO parents(self_id, child_id, to_child_count, to_child_calls, to_child_paths, pct) VALUES(1046,1108,4,1,1,0);
INSERT INTO parents(self_id, child_id, to_child_count, to_child_calls, to_child_paths, pct) VALUES(1108,1109,28,7,1,0);
INSERT INTO parents(self_id, child_id, to_child_count, to_child_calls, to_child_paths, pct) VALUES(1046,1110,24480,6120,1,0);
INSERT INTO parents(self_id, child_id, to_child_count, to_child_calls, to_child_paths, pct) VALUES(1110,1111,52416,13104,4,0);
INSERT INTO parents(self_id, child_id, to_child_count, to_child_calls, to_child_paths, pct) VALUES(1046,1112,4,1,1,0);
INSERT INTO parents(self_id, child_id, to_child_count, to_child_calls, to_child_paths, pct) VALUES(1112,1113,179248,44812,21,0);
INSERT INTO parents(self_id, child_id, to_child_count, to_child_calls, to_child_paths, pct) VALUES(1112,1114,52416,13104,4,0);
INSERT INTO parents(self_id, child_id, to_child_count, to_child_calls, to_child_paths, pct) VALUES(1112,1115,28,7,1,0);
INSERT INTO parents(self_id, child_id, to_child_count, to_child_calls, to_child_paths, pct) VALUES(1112,1116,4612,1153,12,0);
INSERT INTO parents(self_id, child_id, to_child_count, to_child_calls, to_child_paths, pct) VALUES(1112,1117,7900,1975,2,0);
INSERT INTO parents(self_id, child_id, to_child_count, to_child_calls, to_child_paths, pct) VALUES(1046,1118,216484,30121,8,0);
INSERT INTO parents(self_id, child_id, to_child_count, to_child_calls, to_child_paths, pct) VALUES(1118,1119,107404,26851,12,0);
INSERT INTO parents(self_id, child_id, to_child_count, to_child_calls, to_child_paths, pct) VALUES(1119,1120,429824,107456,32,0);
INSERT INTO parents(self_id, child_id, to_child_count, to_child_calls, to_child_paths, pct) VALUES(1118,1121,118804,29669,7,0);
INSERT INTO parents(self_id, child_id, to_child_count, to_child_calls, to_child_paths, pct) VALUES(1118,1122,96788,24165,33,0);
INSERT INTO parents(self_id, child_id, to_child_count, to_child_calls, to_child_paths, pct) VALUES(1118,1123,28,7,1,0);
INSERT INTO parents(self_id, child_id, to_child_count, to_child_calls, to_child_paths, pct) VALUES(1118,1124,52416,13104,4,0);
INSERT INTO parents(self_id, child_id, to_child_count, to_child_calls, to_child_paths, pct) VALUES(1046,1125,24496,6124,3,0);
INSERT INTO parents(self_id, child_id, to_child_count, to_child_calls, to_child_paths, pct) VALUES(1125,1126,17504,4376,17,0);
INSERT INTO parents(self_id, child_id, to_child_count, to_child_calls, to_child_paths, pct) VALUES(1125,1127,286748,71687,27,0);
INSERT INTO parents(self_id, child_id, to_child_count, to_child_calls, to_child_paths, pct) VALUES(1127,1128,7200,1800,8,0);
INSERT INTO parents(self_id, child_id, to_child_count, to_child_calls, to_child_paths, pct) VALUES(1127,1129,157248,39312,12,0);
INSERT INTO parents(self_id, child_id, to_child_count, to_child_calls, to_child_paths, pct) VALUES(1125,1130,35608,8902,8,0);
INSERT INTO parents(self_id, child_id, to_child_count, to_child_calls, to_child_paths, pct) VALUES(1125,1131,283876,70969,32,0);
INSERT INTO parents(self_id, child_id, to_child_count, to_child_calls, to_child_paths, pct) VALUES(1131,1132,18440,4610,16,0);
INSERT INTO parents(self_id, child_id, to_child_count, to_child_calls, to_child_paths, pct) VALUES(1131,1133,157248,39312,12,0);
INSERT INTO parents(self_id, child_id, to_child_count, to_child_calls, to_child_paths, pct) VALUES(1125,1134,28,7,1,0);
INSERT INTO parents(self_id, child_id, to_child_count, to_child_calls, to_child_paths, pct) VALUES(1125,1135,0,0,0,0);
INSERT INTO parents(self_id, child_id, to_child_count, to_child_calls, to_child_paths, pct) VALUES(1135,1136,51040,8760,4,0);
INSERT INTO parents(self_id, child_id, to_child_count, to_child_calls, to_child_paths, pct) VALUES(1135,1137,51040,8760,4,0);
INSERT INTO parents(self_id, child_id, to_child_count, to_child_calls, to_child_paths, pct) VALUES(1135,1138,50692,8673,4,0);
INSERT INTO parents(self_id, child_id, to_child_count, to_child_calls, to_child_paths, pct) VALUES(1135,1139,50868,8717,4,0);
INSERT INTO parents(self_id, child_id, to_child_count, to_child_calls, to_child_paths, pct) VALUES(1125,1140,52416,13104,4,0);
INSERT INTO parents(self_id, child_id, to_child_count, to_child_calls, to_child_paths, pct) VALUES(1125,1141,0,0,0,0);
INSERT INTO parents(self_id, child_id, to_child_count, to_child_calls, to_child_paths, pct) VALUES(1141,1142,0,0,0,0);
INSERT INTO parents(self_id, child_id, to_child_count, to_child_calls, to_child_paths, pct) VALUES(1046,1143,0,0,0,0);
INSERT INTO parents(self_id, child_id, to_child_count, to_child_calls, to_child_paths, pct) VALUES(1143,1144,1328,332,3,0);
INSERT INTO parents(self_id, child_id, to_child_count, to_child_calls, to_child_paths, pct) VALUES(1143,1145,16,4,1,0);
INSERT INTO parents(self_id, child_id, to_child_count, to_child_calls, to_child_paths, pct) VALUES(1145,1146,0,0,0,0);
INSERT INTO parents(self_id, child_id, to_child_count, to_child_calls, to_child_paths, pct) VALUES(1145,1147,0,0,0,0);
INSERT INTO parents(self_id, child_id, to_child_count, to_child_calls, to_child_paths, pct) VALUES(1145,1148,0,0,0,0);
INSERT INTO parents(self_id, child_id, to_child_count, to_child_calls, to_child_paths, pct) VALUES(1143,1149,360,90,5,0);
INSERT INTO parents(self_id, child_id, to_child_count, to_child_calls, to_child_paths, pct) VALUES(1149,1150,79920,19980,54,0);
INSERT INTO parents(self_id, child_id, to_child_count, to_child_calls, to_child_paths, pct) VALUES(1149,1151,79920,19980,36,0);
INSERT INTO children(self_id, parent_id, from_parent_count, from_parent_calls, from_parent_paths, pct) VALUES(1046,10,8649892,1498998,0,0);
INSERT INTO children(self_id, parent_id, from_parent_count, from_parent_calls, from_parent_paths, pct) VALUES(1047,1046,333976,16915,4,0);
INSERT INTO children(self_id, parent_id, from_parent_count, from_parent_calls, from_parent_paths, pct) VALUES(1048,1047,7200,1562,2,0);
INSERT INTO children(self_id, parent_id, from_parent_count, from_parent_calls, from_parent_paths, pct) VALUES(1049,1047,7200,1566,2,0);
INSERT INTO children(self_id, parent_id, from_parent_count, from_parent_calls, from_parent_paths, pct) VALUES(1050,1047,7200,1560,2,0);
INSERT INTO children(self_id, parent_id, from_parent_count, from_parent_calls, from_parent_paths, pct) VALUES(1051,1047,7200,1567,2,0);
INSERT INTO children(self_id, parent_id, from_parent_count, from_parent_calls, from_parent_paths, pct) VALUES(1052,1047,28,4294967295,1,0);
INSERT INTO children(self_id, parent_id, from_parent_count, from_parent_calls, from_parent_paths, pct) VALUES(1053,1047,296568,8994,40,0);
INSERT INTO children(self_id, parent_id, from_parent_count, from_parent_calls, from_parent_paths, pct) VALUES(1054,1046,3653800,689610,13,0);
INSERT INTO children(self_id, parent_id, from_parent_count, from_parent_calls, from_parent_paths, pct) VALUES(1055,1054,6400,40,4,0);
INSERT INTO children(self_id, parent_id, from_parent_count, from_parent_calls, from_parent_paths, pct) VALUES(1056,1054,28,0,1,0);
INSERT INTO children(self_id, parent_id, from_parent_count, from_parent_calls, from_parent_paths, pct) VALUES(1057,1054,0,0,0,0);
INSERT INTO children(self_id, parent_id, from_parent_count, from_parent_calls, from_parent_paths, pct) VALUES(1058,1054,212416,12878,9,0);
INSERT INTO children(self_id, parent_id, from_parent_count, from_parent_calls, from_parent_paths, pct) VALUES(1059,1054,212416,12676,9,0);
INSERT INTO children(self_id, parent_id, from_parent_count, from_parent_calls, from_parent_paths, pct) VALUES(1060,1054,212416,12878,9,0);
INSERT INTO children(self_id, parent_id, from_parent_count, from_parent_calls, from_parent_paths, pct) VALUES(1061,1054,212416,12676,9,0);
INSERT INTO children(self_id, parent_id, from_parent_count, from_parent_calls, from_parent_paths, pct) VALUES(1062,1054,52416,12653,4,0);
INSERT INTO children(self_id, parent_id, from_parent_count, from_parent_calls, from_parent_paths, pct) VALUES(1063,1046,116440,18964,2,0);
INSERT INTO children(self_id, parent_id, from_parent_count, from_parent_calls, from_parent_paths, pct) VALUES(1064,1063,34292,0,6,0);
INSERT INTO children(self_id, parent_id, from_parent_count, from_parent_calls, from_parent_paths, pct) VALUES(1065,1063,2336,0,8,0);
INSERT INTO children(self_id, parent_id, from_parent_count, from_parent_calls, from_parent_paths, pct) VALUES(1066,1063,1156,0,6,0);
INSERT INTO children(self_id, parent_id, from_parent_count, from_parent_calls, from_parent_paths, pct) VALUES(1067,1063,28,4294967295,1,0);
INSERT INTO children(self_id, parent_id, from_parent_count, from_parent_calls, from_parent_paths, pct) VALUES(1068,1063,1728,348,3,0);
INSERT INTO children(self_id, parent_id, from_parent_count, from_parent_calls, from_parent_paths, pct) VALUES(1069,1063,52416,12653,4,0);
INSERT INTO children(self_id, parent_id, from_parent_count, from_parent_calls, from_parent_paths, pct) VALUES(1070,1046,919716,118450,2,0);
INSERT INTO children(self_id, parent_id, from_parent_count, from_parent_calls, from_parent_paths, pct) VALUES(1071,1070,23904,5821,1,0);
INSERT INTO children(self_id, parent_id, from_parent_count, from_parent_calls, from_parent_paths, pct) VALUES(1072,1070,28,4294967295,1,0);
INSERT INTO children(self_id, parent_id, from_parent_count, from_parent_calls, from_parent_paths, pct) VALUES(1073,1070,416512,51828,4,0);
INSERT INTO children(self_id, parent_id, from_parent_count, from_parent_calls, from_parent_paths, pct) VALUES(1074,1073,192400,3,7,0);
INSERT INTO children(self_id, parent_id, from_parent_count, from_parent_calls, from_parent_paths, pct) VALUES(1075,1073,57456,13808,6,0);
INSERT INTO children(self_id, parent_id, from_parent_count, from_parent_calls, from_parent_paths, pct) VALUES(1076,1073,52416,12653,4,0);
INSERT INTO children(self_id, parent_id, from_parent_count, from_parent_calls, from_parent_paths, pct) VALUES(1077,1073,52416,12653,4,0);
INSERT INTO children(self_id, parent_id, from_parent_count, from_parent_calls, from_parent_paths, pct) VALUES(1078,1073,52416,12653,4,0);
INSERT INTO children(self_id, parent_id, from_parent_count, from_parent_calls, from_parent_paths, pct) VALUES(1079,1070,104832,25306,0,0);
INSERT INTO children(self_id, parent_id, from_parent_count, from_parent_calls, from_parent_paths, pct) VALUES(1080,1079,104832,25306,0,0);
INSERT INTO children(self_id, parent_id, from_parent_count, from_parent_calls, from_parent_paths, pct) VALUES(1081,1080,52416,12653,4,0);
INSERT INTO children(self_id, parent_id, from_parent_count, from_parent_calls, from_parent_paths, pct) VALUES(1082,1080,52416,12653,4,0);
INSERT INTO children(self_id, parent_id, from_parent_count, from_parent_calls, from_parent_paths, pct) VALUES(1083,1070,75172,2686,5,0);
INSERT INTO children(self_id, parent_id, from_parent_count, from_parent_calls, from_parent_paths, pct) VALUES(1084,1083,16380,639,30,0);
INSERT INTO children(self_id, parent_id, from_parent_count, from_parent_calls, from_parent_paths, pct) VALUES(1085,1083,16380,817,30,0);
INSERT INTO children(self_id, parent_id, from_parent_count, from_parent_calls, from_parent_paths, pct) VALUES(1086,1083,12924,738,30,0);
INSERT INTO children(self_id, parent_id, from_parent_count, from_parent_calls, from_parent_paths, pct) VALUES(1087,1083,14652,383,30,0);
INSERT INTO children(self_id, parent_id, from_parent_count, from_parent_calls, from_parent_paths, pct) VALUES(1088,1070,0,0,0,0);
INSERT INTO children(self_id, parent_id, from_parent_count, from_parent_calls, from_parent_paths, pct) VALUES(1089,1070,222368,14193,1,0);
INSERT INTO children(self_id, parent_id, from_parent_count, from_parent_calls, from_parent_paths, pct) VALUES(1090,1089,128000,4,4,0);
INSERT INTO children(self_id, parent_id, from_parent_count, from_parent_calls, from_parent_paths, pct) VALUES(1091,1089,58076,14185,8,0);
INSERT INTO children(self_id, parent_id, from_parent_count, from_parent_calls, from_parent_paths, pct) VALUES(1092,1070,52416,12653,4,0);
INSERT INTO children(self_id, parent_id, from_parent_count, from_parent_calls, from_parent_paths, pct) VALUES(1093,1046,136,0,5,0);
INSERT INTO children(self_id, parent_id, from_parent_count, from_parent_calls, from_parent_paths, pct) VALUES(1094,1093,0,0,0,0);
INSERT INTO children(self_id, parent_id, from_parent_count, from_parent_calls, from_parent_paths, pct) VALUES(1095,1093,0,0,0,0);
INSERT INTO children(self_id, parent_id, from_parent_count, from_parent_calls, from_parent_paths, pct) VALUES(1096,1093,0,0,0,0);
INSERT INTO children(self_id, parent_id, from_parent_count, from_parent_calls, from_parent_paths, pct) VALUES(1097,1093,0,0,0,0);
INSERT INTO children(self_id, parent_id, from_parent_count, from_parent_calls, from_parent_paths, pct) VALUES(1098,1046,442768,101228,4,0);
INSERT INTO children(self_id, parent_id, from_parent_count, from_parent_calls, from_parent_paths, pct) VALUES(1099,1098,52416,12701,4,0);
INSERT INTO children(self_id, parent_id, from_parent_count, from_parent_calls, from_parent_paths, pct) VALUES(1100,1098,209664,51560,16,0);
INSERT INTO children(self_id, parent_id, from_parent_count, from_parent_calls, from_parent_paths, pct) VALUES(1101,1098,164520,36932,8,0);
INSERT INTO children(self_id, parent_id, from_parent_count, from_parent_calls, from_parent_paths, pct) VALUES(1102,1046,434176,56666,8,0);
INSERT INTO children(self_id, parent_id, from_parent_count, from_parent_calls, from_parent_paths, pct) VALUES(1103,1102,28,4294967295,1,0);
INSERT INTO children(self_id, parent_id, from_parent_count, from_parent_calls, from_parent_paths, pct) VALUES(1104,1102,60416,12743,8,0);
INSERT INTO children(self_id, parent_id, from_parent_count, from_parent_calls, from_parent_paths, pct) VALUES(1105,1102,52416,12654,4,0);
INSERT INTO children(self_id, parent_id, from_parent_count, from_parent_calls, from_parent_paths, pct) VALUES(1106,1102,52416,12653,4,0);
INSERT INTO children(self_id, parent_id, from_parent_count, from_parent_calls, from_parent_paths, pct) VALUES(1107,1102,52416,12653,4,0);
INSERT INTO children(self_id, parent_id, from_parent_count, from_parent_calls, from_parent_paths, pct) VALUES(1108,1046,32,0,1,0);
INSERT INTO children(self_id, parent_id, from_parent_count, from_parent_calls, from_parent_paths, pct) VALUES(1109,1108,28,4294967295,1,0);
INSERT INTO children(self_id, parent_id, from_parent_count, from_parent_calls, from_parent_paths, pct) VALUES(1110,1046,76896,18616,1,0);
INSERT INTO children(self_id, parent_id, from_parent_count, from_parent_calls, from_parent_paths, pct) VALUES(1111,1110,52416,12653,4,0);
INSERT INTO children(self_id, parent_id, from_parent_count, from_parent_calls, from_parent_paths, pct) VALUES(1112,1046,244208,57607,1,0);
INSERT INTO children(self_id, parent_id, from_parent_count, from_parent_calls, from_parent_paths, pct) VALUES(1113,1112,179248,42915,21,0);
INSERT INTO children(self_id, parent_id, from_parent_count, from_parent_calls, from_parent_paths, pct) VALUES(1114,1112,52416,12653,4,0);
INSERT INTO children(self_id, parent_id, from_parent_count, from_parent_calls, from_parent_paths, pct) VALUES(1115,1112,28,4294967295,1,0);
INSERT INTO children(self_id, parent_id, from_parent_count, from_parent_calls, from_parent_paths, pct) VALUES(1116,1112,4612,144,12,0);
INSERT INTO children(self_id, parent_id, from_parent_count, from_parent_calls, from_parent_paths, pct) VALUES(1117,1112,7900,1895,2,0);
INSERT INTO children(self_id, parent_id, from_parent_count, from_parent_calls, from_parent_paths, pct) VALUES(1118,1046,1021748,184092,8,0);
INSERT INTO children(self_id, parent_id, from_parent_count, from_parent_calls, from_parent_paths, pct) VALUES(1119,1118,537228,125532,12,0);
INSERT INTO children(self_id, parent_id, from_parent_count, from_parent_calls, from_parent_paths, pct) VALUES(1120,1119,429824,104139,32,0);
INSERT INTO children(self_id, parent_id, from_parent_count, from_parent_calls, from_parent_paths, pct) VALUES(1121,1118,118804,21299,7,0);
INSERT INTO children(self_id, parent_id, from_parent_count, from_parent_calls, from_parent_paths, pct) VALUES(1122,1118,96788,18641,33,0);
INSERT INTO children(self_id, parent_id, from_parent_count, from_parent_calls, from_parent_paths, pct) VALUES(1123,1118,28,4294967295,1,0);
INSERT INTO children(self_id, parent_id, from_parent_count, from_parent_calls, from_parent_paths, pct) VALUES(1124,1118,52416,12653,4,0);
INSERT INTO children(self_id, parent_id, from_parent_count, from_parent_calls, from_parent_paths, pct) VALUES(1125,1046,1244452,236762,3,0);
INSERT INTO children(self_id, parent_id, from_parent_count, from_parent_calls, from_parent_paths, pct) VALUES(1126,1125,17504,1995,17,0);
INSERT INTO children(self_id, parent_id, from_parent_count, from_parent_calls, from_parent_paths, pct) VALUES(1127,1125,451196,102261,27,0);
INSERT INTO children(self_id, parent_id, from_parent_count, from_parent_calls, from_parent_paths, pct) VALUES(1128,1127,7200,793,8,0);
INSERT INTO children(self_id, parent_id, from_parent_count, from_parent_calls, from_parent_paths, pct) VALUES(1129,1127,157248,38565,12,0);
INSERT INTO children(self_id, parent_id, from_parent_count, from_parent_calls, from_parent_paths, pct) VALUES(1130,1125,35608,0,8,0);
INSERT INTO children(self_id, parent_id, from_parent_count, from_parent_calls, from_parent_paths, pct) VALUES(1131,1125,459564,97976,32,0);
INSERT INTO children(self_id, parent_id, from_parent_count, from_parent_calls, from_parent_paths, pct) VALUES(1132,1131,18440,554,16,0);
INSERT INTO children(self_id, parent_id, from_parent_count, from_parent_calls, from_parent_paths, pct) VALUES(1133,1131,157248,38235,12,0);
INSERT INTO children(self_id, parent_id, from_parent_count, from_parent_calls, from_parent_paths, pct) VALUES(1134,1125,28,4294967295,1,0);
INSERT INTO children(self_id, parent_id, from_parent_count, from_parent_calls, from_parent_paths, pct) VALUES(1135,1125,203640,15912,0,0);
INSERT INTO children(self_id, parent_id, from_parent_count, from_parent_calls, from_parent_paths, pct) VALUES(1136,1135,51040,3983,4,0);
INSERT INTO children(self_id, parent_id, from_parent_count, from_parent_calls, from_parent_paths, pct) VALUES(1137,1135,51040,4013,4,0);
INSERT INTO children(self_id, parent_id, from_parent_count, from_parent_calls, from_parent_paths, pct) VALUES(1138,1135,50692,3940,4,0);
INSERT INTO children(self_id, parent_id, from_parent_count, from_parent_calls, from_parent_paths, pct) VALUES(1139,1135,50868,3976,4,0);
INSERT INTO children(self_id, parent_id, from_parent_count, from_parent_calls, from_parent_paths, pct) VALUES(1140,1125,52416,12653,4,0);
INSERT INTO children(self_id, parent_id, from_parent_count, from_parent_calls, from_parent_paths, pct) VALUES(1141,1125,0,0,0,0);
INSERT INTO children(self_id, parent_id, from_parent_count, from_parent_calls, from_parent_paths, pct) VALUES(1142,1141,0,0,0,0);
INSERT INTO children(self_id, parent_id, from_parent_count, from_parent_calls, from_parent_paths, pct) VALUES(1143,1046,161544,88,0,0);
INSERT INTO children(self_id, parent_id, from_parent_count, from_parent_calls, from_parent_paths, pct) VALUES(1144,1143,1328,33,3,0);
INSERT INTO children(self_id, parent_id, from_parent_count, from_parent_calls, from_parent_paths, pct) VALUES(1145,1143,16,0,1,0);
INSERT INTO children(self_id, parent_id, from_parent_count, from_parent_calls, from_parent_paths, pct) VALUES(1146,1145,0,0,0,0);
INSERT INTO children(self_id, parent_id, from_parent_count, from_parent_calls, from_parent_paths, pct) VALUES(1147,1145,0,0,0,0);
INSERT INTO children(self_id, parent_id, from_parent_count, from_parent_calls, from_parent_paths, pct) VALUES(1148,1145,0,0,0,0);
INSERT INTO children(self_id, parent_id, from_parent_count, from_parent_calls, from_parent_paths, pct) VALUES(1149,1143,160200,55,5,0);
INSERT INTO children(self_id, parent_id, from_parent_count, from_parent_calls, from_parent_paths, pct) VALUES(1150,1149,79920,0,54,0);
INSERT INTO children(self_id, parent_id, from_parent_count, from_parent_calls, from_parent_paths, pct) VALUES(1151,1149,79920,0,36,0);
INSERT INTO mainrows(id, symbol_id, self_count, cumulative_count, kids, self_calls, total_calls, self_paths, total_paths, pct) VALUES(1152, 1152, 5092, 5092, 1, 42, 1273, 5, 5, 0.0);
INSERT INTO mainrows(id, symbol_id, self_count, cumulative_count, kids, self_calls, total_calls, self_paths, total_paths, pct) VALUES(1153, 1153, 5092, 5092, 0, 42, 1273, 5, 5, 0.0);
INSERT INTO parents(self_id, child_id, to_child_count, to_child_calls, to_child_paths, pct) VALUES(10,1152,0,0,0,0);
INSERT INTO parents(self_id, child_id, to_child_count, to_child_calls, to_child_paths, pct) VALUES(1152,1153,5092,1273,5,0);
INSERT INTO children(self_id, parent_id, from_parent_count, from_parent_calls, from_parent_paths, pct) VALUES(1152,10,5092,42,0,0);
INSERT INTO children(self_id, parent_id, from_parent_count, from_parent_calls, from_parent_paths, pct) VALUES(1153,1152,5092,42,5,0);
INSERT INTO mainrows(id, symbol_id, self_count, cumulative_count, kids, self_calls, total_calls, self_paths, total_paths, pct) VALUES(1154, 1154, 662992, 662992, 1, 145568, 164002, 70, 70, 0.0);
INSERT INTO mainrows(id, symbol_id, self_count, cumulative_count, kids, self_calls, total_calls, self_paths, total_paths, pct) VALUES(1155, 1155, 662992, 662992, 0, 145568, 164002, 70, 70, 0.0);
INSERT INTO parents(self_id, child_id, to_child_count, to_child_calls, to_child_paths, pct) VALUES(10,1154,0,0,0,0);
INSERT INTO parents(self_id, child_id, to_child_count, to_child_calls, to_child_paths, pct) VALUES(1154,1155,662992,164002,70,0);
INSERT INTO children(self_id, parent_id, from_parent_count, from_parent_calls, from_parent_paths, pct) VALUES(1154,10,662992,145568,0,0);
INSERT INTO children(self_id, parent_id, from_parent_count, from_parent_calls, from_parent_paths, pct) VALUES(1155,1154,662992,145568,70,0);
INSERT INTO mainrows(id, symbol_id, self_count, cumulative_count, kids, self_calls, total_calls, self_paths, total_paths, pct) VALUES(1156, 1156, 36188, 36188, 3, 8650, 9047, 3, 3, 0.0);
INSERT INTO mainrows(id, symbol_id, self_count, cumulative_count, kids, self_calls, total_calls, self_paths, total_paths, pct) VALUES(1157, 1157, 0, 0, 0, 0, 0, 0, 0, 0.0);
INSERT INTO mainrows(id, symbol_id, self_count, cumulative_count, kids, self_calls, total_calls, self_paths, total_paths, pct) VALUES(1158, 1158, 100, 100, 0, 0, 25, 1, 1, 0.0);
INSERT INTO mainrows(id, symbol_id, self_count, cumulative_count, kids, self_calls, total_calls, self_paths, total_paths, pct) VALUES(1159, 1159, 36088, 36088, 0, 8650, 9022, 2, 2, 0.0);
INSERT INTO parents(self_id, child_id, to_child_count, to_child_calls, to_child_paths, pct) VALUES(10,1156,0,0,0,0);
INSERT INTO parents(self_id, child_id, to_child_count, to_child_calls, to_child_paths, pct) VALUES(1156,1157,0,0,0,0);
INSERT INTO parents(self_id, child_id, to_child_count, to_child_calls, to_child_paths, pct) VALUES(1156,1158,100,25,1,0);
INSERT INTO parents(self_id, child_id, to_child_count, to_child_calls, to_child_paths, pct) VALUES(1156,1159,36088,9022,2,0);
INSERT INTO children(self_id, parent_id, from_parent_count, from_parent_calls, from_parent_paths, pct) VALUES(1156,10,36188,8650,0,0);
INSERT INTO children(self_id, parent_id, from_parent_count, from_parent_calls, from_parent_paths, pct) VALUES(1157,1156,0,0,0,0);
INSERT INTO children(self_id, parent_id, from_parent_count, from_parent_calls, from_parent_paths, pct) VALUES(1158,1156,100,0,1,0);
INSERT INTO children(self_id, parent_id, from_parent_count, from_parent_calls, from_parent_paths, pct) VALUES(1159,1156,36088,8650,2,0);
INSERT INTO mainrows(id, symbol_id, self_count, cumulative_count, kids, self_calls, total_calls, self_paths, total_paths, pct) VALUES(1160, 1160, 4472780, 4472780, 4, 954070, 1084595, 1260, 1260, 0.0);
INSERT INTO mainrows(id, symbol_id, self_count, cumulative_count, kids, self_calls, total_calls, self_paths, total_paths, pct) VALUES(1161, 1161, 191252, 191252, 1, 46952, 47813, 11, 11, 0.0);
INSERT INTO mainrows(id, symbol_id, self_count, cumulative_count, kids, self_calls, total_calls, self_paths, total_paths, pct) VALUES(1162, 1162, 191252, 191252, 0, 46952, 47813, 11, 11, 0.0);
INSERT INTO mainrows(id, symbol_id, self_count, cumulative_count, kids, self_calls, total_calls, self_paths, total_paths, pct) VALUES(1163, 1163, 289576, 289576, 4, 12411, 58594, 599, 599, 0.0);
INSERT INTO mainrows(id, symbol_id, self_count, cumulative_count, kids, self_calls, total_calls, self_paths, total_paths, pct) VALUES(1164, 1164, 43084, 43084, 1, 3028, 9071, 93, 93, 0.0);
INSERT INTO mainrows(id, symbol_id, self_count, cumulative_count, kids, self_calls, total_calls, self_paths, total_paths, pct) VALUES(1165, 1165, 12400, 12400, 0, 550, 2300, 24, 24, 0.0);
INSERT INTO mainrows(id, symbol_id, self_count, cumulative_count, kids, self_calls, total_calls, self_paths, total_paths, pct) VALUES(1166, 1166, 117084, 117084, 1, 3595, 23071, 235, 235, 0.0);
INSERT INTO mainrows(id, symbol_id, self_count, cumulative_count, kids, self_calls, total_calls, self_paths, total_paths, pct) VALUES(1167, 1167, 23160, 23160, 0, 540, 3990, 39, 39, 0.0);
INSERT INTO mainrows(id, symbol_id, self_count, cumulative_count, kids, self_calls, total_calls, self_paths, total_paths, pct) VALUES(1168, 1168, 33084, 33084, 0, 2608, 7071, 72, 72, 0.0);
INSERT INTO mainrows(id, symbol_id, self_count, cumulative_count, kids, self_calls, total_calls, self_paths, total_paths, pct) VALUES(1169, 1169, 96324, 96324, 0, 3180, 19381, 199, 199, 0.0);
INSERT INTO mainrows(id, symbol_id, self_count, cumulative_count, kids, self_calls, total_calls, self_paths, total_paths, pct) VALUES(1170, 1170, 3968712, 3968712, 2, 894544, 972378, 639, 639, 0.0);
INSERT INTO mainrows(id, symbol_id, self_count, cumulative_count, kids, self_calls, total_calls, self_paths, total_paths, pct) VALUES(1171, 1171, 3733236, 3733236, 3, 893012, 929709, 261, 261, 0.0);
INSERT INTO mainrows(id, symbol_id, self_count, cumulative_count, kids, self_calls, total_calls, self_paths, total_paths, pct) VALUES(1172, 1172, 2903628, 2903628, 6, 694258, 723107, 203, 203, 0.0);
INSERT INTO mainrows(id, symbol_id, self_count, cumulative_count, kids, self_calls, total_calls, self_paths, total_paths, pct) VALUES(1173, 1173, 414804, 414804, 0, 99104, 103301, 29, 29, 0.0);
INSERT INTO mainrows(id, symbol_id, self_count, cumulative_count, kids, self_calls, total_calls, self_paths, total_paths, pct) VALUES(1174, 1174, 414804, 414804, 0, 99104, 103301, 29, 29, 0.0);
INSERT INTO mainrows(id, symbol_id, self_count, cumulative_count, kids, self_calls, total_calls, self_paths, total_paths, pct) VALUES(1175, 1175, 414804, 414804, 0, 99369, 103301, 29, 29, 0.0);
INSERT INTO mainrows(id, symbol_id, self_count, cumulative_count, kids, self_calls, total_calls, self_paths, total_paths, pct) VALUES(1176, 1176, 414804, 414804, 0, 99104, 103301, 29, 29, 0.0);
INSERT INTO mainrows(id, symbol_id, self_count, cumulative_count, kids, self_calls, total_calls, self_paths, total_paths, pct) VALUES(1177, 1177, 414804, 414804, 0, 99104, 103301, 29, 29, 0.0);
INSERT INTO mainrows(id, symbol_id, self_count, cumulative_count, kids, self_calls, total_calls, self_paths, total_paths, pct) VALUES(1178, 1178, 414804, 414804, 0, 99104, 103301, 29, 29, 0.0);
INSERT INTO mainrows(id, symbol_id, self_count, cumulative_count, kids, self_calls, total_calls, self_paths, total_paths, pct) VALUES(1179, 1179, 414804, 414804, 0, 99271, 103301, 29, 29, 0.0);
INSERT INTO mainrows(id, symbol_id, self_count, cumulative_count, kids, self_calls, total_calls, self_paths, total_paths, pct) VALUES(1180, 1180, 414804, 414804, 0, 99483, 103301, 29, 29, 0.0);
INSERT INTO mainrows(id, symbol_id, self_count, cumulative_count, kids, self_calls, total_calls, self_paths, total_paths, pct) VALUES(1181, 1181, 235476, 235476, 3, 1532, 42669, 378, 378, 0.0);
INSERT INTO mainrows(id, symbol_id, self_count, cumulative_count, kids, self_calls, total_calls, self_paths, total_paths, pct) VALUES(1182, 1182, 183148, 183148, 6, 710, 33187, 294, 294, 0.0);
INSERT INTO mainrows(id, symbol_id, self_count, cumulative_count, kids, self_calls, total_calls, self_paths, total_paths, pct) VALUES(1183, 1183, 26164, 26164, 0, 0, 4741, 42, 42, 0.0);
INSERT INTO mainrows(id, symbol_id, self_count, cumulative_count, kids, self_calls, total_calls, self_paths, total_paths, pct) VALUES(1184, 1184, 26164, 26164, 0, 0, 4741, 42, 42, 0.0);
INSERT INTO mainrows(id, symbol_id, self_count, cumulative_count, kids, self_calls, total_calls, self_paths, total_paths, pct) VALUES(1185, 1185, 26164, 26164, 0, 355, 4741, 42, 42, 0.0);
INSERT INTO mainrows(id, symbol_id, self_count, cumulative_count, kids, self_calls, total_calls, self_paths, total_paths, pct) VALUES(1186, 1186, 26164, 26164, 0, 0, 4741, 42, 42, 0.0);
INSERT INTO mainrows(id, symbol_id, self_count, cumulative_count, kids, self_calls, total_calls, self_paths, total_paths, pct) VALUES(1187, 1187, 26164, 26164, 0, 0, 4741, 42, 42, 0.0);
INSERT INTO mainrows(id, symbol_id, self_count, cumulative_count, kids, self_calls, total_calls, self_paths, total_paths, pct) VALUES(1188, 1188, 26164, 26164, 0, 0, 4741, 42, 42, 0.0);
INSERT INTO mainrows(id, symbol_id, self_count, cumulative_count, kids, self_calls, total_calls, self_paths, total_paths, pct) VALUES(1189, 1189, 26164, 26164, 0, 277, 4741, 42, 42, 0.0);
INSERT INTO mainrows(id, symbol_id, self_count, cumulative_count, kids, self_calls, total_calls, self_paths, total_paths, pct) VALUES(1190, 1190, 26164, 26164, 0, 545, 4741, 42, 42, 0.0);
INSERT INTO mainrows(id, symbol_id, self_count, cumulative_count, kids, self_calls, total_calls, self_paths, total_paths, pct) VALUES(1191, 1191, 12800, 12800, 4, 140, 3200, 8, 8, 0.0);
INSERT INTO mainrows(id, symbol_id, self_count, cumulative_count, kids, self_calls, total_calls, self_paths, total_paths, pct) VALUES(1192, 1192, 800, 800, 0, 18, 200, 2, 2, 0.0);
INSERT INTO mainrows(id, symbol_id, self_count, cumulative_count, kids, self_calls, total_calls, self_paths, total_paths, pct) VALUES(1193, 1193, 4000, 4000, 0, 46, 1000, 2, 2, 0.0);
INSERT INTO mainrows(id, symbol_id, self_count, cumulative_count, kids, self_calls, total_calls, self_paths, total_paths, pct) VALUES(1194, 1194, 4000, 4000, 0, 38, 1000, 2, 2, 0.0);
INSERT INTO mainrows(id, symbol_id, self_count, cumulative_count, kids, self_calls, total_calls, self_paths, total_paths, pct) VALUES(1195, 1195, 4000, 4000, 0, 38, 1000, 2, 2, 0.0);
INSERT INTO parents(self_id, child_id, to_child_count, to_child_calls, to_child_paths, pct) VALUES(10,1160,10440,2610,3,0);
INSERT INTO parents(self_id, child_id, to_child_count, to_child_calls, to_child_paths, pct) VALUES(1160,1161,0,0,0,0);
INSERT INTO parents(self_id, child_id, to_child_count, to_child_calls, to_child_paths, pct) VALUES(1161,1162,191252,47813,11,0);
INSERT INTO parents(self_id, child_id, to_child_count, to_child_calls, to_child_paths, pct) VALUES(1160,1163,0,0,0,0);
INSERT INTO parents(self_id, child_id, to_child_count, to_child_calls, to_child_paths, pct) VALUES(1163,1164,30684,6771,69,0);
INSERT INTO parents(self_id, child_id, to_child_count, to_child_calls, to_child_paths, pct) VALUES(1164,1165,12400,2300,24,0);
INSERT INTO parents(self_id, child_id, to_child_count, to_child_calls, to_child_paths, pct) VALUES(1163,1166,93924,19081,196,0);
INSERT INTO parents(self_id, child_id, to_child_count, to_child_calls, to_child_paths, pct) VALUES(1166,1167,23160,3990,39,0);
INSERT INTO parents(self_id, child_id, to_child_count, to_child_calls, to_child_paths, pct) VALUES(1163,1168,33084,7071,72,0);
INSERT INTO parents(self_id, child_id, to_child_count, to_child_calls, to_child_paths, pct) VALUES(1163,1169,96324,19381,199,0);
INSERT INTO parents(self_id, child_id, to_child_count, to_child_calls, to_child_paths, pct) VALUES(1160,1170,0,0,0,0);
INSERT INTO parents(self_id, child_id, to_child_count, to_child_calls, to_child_paths, pct) VALUES(1170,1171,0,0,0,0);
INSERT INTO parents(self_id, child_id, to_child_count, to_child_calls, to_child_paths, pct) VALUES(1171,1172,414804,103301,29,0);
INSERT INTO parents(self_id, child_id, to_child_count, to_child_calls, to_child_paths, pct) VALUES(1172,1173,414804,103301,29,0);
INSERT INTO parents(self_id, child_id, to_child_count, to_child_calls, to_child_paths, pct) VALUES(1172,1174,414804,103301,29,0);
INSERT INTO parents(self_id, child_id, to_child_count, to_child_calls, to_child_paths, pct) VALUES(1172,1175,414804,103301,29,0);
INSERT INTO parents(self_id, child_id, to_child_count, to_child_calls, to_child_paths, pct) VALUES(1172,1176,414804,103301,29,0);
INSERT INTO parents(self_id, child_id, to_child_count, to_child_calls, to_child_paths, pct) VALUES(1172,1177,414804,103301,29,0);
INSERT INTO parents(self_id, child_id, to_child_count, to_child_calls, to_child_paths, pct) VALUES(1172,1178,414804,103301,29,0);
INSERT INTO parents(self_id, child_id, to_child_count, to_child_calls, to_child_paths, pct) VALUES(1171,1179,414804,103301,29,0);
INSERT INTO parents(self_id, child_id, to_child_count, to_child_calls, to_child_paths, pct) VALUES(1171,1180,414804,103301,29,0);
INSERT INTO parents(self_id, child_id, to_child_count, to_child_calls, to_child_paths, pct) VALUES(1170,1181,0,0,0,0);
INSERT INTO parents(self_id, child_id, to_child_count, to_child_calls, to_child_paths, pct) VALUES(1181,1182,26164,4741,42,0);
INSERT INTO parents(self_id, child_id, to_child_count, to_child_calls, to_child_paths, pct) VALUES(1182,1183,26164,4741,42,0);
INSERT INTO parents(self_id, child_id, to_child_count, to_child_calls, to_child_paths, pct) VALUES(1182,1184,26164,4741,42,0);
INSERT INTO parents(self_id, child_id, to_child_count, to_child_calls, to_child_paths, pct) VALUES(1182,1185,26164,4741,42,0);
INSERT INTO parents(self_id, child_id, to_child_count, to_child_calls, to_child_paths, pct) VALUES(1182,1186,26164,4741,42,0);
INSERT INTO parents(self_id, child_id, to_child_count, to_child_calls, to_child_paths, pct) VALUES(1182,1187,26164,4741,42,0);
INSERT INTO parents(self_id, child_id, to_child_count, to_child_calls, to_child_paths, pct) VALUES(1182,1188,26164,4741,42,0);
INSERT INTO parents(self_id, child_id, to_child_count, to_child_calls, to_child_paths, pct) VALUES(1181,1189,26164,4741,42,0);
INSERT INTO parents(self_id, child_id, to_child_count, to_child_calls, to_child_paths, pct) VALUES(1181,1190,26164,4741,42,0);
INSERT INTO parents(self_id, child_id, to_child_count, to_child_calls, to_child_paths, pct) VALUES(1160,1191,0,0,0,0);
INSERT INTO parents(self_id, child_id, to_child_count, to_child_calls, to_child_paths, pct) VALUES(1191,1192,800,200,2,0);
INSERT INTO parents(self_id, child_id, to_child_count, to_child_calls, to_child_paths, pct) VALUES(1191,1193,4000,1000,2,0);
INSERT INTO parents(self_id, child_id, to_child_count, to_child_calls, to_child_paths, pct) VALUES(1191,1194,4000,1000,2,0);
INSERT INTO parents(self_id, child_id, to_child_count, to_child_calls, to_child_paths, pct) VALUES(1191,1195,4000,1000,2,0);
INSERT INTO children(self_id, parent_id, from_parent_count, from_parent_calls, from_parent_paths, pct) VALUES(1160,10,4472780,954070,3,0);
INSERT INTO children(self_id, parent_id, from_parent_count, from_parent_calls, from_parent_paths, pct) VALUES(1161,1160,191252,46952,0,0);
INSERT INTO children(self_id, parent_id, from_parent_count, from_parent_calls, from_parent_paths, pct) VALUES(1162,1161,191252,46952,11,0);
INSERT INTO children(self_id, parent_id, from_parent_count, from_parent_calls, from_parent_paths, pct) VALUES(1163,1160,289576,12411,0,0);
INSERT INTO children(self_id, parent_id, from_parent_count, from_parent_calls, from_parent_paths, pct) VALUES(1164,1163,43084,3028,69,0);
INSERT INTO children(self_id, parent_id, from_parent_count, from_parent_calls, from_parent_paths, pct) VALUES(1165,1164,12400,550,24,0);
INSERT INTO children(self_id, parent_id, from_parent_count, from_parent_calls, from_parent_paths, pct) VALUES(1166,1163,117084,3595,196,0);
INSERT INTO children(self_id, parent_id, from_parent_count, from_parent_calls, from_parent_paths, pct) VALUES(1167,1166,23160,540,39,0);
INSERT INTO children(self_id, parent_id, from_parent_count, from_parent_calls, from_parent_paths, pct) VALUES(1168,1163,33084,2608,72,0);
INSERT INTO children(self_id, parent_id, from_parent_count, from_parent_calls, from_parent_paths, pct) VALUES(1169,1163,96324,3180,199,0);
INSERT INTO children(self_id, parent_id, from_parent_count, from_parent_calls, from_parent_paths, pct) VALUES(1170,1160,3968712,894544,0,0);
INSERT INTO children(self_id, parent_id, from_parent_count, from_parent_calls, from_parent_paths, pct) VALUES(1171,1170,3733236,893012,0,0);
INSERT INTO children(self_id, parent_id, from_parent_count, from_parent_calls, from_parent_paths, pct) VALUES(1172,1171,2903628,694258,29,0);
INSERT INTO children(self_id, parent_id, from_parent_count, from_parent_calls, from_parent_paths, pct) VALUES(1173,1172,414804,99104,29,0);
INSERT INTO children(self_id, parent_id, from_parent_count, from_parent_calls, from_parent_paths, pct) VALUES(1174,1172,414804,99104,29,0);
INSERT INTO children(self_id, parent_id, from_parent_count, from_parent_calls, from_parent_paths, pct) VALUES(1175,1172,414804,99369,29,0);
INSERT INTO children(self_id, parent_id, from_parent_count, from_parent_calls, from_parent_paths, pct) VALUES(1176,1172,414804,99104,29,0);
INSERT INTO children(self_id, parent_id, from_parent_count, from_parent_calls, from_parent_paths, pct) VALUES(1177,1172,414804,99104,29,0);
INSERT INTO children(self_id, parent_id, from_parent_count, from_parent_calls, from_parent_paths, pct) VALUES(1178,1172,414804,99104,29,0);
INSERT INTO children(self_id, parent_id, from_parent_count, from_parent_calls, from_parent_paths, pct) VALUES(1179,1171,414804,99271,29,0);
INSERT INTO children(self_id, parent_id, from_parent_count, from_parent_calls, from_parent_paths, pct) VALUES(1180,1171,414804,99483,29,0);
INSERT INTO children(self_id, parent_id, from_parent_count, from_parent_calls, from_parent_paths, pct) VALUES(1181,1170,235476,1532,0,0);
INSERT INTO children(self_id, parent_id, from_parent_count, from_parent_calls, from_parent_paths, pct) VALUES(1182,1181,183148,710,42,0);
INSERT INTO children(self_id, parent_id, from_parent_count, from_parent_calls, from_parent_paths, pct) VALUES(1183,1182,26164,0,42,0);
INSERT INTO children(self_id, parent_id, from_parent_count, from_parent_calls, from_parent_paths, pct) VALUES(1184,1182,26164,0,42,0);
INSERT INTO children(self_id, parent_id, from_parent_count, from_parent_calls, from_parent_paths, pct) VALUES(1185,1182,26164,355,42,0);
INSERT INTO children(self_id, parent_id, from_parent_count, from_parent_calls, from_parent_paths, pct) VALUES(1186,1182,26164,0,42,0);
INSERT INTO children(self_id, parent_id, from_parent_count, from_parent_calls, from_parent_paths, pct) VALUES(1187,1182,26164,0,42,0);
INSERT INTO children(self_id, parent_id, from_parent_count, from_parent_calls, from_parent_paths, pct) VALUES(1188,1182,26164,0,42,0);
INSERT INTO children(self_id, parent_id, from_parent_count, from_parent_calls, from_parent_paths, pct) VALUES(1189,1181,26164,277,42,0);
INSERT INTO children(self_id, parent_id, from_parent_count, from_parent_calls, from_parent_paths, pct) VALUES(1190,1181,26164,545,42,0);
INSERT INTO children(self_id, parent_id, from_parent_count, from_parent_calls, from_parent_paths, pct) VALUES(1191,1160,12800,140,0,0);
INSERT INTO children(self_id, parent_id, from_parent_count, from_parent_calls, from_parent_paths, pct) VALUES(1192,1191,800,18,2,0);
INSERT INTO children(self_id, parent_id, from_parent_count, from_parent_calls, from_parent_paths, pct) VALUES(1193,1191,4000,46,2,0);
INSERT INTO children(self_id, parent_id, from_parent_count, from_parent_calls, from_parent_paths, pct) VALUES(1194,1191,4000,38,2,0);
INSERT INTO children(self_id, parent_id, from_parent_count, from_parent_calls, from_parent_paths, pct) VALUES(1195,1191,4000,38,2,0);
INSERT INTO mainrows(id, symbol_id, self_count, cumulative_count, kids, self_calls, total_calls, self_paths, total_paths, pct) VALUES(1196, 1196, 14128200, 14128200, 12, 3114491, 3467025, 1228, 1228, 0.0);
INSERT INTO mainrows(id, symbol_id, self_count, cumulative_count, kids, self_calls, total_calls, self_paths, total_paths, pct) VALUES(1197, 1197, 0, 0, 0, 0, 0, 0, 0, 0.0);
INSERT INTO mainrows(id, symbol_id, self_count, cumulative_count, kids, self_calls, total_calls, self_paths, total_paths, pct) VALUES(1198, 1198, 268300, 268300, 5, 1528, 67075, 190, 190, 0.0);
INSERT INTO mainrows(id, symbol_id, self_count, cumulative_count, kids, self_calls, total_calls, self_paths, total_paths, pct) VALUES(1199, 1199, 53660, 53660, 0, 624, 13415, 38, 38, 0.0);
INSERT INTO mainrows(id, symbol_id, self_count, cumulative_count, kids, self_calls, total_calls, self_paths, total_paths, pct) VALUES(1200, 1200, 53660, 53660, 0, 135, 13415, 38, 38, 0.0);
INSERT INTO mainrows(id, symbol_id, self_count, cumulative_count, kids, self_calls, total_calls, self_paths, total_paths, pct) VALUES(1201, 1201, 53660, 53660, 0, 336, 13415, 38, 38, 0.0);
INSERT INTO mainrows(id, symbol_id, self_count, cumulative_count, kids, self_calls, total_calls, self_paths, total_paths, pct) VALUES(1202, 1202, 53660, 53660, 0, 305, 13415, 38, 38, 0.0);
INSERT INTO mainrows(id, symbol_id, self_count, cumulative_count, kids, self_calls, total_calls, self_paths, total_paths, pct) VALUES(1203, 1203, 53660, 53660, 0, 128, 13415, 38, 38, 0.0);
INSERT INTO mainrows(id, symbol_id, self_count, cumulative_count, kids, self_calls, total_calls, self_paths, total_paths, pct) VALUES(1204, 1204, 28312, 28312, 0, 5008, 7078, 37, 37, 0.0);
INSERT INTO mainrows(id, symbol_id, self_count, cumulative_count, kids, self_calls, total_calls, self_paths, total_paths, pct) VALUES(1205, 1205, 266904, 266904, 8, 43735, 66726, 713, 713, 0.0);
INSERT INTO mainrows(id, symbol_id, self_count, cumulative_count, kids, self_calls, total_calls, self_paths, total_paths, pct) VALUES(1206, 1206, 96, 96, 0, 5, 24, 2, 2, 0.0);
INSERT INTO mainrows(id, symbol_id, self_count, cumulative_count, kids, self_calls, total_calls, self_paths, total_paths, pct) VALUES(1207, 1207, 44908, 44908, 9, 7397, 11227, 118, 118, 0.0);
INSERT INTO mainrows(id, symbol_id, self_count, cumulative_count, kids, self_calls, total_calls, self_paths, total_paths, pct) VALUES(1208, 1208, 11700, 11700, 0, 2509, 2925, 7, 7, 0.0);
INSERT INTO mainrows(id, symbol_id, self_count, cumulative_count, kids, self_calls, total_calls, self_paths, total_paths, pct) VALUES(1209, 1209, 288, 288, 1, 0, 72, 24, 24, 0.0);
INSERT INTO mainrows(id, symbol_id, self_count, cumulative_count, kids, self_calls, total_calls, self_paths, total_paths, pct) VALUES(1210, 1210, 144, 144, 0, 0, 36, 12, 12, 0.0);
INSERT INTO mainrows(id, symbol_id, self_count, cumulative_count, kids, self_calls, total_calls, self_paths, total_paths, pct) VALUES(1211, 1211, 96, 96, 0, 0, 24, 12, 12, 0.0);
INSERT INTO mainrows(id, symbol_id, self_count, cumulative_count, kids, self_calls, total_calls, self_paths, total_paths, pct) VALUES(1212, 1212, 3072, 3072, 0, 0, 768, 12, 12, 0.0);
INSERT INTO mainrows(id, symbol_id, self_count, cumulative_count, kids, self_calls, total_calls, self_paths, total_paths, pct) VALUES(1213, 1213, 96, 96, 0, 0, 24, 12, 12, 0.0);
INSERT INTO mainrows(id, symbol_id, self_count, cumulative_count, kids, self_calls, total_calls, self_paths, total_paths, pct) VALUES(1214, 1214, 1536, 1536, 0, 0, 384, 12, 12, 0.0);
INSERT INTO mainrows(id, symbol_id, self_count, cumulative_count, kids, self_calls, total_calls, self_paths, total_paths, pct) VALUES(1215, 1215, 6912, 6912, 0, 0, 1728, 12, 12, 0.0);
INSERT INTO mainrows(id, symbol_id, self_count, cumulative_count, kids, self_calls, total_calls, self_paths, total_paths, pct) VALUES(1216, 1216, 336, 336, 0, 0, 84, 12, 12, 0.0);
INSERT INTO mainrows(id, symbol_id, self_count, cumulative_count, kids, self_calls, total_calls, self_paths, total_paths, pct) VALUES(1217, 1217, 96, 96, 0, 0, 24, 12, 12, 0.0);
INSERT INTO mainrows(id, symbol_id, self_count, cumulative_count, kids, self_calls, total_calls, self_paths, total_paths, pct) VALUES(1218, 1218, 48364, 48364, 9, 8266, 12091, 118, 118, 0.0);
INSERT INTO mainrows(id, symbol_id, self_count, cumulative_count, kids, self_calls, total_calls, self_paths, total_paths, pct) VALUES(1219, 1219, 12852, 12852, 0, 2793, 3213, 7, 7, 0.0);
INSERT INTO mainrows(id, symbol_id, self_count, cumulative_count, kids, self_calls, total_calls, self_paths, total_paths, pct) VALUES(1220, 1220, 288, 288, 1, 2, 72, 24, 24, 0.0);
INSERT INTO mainrows(id, symbol_id, self_count, cumulative_count, kids, self_calls, total_calls, self_paths, total_paths, pct) VALUES(1221, 1221, 144, 144, 0, 0, 36, 12, 12, 0.0);
INSERT INTO mainrows(id, symbol_id, self_count, cumulative_count, kids, self_calls, total_calls, self_paths, total_paths, pct) VALUES(1222, 1222, 96, 96, 0, 2, 24, 12, 12, 0.0);
INSERT INTO mainrows(id, symbol_id, self_count, cumulative_count, kids, self_calls, total_calls, self_paths, total_paths, pct) VALUES(1223, 1223, 3072, 3072, 0, 2, 768, 12, 12, 0.0);
INSERT INTO mainrows(id, symbol_id, self_count, cumulative_count, kids, self_calls, total_calls, self_paths, total_paths, pct) VALUES(1224, 1224, 96, 96, 0, 2, 24, 12, 12, 0.0);
INSERT INTO mainrows(id, symbol_id, self_count, cumulative_count, kids, self_calls, total_calls, self_paths, total_paths, pct) VALUES(1225, 1225, 1536, 1536, 0, 2, 384, 12, 12, 0.0);
INSERT INTO mainrows(id, symbol_id, self_count, cumulative_count, kids, self_calls, total_calls, self_paths, total_paths, pct) VALUES(1226, 1226, 6912, 6912, 0, 2, 1728, 12, 12, 0.0);
INSERT INTO mainrows(id, symbol_id, self_count, cumulative_count, kids, self_calls, total_calls, self_paths, total_paths, pct) VALUES(1227, 1227, 336, 336, 0, 2, 84, 12, 12, 0.0);
INSERT INTO mainrows(id, symbol_id, self_count, cumulative_count, kids, self_calls, total_calls, self_paths, total_paths, pct) VALUES(1228, 1228, 96, 96, 0, 2, 24, 12, 12, 0.0);
INSERT INTO mainrows(id, symbol_id, self_count, cumulative_count, kids, self_calls, total_calls, self_paths, total_paths, pct) VALUES(1229, 1229, 31084, 31084, 9, 3995, 7771, 118, 118, 0.0);
INSERT INTO mainrows(id, symbol_id, self_count, cumulative_count, kids, self_calls, total_calls, self_paths, total_paths, pct) VALUES(1230, 1230, 7092, 7092, 0, 1375, 1773, 7, 7, 0.0);
INSERT INTO mainrows(id, symbol_id, self_count, cumulative_count, kids, self_calls, total_calls, self_paths, total_paths, pct) VALUES(1231, 1231, 288, 288, 1, 0, 72, 24, 24, 0.0);
INSERT INTO mainrows(id, symbol_id, self_count, cumulative_count, kids, self_calls, total_calls, self_paths, total_paths, pct) VALUES(1232, 1232, 144, 144, 0, 0, 36, 12, 12, 0.0);
INSERT INTO mainrows(id, symbol_id, self_count, cumulative_count, kids, self_calls, total_calls, self_paths, total_paths, pct) VALUES(1233, 1233, 96, 96, 0, 0, 24, 12, 12, 0.0);
INSERT INTO mainrows(id, symbol_id, self_count, cumulative_count, kids, self_calls, total_calls, self_paths, total_paths, pct) VALUES(1234, 1234, 3072, 3072, 0, 0, 768, 12, 12, 0.0);
INSERT INTO mainrows(id, symbol_id, self_count, cumulative_count, kids, self_calls, total_calls, self_paths, total_paths, pct) VALUES(1235, 1235, 96, 96, 0, 0, 24, 12, 12, 0.0);
INSERT INTO mainrows(id, symbol_id, self_count, cumulative_count, kids, self_calls, total_calls, self_paths, total_paths, pct) VALUES(1236, 1236, 1536, 1536, 0, 0, 384, 12, 12, 0.0);
INSERT INTO mainrows(id, symbol_id, self_count, cumulative_count, kids, self_calls, total_calls, self_paths, total_paths, pct) VALUES(1237, 1237, 6912, 6912, 0, 0, 1728, 12, 12, 0.0);
INSERT INTO mainrows(id, symbol_id, self_count, cumulative_count, kids, self_calls, total_calls, self_paths, total_paths, pct) VALUES(1238, 1238, 336, 336, 0, 0, 84, 12, 12, 0.0);
INSERT INTO mainrows(id, symbol_id, self_count, cumulative_count, kids, self_calls, total_calls, self_paths, total_paths, pct) VALUES(1239, 1239, 96, 96, 0, 0, 24, 12, 12, 0.0);
INSERT INTO mainrows(id, symbol_id, self_count, cumulative_count, kids, self_calls, total_calls, self_paths, total_paths, pct) VALUES(1240, 1240, 48364, 48364, 9, 8258, 12091, 118, 118, 0.0);
INSERT INTO mainrows(id, symbol_id, self_count, cumulative_count, kids, self_calls, total_calls, self_paths, total_paths, pct) VALUES(1241, 1241, 12852, 12852, 0, 2793, 3213, 7, 7, 0.0);
INSERT INTO mainrows(id, symbol_id, self_count, cumulative_count, kids, self_calls, total_calls, self_paths, total_paths, pct) VALUES(1242, 1242, 288, 288, 1, 1, 72, 24, 24, 0.0);
INSERT INTO mainrows(id, symbol_id, self_count, cumulative_count, kids, self_calls, total_calls, self_paths, total_paths, pct) VALUES(1243, 1243, 144, 144, 0, 0, 36, 12, 12, 0.0);
INSERT INTO mainrows(id, symbol_id, self_count, cumulative_count, kids, self_calls, total_calls, self_paths, total_paths, pct) VALUES(1244, 1244, 96, 96, 0, 1, 24, 12, 12, 0.0);
INSERT INTO mainrows(id, symbol_id, self_count, cumulative_count, kids, self_calls, total_calls, self_paths, total_paths, pct) VALUES(1245, 1245, 3072, 3072, 0, 1, 768, 12, 12, 0.0);
INSERT INTO mainrows(id, symbol_id, self_count, cumulative_count, kids, self_calls, total_calls, self_paths, total_paths, pct) VALUES(1246, 1246, 96, 96, 0, 1, 24, 12, 12, 0.0);
INSERT INTO mainrows(id, symbol_id, self_count, cumulative_count, kids, self_calls, total_calls, self_paths, total_paths, pct) VALUES(1247, 1247, 1536, 1536, 0, 1, 384, 12, 12, 0.0);
INSERT INTO mainrows(id, symbol_id, self_count, cumulative_count, kids, self_calls, total_calls, self_paths, total_paths, pct) VALUES(1248, 1248, 6912, 6912, 0, 1, 1728, 12, 12, 0.0);
INSERT INTO mainrows(id, symbol_id, self_count, cumulative_count, kids, self_calls, total_calls, self_paths, total_paths, pct) VALUES(1249, 1249, 336, 336, 0, 1, 84, 12, 12, 0.0);
INSERT INTO mainrows(id, symbol_id, self_count, cumulative_count, kids, self_calls, total_calls, self_paths, total_paths, pct) VALUES(1250, 1250, 96, 96, 0, 1, 24, 12, 12, 0.0);
INSERT INTO mainrows(id, symbol_id, self_count, cumulative_count, kids, self_calls, total_calls, self_paths, total_paths, pct) VALUES(1251, 1251, 48364, 48364, 9, 8249, 12091, 118, 118, 0.0);
INSERT INTO mainrows(id, symbol_id, self_count, cumulative_count, kids, self_calls, total_calls, self_paths, total_paths, pct) VALUES(1252, 1252, 12852, 12852, 0, 2793, 3213, 7, 7, 0.0);
INSERT INTO mainrows(id, symbol_id, self_count, cumulative_count, kids, self_calls, total_calls, self_paths, total_paths, pct) VALUES(1253, 1253, 288, 288, 1, 0, 72, 24, 24, 0.0);
INSERT INTO mainrows(id, symbol_id, self_count, cumulative_count, kids, self_calls, total_calls, self_paths, total_paths, pct) VALUES(1254, 1254, 144, 144, 0, 0, 36, 12, 12, 0.0);
INSERT INTO mainrows(id, symbol_id, self_count, cumulative_count, kids, self_calls, total_calls, self_paths, total_paths, pct) VALUES(1255, 1255, 96, 96, 0, 0, 24, 12, 12, 0.0);
INSERT INTO mainrows(id, symbol_id, self_count, cumulative_count, kids, self_calls, total_calls, self_paths, total_paths, pct) VALUES(1256, 1256, 3072, 3072, 0, 0, 768, 12, 12, 0.0);
INSERT INTO mainrows(id, symbol_id, self_count, cumulative_count, kids, self_calls, total_calls, self_paths, total_paths, pct) VALUES(1257, 1257, 96, 96, 0, 0, 24, 12, 12, 0.0);
INSERT INTO mainrows(id, symbol_id, self_count, cumulative_count, kids, self_calls, total_calls, self_paths, total_paths, pct) VALUES(1258, 1258, 1536, 1536, 0, 0, 384, 12, 12, 0.0);
INSERT INTO mainrows(id, symbol_id, self_count, cumulative_count, kids, self_calls, total_calls, self_paths, total_paths, pct) VALUES(1259, 1259, 6912, 6912, 0, 0, 1728, 12, 12, 0.0);
INSERT INTO mainrows(id, symbol_id, self_count, cumulative_count, kids, self_calls, total_calls, self_paths, total_paths, pct) VALUES(1260, 1260, 336, 336, 0, 0, 84, 12, 12, 0.0);
INSERT INTO mainrows(id, symbol_id, self_count, cumulative_count, kids, self_calls, total_calls, self_paths, total_paths, pct) VALUES(1261, 1261, 96, 96, 0, 0, 24, 12, 12, 0.0);
INSERT INTO mainrows(id, symbol_id, self_count, cumulative_count, kids, self_calls, total_calls, self_paths, total_paths, pct) VALUES(1262, 1262, 44908, 44908, 9, 7407, 11227, 118, 118, 0.0);
INSERT INTO mainrows(id, symbol_id, self_count, cumulative_count, kids, self_calls, total_calls, self_paths, total_paths, pct) VALUES(1263, 1263, 11700, 11700, 0, 2509, 2925, 7, 7, 0.0);
INSERT INTO mainrows(id, symbol_id, self_count, cumulative_count, kids, self_calls, total_calls, self_paths, total_paths, pct) VALUES(1264, 1264, 288, 288, 1, 1, 72, 24, 24, 0.0);
INSERT INTO mainrows(id, symbol_id, self_count, cumulative_count, kids, self_calls, total_calls, self_paths, total_paths, pct) VALUES(1265, 1265, 144, 144, 0, 0, 36, 12, 12, 0.0);
INSERT INTO mainrows(id, symbol_id, self_count, cumulative_count, kids, self_calls, total_calls, self_paths, total_paths, pct) VALUES(1266, 1266, 96, 96, 0, 1, 24, 12, 12, 0.0);
INSERT INTO mainrows(id, symbol_id, self_count, cumulative_count, kids, self_calls, total_calls, self_paths, total_paths, pct) VALUES(1267, 1267, 3072, 3072, 0, 1, 768, 12, 12, 0.0);
INSERT INTO mainrows(id, symbol_id, self_count, cumulative_count, kids, self_calls, total_calls, self_paths, total_paths, pct) VALUES(1268, 1268, 96, 96, 0, 1, 24, 12, 12, 0.0);
INSERT INTO mainrows(id, symbol_id, self_count, cumulative_count, kids, self_calls, total_calls, self_paths, total_paths, pct) VALUES(1269, 1269, 1536, 1536, 0, 1, 384, 12, 12, 0.0);
INSERT INTO mainrows(id, symbol_id, self_count, cumulative_count, kids, self_calls, total_calls, self_paths, total_paths, pct) VALUES(1270, 1270, 6912, 6912, 0, 1, 1728, 12, 12, 0.0);
INSERT INTO mainrows(id, symbol_id, self_count, cumulative_count, kids, self_calls, total_calls, self_paths, total_paths, pct) VALUES(1271, 1271, 336, 336, 0, 1, 84, 12, 12, 0.0);
INSERT INTO mainrows(id, symbol_id, self_count, cumulative_count, kids, self_calls, total_calls, self_paths, total_paths, pct) VALUES(1272, 1272, 96, 96, 0, 1, 24, 12, 12, 0.0);
INSERT INTO mainrows(id, symbol_id, self_count, cumulative_count, kids, self_calls, total_calls, self_paths, total_paths, pct) VALUES(1273, 1273, 816, 816, 0, 158, 204, 3, 3, 0.0);
INSERT INTO mainrows(id, symbol_id, self_count, cumulative_count, kids, self_calls, total_calls, self_paths, total_paths, pct) VALUES(1274, 1274, 361100, 361100, 0, 68036, 90275, 53, 53, 0.0);
INSERT INTO mainrows(id, symbol_id, self_count, cumulative_count, kids, self_calls, total_calls, self_paths, total_paths, pct) VALUES(1275, 1275, 352276, 352276, 0, 76596, 88064, 68, 68, 0.0);
INSERT INTO mainrows(id, symbol_id, self_count, cumulative_count, kids, self_calls, total_calls, self_paths, total_paths, pct) VALUES(1276, 1276, 11367288, 11367288, 1, 2809577, 2836802, 33, 33, 0.0);
INSERT INTO mainrows(id, symbol_id, self_count, cumulative_count, kids, self_calls, total_calls, self_paths, total_paths, pct) VALUES(1277, 1277, 392392, 392392, 0, 95905, 98098, 4, 4, 0.0);
INSERT INTO mainrows(id, symbol_id, self_count, cumulative_count, kids, self_calls, total_calls, self_paths, total_paths, pct) VALUES(1278, 1278, 24148, 24148, 0, 4076, 6037, 17, 17, 0.0);
INSERT INTO mainrows(id, symbol_id, self_count, cumulative_count, kids, self_calls, total_calls, self_paths, total_paths, pct) VALUES(1279, 1279, 119620, 119620, 1, 15901, 29905, 41, 41, 0.0);
INSERT INTO mainrows(id, symbol_id, self_count, cumulative_count, kids, self_calls, total_calls, self_paths, total_paths, pct) VALUES(1280, 1280, 7920, 7920, 0, 1632, 1980, 12, 12, 0.0);
INSERT INTO mainrows(id, symbol_id, self_count, cumulative_count, kids, self_calls, total_calls, self_paths, total_paths, pct) VALUES(1281, 1281, 800008, 800008, 7, 43, 140002, 57, 57, 0.0);
INSERT INTO mainrows(id, symbol_id, self_count, cumulative_count, kids, self_calls, total_calls, self_paths, total_paths, pct) VALUES(1282, 1282, 80000, 80000, 0, 7, 20000, 8, 8, 0.0);
INSERT INTO mainrows(id, symbol_id, self_count, cumulative_count, kids, self_calls, total_calls, self_paths, total_paths, pct) VALUES(1283, 1283, 80000, 80000, 0, 7, 20000, 8, 8, 0.0);
INSERT INTO mainrows(id, symbol_id, self_count, cumulative_count, kids, self_calls, total_calls, self_paths, total_paths, pct) VALUES(1284, 1284, 80000, 80000, 0, 7, 20000, 8, 8, 0.0);
INSERT INTO mainrows(id, symbol_id, self_count, cumulative_count, kids, self_calls, total_calls, self_paths, total_paths, pct) VALUES(1285, 1285, 160000, 160000, 0, 7, 20000, 8, 8, 0.0);
INSERT INTO mainrows(id, symbol_id, self_count, cumulative_count, kids, self_calls, total_calls, self_paths, total_paths, pct) VALUES(1286, 1286, 160000, 160000, 0, 0, 20000, 8, 8, 0.0);
INSERT INTO mainrows(id, symbol_id, self_count, cumulative_count, kids, self_calls, total_calls, self_paths, total_paths, pct) VALUES(1287, 1287, 80000, 80000, 0, 7, 20000, 8, 8, 0.0);
INSERT INTO mainrows(id, symbol_id, self_count, cumulative_count, kids, self_calls, total_calls, self_paths, total_paths, pct) VALUES(1288, 1288, 160000, 160000, 0, 7, 20000, 8, 8, 0.0);
INSERT INTO mainrows(id, symbol_id, self_count, cumulative_count, kids, self_calls, total_calls, self_paths, total_paths, pct) VALUES(1289, 1289, 540244, 540244, 2, 89991, 135061, 19, 19, 0.0);
INSERT INTO mainrows(id, symbol_id, self_count, cumulative_count, kids, self_calls, total_calls, self_paths, total_paths, pct) VALUES(1290, 1290, 450180, 450180, 0, 89991, 112545, 9, 9, 0.0);
INSERT INTO mainrows(id, symbol_id, self_count, cumulative_count, kids, self_calls, total_calls, self_paths, total_paths, pct) VALUES(1291, 1291, 90036, 90036, 0, 0, 22509, 9, 9, 0.0);
INSERT INTO mainrows(id, symbol_id, self_count, cumulative_count, kids, self_calls, total_calls, self_paths, total_paths, pct) VALUES(1292, 1292, 0, 0, 1, 0, 0, 0, 0, 0.0);
INSERT INTO mainrows(id, symbol_id, self_count, cumulative_count, kids, self_calls, total_calls, self_paths, total_paths, pct) VALUES(1293, 1293, 0, 0, 0, 0, 0, 0, 0, 0.0);
INSERT INTO parents(self_id, child_id, to_child_count, to_child_calls, to_child_paths, pct) VALUES(10,1196,0,0,0,0);
INSERT INTO parents(self_id, child_id, to_child_count, to_child_calls, to_child_paths, pct) VALUES(1196,1197,0,0,0,0);
INSERT INTO parents(self_id, child_id, to_child_count, to_child_calls, to_child_paths, pct) VALUES(1196,1198,0,0,0,0);
INSERT INTO parents(self_id, child_id, to_child_count, to_child_calls, to_child_paths, pct) VALUES(1198,1199,53660,13415,38,0);
INSERT INTO parents(self_id, child_id, to_child_count, to_child_calls, to_child_paths, pct) VALUES(1198,1200,53660,13415,38,0);
INSERT INTO parents(self_id, child_id, to_child_count, to_child_calls, to_child_paths, pct) VALUES(1198,1201,53660,13415,38,0);
INSERT INTO parents(self_id, child_id, to_child_count, to_child_calls, to_child_paths, pct) VALUES(1198,1202,53660,13415,38,0);
INSERT INTO parents(self_id, child_id, to_child_count, to_child_calls, to_child_paths, pct) VALUES(1198,1203,53660,13415,38,0);
INSERT INTO parents(self_id, child_id, to_child_count, to_child_calls, to_child_paths, pct) VALUES(1196,1204,28312,7078,37,0);
INSERT INTO parents(self_id, child_id, to_child_count, to_child_calls, to_child_paths, pct) VALUES(1196,1205,0,0,0,0);
INSERT INTO parents(self_id, child_id, to_child_count, to_child_calls, to_child_paths, pct) VALUES(1205,1206,96,24,2,0);
INSERT INTO parents(self_id, child_id, to_child_count, to_child_calls, to_child_paths, pct) VALUES(1205,1207,20776,5194,3,0);
INSERT INTO parents(self_id, child_id, to_child_count, to_child_calls, to_child_paths, pct) VALUES(1207,1208,11700,2925,7,0);
INSERT INTO parents(self_id, child_id, to_child_count, to_child_calls, to_child_paths, pct) VALUES(1207,1209,144,36,12,0);
INSERT INTO parents(self_id, child_id, to_child_count, to_child_calls, to_child_paths, pct) VALUES(1209,1210,144,36,12,0);
INSERT INTO parents(self_id, child_id, to_child_count, to_child_calls, to_child_paths, pct) VALUES(1207,1211,96,24,12,0);
INSERT INTO parents(self_id, child_id, to_child_count, to_child_calls, to_child_paths, pct) VALUES(1207,1212,3072,768,12,0);
INSERT INTO parents(self_id, child_id, to_child_count, to_child_calls, to_child_paths, pct) VALUES(1207,1213,96,24,12,0);
INSERT INTO parents(self_id, child_id, to_child_count, to_child_calls, to_child_paths, pct) VALUES(1207,1214,1536,384,12,0);
INSERT INTO parents(self_id, child_id, to_child_count, to_child_calls, to_child_paths, pct) VALUES(1207,1215,6912,1728,12,0);
INSERT INTO parents(self_id, child_id, to_child_count, to_child_calls, to_child_paths, pct) VALUES(1207,1216,336,84,12,0);
INSERT INTO parents(self_id, child_id, to_child_count, to_child_calls, to_child_paths, pct) VALUES(1207,1217,96,24,12,0);
INSERT INTO parents(self_id, child_id, to_child_count, to_child_calls, to_child_paths, pct) VALUES(1205,1218,23080,5770,3,0);
INSERT INTO parents(self_id, child_id, to_child_count, to_child_calls, to_child_paths, pct) VALUES(1218,1219,12852,3213,7,0);
INSERT INTO parents(self_id, child_id, to_child_count, to_child_calls, to_child_paths, pct) VALUES(1218,1220,144,36,12,0);
INSERT INTO parents(self_id, child_id, to_child_count, to_child_calls, to_child_paths, pct) VALUES(1220,1221,144,36,12,0);
INSERT INTO parents(self_id, child_id, to_child_count, to_child_calls, to_child_paths, pct) VALUES(1218,1222,96,24,12,0);
INSERT INTO parents(self_id, child_id, to_child_count, to_child_calls, to_child_paths, pct) VALUES(1218,1223,3072,768,12,0);
INSERT INTO parents(self_id, child_id, to_child_count, to_child_calls, to_child_paths, pct) VALUES(1218,1224,96,24,12,0);
INSERT INTO parents(self_id, child_id, to_child_count, to_child_calls, to_child_paths, pct) VALUES(1218,1225,1536,384,12,0);
INSERT INTO parents(self_id, child_id, to_child_count, to_child_calls, to_child_paths, pct) VALUES(1218,1226,6912,1728,12,0);
INSERT INTO parents(self_id, child_id, to_child_count, to_child_calls, to_child_paths, pct) VALUES(1218,1227,336,84,12,0);
INSERT INTO parents(self_id, child_id, to_child_count, to_child_calls, to_child_paths, pct) VALUES(1218,1228,96,24,12,0);
INSERT INTO parents(self_id, child_id, to_child_count, to_child_calls, to_child_paths, pct) VALUES(1205,1229,11560,2890,3,0);
INSERT INTO parents(self_id, child_id, to_child_count, to_child_calls, to_child_paths, pct) VALUES(1229,1230,7092,1773,7,0);
INSERT INTO parents(self_id, child_id, to_child_count, to_child_calls, to_child_paths, pct) VALUES(1229,1231,144,36,12,0);
INSERT INTO parents(self_id, child_id, to_child_count, to_child_calls, to_child_paths, pct) VALUES(1231,1232,144,36,12,0);
INSERT INTO parents(self_id, child_id, to_child_count, to_child_calls, to_child_paths, pct) VALUES(1229,1233,96,24,12,0);
INSERT INTO parents(self_id, child_id, to_child_count, to_child_calls, to_child_paths, pct) VALUES(1229,1234,3072,768,12,0);
INSERT INTO parents(self_id, child_id, to_child_count, to_child_calls, to_child_paths, pct) VALUES(1229,1235,96,24,12,0);
INSERT INTO parents(self_id, child_id, to_child_count, to_child_calls, to_child_paths, pct) VALUES(1229,1236,1536,384,12,0);
INSERT INTO parents(self_id, child_id, to_child_count, to_child_calls, to_child_paths, pct) VALUES(1229,1237,6912,1728,12,0);
INSERT INTO parents(self_id, child_id, to_child_count, to_child_calls, to_child_paths, pct) VALUES(1229,1238,336,84,12,0);
INSERT INTO parents(self_id, child_id, to_child_count, to_child_calls, to_child_paths, pct) VALUES(1229,1239,96,24,12,0);
INSERT INTO parents(self_id, child_id, to_child_count, to_child_calls, to_child_paths, pct) VALUES(1205,1240,23080,5770,3,0);
INSERT INTO parents(self_id, child_id, to_child_count, to_child_calls, to_child_paths, pct) VALUES(1240,1241,12852,3213,7,0);
INSERT INTO parents(self_id, child_id, to_child_count, to_child_calls, to_child_paths, pct) VALUES(1240,1242,144,36,12,0);
INSERT INTO parents(self_id, child_id, to_child_count, to_child_calls, to_child_paths, pct) VALUES(1242,1243,144,36,12,0);
INSERT INTO parents(self_id, child_id, to_child_count, to_child_calls, to_child_paths, pct) VALUES(1240,1244,96,24,12,0);
INSERT INTO parents(self_id, child_id, to_child_count, to_child_calls, to_child_paths, pct) VALUES(1240,1245,3072,768,12,0);
INSERT INTO parents(self_id, child_id, to_child_count, to_child_calls, to_child_paths, pct) VALUES(1240,1246,96,24,12,0);
INSERT INTO parents(self_id, child_id, to_child_count, to_child_calls, to_child_paths, pct) VALUES(1240,1247,1536,384,12,0);
INSERT INTO parents(self_id, child_id, to_child_count, to_child_calls, to_child_paths, pct) VALUES(1240,1248,6912,1728,12,0);
INSERT INTO parents(self_id, child_id, to_child_count, to_child_calls, to_child_paths, pct) VALUES(1240,1249,336,84,12,0);
INSERT INTO parents(self_id, child_id, to_child_count, to_child_calls, to_child_paths, pct) VALUES(1240,1250,96,24,12,0);
INSERT INTO parents(self_id, child_id, to_child_count, to_child_calls, to_child_paths, pct) VALUES(1205,1251,23080,5770,3,0);
INSERT INTO parents(self_id, child_id, to_child_count, to_child_calls, to_child_paths, pct) VALUES(1251,1252,12852,3213,7,0);
INSERT INTO parents(self_id, child_id, to_child_count, to_child_calls, to_child_paths, pct) VALUES(1251,1253,144,36,12,0);
INSERT INTO parents(self_id, child_id, to_child_count, to_child_calls, to_child_paths, pct) VALUES(1253,1254,144,36,12,0);
INSERT INTO parents(self_id, child_id, to_child_count, to_child_calls, to_child_paths, pct) VALUES(1251,1255,96,24,12,0);
INSERT INTO parents(self_id, child_id, to_child_count, to_child_calls, to_child_paths, pct) VALUES(1251,1256,3072,768,12,0);
INSERT INTO parents(self_id, child_id, to_child_count, to_child_calls, to_child_paths, pct) VALUES(1251,1257,96,24,12,0);
INSERT INTO parents(self_id, child_id, to_child_count, to_child_calls, to_child_paths, pct) VALUES(1251,1258,1536,384,12,0);
INSERT INTO parents(self_id, child_id, to_child_count, to_child_calls, to_child_paths, pct) VALUES(1251,1259,6912,1728,12,0);
INSERT INTO parents(self_id, child_id, to_child_count, to_child_calls, to_child_paths, pct) VALUES(1251,1260,336,84,12,0);
INSERT INTO parents(self_id, child_id, to_child_count, to_child_calls, to_child_paths, pct) VALUES(1251,1261,96,24,12,0);
INSERT INTO parents(self_id, child_id, to_child_count, to_child_calls, to_child_paths, pct) VALUES(1205,1262,20776,5194,3,0);
INSERT INTO parents(self_id, child_id, to_child_count, to_child_calls, to_child_paths, pct) VALUES(1262,1263,11700,2925,7,0);
INSERT INTO parents(self_id, child_id, to_child_count, to_child_calls, to_child_paths, pct) VALUES(1262,1264,144,36,12,0);
INSERT INTO parents(self_id, child_id, to_child_count, to_child_calls, to_child_paths, pct) VALUES(1264,1265,144,36,12,0);
INSERT INTO parents(self_id, child_id, to_child_count, to_child_calls, to_child_paths, pct) VALUES(1262,1266,96,24,12,0);
INSERT INTO parents(self_id, child_id, to_child_count, to_child_calls, to_child_paths, pct) VALUES(1262,1267,3072,768,12,0);
INSERT INTO parents(self_id, child_id, to_child_count, to_child_calls, to_child_paths, pct) VALUES(1262,1268,96,24,12,0);
INSERT INTO parents(self_id, child_id, to_child_count, to_child_calls, to_child_paths, pct) VALUES(1262,1269,1536,384,12,0);
INSERT INTO parents(self_id, child_id, to_child_count, to_child_calls, to_child_paths, pct) VALUES(1262,1270,6912,1728,12,0);
INSERT INTO parents(self_id, child_id, to_child_count, to_child_calls, to_child_paths, pct) VALUES(1262,1271,336,84,12,0);
INSERT INTO parents(self_id, child_id, to_child_count, to_child_calls, to_child_paths, pct) VALUES(1262,1272,96,24,12,0);
INSERT INTO parents(self_id, child_id, to_child_count, to_child_calls, to_child_paths, pct) VALUES(1205,1273,816,204,3,0);
INSERT INTO parents(self_id, child_id, to_child_count, to_child_calls, to_child_paths, pct) VALUES(1196,1274,361100,90275,53,0);
INSERT INTO parents(self_id, child_id, to_child_count, to_child_calls, to_child_paths, pct) VALUES(1196,1275,352276,88064,68,0);
INSERT INTO parents(self_id, child_id, to_child_count, to_child_calls, to_child_paths, pct) VALUES(1196,1276,10974896,2738704,29,0);
INSERT INTO parents(self_id, child_id, to_child_count, to_child_calls, to_child_paths, pct) VALUES(1276,1277,392392,98098,4,0);
INSERT INTO parents(self_id, child_id, to_child_count, to_child_calls, to_child_paths, pct) VALUES(1196,1278,24148,6037,17,0);
INSERT INTO parents(self_id, child_id, to_child_count, to_child_calls, to_child_paths, pct) VALUES(1196,1279,111700,27925,29,0);
INSERT INTO parents(self_id, child_id, to_child_count, to_child_calls, to_child_paths, pct) VALUES(1279,1280,7920,1980,12,0);
INSERT INTO parents(self_id, child_id, to_child_count, to_child_calls, to_child_paths, pct) VALUES(1196,1281,8,2,1,0);
INSERT INTO parents(self_id, child_id, to_child_count, to_child_calls, to_child_paths, pct) VALUES(1281,1282,80000,20000,8,0);
INSERT INTO parents(self_id, child_id, to_child_count, to_child_calls, to_child_paths, pct) VALUES(1281,1283,80000,20000,8,0);
INSERT INTO parents(self_id, child_id, to_child_count, to_child_calls, to_child_paths, pct) VALUES(1281,1284,80000,20000,8,0);
INSERT INTO parents(self_id, child_id, to_child_count, to_child_calls, to_child_paths, pct) VALUES(1281,1285,160000,20000,8,0);
INSERT INTO parents(self_id, child_id, to_child_count, to_child_calls, to_child_paths, pct) VALUES(1281,1286,160000,20000,8,0);
INSERT INTO parents(self_id, child_id, to_child_count, to_child_calls, to_child_paths, pct) VALUES(1281,1287,80000,20000,8,0);
INSERT INTO parents(self_id, child_id, to_child_count, to_child_calls, to_child_paths, pct) VALUES(1281,1288,160000,20000,8,0);
INSERT INTO parents(self_id, child_id, to_child_count, to_child_calls, to_child_paths, pct) VALUES(1196,1289,28,7,1,0);
INSERT INTO parents(self_id, child_id, to_child_count, to_child_calls, to_child_paths, pct) VALUES(1289,1290,450180,112545,9,0);
INSERT INTO parents(self_id, child_id, to_child_count, to_child_calls, to_child_paths, pct) VALUES(1289,1291,90036,22509,9,0);
INSERT INTO parents(self_id, child_id, to_child_count, to_child_calls, to_child_paths, pct) VALUES(1196,1292,0,0,0,0);
INSERT INTO parents(self_id, child_id, to_child_count, to_child_calls, to_child_paths, pct) VALUES(1292,1293,0,0,0,0);
INSERT INTO children(self_id, parent_id, from_parent_count, from_parent_calls, from_parent_paths, pct) VALUES(1196,10,14128200,3114491,0,0);
INSERT INTO children(self_id, parent_id, from_parent_count, from_parent_calls, from_parent_paths, pct) VALUES(1197,1196,0,0,0,0);
INSERT INTO children(self_id, parent_id, from_parent_count, from_parent_calls, from_parent_paths, pct) VALUES(1198,1196,268300,1528,0,0);
INSERT INTO children(self_id, parent_id, from_parent_count, from_parent_calls, from_parent_paths, pct) VALUES(1199,1198,53660,624,38,0);
INSERT INTO children(self_id, parent_id, from_parent_count, from_parent_calls, from_parent_paths, pct) VALUES(1200,1198,53660,135,38,0);
INSERT INTO children(self_id, parent_id, from_parent_count, from_parent_calls, from_parent_paths, pct) VALUES(1201,1198,53660,336,38,0);
INSERT INTO children(self_id, parent_id, from_parent_count, from_parent_calls, from_parent_paths, pct) VALUES(1202,1198,53660,305,38,0);
INSERT INTO children(self_id, parent_id, from_parent_count, from_parent_calls, from_parent_paths, pct) VALUES(1203,1198,53660,128,38,0);
INSERT INTO children(self_id, parent_id, from_parent_count, from_parent_calls, from_parent_paths, pct) VALUES(1204,1196,28312,5008,37,0);
INSERT INTO children(self_id, parent_id, from_parent_count, from_parent_calls, from_parent_paths, pct) VALUES(1205,1196,266904,43735,0,0);
INSERT INTO children(self_id, parent_id, from_parent_count, from_parent_calls, from_parent_paths, pct) VALUES(1206,1205,96,5,2,0);
INSERT INTO children(self_id, parent_id, from_parent_count, from_parent_calls, from_parent_paths, pct) VALUES(1207,1205,44908,7397,3,0);
INSERT INTO children(self_id, parent_id, from_parent_count, from_parent_calls, from_parent_paths, pct) VALUES(1208,1207,11700,2509,7,0);
INSERT INTO children(self_id, parent_id, from_parent_count, from_parent_calls, from_parent_paths, pct) VALUES(1209,1207,288,0,12,0);
INSERT INTO children(self_id, parent_id, from_parent_count, from_parent_calls, from_parent_paths, pct) VALUES(1210,1209,144,0,12,0);
INSERT INTO children(self_id, parent_id, from_parent_count, from_parent_calls, from_parent_paths, pct) VALUES(1211,1207,96,0,12,0);
INSERT INTO children(self_id, parent_id, from_parent_count, from_parent_calls, from_parent_paths, pct) VALUES(1212,1207,3072,0,12,0);
INSERT INTO children(self_id, parent_id, from_parent_count, from_parent_calls, from_parent_paths, pct) VALUES(1213,1207,96,0,12,0);
INSERT INTO children(self_id, parent_id, from_parent_count, from_parent_calls, from_parent_paths, pct) VALUES(1214,1207,1536,0,12,0);
INSERT INTO children(self_id, parent_id, from_parent_count, from_parent_calls, from_parent_paths, pct) VALUES(1215,1207,6912,0,12,0);
INSERT INTO children(self_id, parent_id, from_parent_count, from_parent_calls, from_parent_paths, pct) VALUES(1216,1207,336,0,12,0);
INSERT INTO children(self_id, parent_id, from_parent_count, from_parent_calls, from_parent_paths, pct) VALUES(1217,1207,96,0,12,0);
INSERT INTO children(self_id, parent_id, from_parent_count, from_parent_calls, from_parent_paths, pct) VALUES(1218,1205,48364,8266,3,0);
INSERT INTO children(self_id, parent_id, from_parent_count, from_parent_calls, from_parent_paths, pct) VALUES(1219,1218,12852,2793,7,0);
INSERT INTO children(self_id, parent_id, from_parent_count, from_parent_calls, from_parent_paths, pct) VALUES(1220,1218,288,2,12,0);
INSERT INTO children(self_id, parent_id, from_parent_count, from_parent_calls, from_parent_paths, pct) VALUES(1221,1220,144,0,12,0);
INSERT INTO children(self_id, parent_id, from_parent_count, from_parent_calls, from_parent_paths, pct) VALUES(1222,1218,96,2,12,0);
INSERT INTO children(self_id, parent_id, from_parent_count, from_parent_calls, from_parent_paths, pct) VALUES(1223,1218,3072,2,12,0);
INSERT INTO children(self_id, parent_id, from_parent_count, from_parent_calls, from_parent_paths, pct) VALUES(1224,1218,96,2,12,0);
INSERT INTO children(self_id, parent_id, from_parent_count, from_parent_calls, from_parent_paths, pct) VALUES(1225,1218,1536,2,12,0);
INSERT INTO children(self_id, parent_id, from_parent_count, from_parent_calls, from_parent_paths, pct) VALUES(1226,1218,6912,2,12,0);
INSERT INTO children(self_id, parent_id, from_parent_count, from_parent_calls, from_parent_paths, pct) VALUES(1227,1218,336,2,12,0);
INSERT INTO children(self_id, parent_id, from_parent_count, from_parent_calls, from_parent_paths, pct) VALUES(1228,1218,96,2,12,0);
INSERT INTO children(self_id, parent_id, from_parent_count, from_parent_calls, from_parent_paths, pct) VALUES(1229,1205,31084,3995,3,0);
INSERT INTO children(self_id, parent_id, from_parent_count, from_parent_calls, from_parent_paths, pct) VALUES(1230,1229,7092,1375,7,0);
INSERT INTO children(self_id, parent_id, from_parent_count, from_parent_calls, from_parent_paths, pct) VALUES(1231,1229,288,0,12,0);
INSERT INTO children(self_id, parent_id, from_parent_count, from_parent_calls, from_parent_paths, pct) VALUES(1232,1231,144,0,12,0);
INSERT INTO children(self_id, parent_id, from_parent_count, from_parent_calls, from_parent_paths, pct) VALUES(1233,1229,96,0,12,0);
INSERT INTO children(self_id, parent_id, from_parent_count, from_parent_calls, from_parent_paths, pct) VALUES(1234,1229,3072,0,12,0);
INSERT INTO children(self_id, parent_id, from_parent_count, from_parent_calls, from_parent_paths, pct) VALUES(1235,1229,96,0,12,0);
INSERT INTO children(self_id, parent_id, from_parent_count, from_parent_calls, from_parent_paths, pct) VALUES(1236,1229,1536,0,12,0);
INSERT INTO children(self_id, parent_id, from_parent_count, from_parent_calls, from_parent_paths, pct) VALUES(1237,1229,6912,0,12,0);
INSERT INTO children(self_id, parent_id, from_parent_count, from_parent_calls, from_parent_paths, pct) VALUES(1238,1229,336,0,12,0);
INSERT INTO children(self_id, parent_id, from_parent_count, from_parent_calls, from_parent_paths, pct) VALUES(1239,1229,96,0,12,0);
INSERT INTO children(self_id, parent_id, from_parent_count, from_parent_calls, from_parent_paths, pct) VALUES(1240,1205,48364,8258,3,0);
INSERT INTO children(self_id, parent_id, from_parent_count, from_parent_calls, from_parent_paths, pct) VALUES(1241,1240,12852,2793,7,0);
INSERT INTO children(self_id, parent_id, from_parent_count, from_parent_calls, from_parent_paths, pct) VALUES(1242,1240,288,1,12,0);
INSERT INTO children(self_id, parent_id, from_parent_count, from_parent_calls, from_parent_paths, pct) VALUES(1243,1242,144,0,12,0);
INSERT INTO children(self_id, parent_id, from_parent_count, from_parent_calls, from_parent_paths, pct) VALUES(1244,1240,96,1,12,0);
INSERT INTO children(self_id, parent_id, from_parent_count, from_parent_calls, from_parent_paths, pct) VALUES(1245,1240,3072,1,12,0);
INSERT INTO children(self_id, parent_id, from_parent_count, from_parent_calls, from_parent_paths, pct) VALUES(1246,1240,96,1,12,0);
INSERT INTO children(self_id, parent_id, from_parent_count, from_parent_calls, from_parent_paths, pct) VALUES(1247,1240,1536,1,12,0);
INSERT INTO children(self_id, parent_id, from_parent_count, from_parent_calls, from_parent_paths, pct) VALUES(1248,1240,6912,1,12,0);
INSERT INTO children(self_id, parent_id, from_parent_count, from_parent_calls, from_parent_paths, pct) VALUES(1249,1240,336,1,12,0);
INSERT INTO children(self_id, parent_id, from_parent_count, from_parent_calls, from_parent_paths, pct) VALUES(1250,1240,96,1,12,0);
INSERT INTO children(self_id, parent_id, from_parent_count, from_parent_calls, from_parent_paths, pct) VALUES(1251,1205,48364,8249,3,0);
INSERT INTO children(self_id, parent_id, from_parent_count, from_parent_calls, from_parent_paths, pct) VALUES(1252,1251,12852,2793,7,0);
INSERT INTO children(self_id, parent_id, from_parent_count, from_parent_calls, from_parent_paths, pct) VALUES(1253,1251,288,0,12,0);
INSERT INTO children(self_id, parent_id, from_parent_count, from_parent_calls, from_parent_paths, pct) VALUES(1254,1253,144,0,12,0);
INSERT INTO children(self_id, parent_id, from_parent_count, from_parent_calls, from_parent_paths, pct) VALUES(1255,1251,96,0,12,0);
INSERT INTO children(self_id, parent_id, from_parent_count, from_parent_calls, from_parent_paths, pct) VALUES(1256,1251,3072,0,12,0);
INSERT INTO children(self_id, parent_id, from_parent_count, from_parent_calls, from_parent_paths, pct) VALUES(1257,1251,96,0,12,0);
INSERT INTO children(self_id, parent_id, from_parent_count, from_parent_calls, from_parent_paths, pct) VALUES(1258,1251,1536,0,12,0);
INSERT INTO children(self_id, parent_id, from_parent_count, from_parent_calls, from_parent_paths, pct) VALUES(1259,1251,6912,0,12,0);
INSERT INTO children(self_id, parent_id, from_parent_count, from_parent_calls, from_parent_paths, pct) VALUES(1260,1251,336,0,12,0);
INSERT INTO children(self_id, parent_id, from_parent_count, from_parent_calls, from_parent_paths, pct) VALUES(1261,1251,96,0,12,0);
INSERT INTO children(self_id, parent_id, from_parent_count, from_parent_calls, from_parent_paths, pct) VALUES(1262,1205,44908,7407,3,0);
INSERT INTO children(self_id, parent_id, from_parent_count, from_parent_calls, from_parent_paths, pct) VALUES(1263,1262,11700,2509,7,0);
INSERT INTO children(self_id, parent_id, from_parent_count, from_parent_calls, from_parent_paths, pct) VALUES(1264,1262,288,1,12,0);
INSERT INTO children(self_id, parent_id, from_parent_count, from_parent_calls, from_parent_paths, pct) VALUES(1265,1264,144,0,12,0);
INSERT INTO children(self_id, parent_id, from_parent_count, from_parent_calls, from_parent_paths, pct) VALUES(1266,1262,96,1,12,0);
INSERT INTO children(self_id, parent_id, from_parent_count, from_parent_calls, from_parent_paths, pct) VALUES(1267,1262,3072,1,12,0);
INSERT INTO children(self_id, parent_id, from_parent_count, from_parent_calls, from_parent_paths, pct) VALUES(1268,1262,96,1,12,0);
INSERT INTO children(self_id, parent_id, from_parent_count, from_parent_calls, from_parent_paths, pct) VALUES(1269,1262,1536,1,12,0);
INSERT INTO children(self_id, parent_id, from_parent_count, from_parent_calls, from_parent_paths, pct) VALUES(1270,1262,6912,1,12,0);
INSERT INTO children(self_id, parent_id, from_parent_count, from_parent_calls, from_parent_paths, pct) VALUES(1271,1262,336,1,12,0);
INSERT INTO children(self_id, parent_id, from_parent_count, from_parent_calls, from_parent_paths, pct) VALUES(1272,1262,96,1,12,0);
INSERT INTO children(self_id, parent_id, from_parent_count, from_parent_calls, from_parent_paths, pct) VALUES(1273,1205,816,158,3,0);
INSERT INTO children(self_id, parent_id, from_parent_count, from_parent_calls, from_parent_paths, pct) VALUES(1274,1196,361100,68036,53,0);
INSERT INTO children(self_id, parent_id, from_parent_count, from_parent_calls, from_parent_paths, pct) VALUES(1275,1196,352276,76596,68,0);
INSERT INTO children(self_id, parent_id, from_parent_count, from_parent_calls, from_parent_paths, pct) VALUES(1276,1196,11367288,2809577,29,0);
INSERT INTO children(self_id, parent_id, from_parent_count, from_parent_calls, from_parent_paths, pct) VALUES(1277,1276,392392,95905,4,0);
INSERT INTO children(self_id, parent_id, from_parent_count, from_parent_calls, from_parent_paths, pct) VALUES(1278,1196,24148,4076,17,0);
INSERT INTO children(self_id, parent_id, from_parent_count, from_parent_calls, from_parent_paths, pct) VALUES(1279,1196,119620,15901,29,0);
INSERT INTO children(self_id, parent_id, from_parent_count, from_parent_calls, from_parent_paths, pct) VALUES(1280,1279,7920,1632,12,0);
INSERT INTO children(self_id, parent_id, from_parent_count, from_parent_calls, from_parent_paths, pct) VALUES(1281,1196,800008,43,1,0);
INSERT INTO children(self_id, parent_id, from_parent_count, from_parent_calls, from_parent_paths, pct) VALUES(1282,1281,80000,7,8,0);
INSERT INTO children(self_id, parent_id, from_parent_count, from_parent_calls, from_parent_paths, pct) VALUES(1283,1281,80000,7,8,0);
INSERT INTO children(self_id, parent_id, from_parent_count, from_parent_calls, from_parent_paths, pct) VALUES(1284,1281,80000,7,8,0);
INSERT INTO children(self_id, parent_id, from_parent_count, from_parent_calls, from_parent_paths, pct) VALUES(1285,1281,160000,7,8,0);
INSERT INTO children(self_id, parent_id, from_parent_count, from_parent_calls, from_parent_paths, pct) VALUES(1286,1281,160000,0,8,0);
INSERT INTO children(self_id, parent_id, from_parent_count, from_parent_calls, from_parent_paths, pct) VALUES(1287,1281,80000,7,8,0);
INSERT INTO children(self_id, parent_id, from_parent_count, from_parent_calls, from_parent_paths, pct) VALUES(1288,1281,160000,7,8,0);
INSERT INTO children(self_id, parent_id, from_parent_count, from_parent_calls, from_parent_paths, pct) VALUES(1289,1196,540244,89991,1,0);
INSERT INTO children(self_id, parent_id, from_parent_count, from_parent_calls, from_parent_paths, pct) VALUES(1290,1289,450180,89991,9,0);
INSERT INTO children(self_id, parent_id, from_parent_count, from_parent_calls, from_parent_paths, pct) VALUES(1291,1289,90036,0,9,0);
INSERT INTO children(self_id, parent_id, from_parent_count, from_parent_calls, from_parent_paths, pct) VALUES(1292,1196,0,0,0,0);
INSERT INTO children(self_id, parent_id, from_parent_count, from_parent_calls, from_parent_paths, pct) VALUES(1293,1292,0,0,0,0);
INSERT INTO mainrows(id, symbol_id, self_count, cumulative_count, kids, self_calls, total_calls, self_paths, total_paths, pct) VALUES(1294, 1294, 1069972, 1069972, 11, 211363, 267493, 680, 680, 0.0);
INSERT INTO mainrows(id, symbol_id, self_count, cumulative_count, kids, self_calls, total_calls, self_paths, total_paths, pct) VALUES(1295, 1295, 438288, 438288, 0, 108340, 109572, 23, 23, 0.0);
INSERT INTO mainrows(id, symbol_id, self_count, cumulative_count, kids, self_calls, total_calls, self_paths, total_paths, pct) VALUES(1296, 1296, 23264, 23264, 0, 4909, 5816, 12, 12, 0.0);
INSERT INTO mainrows(id, symbol_id, self_count, cumulative_count, kids, self_calls, total_calls, self_paths, total_paths, pct) VALUES(1297, 1297, 0, 0, 0, 0, 0, 0, 0, 0.0);
INSERT INTO mainrows(id, symbol_id, self_count, cumulative_count, kids, self_calls, total_calls, self_paths, total_paths, pct) VALUES(1298, 1298, 2568, 2568, 0, 562, 642, 12, 12, 0.0);
INSERT INTO mainrows(id, symbol_id, self_count, cumulative_count, kids, self_calls, total_calls, self_paths, total_paths, pct) VALUES(1299, 1299, 31064, 31064, 11, 4559, 7766, 124, 124, 0.0);
INSERT INTO mainrows(id, symbol_id, self_count, cumulative_count, kids, self_calls, total_calls, self_paths, total_paths, pct) VALUES(1300, 1300, 2812, 2812, 0, 459, 703, 11, 11, 0.0);
INSERT INTO mainrows(id, symbol_id, self_count, cumulative_count, kids, self_calls, total_calls, self_paths, total_paths, pct) VALUES(1301, 1301, 2812, 2812, 0, 400, 703, 11, 11, 0.0);
INSERT INTO mainrows(id, symbol_id, self_count, cumulative_count, kids, self_calls, total_calls, self_paths, total_paths, pct) VALUES(1302, 1302, 2812, 2812, 0, 483, 703, 11, 11, 0.0);
INSERT INTO mainrows(id, symbol_id, self_count, cumulative_count, kids, self_calls, total_calls, self_paths, total_paths, pct) VALUES(1303, 1303, 2812, 2812, 0, 359, 703, 11, 11, 0.0);
INSERT INTO mainrows(id, symbol_id, self_count, cumulative_count, kids, self_calls, total_calls, self_paths, total_paths, pct) VALUES(1304, 1304, 2812, 2812, 0, 359, 703, 11, 11, 0.0);
INSERT INTO mainrows(id, symbol_id, self_count, cumulative_count, kids, self_calls, total_calls, self_paths, total_paths, pct) VALUES(1305, 1305, 2812, 2812, 0, 378, 703, 11, 11, 0.0);
INSERT INTO mainrows(id, symbol_id, self_count, cumulative_count, kids, self_calls, total_calls, self_paths, total_paths, pct) VALUES(1306, 1306, 2812, 2812, 0, 409, 703, 11, 11, 0.0);
INSERT INTO mainrows(id, symbol_id, self_count, cumulative_count, kids, self_calls, total_calls, self_paths, total_paths, pct) VALUES(1307, 1307, 2812, 2812, 0, 405, 703, 11, 11, 0.0);
INSERT INTO mainrows(id, symbol_id, self_count, cumulative_count, kids, self_calls, total_calls, self_paths, total_paths, pct) VALUES(1308, 1308, 2812, 2812, 0, 410, 703, 11, 11, 0.0);
INSERT INTO mainrows(id, symbol_id, self_count, cumulative_count, kids, self_calls, total_calls, self_paths, total_paths, pct) VALUES(1309, 1309, 2812, 2812, 0, 402, 703, 11, 11, 0.0);
INSERT INTO mainrows(id, symbol_id, self_count, cumulative_count, kids, self_calls, total_calls, self_paths, total_paths, pct) VALUES(1310, 1310, 2812, 2812, 0, 468, 703, 11, 11, 0.0);
INSERT INTO mainrows(id, symbol_id, self_count, cumulative_count, kids, self_calls, total_calls, self_paths, total_paths, pct) VALUES(1311, 1311, 23264, 23264, 0, 4956, 5816, 12, 12, 0.0);
INSERT INTO mainrows(id, symbol_id, self_count, cumulative_count, kids, self_calls, total_calls, self_paths, total_paths, pct) VALUES(1312, 1312, 149188, 149188, 2, 3325, 37297, 338, 338, 0.0);
INSERT INTO mainrows(id, symbol_id, self_count, cumulative_count, kids, self_calls, total_calls, self_paths, total_paths, pct) VALUES(1313, 1313, 74328, 74328, 5, 1655, 18582, 168, 168, 0.0);
INSERT INTO mainrows(id, symbol_id, self_count, cumulative_count, kids, self_calls, total_calls, self_paths, total_paths, pct) VALUES(1314, 1314, 14388, 14388, 0, 1324, 3597, 32, 32, 0.0);
INSERT INTO mainrows(id, symbol_id, self_count, cumulative_count, kids, self_calls, total_calls, self_paths, total_paths, pct) VALUES(1315, 1315, 14388, 14388, 0, 48, 3597, 32, 32, 0.0);
INSERT INTO mainrows(id, symbol_id, self_count, cumulative_count, kids, self_calls, total_calls, self_paths, total_paths, pct) VALUES(1316, 1316, 14388, 14388, 0, 151, 3597, 32, 32, 0.0);
INSERT INTO mainrows(id, symbol_id, self_count, cumulative_count, kids, self_calls, total_calls, self_paths, total_paths, pct) VALUES(1317, 1317, 14388, 14388, 0, 40, 3597, 32, 32, 0.0);
INSERT INTO mainrows(id, symbol_id, self_count, cumulative_count, kids, self_calls, total_calls, self_paths, total_paths, pct) VALUES(1318, 1318, 14388, 14388, 0, 92, 3597, 32, 32, 0.0);
INSERT INTO mainrows(id, symbol_id, self_count, cumulative_count, kids, self_calls, total_calls, self_paths, total_paths, pct) VALUES(1319, 1319, 74328, 74328, 5, 1656, 18582, 168, 168, 0.0);
INSERT INTO mainrows(id, symbol_id, self_count, cumulative_count, kids, self_calls, total_calls, self_paths, total_paths, pct) VALUES(1320, 1320, 14388, 14388, 0, 1324, 3597, 32, 32, 0.0);
INSERT INTO mainrows(id, symbol_id, self_count, cumulative_count, kids, self_calls, total_calls, self_paths, total_paths, pct) VALUES(1321, 1321, 14388, 14388, 0, 48, 3597, 32, 32, 0.0);
INSERT INTO mainrows(id, symbol_id, self_count, cumulative_count, kids, self_calls, total_calls, self_paths, total_paths, pct) VALUES(1322, 1322, 14388, 14388, 0, 151, 3597, 32, 32, 0.0);
INSERT INTO mainrows(id, symbol_id, self_count, cumulative_count, kids, self_calls, total_calls, self_paths, total_paths, pct) VALUES(1323, 1323, 14388, 14388, 0, 40, 3597, 32, 32, 0.0);
INSERT INTO mainrows(id, symbol_id, self_count, cumulative_count, kids, self_calls, total_calls, self_paths, total_paths, pct) VALUES(1324, 1324, 14388, 14388, 0, 92, 3597, 32, 32, 0.0);
INSERT INTO mainrows(id, symbol_id, self_count, cumulative_count, kids, self_calls, total_calls, self_paths, total_paths, pct) VALUES(1325, 1325, 360364, 360364, 7, 75099, 90091, 131, 131, 0.0);
INSERT INTO mainrows(id, symbol_id, self_count, cumulative_count, kids, self_calls, total_calls, self_paths, total_paths, pct) VALUES(1326, 1326, 58608, 58608, 1, 13278, 14652, 37, 37, 0.0);
INSERT INTO mainrows(id, symbol_id, self_count, cumulative_count, kids, self_calls, total_calls, self_paths, total_paths, pct) VALUES(1327, 1327, 39600, 39600, 0, 8982, 9900, 25, 25, 0.0);
INSERT INTO mainrows(id, symbol_id, self_count, cumulative_count, kids, self_calls, total_calls, self_paths, total_paths, pct) VALUES(1328, 1328, 123552, 123552, 0, 29811, 30888, 9, 9, 0.0);
INSERT INTO mainrows(id, symbol_id, self_count, cumulative_count, kids, self_calls, total_calls, self_paths, total_paths, pct) VALUES(1329, 1329, 1440, 1440, 0, 176, 360, 2, 2, 0.0);
INSERT INTO mainrows(id, symbol_id, self_count, cumulative_count, kids, self_calls, total_calls, self_paths, total_paths, pct) VALUES(1330, 1330, 4752, 4752, 1, 1071, 1188, 3, 3, 0.0);
INSERT INTO mainrows(id, symbol_id, self_count, cumulative_count, kids, self_calls, total_calls, self_paths, total_paths, pct) VALUES(1331, 1331, 4752, 4752, 1, 1071, 1188, 3, 3, 0.0);
INSERT INTO mainrows(id, symbol_id, self_count, cumulative_count, kids, self_calls, total_calls, self_paths, total_paths, pct) VALUES(1332, 1332, 3168, 3168, 0, 714, 792, 2, 2, 0.0);
INSERT INTO mainrows(id, symbol_id, self_count, cumulative_count, kids, self_calls, total_calls, self_paths, total_paths, pct) VALUES(1333, 1333, 38016, 38016, 1, 5726, 9504, 24, 24, 0.0);
INSERT INTO mainrows(id, symbol_id, self_count, cumulative_count, kids, self_calls, total_calls, self_paths, total_paths, pct) VALUES(1334, 1334, 22176, 22176, 0, 3446, 5544, 14, 14, 0.0);
INSERT INTO mainrows(id, symbol_id, self_count, cumulative_count, kids, self_calls, total_calls, self_paths, total_paths, pct) VALUES(1335, 1335, 38016, 38016, 1, 4539, 9504, 24, 24, 0.0);
INSERT INTO mainrows(id, symbol_id, self_count, cumulative_count, kids, self_calls, total_calls, self_paths, total_paths, pct) VALUES(1336, 1336, 22176, 22176, 0, 2669, 5544, 14, 14, 0.0);
INSERT INTO mainrows(id, symbol_id, self_count, cumulative_count, kids, self_calls, total_calls, self_paths, total_paths, pct) VALUES(1337, 1337, 38016, 38016, 1, 6864, 9504, 24, 24, 0.0);
INSERT INTO mainrows(id, symbol_id, self_count, cumulative_count, kids, self_calls, total_calls, self_paths, total_paths, pct) VALUES(1338, 1338, 22176, 22176, 0, 4202, 5544, 14, 14, 0.0);
INSERT INTO mainrows(id, symbol_id, self_count, cumulative_count, kids, self_calls, total_calls, self_paths, total_paths, pct) VALUES(1339, 1339, 2616, 2616, 0, 514, 654, 12, 12, 0.0);
INSERT INTO mainrows(id, symbol_id, self_count, cumulative_count, kids, self_calls, total_calls, self_paths, total_paths, pct) VALUES(1340, 1340, 39192, 39192, 0, 9081, 9798, 12, 12, 0.0);
INSERT INTO mainrows(id, symbol_id, self_count, cumulative_count, kids, self_calls, total_calls, self_paths, total_paths, pct) VALUES(1341, 1341, 164, 164, 0, 18, 41, 4, 4, 0.0);
INSERT INTO parents(self_id, child_id, to_child_count, to_child_calls, to_child_paths, pct) VALUES(10,1294,0,0,0,0);
INSERT INTO parents(self_id, child_id, to_child_count, to_child_calls, to_child_paths, pct) VALUES(1294,1295,438288,109572,23,0);
INSERT INTO parents(self_id, child_id, to_child_count, to_child_calls, to_child_paths, pct) VALUES(1294,1296,23264,5816,12,0);
INSERT INTO parents(self_id, child_id, to_child_count, to_child_calls, to_child_paths, pct) VALUES(1294,1297,0,0,0,0);
INSERT INTO parents(self_id, child_id, to_child_count, to_child_calls, to_child_paths, pct) VALUES(1294,1298,2568,642,12,0);
INSERT INTO parents(self_id, child_id, to_child_count, to_child_calls, to_child_paths, pct) VALUES(1294,1299,132,33,3,0);
INSERT INTO parents(self_id, child_id, to_child_count, to_child_calls, to_child_paths, pct) VALUES(1299,1300,2812,703,11,0);
INSERT INTO parents(self_id, child_id, to_child_count, to_child_calls, to_child_paths, pct) VALUES(1299,1301,2812,703,11,0);
INSERT INTO parents(self_id, child_id, to_child_count, to_child_calls, to_child_paths, pct) VALUES(1299,1302,2812,703,11,0);
INSERT INTO parents(self_id, child_id, to_child_count, to_child_calls, to_child_paths, pct) VALUES(1299,1303,2812,703,11,0);
INSERT INTO parents(self_id, child_id, to_child_count, to_child_calls, to_child_paths, pct) VALUES(1299,1304,2812,703,11,0);
INSERT INTO parents(self_id, child_id, to_child_count, to_child_calls, to_child_paths, pct) VALUES(1299,1305,2812,703,11,0);
INSERT INTO parents(self_id, child_id, to_child_count, to_child_calls, to_child_paths, pct) VALUES(1299,1306,2812,703,11,0);
INSERT INTO parents(self_id, child_id, to_child_count, to_child_calls, to_child_paths, pct) VALUES(1299,1307,2812,703,11,0);
INSERT INTO parents(self_id, child_id, to_child_count, to_child_calls, to_child_paths, pct) VALUES(1299,1308,2812,703,11,0);
INSERT INTO parents(self_id, child_id, to_child_count, to_child_calls, to_child_paths, pct) VALUES(1299,1309,2812,703,11,0);
INSERT INTO parents(self_id, child_id, to_child_count, to_child_calls, to_child_paths, pct) VALUES(1299,1310,2812,703,11,0);
INSERT INTO parents(self_id, child_id, to_child_count, to_child_calls, to_child_paths, pct) VALUES(1294,1311,23264,5816,12,0);
INSERT INTO parents(self_id, child_id, to_child_count, to_child_calls, to_child_paths, pct) VALUES(1294,1312,532,133,2,0);
INSERT INTO parents(self_id, child_id, to_child_count, to_child_calls, to_child_paths, pct) VALUES(1312,1313,2388,597,8,0);
INSERT INTO parents(self_id, child_id, to_child_count, to_child_calls, to_child_paths, pct) VALUES(1313,1314,14388,3597,32,0);
INSERT INTO parents(self_id, child_id, to_child_count, to_child_calls, to_child_paths, pct) VALUES(1313,1315,14388,3597,32,0);
INSERT INTO parents(self_id, child_id, to_child_count, to_child_calls, to_child_paths, pct) VALUES(1313,1316,14388,3597,32,0);
INSERT INTO parents(self_id, child_id, to_child_count, to_child_calls, to_child_paths, pct) VALUES(1313,1317,14388,3597,32,0);
INSERT INTO parents(self_id, child_id, to_child_count, to_child_calls, to_child_paths, pct) VALUES(1313,1318,14388,3597,32,0);
INSERT INTO parents(self_id, child_id, to_child_count, to_child_calls, to_child_paths, pct) VALUES(1312,1319,2388,597,8,0);
INSERT INTO parents(self_id, child_id, to_child_count, to_child_calls, to_child_paths, pct) VALUES(1319,1320,14388,3597,32,0);
INSERT INTO parents(self_id, child_id, to_child_count, to_child_calls, to_child_paths, pct) VALUES(1319,1321,14388,3597,32,0);
INSERT INTO parents(self_id, child_id, to_child_count, to_child_calls, to_child_paths, pct) VALUES(1319,1322,14388,3597,32,0);
INSERT INTO parents(self_id, child_id, to_child_count, to_child_calls, to_child_paths, pct) VALUES(1319,1323,14388,3597,32,0);
INSERT INTO parents(self_id, child_id, to_child_count, to_child_calls, to_child_paths, pct) VALUES(1319,1324,14388,3597,32,0);
INSERT INTO parents(self_id, child_id, to_child_count, to_child_calls, to_child_paths, pct) VALUES(1294,1325,57964,14491,8,0);
INSERT INTO parents(self_id, child_id, to_child_count, to_child_calls, to_child_paths, pct) VALUES(1325,1326,19008,4752,12,0);
INSERT INTO parents(self_id, child_id, to_child_count, to_child_calls, to_child_paths, pct) VALUES(1326,1327,39600,9900,25,0);
INSERT INTO parents(self_id, child_id, to_child_count, to_child_calls, to_child_paths, pct) VALUES(1325,1328,123552,30888,9,0);
INSERT INTO parents(self_id, child_id, to_child_count, to_child_calls, to_child_paths, pct) VALUES(1325,1329,1440,360,2,0);
INSERT INTO parents(self_id, child_id, to_child_count, to_child_calls, to_child_paths, pct) VALUES(1325,1330,0,0,0,0);
INSERT INTO parents(self_id, child_id, to_child_count, to_child_calls, to_child_paths, pct) VALUES(1330,1331,1584,396,1,0);
INSERT INTO parents(self_id, child_id, to_child_count, to_child_calls, to_child_paths, pct) VALUES(1331,1332,3168,792,2,0);
INSERT INTO parents(self_id, child_id, to_child_count, to_child_calls, to_child_paths, pct) VALUES(1325,1333,15840,3960,10,0);
INSERT INTO parents(self_id, child_id, to_child_count, to_child_calls, to_child_paths, pct) VALUES(1333,1334,22176,5544,14,0);
INSERT INTO parents(self_id, child_id, to_child_count, to_child_calls, to_child_paths, pct) VALUES(1325,1335,15840,3960,10,0);
INSERT INTO parents(self_id, child_id, to_child_count, to_child_calls, to_child_paths, pct) VALUES(1335,1336,22176,5544,14,0);
INSERT INTO parents(self_id, child_id, to_child_count, to_child_calls, to_child_paths, pct) VALUES(1325,1337,15840,3960,10,0);
INSERT INTO parents(self_id, child_id, to_child_count, to_child_calls, to_child_paths, pct) VALUES(1337,1338,22176,5544,14,0);
INSERT INTO parents(self_id, child_id, to_child_count, to_child_calls, to_child_paths, pct) VALUES(1294,1339,2616,654,12,0);
INSERT INTO parents(self_id, child_id, to_child_count, to_child_calls, to_child_paths, pct) VALUES(1294,1340,39192,9798,12,0);
INSERT INTO parents(self_id, child_id, to_child_count, to_child_calls, to_child_paths, pct) VALUES(1294,1341,164,41,4,0);
INSERT INTO children(self_id, parent_id, from_parent_count, from_parent_calls, from_parent_paths, pct) VALUES(1294,10,1069972,211363,0,0);
INSERT INTO children(self_id, parent_id, from_parent_count, from_parent_calls, from_parent_paths, pct) VALUES(1295,1294,438288,108340,23,0);
INSERT INTO children(self_id, parent_id, from_parent_count, from_parent_calls, from_parent_paths, pct) VALUES(1296,1294,23264,4909,12,0);
INSERT INTO children(self_id, parent_id, from_parent_count, from_parent_calls, from_parent_paths, pct) VALUES(1297,1294,0,0,0,0);
INSERT INTO children(self_id, parent_id, from_parent_count, from_parent_calls, from_parent_paths, pct) VALUES(1298,1294,2568,562,12,0);
INSERT INTO children(self_id, parent_id, from_parent_count, from_parent_calls, from_parent_paths, pct) VALUES(1299,1294,31064,4559,3,0);
INSERT INTO children(self_id, parent_id, from_parent_count, from_parent_calls, from_parent_paths, pct) VALUES(1300,1299,2812,459,11,0);
INSERT INTO children(self_id, parent_id, from_parent_count, from_parent_calls, from_parent_paths, pct) VALUES(1301,1299,2812,400,11,0);
INSERT INTO children(self_id, parent_id, from_parent_count, from_parent_calls, from_parent_paths, pct) VALUES(1302,1299,2812,483,11,0);
INSERT INTO children(self_id, parent_id, from_parent_count, from_parent_calls, from_parent_paths, pct) VALUES(1303,1299,2812,359,11,0);
INSERT INTO children(self_id, parent_id, from_parent_count, from_parent_calls, from_parent_paths, pct) VALUES(1304,1299,2812,359,11,0);
INSERT INTO children(self_id, parent_id, from_parent_count, from_parent_calls, from_parent_paths, pct) VALUES(1305,1299,2812,378,11,0);
INSERT INTO children(self_id, parent_id, from_parent_count, from_parent_calls, from_parent_paths, pct) VALUES(1306,1299,2812,409,11,0);
INSERT INTO children(self_id, parent_id, from_parent_count, from_parent_calls, from_parent_paths, pct) VALUES(1307,1299,2812,405,11,0);
INSERT INTO children(self_id, parent_id, from_parent_count, from_parent_calls, from_parent_paths, pct) VALUES(1308,1299,2812,410,11,0);
INSERT INTO children(self_id, parent_id, from_parent_count, from_parent_calls, from_parent_paths, pct) VALUES(1309,1299,2812,402,11,0);
INSERT INTO children(self_id, parent_id, from_parent_count, from_parent_calls, from_parent_paths, pct) VALUES(1310,1299,2812,468,11,0);
INSERT INTO children(self_id, parent_id, from_parent_count, from_parent_calls, from_parent_paths, pct) VALUES(1311,1294,23264,4956,12,0);
INSERT INTO children(self_id, parent_id, from_parent_count, from_parent_calls, from_parent_paths, pct) VALUES(1312,1294,149188,3325,2,0);
INSERT INTO children(self_id, parent_id, from_parent_count, from_parent_calls, from_parent_paths, pct) VALUES(1313,1312,74328,1655,8,0);
INSERT INTO children(self_id, parent_id, from_parent_count, from_parent_calls, from_parent_paths, pct) VALUES(1314,1313,14388,1324,32,0);
INSERT INTO children(self_id, parent_id, from_parent_count, from_parent_calls, from_parent_paths, pct) VALUES(1315,1313,14388,48,32,0);
INSERT INTO children(self_id, parent_id, from_parent_count, from_parent_calls, from_parent_paths, pct) VALUES(1316,1313,14388,151,32,0);
INSERT INTO children(self_id, parent_id, from_parent_count, from_parent_calls, from_parent_paths, pct) VALUES(1317,1313,14388,40,32,0);
INSERT INTO children(self_id, parent_id, from_parent_count, from_parent_calls, from_parent_paths, pct) VALUES(1318,1313,14388,92,32,0);
INSERT INTO children(self_id, parent_id, from_parent_count, from_parent_calls, from_parent_paths, pct) VALUES(1319,1312,74328,1656,8,0);
INSERT INTO children(self_id, parent_id, from_parent_count, from_parent_calls, from_parent_paths, pct) VALUES(1320,1319,14388,1324,32,0);
INSERT INTO children(self_id, parent_id, from_parent_count, from_parent_calls, from_parent_paths, pct) VALUES(1321,1319,14388,48,32,0);
INSERT INTO children(self_id, parent_id, from_parent_count, from_parent_calls, from_parent_paths, pct) VALUES(1322,1319,14388,151,32,0);
INSERT INTO children(self_id, parent_id, from_parent_count, from_parent_calls, from_parent_paths, pct) VALUES(1323,1319,14388,40,32,0);
INSERT INTO children(self_id, parent_id, from_parent_count, from_parent_calls, from_parent_paths, pct) VALUES(1324,1319,14388,92,32,0);
INSERT INTO children(self_id, parent_id, from_parent_count, from_parent_calls, from_parent_paths, pct) VALUES(1325,1294,360364,75099,8,0);
INSERT INTO children(self_id, parent_id, from_parent_count, from_parent_calls, from_parent_paths, pct) VALUES(1326,1325,58608,13278,12,0);
INSERT INTO children(self_id, parent_id, from_parent_count, from_parent_calls, from_parent_paths, pct) VALUES(1327,1326,39600,8982,25,0);
INSERT INTO children(self_id, parent_id, from_parent_count, from_parent_calls, from_parent_paths, pct) VALUES(1328,1325,123552,29811,9,0);
INSERT INTO children(self_id, parent_id, from_parent_count, from_parent_calls, from_parent_paths, pct) VALUES(1329,1325,1440,176,2,0);
INSERT INTO children(self_id, parent_id, from_parent_count, from_parent_calls, from_parent_paths, pct) VALUES(1330,1325,4752,1071,0,0);
INSERT INTO children(self_id, parent_id, from_parent_count, from_parent_calls, from_parent_paths, pct) VALUES(1331,1330,4752,1071,1,0);
INSERT INTO children(self_id, parent_id, from_parent_count, from_parent_calls, from_parent_paths, pct) VALUES(1332,1331,3168,714,2,0);
INSERT INTO children(self_id, parent_id, from_parent_count, from_parent_calls, from_parent_paths, pct) VALUES(1333,1325,38016,5726,10,0);
INSERT INTO children(self_id, parent_id, from_parent_count, from_parent_calls, from_parent_paths, pct) VALUES(1334,1333,22176,3446,14,0);
INSERT INTO children(self_id, parent_id, from_parent_count, from_parent_calls, from_parent_paths, pct) VALUES(1335,1325,38016,4539,10,0);
INSERT INTO children(self_id, parent_id, from_parent_count, from_parent_calls, from_parent_paths, pct) VALUES(1336,1335,22176,2669,14,0);
INSERT INTO children(self_id, parent_id, from_parent_count, from_parent_calls, from_parent_paths, pct) VALUES(1337,1325,38016,6864,10,0);
INSERT INTO children(self_id, parent_id, from_parent_count, from_parent_calls, from_parent_paths, pct) VALUES(1338,1337,22176,4202,14,0);
INSERT INTO children(self_id, parent_id, from_parent_count, from_parent_calls, from_parent_paths, pct) VALUES(1339,1294,2616,514,12,0);
INSERT INTO children(self_id, parent_id, from_parent_count, from_parent_calls, from_parent_paths, pct) VALUES(1340,1294,39192,9081,12,0);
INSERT INTO children(self_id, parent_id, from_parent_count, from_parent_calls, from_parent_paths, pct) VALUES(1341,1294,164,18,4,0);
INSERT INTO mainrows(id, symbol_id, self_count, cumulative_count, kids, self_calls, total_calls, self_paths, total_paths, pct) VALUES(1342, 1342, 6696, 6696, 2, 2, 1674, 6, 6, 0.0);
INSERT INTO mainrows(id, symbol_id, self_count, cumulative_count, kids, self_calls, total_calls, self_paths, total_paths, pct) VALUES(1343, 1343, 3348, 3348, 0, 1, 837, 3, 3, 0.0);
INSERT INTO mainrows(id, symbol_id, self_count, cumulative_count, kids, self_calls, total_calls, self_paths, total_paths, pct) VALUES(1344, 1344, 3348, 3348, 0, 1, 837, 3, 3, 0.0);
INSERT INTO parents(self_id, child_id, to_child_count, to_child_calls, to_child_paths, pct) VALUES(10,1342,0,0,0,0);
INSERT INTO parents(self_id, child_id, to_child_count, to_child_calls, to_child_paths, pct) VALUES(1342,1343,3348,837,3,0);
INSERT INTO parents(self_id, child_id, to_child_count, to_child_calls, to_child_paths, pct) VALUES(1342,1344,3348,837,3,0);
INSERT INTO children(self_id, parent_id, from_parent_count, from_parent_calls, from_parent_paths, pct) VALUES(1342,10,6696,2,0,0);
INSERT INTO children(self_id, parent_id, from_parent_count, from_parent_calls, from_parent_paths, pct) VALUES(1343,1342,3348,1,3,0);
INSERT INTO children(self_id, parent_id, from_parent_count, from_parent_calls, from_parent_paths, pct) VALUES(1344,1342,3348,1,3,0);
INSERT INTO mainrows(id, symbol_id, self_count, cumulative_count, kids, self_calls, total_calls, self_paths, total_paths, pct) VALUES(1345, 1345, 3696420, 3696420, 14, 836526, 922201, 825, 825, 0.0);
INSERT INTO mainrows(id, symbol_id, self_count, cumulative_count, kids, self_calls, total_calls, self_paths, total_paths, pct) VALUES(1346, 1346, 3680, 3680, 0, 784, 920, 6, 6, 0.0);
INSERT INTO mainrows(id, symbol_id, self_count, cumulative_count, kids, self_calls, total_calls, self_paths, total_paths, pct) VALUES(1347, 1347, 32000, 32000, 0, 34, 8000, 24, 24, 0.0);
INSERT INTO mainrows(id, symbol_id, self_count, cumulative_count, kids, self_calls, total_calls, self_paths, total_paths, pct) VALUES(1348, 1348, 1592, 1592, 0, 0, 398, 37, 37, 0.0);
INSERT INTO mainrows(id, symbol_id, self_count, cumulative_count, kids, self_calls, total_calls, self_paths, total_paths, pct) VALUES(1349, 1349, 10520, 10520, 1, 570, 2130, 65, 65, 0.0);
INSERT INTO mainrows(id, symbol_id, self_count, cumulative_count, kids, self_calls, total_calls, self_paths, total_paths, pct) VALUES(1350, 1350, 10520, 10520, 0, 570, 2130, 65, 65, 0.0);
INSERT INTO mainrows(id, symbol_id, self_count, cumulative_count, kids, self_calls, total_calls, self_paths, total_paths, pct) VALUES(1351, 1351, 10400, 10400, 0, 245, 2600, 19, 19, 0.0);
INSERT INTO mainrows(id, symbol_id, self_count, cumulative_count, kids, self_calls, total_calls, self_paths, total_paths, pct) VALUES(1352, 1352, 73532, 73532, 3, 1050, 18383, 214, 214, 0.0);
INSERT INTO mainrows(id, symbol_id, self_count, cumulative_count, kids, self_calls, total_calls, self_paths, total_paths, pct) VALUES(1353, 1353, 24508, 24508, 0, 387, 6127, 71, 71, 0.0);
INSERT INTO mainrows(id, symbol_id, self_count, cumulative_count, kids, self_calls, total_calls, self_paths, total_paths, pct) VALUES(1354, 1354, 24508, 24508, 0, 480, 6127, 71, 71, 0.0);
INSERT INTO mainrows(id, symbol_id, self_count, cumulative_count, kids, self_calls, total_calls, self_paths, total_paths, pct) VALUES(1355, 1355, 24508, 24508, 0, 181, 6127, 71, 71, 0.0);
INSERT INTO mainrows(id, symbol_id, self_count, cumulative_count, kids, self_calls, total_calls, self_paths, total_paths, pct) VALUES(1356, 1356, 67200, 67200, 0, 1270, 16800, 168, 168, 0.0);
INSERT INTO mainrows(id, symbol_id, self_count, cumulative_count, kids, self_calls, total_calls, self_paths, total_paths, pct) VALUES(1357, 1357, 7836, 7836, 3, 231, 1959, 21, 21, 0.0);
INSERT INTO mainrows(id, symbol_id, self_count, cumulative_count, kids, self_calls, total_calls, self_paths, total_paths, pct) VALUES(1358, 1358, 2612, 2612, 0, 77, 653, 7, 7, 0.0);
INSERT INTO mainrows(id, symbol_id, self_count, cumulative_count, kids, self_calls, total_calls, self_paths, total_paths, pct) VALUES(1359, 1359, 2612, 2612, 0, 77, 653, 7, 7, 0.0);
INSERT INTO mainrows(id, symbol_id, self_count, cumulative_count, kids, self_calls, total_calls, self_paths, total_paths, pct) VALUES(1360, 1360, 2612, 2612, 0, 77, 653, 7, 7, 0.0);
INSERT INTO mainrows(id, symbol_id, self_count, cumulative_count, kids, self_calls, total_calls, self_paths, total_paths, pct) VALUES(1361, 1361, 2503156, 2503156, 0, 603197, 625789, 101, 101, 0.0);
INSERT INTO mainrows(id, symbol_id, self_count, cumulative_count, kids, self_calls, total_calls, self_paths, total_paths, pct) VALUES(1362, 1362, 4824, 4824, 0, 0, 1206, 25, 25, 0.0);
INSERT INTO mainrows(id, symbol_id, self_count, cumulative_count, kids, self_calls, total_calls, self_paths, total_paths, pct) VALUES(1363, 1363, 650740, 650740, 0, 158366, 162685, 21, 21, 0.0);
INSERT INTO mainrows(id, symbol_id, self_count, cumulative_count, kids, self_calls, total_calls, self_paths, total_paths, pct) VALUES(1364, 1364, 193472, 193472, 0, 45293, 48368, 27, 27, 0.0);
INSERT INTO mainrows(id, symbol_id, self_count, cumulative_count, kids, self_calls, total_calls, self_paths, total_paths, pct) VALUES(1365, 1365, 113844, 113844, 2, 25122, 27565, 67, 67, 0.0);
INSERT INTO mainrows(id, symbol_id, self_count, cumulative_count, kids, self_calls, total_calls, self_paths, total_paths, pct) VALUES(1366, 1366, 6616, 6616, 0, 260, 1454, 26, 26, 0.0);
INSERT INTO mainrows(id, symbol_id, self_count, cumulative_count, kids, self_calls, total_calls, self_paths, total_paths, pct) VALUES(1367, 1367, 107228, 107228, 6, 24862, 26111, 41, 41, 0.0);
INSERT INTO mainrows(id, symbol_id, self_count, cumulative_count, kids, self_calls, total_calls, self_paths, total_paths, pct) VALUES(1368, 1368, 1128, 1128, 0, 75, 166, 6, 6, 0.0);
INSERT INTO mainrows(id, symbol_id, self_count, cumulative_count, kids, self_calls, total_calls, self_paths, total_paths, pct) VALUES(1369, 1369, 1128, 1128, 0, 49, 166, 6, 6, 0.0);
INSERT INTO mainrows(id, symbol_id, self_count, cumulative_count, kids, self_calls, total_calls, self_paths, total_paths, pct) VALUES(1370, 1370, 1128, 1128, 0, 68, 166, 6, 6, 0.0);
INSERT INTO mainrows(id, symbol_id, self_count, cumulative_count, kids, self_calls, total_calls, self_paths, total_paths, pct) VALUES(1371, 1371, 1128, 1128, 0, 56, 166, 6, 6, 0.0);
INSERT INTO mainrows(id, symbol_id, self_count, cumulative_count, kids, self_calls, total_calls, self_paths, total_paths, pct) VALUES(1372, 1372, 1128, 1128, 0, 54, 166, 6, 6, 0.0);
INSERT INTO mainrows(id, symbol_id, self_count, cumulative_count, kids, self_calls, total_calls, self_paths, total_paths, pct) VALUES(1373, 1373, 1128, 1128, 0, 45, 166, 6, 6, 0.0);
INSERT INTO mainrows(id, symbol_id, self_count, cumulative_count, kids, self_calls, total_calls, self_paths, total_paths, pct) VALUES(1374, 1374, 23624, 23624, 2, 364, 5398, 30, 30, 0.0);
INSERT INTO mainrows(id, symbol_id, self_count, cumulative_count, kids, self_calls, total_calls, self_paths, total_paths, pct) VALUES(1375, 1375, 21704, 21704, 0, 327, 4918, 26, 26, 0.0);
INSERT INTO mainrows(id, symbol_id, self_count, cumulative_count, kids, self_calls, total_calls, self_paths, total_paths, pct) VALUES(1376, 1376, 1920, 1920, 0, 37, 480, 4, 4, 0.0);
INSERT INTO parents(self_id, child_id, to_child_count, to_child_calls, to_child_paths, pct) VALUES(10,1345,0,0,0,0);
INSERT INTO parents(self_id, child_id, to_child_count, to_child_calls, to_child_paths, pct) VALUES(1345,1346,3680,920,6,0);
INSERT INTO parents(self_id, child_id, to_child_count, to_child_calls, to_child_paths, pct) VALUES(1345,1347,32000,8000,24,0);
INSERT INTO parents(self_id, child_id, to_child_count, to_child_calls, to_child_paths, pct) VALUES(1345,1348,1592,398,37,0);
INSERT INTO parents(self_id, child_id, to_child_count, to_child_calls, to_child_paths, pct) VALUES(1345,1349,0,0,0,0);
INSERT INTO parents(self_id, child_id, to_child_count, to_child_calls, to_child_paths, pct) VALUES(1349,1350,10520,2130,65,0);
INSERT INTO parents(self_id, child_id, to_child_count, to_child_calls, to_child_paths, pct) VALUES(1345,1351,10400,2600,19,0);
INSERT INTO parents(self_id, child_id, to_child_count, to_child_calls, to_child_paths, pct) VALUES(1345,1352,8,2,1,0);
INSERT INTO parents(self_id, child_id, to_child_count, to_child_calls, to_child_paths, pct) VALUES(1352,1353,24508,6127,71,0);
INSERT INTO parents(self_id, child_id, to_child_count, to_child_calls, to_child_paths, pct) VALUES(1352,1354,24508,6127,71,0);
INSERT INTO parents(self_id, child_id, to_child_count, to_child_calls, to_child_paths, pct) VALUES(1352,1355,24508,6127,71,0);
INSERT INTO parents(self_id, child_id, to_child_count, to_child_calls, to_child_paths, pct) VALUES(1345,1356,67200,16800,168,0);
INSERT INTO parents(self_id, child_id, to_child_count, to_child_calls, to_child_paths, pct) VALUES(1345,1357,0,0,0,0);
INSERT INTO parents(self_id, child_id, to_child_count, to_child_calls, to_child_paths, pct) VALUES(1357,1358,2612,653,7,0);
INSERT INTO parents(self_id, child_id, to_child_count, to_child_calls, to_child_paths, pct) VALUES(1357,1359,2612,653,7,0);
INSERT INTO parents(self_id, child_id, to_child_count, to_child_calls, to_child_paths, pct) VALUES(1357,1360,2612,653,7,0);
INSERT INTO parents(self_id, child_id, to_child_count, to_child_calls, to_child_paths, pct) VALUES(1345,1361,2503156,625789,101,0);
INSERT INTO parents(self_id, child_id, to_child_count, to_child_calls, to_child_paths, pct) VALUES(1345,1362,4824,1206,25,0);
INSERT INTO parents(self_id, child_id, to_child_count, to_child_calls, to_child_paths, pct) VALUES(1345,1363,650740,162685,21,0);
INSERT INTO parents(self_id, child_id, to_child_count, to_child_calls, to_child_paths, pct) VALUES(1345,1364,193472,48368,27,0);
INSERT INTO parents(self_id, child_id, to_child_count, to_child_calls, to_child_paths, pct) VALUES(1345,1365,0,0,0,0);
INSERT INTO parents(self_id, child_id, to_child_count, to_child_calls, to_child_paths, pct) VALUES(1365,1366,6616,1454,26,0);
INSERT INTO parents(self_id, child_id, to_child_count, to_child_calls, to_child_paths, pct) VALUES(1365,1367,100460,25115,5,0);
INSERT INTO parents(self_id, child_id, to_child_count, to_child_calls, to_child_paths, pct) VALUES(1367,1368,1128,166,6,0);
INSERT INTO parents(self_id, child_id, to_child_count, to_child_calls, to_child_paths, pct) VALUES(1367,1369,1128,166,6,0);
INSERT INTO parents(self_id, child_id, to_child_count, to_child_calls, to_child_paths, pct) VALUES(1367,1370,1128,166,6,0);
INSERT INTO parents(self_id, child_id, to_child_count, to_child_calls, to_child_paths, pct) VALUES(1367,1371,1128,166,6,0);
INSERT INTO parents(self_id, child_id, to_child_count, to_child_calls, to_child_paths, pct) VALUES(1367,1372,1128,166,6,0);
INSERT INTO parents(self_id, child_id, to_child_count, to_child_calls, to_child_paths, pct) VALUES(1367,1373,1128,166,6,0);
INSERT INTO parents(self_id, child_id, to_child_count, to_child_calls, to_child_paths, pct) VALUES(1345,1374,0,0,0,0);
INSERT INTO parents(self_id, child_id, to_child_count, to_child_calls, to_child_paths, pct) VALUES(1374,1375,21704,4918,26,0);
INSERT INTO parents(self_id, child_id, to_child_count, to_child_calls, to_child_paths, pct) VALUES(1374,1376,1920,480,4,0);
INSERT INTO children(self_id, parent_id, from_parent_count, from_parent_calls, from_parent_paths, pct) VALUES(1345,10,3696420,836526,0,0);
INSERT INTO children(self_id, parent_id, from_parent_count, from_parent_calls, from_parent_paths, pct) VALUES(1346,1345,3680,784,6,0);
INSERT INTO children(self_id, parent_id, from_parent_count, from_parent_calls, from_parent_paths, pct) VALUES(1347,1345,32000,34,24,0);
INSERT INTO children(self_id, parent_id, from_parent_count, from_parent_calls, from_parent_paths, pct) VALUES(1348,1345,1592,0,37,0);
INSERT INTO children(self_id, parent_id, from_parent_count, from_parent_calls, from_parent_paths, pct) VALUES(1349,1345,10520,570,0,0);
INSERT INTO children(self_id, parent_id, from_parent_count, from_parent_calls, from_parent_paths, pct) VALUES(1350,1349,10520,570,65,0);
INSERT INTO children(self_id, parent_id, from_parent_count, from_parent_calls, from_parent_paths, pct) VALUES(1351,1345,10400,245,19,0);
INSERT INTO children(self_id, parent_id, from_parent_count, from_parent_calls, from_parent_paths, pct) VALUES(1352,1345,73532,1050,1,0);
INSERT INTO children(self_id, parent_id, from_parent_count, from_parent_calls, from_parent_paths, pct) VALUES(1353,1352,24508,387,71,0);
INSERT INTO children(self_id, parent_id, from_parent_count, from_parent_calls, from_parent_paths, pct) VALUES(1354,1352,24508,480,71,0);
INSERT INTO children(self_id, parent_id, from_parent_count, from_parent_calls, from_parent_paths, pct) VALUES(1355,1352,24508,181,71,0);
INSERT INTO children(self_id, parent_id, from_parent_count, from_parent_calls, from_parent_paths, pct) VALUES(1356,1345,67200,1270,168,0);
INSERT INTO children(self_id, parent_id, from_parent_count, from_parent_calls, from_parent_paths, pct) VALUES(1357,1345,7836,231,0,0);
INSERT INTO children(self_id, parent_id, from_parent_count, from_parent_calls, from_parent_paths, pct) VALUES(1358,1357,2612,77,7,0);
INSERT INTO children(self_id, parent_id, from_parent_count, from_parent_calls, from_parent_paths, pct) VALUES(1359,1357,2612,77,7,0);
INSERT INTO children(self_id, parent_id, from_parent_count, from_parent_calls, from_parent_paths, pct) VALUES(1360,1357,2612,77,7,0);
INSERT INTO children(self_id, parent_id, from_parent_count, from_parent_calls, from_parent_paths, pct) VALUES(1361,1345,2503156,603197,101,0);
INSERT INTO children(self_id, parent_id, from_parent_count, from_parent_calls, from_parent_paths, pct) VALUES(1362,1345,4824,0,25,0);
INSERT INTO children(self_id, parent_id, from_parent_count, from_parent_calls, from_parent_paths, pct) VALUES(1363,1345,650740,158366,21,0);
INSERT INTO children(self_id, parent_id, from_parent_count, from_parent_calls, from_parent_paths, pct) VALUES(1364,1345,193472,45293,27,0);
INSERT INTO children(self_id, parent_id, from_parent_count, from_parent_calls, from_parent_paths, pct) VALUES(1365,1345,113844,25122,0,0);
INSERT INTO children(self_id, parent_id, from_parent_count, from_parent_calls, from_parent_paths, pct) VALUES(1366,1365,6616,260,26,0);
INSERT INTO children(self_id, parent_id, from_parent_count, from_parent_calls, from_parent_paths, pct) VALUES(1367,1365,107228,24862,5,0);
INSERT INTO children(self_id, parent_id, from_parent_count, from_parent_calls, from_parent_paths, pct) VALUES(1368,1367,1128,75,6,0);
INSERT INTO children(self_id, parent_id, from_parent_count, from_parent_calls, from_parent_paths, pct) VALUES(1369,1367,1128,49,6,0);
INSERT INTO children(self_id, parent_id, from_parent_count, from_parent_calls, from_parent_paths, pct) VALUES(1370,1367,1128,68,6,0);
INSERT INTO children(self_id, parent_id, from_parent_count, from_parent_calls, from_parent_paths, pct) VALUES(1371,1367,1128,56,6,0);
INSERT INTO children(self_id, parent_id, from_parent_count, from_parent_calls, from_parent_paths, pct) VALUES(1372,1367,1128,54,6,0);
INSERT INTO children(self_id, parent_id, from_parent_count, from_parent_calls, from_parent_paths, pct) VALUES(1373,1367,1128,45,6,0);
INSERT INTO children(self_id, parent_id, from_parent_count, from_parent_calls, from_parent_paths, pct) VALUES(1374,1345,23624,364,0,0);
INSERT INTO children(self_id, parent_id, from_parent_count, from_parent_calls, from_parent_paths, pct) VALUES(1375,1374,21704,327,26,0);
INSERT INTO children(self_id, parent_id, from_parent_count, from_parent_calls, from_parent_paths, pct) VALUES(1376,1374,1920,37,4,0);
INSERT INTO mainrows(id, symbol_id, self_count, cumulative_count, kids, self_calls, total_calls, self_paths, total_paths, pct) VALUES(1377, 1377, 260888, 260888, 3, 60281, 64990, 63, 63, 0.0);
INSERT INTO mainrows(id, symbol_id, self_count, cumulative_count, kids, self_calls, total_calls, self_paths, total_paths, pct) VALUES(1378, 1378, 7456, 7456, 0, 468, 1632, 17, 17, 0.0);
INSERT INTO mainrows(id, symbol_id, self_count, cumulative_count, kids, self_calls, total_calls, self_paths, total_paths, pct) VALUES(1379, 1379, 3216, 3216, 0, 8, 804, 9, 9, 0.0);
INSERT INTO mainrows(id, symbol_id, self_count, cumulative_count, kids, self_calls, total_calls, self_paths, total_paths, pct) VALUES(1380, 1380, 250216, 250216, 0, 59805, 62554, 37, 37, 0.0);
INSERT INTO parents(self_id, child_id, to_child_count, to_child_calls, to_child_paths, pct) VALUES(10,1377,0,0,0,0);
INSERT INTO parents(self_id, child_id, to_child_count, to_child_calls, to_child_paths, pct) VALUES(1377,1378,7456,1632,17,0);
INSERT INTO parents(self_id, child_id, to_child_count, to_child_calls, to_child_paths, pct) VALUES(1377,1379,3216,804,9,0);
INSERT INTO parents(self_id, child_id, to_child_count, to_child_calls, to_child_paths, pct) VALUES(1377,1380,250216,62554,37,0);
INSERT INTO children(self_id, parent_id, from_parent_count, from_parent_calls, from_parent_paths, pct) VALUES(1377,10,260888,60281,0,0);
INSERT INTO children(self_id, parent_id, from_parent_count, from_parent_calls, from_parent_paths, pct) VALUES(1378,1377,7456,468,17,0);
INSERT INTO children(self_id, parent_id, from_parent_count, from_parent_calls, from_parent_paths, pct) VALUES(1379,1377,3216,8,9,0);
INSERT INTO children(self_id, parent_id, from_parent_count, from_parent_calls, from_parent_paths, pct) VALUES(1380,1377,250216,59805,37,0);
INSERT INTO mainrows(id, symbol_id, self_count, cumulative_count, kids, self_calls, total_calls, self_paths, total_paths, pct) VALUES(1381, 1381, 1653488, 1653488, 10, 134756, 413372, 1702, 1702, 0.0);
INSERT INTO mainrows(id, symbol_id, self_count, cumulative_count, kids, self_calls, total_calls, self_paths, total_paths, pct) VALUES(1382, 1382, 23500, 23500, 9, 645, 5875, 112, 112, 0.0);
INSERT INTO mainrows(id, symbol_id, self_count, cumulative_count, kids, self_calls, total_calls, self_paths, total_paths, pct) VALUES(1383, 1383, 2560, 2560, 0, 0, 640, 11, 11, 0.0);
INSERT INTO mainrows(id, symbol_id, self_count, cumulative_count, kids, self_calls, total_calls, self_paths, total_paths, pct) VALUES(1384, 1384, 340, 340, 0, 33, 85, 2, 2, 0.0);
INSERT INTO mainrows(id, symbol_id, self_count, cumulative_count, kids, self_calls, total_calls, self_paths, total_paths, pct) VALUES(1385, 1385, 2800, 2800, 0, 0, 700, 12, 12, 0.0);
INSERT INTO mainrows(id, symbol_id, self_count, cumulative_count, kids, self_calls, total_calls, self_paths, total_paths, pct) VALUES(1386, 1386, 2800, 2800, 0, 0, 700, 12, 12, 0.0);
INSERT INTO mainrows(id, symbol_id, self_count, cumulative_count, kids, self_calls, total_calls, self_paths, total_paths, pct) VALUES(1387, 1387, 3000, 3000, 0, 107, 750, 15, 15, 0.0);
INSERT INTO mainrows(id, symbol_id, self_count, cumulative_count, kids, self_calls, total_calls, self_paths, total_paths, pct) VALUES(1388, 1388, 3000, 3000, 0, 106, 750, 15, 15, 0.0);
INSERT INTO mainrows(id, symbol_id, self_count, cumulative_count, kids, self_calls, total_calls, self_paths, total_paths, pct) VALUES(1389, 1389, 3000, 3000, 0, 128, 750, 15, 15, 0.0);
INSERT INTO mainrows(id, symbol_id, self_count, cumulative_count, kids, self_calls, total_calls, self_paths, total_paths, pct) VALUES(1390, 1390, 3000, 3000, 0, 165, 750, 15, 15, 0.0);
INSERT INTO mainrows(id, symbol_id, self_count, cumulative_count, kids, self_calls, total_calls, self_paths, total_paths, pct) VALUES(1391, 1391, 3000, 3000, 0, 106, 750, 15, 15, 0.0);
INSERT INTO mainrows(id, symbol_id, self_count, cumulative_count, kids, self_calls, total_calls, self_paths, total_paths, pct) VALUES(1392, 1392, 36760, 36760, 0, 55, 9190, 15, 15, 0.0);
INSERT INTO mainrows(id, symbol_id, self_count, cumulative_count, kids, self_calls, total_calls, self_paths, total_paths, pct) VALUES(1393, 1393, 18744, 18744, 0, 2343, 4686, 44, 44, 0.0);
INSERT INTO mainrows(id, symbol_id, self_count, cumulative_count, kids, self_calls, total_calls, self_paths, total_paths, pct) VALUES(1394, 1394, 16936, 16936, 0, 255, 4234, 56, 56, 0.0);
INSERT INTO mainrows(id, symbol_id, self_count, cumulative_count, kids, self_calls, total_calls, self_paths, total_paths, pct) VALUES(1395, 1395, 54000, 54000, 0, 0, 13500, 13, 13, 0.0);
INSERT INTO mainrows(id, symbol_id, self_count, cumulative_count, kids, self_calls, total_calls, self_paths, total_paths, pct) VALUES(1396, 1396, 3720, 3720, 3, 326, 930, 20, 20, 0.0);
INSERT INTO mainrows(id, symbol_id, self_count, cumulative_count, kids, self_calls, total_calls, self_paths, total_paths, pct) VALUES(1397, 1397, 320, 320, 0, 0, 80, 2, 2, 0.0);
INSERT INTO mainrows(id, symbol_id, self_count, cumulative_count, kids, self_calls, total_calls, self_paths, total_paths, pct) VALUES(1398, 1398, 400, 400, 0, 23, 100, 2, 2, 0.0);
INSERT INTO mainrows(id, symbol_id, self_count, cumulative_count, kids, self_calls, total_calls, self_paths, total_paths, pct) VALUES(1399, 1399, 3000, 3000, 0, 303, 750, 16, 16, 0.0);
INSERT INTO mainrows(id, symbol_id, self_count, cumulative_count, kids, self_calls, total_calls, self_paths, total_paths, pct) VALUES(1400, 1400, 9548, 9548, 0, 421, 2387, 39, 39, 0.0);
INSERT INTO mainrows(id, symbol_id, self_count, cumulative_count, kids, self_calls, total_calls, self_paths, total_paths, pct) VALUES(1401, 1401, 1556, 1556, 0, 2, 389, 28, 28, 0.0);
INSERT INTO mainrows(id, symbol_id, self_count, cumulative_count, kids, self_calls, total_calls, self_paths, total_paths, pct) VALUES(1402, 1402, 93480, 93480, 0, 21664, 23370, 28, 28, 0.0);
INSERT INTO mainrows(id, symbol_id, self_count, cumulative_count, kids, self_calls, total_calls, self_paths, total_paths, pct) VALUES(1403, 1403, 1395244, 1395244, 7, 109045, 348811, 1347, 1347, 0.0);
INSERT INTO mainrows(id, symbol_id, self_count, cumulative_count, kids, self_calls, total_calls, self_paths, total_paths, pct) VALUES(1404, 1404, 189712, 189712, 4, 33026, 47428, 240, 240, 0.0);
INSERT INTO mainrows(id, symbol_id, self_count, cumulative_count, kids, self_calls, total_calls, self_paths, total_paths, pct) VALUES(1405, 1405, 47428, 47428, 0, 8267, 11857, 60, 60, 0.0);
INSERT INTO mainrows(id, symbol_id, self_count, cumulative_count, kids, self_calls, total_calls, self_paths, total_paths, pct) VALUES(1406, 1406, 47428, 47428, 0, 8253, 11857, 60, 60, 0.0);
INSERT INTO mainrows(id, symbol_id, self_count, cumulative_count, kids, self_calls, total_calls, self_paths, total_paths, pct) VALUES(1407, 1407, 47428, 47428, 0, 8253, 11857, 60, 60, 0.0);
INSERT INTO mainrows(id, symbol_id, self_count, cumulative_count, kids, self_calls, total_calls, self_paths, total_paths, pct) VALUES(1408, 1408, 47428, 47428, 0, 8253, 11857, 60, 60, 0.0);
INSERT INTO mainrows(id, symbol_id, self_count, cumulative_count, kids, self_calls, total_calls, self_paths, total_paths, pct) VALUES(1409, 1409, 189712, 189712, 4, 33026, 47428, 240, 240, 0.0);
INSERT INTO mainrows(id, symbol_id, self_count, cumulative_count, kids, self_calls, total_calls, self_paths, total_paths, pct) VALUES(1410, 1410, 47428, 47428, 0, 8267, 11857, 60, 60, 0.0);
INSERT INTO mainrows(id, symbol_id, self_count, cumulative_count, kids, self_calls, total_calls, self_paths, total_paths, pct) VALUES(1411, 1411, 47428, 47428, 0, 8253, 11857, 60, 60, 0.0);
INSERT INTO mainrows(id, symbol_id, self_count, cumulative_count, kids, self_calls, total_calls, self_paths, total_paths, pct) VALUES(1412, 1412, 47428, 47428, 0, 8253, 11857, 60, 60, 0.0);
INSERT INTO mainrows(id, symbol_id, self_count, cumulative_count, kids, self_calls, total_calls, self_paths, total_paths, pct) VALUES(1413, 1413, 47428, 47428, 0, 8253, 11857, 60, 60, 0.0);
INSERT INTO mainrows(id, symbol_id, self_count, cumulative_count, kids, self_calls, total_calls, self_paths, total_paths, pct) VALUES(1414, 1414, 120440, 120440, 2, 5218, 30110, 102, 102, 0.0);
INSERT INTO mainrows(id, symbol_id, self_count, cumulative_count, kids, self_calls, total_calls, self_paths, total_paths, pct) VALUES(1415, 1415, 60220, 60220, 0, 2609, 15055, 51, 51, 0.0);
INSERT INTO mainrows(id, symbol_id, self_count, cumulative_count, kids, self_calls, total_calls, self_paths, total_paths, pct) VALUES(1416, 1416, 60220, 60220, 0, 2609, 15055, 51, 51, 0.0);
INSERT INTO mainrows(id, symbol_id, self_count, cumulative_count, kids, self_calls, total_calls, self_paths, total_paths, pct) VALUES(1417, 1417, 120440, 120440, 2, 5218, 30110, 102, 102, 0.0);
INSERT INTO mainrows(id, symbol_id, self_count, cumulative_count, kids, self_calls, total_calls, self_paths, total_paths, pct) VALUES(1418, 1418, 60220, 60220, 0, 2609, 15055, 51, 51, 0.0);
INSERT INTO mainrows(id, symbol_id, self_count, cumulative_count, kids, self_calls, total_calls, self_paths, total_paths, pct) VALUES(1419, 1419, 60220, 60220, 0, 2609, 15055, 51, 51, 0.0);
INSERT INTO mainrows(id, symbol_id, self_count, cumulative_count, kids, self_calls, total_calls, self_paths, total_paths, pct) VALUES(1420, 1420, 180660, 180660, 3, 7827, 45165, 153, 153, 0.0);
INSERT INTO mainrows(id, symbol_id, self_count, cumulative_count, kids, self_calls, total_calls, self_paths, total_paths, pct) VALUES(1421, 1421, 60220, 60220, 0, 2609, 15055, 51, 51, 0.0);
INSERT INTO mainrows(id, symbol_id, self_count, cumulative_count, kids, self_calls, total_calls, self_paths, total_paths, pct) VALUES(1422, 1422, 60220, 60220, 0, 2609, 15055, 51, 51, 0.0);
INSERT INTO mainrows(id, symbol_id, self_count, cumulative_count, kids, self_calls, total_calls, self_paths, total_paths, pct) VALUES(1423, 1423, 60220, 60220, 0, 2609, 15055, 51, 51, 0.0);
INSERT INTO mainrows(id, symbol_id, self_count, cumulative_count, kids, self_calls, total_calls, self_paths, total_paths, pct) VALUES(1424, 1424, 297140, 297140, 5, 12365, 74285, 255, 255, 0.0);
INSERT INTO mainrows(id, symbol_id, self_count, cumulative_count, kids, self_calls, total_calls, self_paths, total_paths, pct) VALUES(1425, 1425, 59428, 59428, 0, 2473, 14857, 51, 51, 0.0);
INSERT INTO mainrows(id, symbol_id, self_count, cumulative_count, kids, self_calls, total_calls, self_paths, total_paths, pct) VALUES(1426, 1426, 59428, 59428, 0, 2473, 14857, 51, 51, 0.0);
INSERT INTO mainrows(id, symbol_id, self_count, cumulative_count, kids, self_calls, total_calls, self_paths, total_paths, pct) VALUES(1427, 1427, 59428, 59428, 0, 2473, 14857, 51, 51, 0.0);
INSERT INTO mainrows(id, symbol_id, self_count, cumulative_count, kids, self_calls, total_calls, self_paths, total_paths, pct) VALUES(1428, 1428, 59428, 59428, 0, 2473, 14857, 51, 51, 0.0);
INSERT INTO mainrows(id, symbol_id, self_count, cumulative_count, kids, self_calls, total_calls, self_paths, total_paths, pct) VALUES(1429, 1429, 59428, 59428, 0, 2473, 14857, 51, 51, 0.0);
INSERT INTO mainrows(id, symbol_id, self_count, cumulative_count, kids, self_calls, total_calls, self_paths, total_paths, pct) VALUES(1430, 1430, 297140, 297140, 5, 12365, 74285, 255, 255, 0.0);
INSERT INTO mainrows(id, symbol_id, self_count, cumulative_count, kids, self_calls, total_calls, self_paths, total_paths, pct) VALUES(1431, 1431, 59428, 59428, 0, 2473, 14857, 51, 51, 0.0);
INSERT INTO mainrows(id, symbol_id, self_count, cumulative_count, kids, self_calls, total_calls, self_paths, total_paths, pct) VALUES(1432, 1432, 59428, 59428, 0, 2473, 14857, 51, 51, 0.0);
INSERT INTO mainrows(id, symbol_id, self_count, cumulative_count, kids, self_calls, total_calls, self_paths, total_paths, pct) VALUES(1433, 1433, 59428, 59428, 0, 2473, 14857, 51, 51, 0.0);
INSERT INTO mainrows(id, symbol_id, self_count, cumulative_count, kids, self_calls, total_calls, self_paths, total_paths, pct) VALUES(1434, 1434, 59428, 59428, 0, 2473, 14857, 51, 51, 0.0);
INSERT INTO mainrows(id, symbol_id, self_count, cumulative_count, kids, self_calls, total_calls, self_paths, total_paths, pct) VALUES(1435, 1435, 59428, 59428, 0, 2473, 14857, 51, 51, 0.0);
INSERT INTO parents(self_id, child_id, to_child_count, to_child_calls, to_child_paths, pct) VALUES(10,1381,0,0,0,0);
INSERT INTO parents(self_id, child_id, to_child_count, to_child_calls, to_child_paths, pct) VALUES(1381,1382,0,0,0,0);
INSERT INTO parents(self_id, child_id, to_child_count, to_child_calls, to_child_paths, pct) VALUES(1382,1383,2560,640,11,0);
INSERT INTO parents(self_id, child_id, to_child_count, to_child_calls, to_child_paths, pct) VALUES(1382,1384,340,85,2,0);
INSERT INTO parents(self_id, child_id, to_child_count, to_child_calls, to_child_paths, pct) VALUES(1382,1385,2800,700,12,0);
INSERT INTO parents(self_id, child_id, to_child_count, to_child_calls, to_child_paths, pct) VALUES(1382,1386,2800,700,12,0);
INSERT INTO parents(self_id, child_id, to_child_count, to_child_calls, to_child_paths, pct) VALUES(1382,1387,3000,750,15,0);
INSERT INTO parents(self_id, child_id, to_child_count, to_child_calls, to_child_paths, pct) VALUES(1382,1388,3000,750,15,0);
INSERT INTO parents(self_id, child_id, to_child_count, to_child_calls, to_child_paths, pct) VALUES(1382,1389,3000,750,15,0);
INSERT INTO parents(self_id, child_id, to_child_count, to_child_calls, to_child_paths, pct) VALUES(1382,1390,3000,750,15,0);
INSERT INTO parents(self_id, child_id, to_child_count, to_child_calls, to_child_paths, pct) VALUES(1382,1391,3000,750,15,0);
INSERT INTO parents(self_id, child_id, to_child_count, to_child_calls, to_child_paths, pct) VALUES(1381,1392,36760,9190,15,0);
INSERT INTO parents(self_id, child_id, to_child_count, to_child_calls, to_child_paths, pct) VALUES(1381,1393,18744,4686,44,0);
INSERT INTO parents(self_id, child_id, to_child_count, to_child_calls, to_child_paths, pct) VALUES(1381,1394,16936,4234,56,0);
INSERT INTO parents(self_id, child_id, to_child_count, to_child_calls, to_child_paths, pct) VALUES(1381,1395,54000,13500,13,0);
INSERT INTO parents(self_id, child_id, to_child_count, to_child_calls, to_child_paths, pct) VALUES(1381,1396,0,0,0,0);
INSERT INTO parents(self_id, child_id, to_child_count, to_child_calls, to_child_paths, pct) VALUES(1396,1397,320,80,2,0);
INSERT INTO parents(self_id, child_id, to_child_count, to_child_calls, to_child_paths, pct) VALUES(1396,1398,400,100,2,0);
INSERT INTO parents(self_id, child_id, to_child_count, to_child_calls, to_child_paths, pct) VALUES(1396,1399,3000,750,16,0);
INSERT INTO parents(self_id, child_id, to_child_count, to_child_calls, to_child_paths, pct) VALUES(1381,1400,9548,2387,39,0);
INSERT INTO parents(self_id, child_id, to_child_count, to_child_calls, to_child_paths, pct) VALUES(1381,1401,1556,389,28,0);
INSERT INTO parents(self_id, child_id, to_child_count, to_child_calls, to_child_paths, pct) VALUES(1381,1402,93480,23370,28,0);
INSERT INTO parents(self_id, child_id, to_child_count, to_child_calls, to_child_paths, pct) VALUES(1381,1403,0,0,0,0);
INSERT INTO parents(self_id, child_id, to_child_count, to_child_calls, to_child_paths, pct) VALUES(1403,1404,0,0,0,0);
INSERT INTO parents(self_id, child_id, to_child_count, to_child_calls, to_child_paths, pct) VALUES(1404,1405,47428,11857,60,0);
INSERT INTO parents(self_id, child_id, to_child_count, to_child_calls, to_child_paths, pct) VALUES(1404,1406,47428,11857,60,0);
INSERT INTO parents(self_id, child_id, to_child_count, to_child_calls, to_child_paths, pct) VALUES(1404,1407,47428,11857,60,0);
INSERT INTO parents(self_id, child_id, to_child_count, to_child_calls, to_child_paths, pct) VALUES(1404,1408,47428,11857,60,0);
INSERT INTO parents(self_id, child_id, to_child_count, to_child_calls, to_child_paths, pct) VALUES(1403,1409,0,0,0,0);
INSERT INTO parents(self_id, child_id, to_child_count, to_child_calls, to_child_paths, pct) VALUES(1409,1410,47428,11857,60,0);
INSERT INTO parents(self_id, child_id, to_child_count, to_child_calls, to_child_paths, pct) VALUES(1409,1411,47428,11857,60,0);
INSERT INTO parents(self_id, child_id, to_child_count, to_child_calls, to_child_paths, pct) VALUES(1409,1412,47428,11857,60,0);
INSERT INTO parents(self_id, child_id, to_child_count, to_child_calls, to_child_paths, pct) VALUES(1409,1413,47428,11857,60,0);
INSERT INTO parents(self_id, child_id, to_child_count, to_child_calls, to_child_paths, pct) VALUES(1403,1414,0,0,0,0);
INSERT INTO parents(self_id, child_id, to_child_count, to_child_calls, to_child_paths, pct) VALUES(1414,1415,60220,15055,51,0);
INSERT INTO parents(self_id, child_id, to_child_count, to_child_calls, to_child_paths, pct) VALUES(1414,1416,60220,15055,51,0);
INSERT INTO parents(self_id, child_id, to_child_count, to_child_calls, to_child_paths, pct) VALUES(1403,1417,0,0,0,0);
INSERT INTO parents(self_id, child_id, to_child_count, to_child_calls, to_child_paths, pct) VALUES(1417,1418,60220,15055,51,0);
INSERT INTO parents(self_id, child_id, to_child_count, to_child_calls, to_child_paths, pct) VALUES(1417,1419,60220,15055,51,0);
INSERT INTO parents(self_id, child_id, to_child_count, to_child_calls, to_child_paths, pct) VALUES(1403,1420,0,0,0,0);
INSERT INTO parents(self_id, child_id, to_child_count, to_child_calls, to_child_paths, pct) VALUES(1420,1421,60220,15055,51,0);
INSERT INTO parents(self_id, child_id, to_child_count, to_child_calls, to_child_paths, pct) VALUES(1420,1422,60220,15055,51,0);
INSERT INTO parents(self_id, child_id, to_child_count, to_child_calls, to_child_paths, pct) VALUES(1420,1423,60220,15055,51,0);
INSERT INTO parents(self_id, child_id, to_child_count, to_child_calls, to_child_paths, pct) VALUES(1403,1424,0,0,0,0);
INSERT INTO parents(self_id, child_id, to_child_count, to_child_calls, to_child_paths, pct) VALUES(1424,1425,59428,14857,51,0);
INSERT INTO parents(self_id, child_id, to_child_count, to_child_calls, to_child_paths, pct) VALUES(1424,1426,59428,14857,51,0);
INSERT INTO parents(self_id, child_id, to_child_count, to_child_calls, to_child_paths, pct) VALUES(1424,1427,59428,14857,51,0);
INSERT INTO parents(self_id, child_id, to_child_count, to_child_calls, to_child_paths, pct) VALUES(1424,1428,59428,14857,51,0);
INSERT INTO parents(self_id, child_id, to_child_count, to_child_calls, to_child_paths, pct) VALUES(1424,1429,59428,14857,51,0);
INSERT INTO parents(self_id, child_id, to_child_count, to_child_calls, to_child_paths, pct) VALUES(1403,1430,0,0,0,0);
INSERT INTO parents(self_id, child_id, to_child_count, to_child_calls, to_child_paths, pct) VALUES(1430,1431,59428,14857,51,0);
INSERT INTO parents(self_id, child_id, to_child_count, to_child_calls, to_child_paths, pct) VALUES(1430,1432,59428,14857,51,0);
INSERT INTO parents(self_id, child_id, to_child_count, to_child_calls, to_child_paths, pct) VALUES(1430,1433,59428,14857,51,0);
INSERT INTO parents(self_id, child_id, to_child_count, to_child_calls, to_child_paths, pct) VALUES(1430,1434,59428,14857,51,0);
INSERT INTO parents(self_id, child_id, to_child_count, to_child_calls, to_child_paths, pct) VALUES(1430,1435,59428,14857,51,0);
INSERT INTO children(self_id, parent_id, from_parent_count, from_parent_calls, from_parent_paths, pct) VALUES(1381,10,1653488,134756,0,0);
INSERT INTO children(self_id, parent_id, from_parent_count, from_parent_calls, from_parent_paths, pct) VALUES(1382,1381,23500,645,0,0);
INSERT INTO children(self_id, parent_id, from_parent_count, from_parent_calls, from_parent_paths, pct) VALUES(1383,1382,2560,0,11,0);
INSERT INTO children(self_id, parent_id, from_parent_count, from_parent_calls, from_parent_paths, pct) VALUES(1384,1382,340,33,2,0);
INSERT INTO children(self_id, parent_id, from_parent_count, from_parent_calls, from_parent_paths, pct) VALUES(1385,1382,2800,0,12,0);
INSERT INTO children(self_id, parent_id, from_parent_count, from_parent_calls, from_parent_paths, pct) VALUES(1386,1382,2800,0,12,0);
INSERT INTO children(self_id, parent_id, from_parent_count, from_parent_calls, from_parent_paths, pct) VALUES(1387,1382,3000,107,15,0);
INSERT INTO children(self_id, parent_id, from_parent_count, from_parent_calls, from_parent_paths, pct) VALUES(1388,1382,3000,106,15,0);
INSERT INTO children(self_id, parent_id, from_parent_count, from_parent_calls, from_parent_paths, pct) VALUES(1389,1382,3000,128,15,0);
INSERT INTO children(self_id, parent_id, from_parent_count, from_parent_calls, from_parent_paths, pct) VALUES(1390,1382,3000,165,15,0);
INSERT INTO children(self_id, parent_id, from_parent_count, from_parent_calls, from_parent_paths, pct) VALUES(1391,1382,3000,106,15,0);
INSERT INTO children(self_id, parent_id, from_parent_count, from_parent_calls, from_parent_paths, pct) VALUES(1392,1381,36760,55,15,0);
INSERT INTO children(self_id, parent_id, from_parent_count, from_parent_calls, from_parent_paths, pct) VALUES(1393,1381,18744,2343,44,0);
INSERT INTO children(self_id, parent_id, from_parent_count, from_parent_calls, from_parent_paths, pct) VALUES(1394,1381,16936,255,56,0);
INSERT INTO children(self_id, parent_id, from_parent_count, from_parent_calls, from_parent_paths, pct) VALUES(1395,1381,54000,0,13,0);
INSERT INTO children(self_id, parent_id, from_parent_count, from_parent_calls, from_parent_paths, pct) VALUES(1396,1381,3720,326,0,0);
INSERT INTO children(self_id, parent_id, from_parent_count, from_parent_calls, from_parent_paths, pct) VALUES(1397,1396,320,0,2,0);
INSERT INTO children(self_id, parent_id, from_parent_count, from_parent_calls, from_parent_paths, pct) VALUES(1398,1396,400,23,2,0);
INSERT INTO children(self_id, parent_id, from_parent_count, from_parent_calls, from_parent_paths, pct) VALUES(1399,1396,3000,303,16,0);
INSERT INTO children(self_id, parent_id, from_parent_count, from_parent_calls, from_parent_paths, pct) VALUES(1400,1381,9548,421,39,0);
INSERT INTO children(self_id, parent_id, from_parent_count, from_parent_calls, from_parent_paths, pct) VALUES(1401,1381,1556,2,28,0);
INSERT INTO children(self_id, parent_id, from_parent_count, from_parent_calls, from_parent_paths, pct) VALUES(1402,1381,93480,21664,28,0);
INSERT INTO children(self_id, parent_id, from_parent_count, from_parent_calls, from_parent_paths, pct) VALUES(1403,1381,1395244,109045,0,0);
INSERT INTO children(self_id, parent_id, from_parent_count, from_parent_calls, from_parent_paths, pct) VALUES(1404,1403,189712,33026,0,0);
INSERT INTO children(self_id, parent_id, from_parent_count, from_parent_calls, from_parent_paths, pct) VALUES(1405,1404,47428,8267,60,0);
INSERT INTO children(self_id, parent_id, from_parent_count, from_parent_calls, from_parent_paths, pct) VALUES(1406,1404,47428,8253,60,0);
INSERT INTO children(self_id, parent_id, from_parent_count, from_parent_calls, from_parent_paths, pct) VALUES(1407,1404,47428,8253,60,0);
INSERT INTO children(self_id, parent_id, from_parent_count, from_parent_calls, from_parent_paths, pct) VALUES(1408,1404,47428,8253,60,0);
INSERT INTO children(self_id, parent_id, from_parent_count, from_parent_calls, from_parent_paths, pct) VALUES(1409,1403,189712,33026,0,0);
INSERT INTO children(self_id, parent_id, from_parent_count, from_parent_calls, from_parent_paths, pct) VALUES(1410,1409,47428,8267,60,0);
INSERT INTO children(self_id, parent_id, from_parent_count, from_parent_calls, from_parent_paths, pct) VALUES(1411,1409,47428,8253,60,0);
INSERT INTO children(self_id, parent_id, from_parent_count, from_parent_calls, from_parent_paths, pct) VALUES(1412,1409,47428,8253,60,0);
INSERT INTO children(self_id, parent_id, from_parent_count, from_parent_calls, from_parent_paths, pct) VALUES(1413,1409,47428,8253,60,0);
INSERT INTO children(self_id, parent_id, from_parent_count, from_parent_calls, from_parent_paths, pct) VALUES(1414,1403,120440,5218,0,0);
INSERT INTO children(self_id, parent_id, from_parent_count, from_parent_calls, from_parent_paths, pct) VALUES(1415,1414,60220,2609,51,0);
INSERT INTO children(self_id, parent_id, from_parent_count, from_parent_calls, from_parent_paths, pct) VALUES(1416,1414,60220,2609,51,0);
INSERT INTO children(self_id, parent_id, from_parent_count, from_parent_calls, from_parent_paths, pct) VALUES(1417,1403,120440,5218,0,0);
INSERT INTO children(self_id, parent_id, from_parent_count, from_parent_calls, from_parent_paths, pct) VALUES(1418,1417,60220,2609,51,0);
INSERT INTO children(self_id, parent_id, from_parent_count, from_parent_calls, from_parent_paths, pct) VALUES(1419,1417,60220,2609,51,0);
INSERT INTO children(self_id, parent_id, from_parent_count, from_parent_calls, from_parent_paths, pct) VALUES(1420,1403,180660,7827,0,0);
INSERT INTO children(self_id, parent_id, from_parent_count, from_parent_calls, from_parent_paths, pct) VALUES(1421,1420,60220,2609,51,0);
INSERT INTO children(self_id, parent_id, from_parent_count, from_parent_calls, from_parent_paths, pct) VALUES(1422,1420,60220,2609,51,0);
INSERT INTO children(self_id, parent_id, from_parent_count, from_parent_calls, from_parent_paths, pct) VALUES(1423,1420,60220,2609,51,0);
INSERT INTO children(self_id, parent_id, from_parent_count, from_parent_calls, from_parent_paths, pct) VALUES(1424,1403,297140,12365,0,0);
INSERT INTO children(self_id, parent_id, from_parent_count, from_parent_calls, from_parent_paths, pct) VALUES(1425,1424,59428,2473,51,0);
INSERT INTO children(self_id, parent_id, from_parent_count, from_parent_calls, from_parent_paths, pct) VALUES(1426,1424,59428,2473,51,0);
INSERT INTO children(self_id, parent_id, from_parent_count, from_parent_calls, from_parent_paths, pct) VALUES(1427,1424,59428,2473,51,0);
INSERT INTO children(self_id, parent_id, from_parent_count, from_parent_calls, from_parent_paths, pct) VALUES(1428,1424,59428,2473,51,0);
INSERT INTO children(self_id, parent_id, from_parent_count, from_parent_calls, from_parent_paths, pct) VALUES(1429,1424,59428,2473,51,0);
INSERT INTO children(self_id, parent_id, from_parent_count, from_parent_calls, from_parent_paths, pct) VALUES(1430,1403,297140,12365,0,0);
INSERT INTO children(self_id, parent_id, from_parent_count, from_parent_calls, from_parent_paths, pct) VALUES(1431,1430,59428,2473,51,0);
INSERT INTO children(self_id, parent_id, from_parent_count, from_parent_calls, from_parent_paths, pct) VALUES(1432,1430,59428,2473,51,0);
INSERT INTO children(self_id, parent_id, from_parent_count, from_parent_calls, from_parent_paths, pct) VALUES(1433,1430,59428,2473,51,0);
INSERT INTO children(self_id, parent_id, from_parent_count, from_parent_calls, from_parent_paths, pct) VALUES(1434,1430,59428,2473,51,0);
INSERT INTO children(self_id, parent_id, from_parent_count, from_parent_calls, from_parent_paths, pct) VALUES(1435,1430,59428,2473,51,0);
INSERT INTO mainrows(id, symbol_id, self_count, cumulative_count, kids, self_calls, total_calls, self_paths, total_paths, pct) VALUES(1436, 1436, 336, 336, 0, 4, 84, 4, 4, 0.0);
INSERT INTO parents(self_id, child_id, to_child_count, to_child_calls, to_child_paths, pct) VALUES(10,1436,336,84,4,0);
INSERT INTO children(self_id, parent_id, from_parent_count, from_parent_calls, from_parent_paths, pct) VALUES(1436,10,336,4,4,0);
INSERT INTO mainrows(id, symbol_id, self_count, cumulative_count, kids, self_calls, total_calls, self_paths, total_paths, pct) VALUES(1437, 1437, 2763540, 2763540, 7, 365553, 690885, 10090, 10090, 0.0);
INSERT INTO mainrows(id, symbol_id, self_count, cumulative_count, kids, self_calls, total_calls, self_paths, total_paths, pct) VALUES(1438, 1438, 62088, 62088, 40, 3617, 15522, 405, 405, 0.0);
INSERT INTO mainrows(id, symbol_id, self_count, cumulative_count, kids, self_calls, total_calls, self_paths, total_paths, pct) VALUES(1439, 1439, 672, 672, 0, 3, 168, 10, 10, 0.0);
INSERT INTO mainrows(id, symbol_id, self_count, cumulative_count, kids, self_calls, total_calls, self_paths, total_paths, pct) VALUES(1440, 1440, 672, 672, 0, 0, 168, 10, 10, 0.0);
INSERT INTO mainrows(id, symbol_id, self_count, cumulative_count, kids, self_calls, total_calls, self_paths, total_paths, pct) VALUES(1441, 1441, 672, 672, 0, 0, 168, 10, 10, 0.0);
INSERT INTO mainrows(id, symbol_id, self_count, cumulative_count, kids, self_calls, total_calls, self_paths, total_paths, pct) VALUES(1442, 1442, 672, 672, 0, 0, 168, 10, 10, 0.0);
INSERT INTO mainrows(id, symbol_id, self_count, cumulative_count, kids, self_calls, total_calls, self_paths, total_paths, pct) VALUES(1443, 1443, 672, 672, 0, 0, 168, 10, 10, 0.0);
INSERT INTO mainrows(id, symbol_id, self_count, cumulative_count, kids, self_calls, total_calls, self_paths, total_paths, pct) VALUES(1444, 1444, 672, 672, 0, 0, 168, 10, 10, 0.0);
INSERT INTO mainrows(id, symbol_id, self_count, cumulative_count, kids, self_calls, total_calls, self_paths, total_paths, pct) VALUES(1445, 1445, 672, 672, 0, 0, 168, 10, 10, 0.0);
INSERT INTO mainrows(id, symbol_id, self_count, cumulative_count, kids, self_calls, total_calls, self_paths, total_paths, pct) VALUES(1446, 1446, 672, 672, 0, 0, 168, 10, 10, 0.0);
INSERT INTO mainrows(id, symbol_id, self_count, cumulative_count, kids, self_calls, total_calls, self_paths, total_paths, pct) VALUES(1447, 1447, 672, 672, 0, 0, 168, 10, 10, 0.0);
INSERT INTO mainrows(id, symbol_id, self_count, cumulative_count, kids, self_calls, total_calls, self_paths, total_paths, pct) VALUES(1448, 1448, 672, 672, 0, 0, 168, 10, 10, 0.0);
INSERT INTO mainrows(id, symbol_id, self_count, cumulative_count, kids, self_calls, total_calls, self_paths, total_paths, pct) VALUES(1449, 1449, 672, 672, 0, 3, 168, 10, 10, 0.0);
INSERT INTO mainrows(id, symbol_id, self_count, cumulative_count, kids, self_calls, total_calls, self_paths, total_paths, pct) VALUES(1450, 1450, 672, 672, 0, 7, 168, 10, 10, 0.0);
INSERT INTO mainrows(id, symbol_id, self_count, cumulative_count, kids, self_calls, total_calls, self_paths, total_paths, pct) VALUES(1451, 1451, 672, 672, 0, 4, 168, 10, 10, 0.0);
INSERT INTO mainrows(id, symbol_id, self_count, cumulative_count, kids, self_calls, total_calls, self_paths, total_paths, pct) VALUES(1452, 1452, 672, 672, 0, 0, 168, 10, 10, 0.0);
INSERT INTO mainrows(id, symbol_id, self_count, cumulative_count, kids, self_calls, total_calls, self_paths, total_paths, pct) VALUES(1453, 1453, 672, 672, 0, 0, 168, 10, 10, 0.0);
INSERT INTO mainrows(id, symbol_id, self_count, cumulative_count, kids, self_calls, total_calls, self_paths, total_paths, pct) VALUES(1454, 1454, 672, 672, 0, 0, 168, 10, 10, 0.0);
INSERT INTO mainrows(id, symbol_id, self_count, cumulative_count, kids, self_calls, total_calls, self_paths, total_paths, pct) VALUES(1455, 1455, 672, 672, 0, 7, 168, 10, 10, 0.0);
INSERT INTO mainrows(id, symbol_id, self_count, cumulative_count, kids, self_calls, total_calls, self_paths, total_paths, pct) VALUES(1456, 1456, 672, 672, 0, 0, 168, 10, 10, 0.0);
INSERT INTO mainrows(id, symbol_id, self_count, cumulative_count, kids, self_calls, total_calls, self_paths, total_paths, pct) VALUES(1457, 1457, 672, 672, 0, 0, 168, 10, 10, 0.0);
INSERT INTO mainrows(id, symbol_id, self_count, cumulative_count, kids, self_calls, total_calls, self_paths, total_paths, pct) VALUES(1458, 1458, 672, 672, 0, 0, 168, 10, 10, 0.0);
INSERT INTO mainrows(id, symbol_id, self_count, cumulative_count, kids, self_calls, total_calls, self_paths, total_paths, pct) VALUES(1459, 1459, 672, 672, 0, 3, 168, 10, 10, 0.0);
INSERT INTO mainrows(id, symbol_id, self_count, cumulative_count, kids, self_calls, total_calls, self_paths, total_paths, pct) VALUES(1460, 1460, 672, 672, 0, 0, 168, 10, 10, 0.0);
INSERT INTO mainrows(id, symbol_id, self_count, cumulative_count, kids, self_calls, total_calls, self_paths, total_paths, pct) VALUES(1461, 1461, 672, 672, 0, 0, 168, 10, 10, 0.0);
INSERT INTO mainrows(id, symbol_id, self_count, cumulative_count, kids, self_calls, total_calls, self_paths, total_paths, pct) VALUES(1462, 1462, 672, 672, 0, 0, 168, 10, 10, 0.0);
INSERT INTO mainrows(id, symbol_id, self_count, cumulative_count, kids, self_calls, total_calls, self_paths, total_paths, pct) VALUES(1463, 1463, 672, 672, 0, 0, 168, 10, 10, 0.0);
INSERT INTO mainrows(id, symbol_id, self_count, cumulative_count, kids, self_calls, total_calls, self_paths, total_paths, pct) VALUES(1464, 1464, 672, 672, 0, 0, 168, 10, 10, 0.0);
INSERT INTO mainrows(id, symbol_id, self_count, cumulative_count, kids, self_calls, total_calls, self_paths, total_paths, pct) VALUES(1465, 1465, 672, 672, 0, 0, 168, 10, 10, 0.0);
INSERT INTO mainrows(id, symbol_id, self_count, cumulative_count, kids, self_calls, total_calls, self_paths, total_paths, pct) VALUES(1466, 1466, 672, 672, 0, 0, 168, 10, 10, 0.0);
INSERT INTO mainrows(id, symbol_id, self_count, cumulative_count, kids, self_calls, total_calls, self_paths, total_paths, pct) VALUES(1467, 1467, 672, 672, 0, 0, 168, 10, 10, 0.0);
INSERT INTO mainrows(id, symbol_id, self_count, cumulative_count, kids, self_calls, total_calls, self_paths, total_paths, pct) VALUES(1468, 1468, 672, 672, 0, 4, 168, 10, 10, 0.0);
INSERT INTO mainrows(id, symbol_id, self_count, cumulative_count, kids, self_calls, total_calls, self_paths, total_paths, pct) VALUES(1469, 1469, 672, 672, 0, 0, 168, 10, 10, 0.0);
INSERT INTO mainrows(id, symbol_id, self_count, cumulative_count, kids, self_calls, total_calls, self_paths, total_paths, pct) VALUES(1470, 1470, 672, 672, 0, 0, 168, 10, 10, 0.0);
INSERT INTO mainrows(id, symbol_id, self_count, cumulative_count, kids, self_calls, total_calls, self_paths, total_paths, pct) VALUES(1471, 1471, 672, 672, 0, 0, 168, 10, 10, 0.0);
INSERT INTO mainrows(id, symbol_id, self_count, cumulative_count, kids, self_calls, total_calls, self_paths, total_paths, pct) VALUES(1472, 1472, 672, 672, 0, 0, 168, 10, 10, 0.0);
INSERT INTO mainrows(id, symbol_id, self_count, cumulative_count, kids, self_calls, total_calls, self_paths, total_paths, pct) VALUES(1473, 1473, 672, 672, 0, 0, 168, 10, 10, 0.0);
INSERT INTO mainrows(id, symbol_id, self_count, cumulative_count, kids, self_calls, total_calls, self_paths, total_paths, pct) VALUES(1474, 1474, 672, 672, 0, 0, 168, 10, 10, 0.0);
INSERT INTO mainrows(id, symbol_id, self_count, cumulative_count, kids, self_calls, total_calls, self_paths, total_paths, pct) VALUES(1475, 1475, 672, 672, 0, 0, 168, 10, 10, 0.0);
INSERT INTO mainrows(id, symbol_id, self_count, cumulative_count, kids, self_calls, total_calls, self_paths, total_paths, pct) VALUES(1476, 1476, 672, 672, 0, 0, 168, 10, 10, 0.0);
INSERT INTO mainrows(id, symbol_id, self_count, cumulative_count, kids, self_calls, total_calls, self_paths, total_paths, pct) VALUES(1477, 1477, 672, 672, 0, 0, 168, 10, 10, 0.0);
INSERT INTO mainrows(id, symbol_id, self_count, cumulative_count, kids, self_calls, total_calls, self_paths, total_paths, pct) VALUES(1478, 1478, 672, 672, 0, 0, 168, 10, 10, 0.0);
INSERT INTO mainrows(id, symbol_id, self_count, cumulative_count, kids, self_calls, total_calls, self_paths, total_paths, pct) VALUES(1479, 1479, 1166352, 1166352, 4, 114203, 291588, 6416, 6416, 0.0);
INSERT INTO mainrows(id, symbol_id, self_count, cumulative_count, kids, self_calls, total_calls, self_paths, total_paths, pct) VALUES(1480, 1480, 280572, 280572, 3, 26731, 70143, 1588, 1588, 0.0);
INSERT INTO mainrows(id, symbol_id, self_count, cumulative_count, kids, self_calls, total_calls, self_paths, total_paths, pct) VALUES(1481, 1481, 59236, 59236, 10, 6685, 14809, 343, 343, 0.0);
INSERT INTO mainrows(id, symbol_id, self_count, cumulative_count, kids, self_calls, total_calls, self_paths, total_paths, pct) VALUES(1482, 1482, 5412, 5412, 0, 535, 1353, 30, 30, 0.0);
INSERT INTO mainrows(id, symbol_id, self_count, cumulative_count, kids, self_calls, total_calls, self_paths, total_paths, pct) VALUES(1483, 1483, 5412, 5412, 0, 618, 1353, 30, 30, 0.0);
INSERT INTO mainrows(id, symbol_id, self_count, cumulative_count, kids, self_calls, total_calls, self_paths, total_paths, pct) VALUES(1484, 1484, 5412, 5412, 0, 595, 1353, 30, 30, 0.0);
INSERT INTO mainrows(id, symbol_id, self_count, cumulative_count, kids, self_calls, total_calls, self_paths, total_paths, pct) VALUES(1485, 1485, 5412, 5412, 0, 614, 1353, 30, 30, 0.0);
INSERT INTO mainrows(id, symbol_id, self_count, cumulative_count, kids, self_calls, total_calls, self_paths, total_paths, pct) VALUES(1486, 1486, 5412, 5412, 0, 599, 1353, 30, 30, 0.0);
INSERT INTO mainrows(id, symbol_id, self_count, cumulative_count, kids, self_calls, total_calls, self_paths, total_paths, pct) VALUES(1487, 1487, 5412, 5412, 0, 591, 1353, 30, 30, 0.0);
INSERT INTO mainrows(id, symbol_id, self_count, cumulative_count, kids, self_calls, total_calls, self_paths, total_paths, pct) VALUES(1488, 1488, 5412, 5412, 0, 590, 1353, 30, 30, 0.0);
INSERT INTO mainrows(id, symbol_id, self_count, cumulative_count, kids, self_calls, total_calls, self_paths, total_paths, pct) VALUES(1489, 1489, 5412, 5412, 0, 570, 1353, 30, 30, 0.0);
INSERT INTO mainrows(id, symbol_id, self_count, cumulative_count, kids, self_calls, total_calls, self_paths, total_paths, pct) VALUES(1490, 1490, 5412, 5412, 0, 575, 1353, 30, 30, 0.0);
INSERT INTO mainrows(id, symbol_id, self_count, cumulative_count, kids, self_calls, total_calls, self_paths, total_paths, pct) VALUES(1491, 1491, 5412, 5412, 0, 505, 1353, 30, 30, 0.0);
INSERT INTO mainrows(id, symbol_id, self_count, cumulative_count, kids, self_calls, total_calls, self_paths, total_paths, pct) VALUES(1492, 1492, 92308, 92308, 16, 8871, 23077, 523, 523, 0.0);
INSERT INTO mainrows(id, symbol_id, self_count, cumulative_count, kids, self_calls, total_calls, self_paths, total_paths, pct) VALUES(1493, 1493, 5412, 5412, 0, 436, 1353, 30, 30, 0.0);
INSERT INTO mainrows(id, symbol_id, self_count, cumulative_count, kids, self_calls, total_calls, self_paths, total_paths, pct) VALUES(1494, 1494, 5412, 5412, 0, 524, 1353, 30, 30, 0.0);
INSERT INTO mainrows(id, symbol_id, self_count, cumulative_count, kids, self_calls, total_calls, self_paths, total_paths, pct) VALUES(1495, 1495, 5412, 5412, 0, 482, 1353, 30, 30, 0.0);
INSERT INTO mainrows(id, symbol_id, self_count, cumulative_count, kids, self_calls, total_calls, self_paths, total_paths, pct) VALUES(1496, 1496, 5412, 5412, 0, 525, 1353, 30, 30, 0.0);
INSERT INTO mainrows(id, symbol_id, self_count, cumulative_count, kids, self_calls, total_calls, self_paths, total_paths, pct) VALUES(1497, 1497, 5412, 5412, 0, 472, 1353, 30, 30, 0.0);
INSERT INTO mainrows(id, symbol_id, self_count, cumulative_count, kids, self_calls, total_calls, self_paths, total_paths, pct) VALUES(1498, 1498, 5412, 5412, 0, 521, 1353, 30, 30, 0.0);
INSERT INTO mainrows(id, symbol_id, self_count, cumulative_count, kids, self_calls, total_calls, self_paths, total_paths, pct) VALUES(1499, 1499, 5412, 5412, 0, 501, 1353, 30, 30, 0.0);
INSERT INTO mainrows(id, symbol_id, self_count, cumulative_count, kids, self_calls, total_calls, self_paths, total_paths, pct) VALUES(1500, 1500, 5412, 5412, 0, 527, 1353, 30, 30, 0.0);
INSERT INTO mainrows(id, symbol_id, self_count, cumulative_count, kids, self_calls, total_calls, self_paths, total_paths, pct) VALUES(1501, 1501, 5412, 5412, 0, 488, 1353, 30, 30, 0.0);
INSERT INTO mainrows(id, symbol_id, self_count, cumulative_count, kids, self_calls, total_calls, self_paths, total_paths, pct) VALUES(1502, 1502, 5412, 5412, 0, 525, 1353, 30, 30, 0.0);
INSERT INTO mainrows(id, symbol_id, self_count, cumulative_count, kids, self_calls, total_calls, self_paths, total_paths, pct) VALUES(1503, 1503, 5412, 5412, 0, 501, 1353, 30, 30, 0.0);
INSERT INTO mainrows(id, symbol_id, self_count, cumulative_count, kids, self_calls, total_calls, self_paths, total_paths, pct) VALUES(1504, 1504, 5412, 5412, 0, 492, 1353, 30, 30, 0.0);
INSERT INTO mainrows(id, symbol_id, self_count, cumulative_count, kids, self_calls, total_calls, self_paths, total_paths, pct) VALUES(1505, 1505, 5412, 5412, 0, 480, 1353, 30, 30, 0.0);
INSERT INTO mainrows(id, symbol_id, self_count, cumulative_count, kids, self_calls, total_calls, self_paths, total_paths, pct) VALUES(1506, 1506, 5412, 5412, 0, 496, 1353, 30, 30, 0.0);
INSERT INTO mainrows(id, symbol_id, self_count, cumulative_count, kids, self_calls, total_calls, self_paths, total_paths, pct) VALUES(1507, 1507, 5412, 5412, 0, 483, 1353, 30, 30, 0.0);
INSERT INTO mainrows(id, symbol_id, self_count, cumulative_count, kids, self_calls, total_calls, self_paths, total_paths, pct) VALUES(1508, 1508, 5412, 5412, 0, 418, 1353, 30, 30, 0.0);
INSERT INTO mainrows(id, symbol_id, self_count, cumulative_count, kids, self_calls, total_calls, self_paths, total_paths, pct) VALUES(1509, 1509, 125380, 125380, 22, 10310, 31345, 703, 703, 0.0);
INSERT INTO mainrows(id, symbol_id, self_count, cumulative_count, kids, self_calls, total_calls, self_paths, total_paths, pct) VALUES(1510, 1510, 5412, 5412, 0, 349, 1353, 30, 30, 0.0);
INSERT INTO mainrows(id, symbol_id, self_count, cumulative_count, kids, self_calls, total_calls, self_paths, total_paths, pct) VALUES(1511, 1511, 5412, 5412, 0, 418, 1353, 30, 30, 0.0);
INSERT INTO mainrows(id, symbol_id, self_count, cumulative_count, kids, self_calls, total_calls, self_paths, total_paths, pct) VALUES(1512, 1512, 5412, 5412, 0, 451, 1353, 30, 30, 0.0);
INSERT INTO mainrows(id, symbol_id, self_count, cumulative_count, kids, self_calls, total_calls, self_paths, total_paths, pct) VALUES(1513, 1513, 5412, 5412, 0, 397, 1353, 30, 30, 0.0);
INSERT INTO mainrows(id, symbol_id, self_count, cumulative_count, kids, self_calls, total_calls, self_paths, total_paths, pct) VALUES(1514, 1514, 5412, 5412, 0, 431, 1353, 30, 30, 0.0);
INSERT INTO mainrows(id, symbol_id, self_count, cumulative_count, kids, self_calls, total_calls, self_paths, total_paths, pct) VALUES(1515, 1515, 5412, 5412, 0, 434, 1353, 30, 30, 0.0);
INSERT INTO mainrows(id, symbol_id, self_count, cumulative_count, kids, self_calls, total_calls, self_paths, total_paths, pct) VALUES(1516, 1516, 5412, 5412, 0, 439, 1353, 30, 30, 0.0);
INSERT INTO mainrows(id, symbol_id, self_count, cumulative_count, kids, self_calls, total_calls, self_paths, total_paths, pct) VALUES(1517, 1517, 5412, 5412, 0, 450, 1353, 30, 30, 0.0);
INSERT INTO mainrows(id, symbol_id, self_count, cumulative_count, kids, self_calls, total_calls, self_paths, total_paths, pct) VALUES(1518, 1518, 5412, 5412, 0, 419, 1353, 30, 30, 0.0);
INSERT INTO mainrows(id, symbol_id, self_count, cumulative_count, kids, self_calls, total_calls, self_paths, total_paths, pct) VALUES(1519, 1519, 5412, 5412, 0, 419, 1353, 30, 30, 0.0);
INSERT INTO mainrows(id, symbol_id, self_count, cumulative_count, kids, self_calls, total_calls, self_paths, total_paths, pct) VALUES(1520, 1520, 5412, 5412, 0, 455, 1353, 30, 30, 0.0);
INSERT INTO mainrows(id, symbol_id, self_count, cumulative_count, kids, self_calls, total_calls, self_paths, total_paths, pct) VALUES(1521, 1521, 5412, 5412, 0, 443, 1353, 30, 30, 0.0);
INSERT INTO mainrows(id, symbol_id, self_count, cumulative_count, kids, self_calls, total_calls, self_paths, total_paths, pct) VALUES(1522, 1522, 5412, 5412, 0, 405, 1353, 30, 30, 0.0);
INSERT INTO mainrows(id, symbol_id, self_count, cumulative_count, kids, self_calls, total_calls, self_paths, total_paths, pct) VALUES(1523, 1523, 5412, 5412, 0, 438, 1353, 30, 30, 0.0);
INSERT INTO mainrows(id, symbol_id, self_count, cumulative_count, kids, self_calls, total_calls, self_paths, total_paths, pct) VALUES(1524, 1524, 5412, 5412, 0, 421, 1353, 30, 30, 0.0);
INSERT INTO mainrows(id, symbol_id, self_count, cumulative_count, kids, self_calls, total_calls, self_paths, total_paths, pct) VALUES(1525, 1525, 5412, 5412, 0, 432, 1353, 30, 30, 0.0);
INSERT INTO mainrows(id, symbol_id, self_count, cumulative_count, kids, self_calls, total_calls, self_paths, total_paths, pct) VALUES(1526, 1526, 5412, 5412, 0, 442, 1353, 30, 30, 0.0);
INSERT INTO mainrows(id, symbol_id, self_count, cumulative_count, kids, self_calls, total_calls, self_paths, total_paths, pct) VALUES(1527, 1527, 5412, 5412, 0, 428, 1353, 30, 30, 0.0);
INSERT INTO mainrows(id, symbol_id, self_count, cumulative_count, kids, self_calls, total_calls, self_paths, total_paths, pct) VALUES(1528, 1528, 5412, 5412, 0, 412, 1353, 30, 30, 0.0);
INSERT INTO mainrows(id, symbol_id, self_count, cumulative_count, kids, self_calls, total_calls, self_paths, total_paths, pct) VALUES(1529, 1529, 5412, 5412, 0, 396, 1353, 30, 30, 0.0);
INSERT INTO mainrows(id, symbol_id, self_count, cumulative_count, kids, self_calls, total_calls, self_paths, total_paths, pct) VALUES(1530, 1530, 5412, 5412, 0, 413, 1353, 30, 30, 0.0);
INSERT INTO mainrows(id, symbol_id, self_count, cumulative_count, kids, self_calls, total_calls, self_paths, total_paths, pct) VALUES(1531, 1531, 5412, 5412, 0, 326, 1353, 30, 30, 0.0);
INSERT INTO mainrows(id, symbol_id, self_count, cumulative_count, kids, self_calls, total_calls, self_paths, total_paths, pct) VALUES(1532, 1532, 280572, 280572, 3, 26450, 70143, 1588, 1588, 0.0);
INSERT INTO mainrows(id, symbol_id, self_count, cumulative_count, kids, self_calls, total_calls, self_paths, total_paths, pct) VALUES(1533, 1533, 59236, 59236, 10, 6575, 14809, 343, 343, 0.0);
INSERT INTO mainrows(id, symbol_id, self_count, cumulative_count, kids, self_calls, total_calls, self_paths, total_paths, pct) VALUES(1534, 1534, 5412, 5412, 0, 574, 1353, 30, 30, 0.0);
INSERT INTO mainrows(id, symbol_id, self_count, cumulative_count, kids, self_calls, total_calls, self_paths, total_paths, pct) VALUES(1535, 1535, 5412, 5412, 0, 572, 1353, 30, 30, 0.0);
INSERT INTO mainrows(id, symbol_id, self_count, cumulative_count, kids, self_calls, total_calls, self_paths, total_paths, pct) VALUES(1536, 1536, 5412, 5412, 0, 611, 1353, 30, 30, 0.0);
INSERT INTO mainrows(id, symbol_id, self_count, cumulative_count, kids, self_calls, total_calls, self_paths, total_paths, pct) VALUES(1537, 1537, 5412, 5412, 0, 593, 1353, 30, 30, 0.0);
INSERT INTO mainrows(id, symbol_id, self_count, cumulative_count, kids, self_calls, total_calls, self_paths, total_paths, pct) VALUES(1538, 1538, 5412, 5412, 0, 598, 1353, 30, 30, 0.0);
INSERT INTO mainrows(id, symbol_id, self_count, cumulative_count, kids, self_calls, total_calls, self_paths, total_paths, pct) VALUES(1539, 1539, 5412, 5412, 0, 557, 1353, 30, 30, 0.0);
INSERT INTO mainrows(id, symbol_id, self_count, cumulative_count, kids, self_calls, total_calls, self_paths, total_paths, pct) VALUES(1540, 1540, 5412, 5412, 0, 564, 1353, 30, 30, 0.0);
INSERT INTO mainrows(id, symbol_id, self_count, cumulative_count, kids, self_calls, total_calls, self_paths, total_paths, pct) VALUES(1541, 1541, 5412, 5412, 0, 551, 1353, 30, 30, 0.0);
INSERT INTO mainrows(id, symbol_id, self_count, cumulative_count, kids, self_calls, total_calls, self_paths, total_paths, pct) VALUES(1542, 1542, 5412, 5412, 0, 570, 1353, 30, 30, 0.0);
INSERT INTO mainrows(id, symbol_id, self_count, cumulative_count, kids, self_calls, total_calls, self_paths, total_paths, pct) VALUES(1543, 1543, 5412, 5412, 0, 494, 1353, 30, 30, 0.0);
INSERT INTO mainrows(id, symbol_id, self_count, cumulative_count, kids, self_calls, total_calls, self_paths, total_paths, pct) VALUES(1544, 1544, 92308, 92308, 16, 8546, 23077, 523, 523, 0.0);
INSERT INTO mainrows(id, symbol_id, self_count, cumulative_count, kids, self_calls, total_calls, self_paths, total_paths, pct) VALUES(1545, 1545, 5412, 5412, 0, 420, 1353, 30, 30, 0.0);
INSERT INTO mainrows(id, symbol_id, self_count, cumulative_count, kids, self_calls, total_calls, self_paths, total_paths, pct) VALUES(1546, 1546, 5412, 5412, 0, 479, 1353, 30, 30, 0.0);
INSERT INTO mainrows(id, symbol_id, self_count, cumulative_count, kids, self_calls, total_calls, self_paths, total_paths, pct) VALUES(1547, 1547, 5412, 5412, 0, 485, 1353, 30, 30, 0.0);
INSERT INTO mainrows(id, symbol_id, self_count, cumulative_count, kids, self_calls, total_calls, self_paths, total_paths, pct) VALUES(1548, 1548, 5412, 5412, 0, 506, 1353, 30, 30, 0.0);
INSERT INTO mainrows(id, symbol_id, self_count, cumulative_count, kids, self_calls, total_calls, self_paths, total_paths, pct) VALUES(1549, 1549, 5412, 5412, 0, 492, 1353, 30, 30, 0.0);
INSERT INTO mainrows(id, symbol_id, self_count, cumulative_count, kids, self_calls, total_calls, self_paths, total_paths, pct) VALUES(1550, 1550, 5412, 5412, 0, 504, 1353, 30, 30, 0.0);
INSERT INTO mainrows(id, symbol_id, self_count, cumulative_count, kids, self_calls, total_calls, self_paths, total_paths, pct) VALUES(1551, 1551, 5412, 5412, 0, 497, 1353, 30, 30, 0.0);
INSERT INTO mainrows(id, symbol_id, self_count, cumulative_count, kids, self_calls, total_calls, self_paths, total_paths, pct) VALUES(1552, 1552, 5412, 5412, 0, 462, 1353, 30, 30, 0.0);
INSERT INTO mainrows(id, symbol_id, self_count, cumulative_count, kids, self_calls, total_calls, self_paths, total_paths, pct) VALUES(1553, 1553, 5412, 5412, 0, 489, 1353, 30, 30, 0.0);
INSERT INTO mainrows(id, symbol_id, self_count, cumulative_count, kids, self_calls, total_calls, self_paths, total_paths, pct) VALUES(1554, 1554, 5412, 5412, 0, 473, 1353, 30, 30, 0.0);
INSERT INTO mainrows(id, symbol_id, self_count, cumulative_count, kids, self_calls, total_calls, self_paths, total_paths, pct) VALUES(1555, 1555, 5412, 5412, 0, 469, 1353, 30, 30, 0.0);
INSERT INTO mainrows(id, symbol_id, self_count, cumulative_count, kids, self_calls, total_calls, self_paths, total_paths, pct) VALUES(1556, 1556, 5412, 5412, 0, 459, 1353, 30, 30, 0.0);
INSERT INTO mainrows(id, symbol_id, self_count, cumulative_count, kids, self_calls, total_calls, self_paths, total_paths, pct) VALUES(1557, 1557, 5412, 5412, 0, 464, 1353, 30, 30, 0.0);
INSERT INTO mainrows(id, symbol_id, self_count, cumulative_count, kids, self_calls, total_calls, self_paths, total_paths, pct) VALUES(1558, 1558, 5412, 5412, 0, 458, 1353, 30, 30, 0.0);
INSERT INTO mainrows(id, symbol_id, self_count, cumulative_count, kids, self_calls, total_calls, self_paths, total_paths, pct) VALUES(1559, 1559, 5412, 5412, 0, 508, 1353, 30, 30, 0.0);
INSERT INTO mainrows(id, symbol_id, self_count, cumulative_count, kids, self_calls, total_calls, self_paths, total_paths, pct) VALUES(1560, 1560, 5412, 5412, 0, 404, 1353, 30, 30, 0.0);
INSERT INTO mainrows(id, symbol_id, self_count, cumulative_count, kids, self_calls, total_calls, self_paths, total_paths, pct) VALUES(1561, 1561, 125380, 125380, 22, 10462, 31345, 703, 703, 0.0);
INSERT INTO mainrows(id, symbol_id, self_count, cumulative_count, kids, self_calls, total_calls, self_paths, total_paths, pct) VALUES(1562, 1562, 5412, 5412, 0, 366, 1353, 30, 30, 0.0);
INSERT INTO mainrows(id, symbol_id, self_count, cumulative_count, kids, self_calls, total_calls, self_paths, total_paths, pct) VALUES(1563, 1563, 5412, 5412, 0, 449, 1353, 30, 30, 0.0);
INSERT INTO mainrows(id, symbol_id, self_count, cumulative_count, kids, self_calls, total_calls, self_paths, total_paths, pct) VALUES(1564, 1564, 5412, 5412, 0, 444, 1353, 30, 30, 0.0);
INSERT INTO mainrows(id, symbol_id, self_count, cumulative_count, kids, self_calls, total_calls, self_paths, total_paths, pct) VALUES(1565, 1565, 5412, 5412, 0, 421, 1353, 30, 30, 0.0);
INSERT INTO mainrows(id, symbol_id, self_count, cumulative_count, kids, self_calls, total_calls, self_paths, total_paths, pct) VALUES(1566, 1566, 5412, 5412, 0, 459, 1353, 30, 30, 0.0);
INSERT INTO mainrows(id, symbol_id, self_count, cumulative_count, kids, self_calls, total_calls, self_paths, total_paths, pct) VALUES(1567, 1567, 5412, 5412, 0, 462, 1353, 30, 30, 0.0);
INSERT INTO mainrows(id, symbol_id, self_count, cumulative_count, kids, self_calls, total_calls, self_paths, total_paths, pct) VALUES(1568, 1568, 5412, 5412, 0, 453, 1353, 30, 30, 0.0);
INSERT INTO mainrows(id, symbol_id, self_count, cumulative_count, kids, self_calls, total_calls, self_paths, total_paths, pct) VALUES(1569, 1569, 5412, 5412, 0, 446, 1353, 30, 30, 0.0);
INSERT INTO mainrows(id, symbol_id, self_count, cumulative_count, kids, self_calls, total_calls, self_paths, total_paths, pct) VALUES(1570, 1570, 5412, 5412, 0, 420, 1353, 30, 30, 0.0);
INSERT INTO mainrows(id, symbol_id, self_count, cumulative_count, kids, self_calls, total_calls, self_paths, total_paths, pct) VALUES(1571, 1571, 5412, 5412, 0, 437, 1353, 30, 30, 0.0);
INSERT INTO mainrows(id, symbol_id, self_count, cumulative_count, kids, self_calls, total_calls, self_paths, total_paths, pct) VALUES(1572, 1572, 5412, 5412, 0, 449, 1353, 30, 30, 0.0);
INSERT INTO mainrows(id, symbol_id, self_count, cumulative_count, kids, self_calls, total_calls, self_paths, total_paths, pct) VALUES(1573, 1573, 5412, 5412, 0, 444, 1353, 30, 30, 0.0);
INSERT INTO mainrows(id, symbol_id, self_count, cumulative_count, kids, self_calls, total_calls, self_paths, total_paths, pct) VALUES(1574, 1574, 5412, 5412, 0, 424, 1353, 30, 30, 0.0);
INSERT INTO mainrows(id, symbol_id, self_count, cumulative_count, kids, self_calls, total_calls, self_paths, total_paths, pct) VALUES(1575, 1575, 5412, 5412, 0, 426, 1353, 30, 30, 0.0);
INSERT INTO mainrows(id, symbol_id, self_count, cumulative_count, kids, self_calls, total_calls, self_paths, total_paths, pct) VALUES(1576, 1576, 5412, 5412, 0, 419, 1353, 30, 30, 0.0);
INSERT INTO mainrows(id, symbol_id, self_count, cumulative_count, kids, self_calls, total_calls, self_paths, total_paths, pct) VALUES(1577, 1577, 5412, 5412, 0, 409, 1353, 30, 30, 0.0);
INSERT INTO mainrows(id, symbol_id, self_count, cumulative_count, kids, self_calls, total_calls, self_paths, total_paths, pct) VALUES(1578, 1578, 5412, 5412, 0, 400, 1353, 30, 30, 0.0);
INSERT INTO mainrows(id, symbol_id, self_count, cumulative_count, kids, self_calls, total_calls, self_paths, total_paths, pct) VALUES(1579, 1579, 5412, 5412, 0, 402, 1353, 30, 30, 0.0);
INSERT INTO mainrows(id, symbol_id, self_count, cumulative_count, kids, self_calls, total_calls, self_paths, total_paths, pct) VALUES(1580, 1580, 5412, 5412, 0, 400, 1353, 30, 30, 0.0);
INSERT INTO mainrows(id, symbol_id, self_count, cumulative_count, kids, self_calls, total_calls, self_paths, total_paths, pct) VALUES(1581, 1581, 5412, 5412, 0, 430, 1353, 30, 30, 0.0);
INSERT INTO mainrows(id, symbol_id, self_count, cumulative_count, kids, self_calls, total_calls, self_paths, total_paths, pct) VALUES(1582, 1582, 5412, 5412, 0, 454, 1353, 30, 30, 0.0);
INSERT INTO mainrows(id, symbol_id, self_count, cumulative_count, kids, self_calls, total_calls, self_paths, total_paths, pct) VALUES(1583, 1583, 5412, 5412, 0, 357, 1353, 30, 30, 0.0);
INSERT INTO mainrows(id, symbol_id, self_count, cumulative_count, kids, self_calls, total_calls, self_paths, total_paths, pct) VALUES(1584, 1584, 280572, 280572, 3, 27081, 70143, 1588, 1588, 0.0);
INSERT INTO mainrows(id, symbol_id, self_count, cumulative_count, kids, self_calls, total_calls, self_paths, total_paths, pct) VALUES(1585, 1585, 59236, 59236, 10, 6847, 14809, 343, 343, 0.0);
INSERT INTO mainrows(id, symbol_id, self_count, cumulative_count, kids, self_calls, total_calls, self_paths, total_paths, pct) VALUES(1586, 1586, 5412, 5412, 0, 548, 1353, 30, 30, 0.0);
INSERT INTO mainrows(id, symbol_id, self_count, cumulative_count, kids, self_calls, total_calls, self_paths, total_paths, pct) VALUES(1587, 1587, 5412, 5412, 0, 630, 1353, 30, 30, 0.0);
INSERT INTO mainrows(id, symbol_id, self_count, cumulative_count, kids, self_calls, total_calls, self_paths, total_paths, pct) VALUES(1588, 1588, 5412, 5412, 0, 614, 1353, 30, 30, 0.0);
INSERT INTO mainrows(id, symbol_id, self_count, cumulative_count, kids, self_calls, total_calls, self_paths, total_paths, pct) VALUES(1589, 1589, 5412, 5412, 0, 626, 1353, 30, 30, 0.0);
INSERT INTO mainrows(id, symbol_id, self_count, cumulative_count, kids, self_calls, total_calls, self_paths, total_paths, pct) VALUES(1590, 1590, 5412, 5412, 0, 621, 1353, 30, 30, 0.0);
INSERT INTO mainrows(id, symbol_id, self_count, cumulative_count, kids, self_calls, total_calls, self_paths, total_paths, pct) VALUES(1591, 1591, 5412, 5412, 0, 610, 1353, 30, 30, 0.0);
INSERT INTO mainrows(id, symbol_id, self_count, cumulative_count, kids, self_calls, total_calls, self_paths, total_paths, pct) VALUES(1592, 1592, 5412, 5412, 0, 609, 1353, 30, 30, 0.0);
INSERT INTO mainrows(id, symbol_id, self_count, cumulative_count, kids, self_calls, total_calls, self_paths, total_paths, pct) VALUES(1593, 1593, 5412, 5412, 0, 600, 1353, 30, 30, 0.0);
INSERT INTO mainrows(id, symbol_id, self_count, cumulative_count, kids, self_calls, total_calls, self_paths, total_paths, pct) VALUES(1594, 1594, 5412, 5412, 0, 563, 1353, 30, 30, 0.0);
INSERT INTO mainrows(id, symbol_id, self_count, cumulative_count, kids, self_calls, total_calls, self_paths, total_paths, pct) VALUES(1595, 1595, 5412, 5412, 0, 497, 1353, 30, 30, 0.0);
INSERT INTO mainrows(id, symbol_id, self_count, cumulative_count, kids, self_calls, total_calls, self_paths, total_paths, pct) VALUES(1596, 1596, 92308, 92308, 16, 8881, 23077, 523, 523, 0.0);
INSERT INTO mainrows(id, symbol_id, self_count, cumulative_count, kids, self_calls, total_calls, self_paths, total_paths, pct) VALUES(1597, 1597, 5412, 5412, 0, 422, 1353, 30, 30, 0.0);
INSERT INTO mainrows(id, symbol_id, self_count, cumulative_count, kids, self_calls, total_calls, self_paths, total_paths, pct) VALUES(1598, 1598, 5412, 5412, 0, 529, 1353, 30, 30, 0.0);
INSERT INTO mainrows(id, symbol_id, self_count, cumulative_count, kids, self_calls, total_calls, self_paths, total_paths, pct) VALUES(1599, 1599, 5412, 5412, 0, 510, 1353, 30, 30, 0.0);
INSERT INTO mainrows(id, symbol_id, self_count, cumulative_count, kids, self_calls, total_calls, self_paths, total_paths, pct) VALUES(1600, 1600, 5412, 5412, 0, 510, 1353, 30, 30, 0.0);
INSERT INTO mainrows(id, symbol_id, self_count, cumulative_count, kids, self_calls, total_calls, self_paths, total_paths, pct) VALUES(1601, 1601, 5412, 5412, 0, 496, 1353, 30, 30, 0.0);
INSERT INTO mainrows(id, symbol_id, self_count, cumulative_count, kids, self_calls, total_calls, self_paths, total_paths, pct) VALUES(1602, 1602, 5412, 5412, 0, 515, 1353, 30, 30, 0.0);
INSERT INTO mainrows(id, symbol_id, self_count, cumulative_count, kids, self_calls, total_calls, self_paths, total_paths, pct) VALUES(1603, 1603, 5412, 5412, 0, 516, 1353, 30, 30, 0.0);
INSERT INTO mainrows(id, symbol_id, self_count, cumulative_count, kids, self_calls, total_calls, self_paths, total_paths, pct) VALUES(1604, 1604, 5412, 5412, 0, 526, 1353, 30, 30, 0.0);
INSERT INTO mainrows(id, symbol_id, self_count, cumulative_count, kids, self_calls, total_calls, self_paths, total_paths, pct) VALUES(1605, 1605, 5412, 5412, 0, 509, 1353, 30, 30, 0.0);
INSERT INTO mainrows(id, symbol_id, self_count, cumulative_count, kids, self_calls, total_calls, self_paths, total_paths, pct) VALUES(1606, 1606, 5412, 5412, 0, 506, 1353, 30, 30, 0.0);
INSERT INTO mainrows(id, symbol_id, self_count, cumulative_count, kids, self_calls, total_calls, self_paths, total_paths, pct) VALUES(1607, 1607, 5412, 5412, 0, 508, 1353, 30, 30, 0.0);
INSERT INTO mainrows(id, symbol_id, self_count, cumulative_count, kids, self_calls, total_calls, self_paths, total_paths, pct) VALUES(1608, 1608, 5412, 5412, 0, 498, 1353, 30, 30, 0.0);
INSERT INTO mainrows(id, symbol_id, self_count, cumulative_count, kids, self_calls, total_calls, self_paths, total_paths, pct) VALUES(1609, 1609, 5412, 5412, 0, 492, 1353, 30, 30, 0.0);
INSERT INTO mainrows(id, symbol_id, self_count, cumulative_count, kids, self_calls, total_calls, self_paths, total_paths, pct) VALUES(1610, 1610, 5412, 5412, 0, 478, 1353, 30, 30, 0.0);
INSERT INTO mainrows(id, symbol_id, self_count, cumulative_count, kids, self_calls, total_calls, self_paths, total_paths, pct) VALUES(1611, 1611, 5412, 5412, 0, 474, 1353, 30, 30, 0.0);
INSERT INTO mainrows(id, symbol_id, self_count, cumulative_count, kids, self_calls, total_calls, self_paths, total_paths, pct) VALUES(1612, 1612, 5412, 5412, 0, 410, 1353, 30, 30, 0.0);
INSERT INTO mainrows(id, symbol_id, self_count, cumulative_count, kids, self_calls, total_calls, self_paths, total_paths, pct) VALUES(1613, 1613, 125380, 125380, 22, 10476, 31345, 703, 703, 0.0);
INSERT INTO mainrows(id, symbol_id, self_count, cumulative_count, kids, self_calls, total_calls, self_paths, total_paths, pct) VALUES(1614, 1614, 5412, 5412, 0, 370, 1353, 30, 30, 0.0);
INSERT INTO mainrows(id, symbol_id, self_count, cumulative_count, kids, self_calls, total_calls, self_paths, total_paths, pct) VALUES(1615, 1615, 5412, 5412, 0, 454, 1353, 30, 30, 0.0);
INSERT INTO mainrows(id, symbol_id, self_count, cumulative_count, kids, self_calls, total_calls, self_paths, total_paths, pct) VALUES(1616, 1616, 5412, 5412, 0, 409, 1353, 30, 30, 0.0);
INSERT INTO mainrows(id, symbol_id, self_count, cumulative_count, kids, self_calls, total_calls, self_paths, total_paths, pct) VALUES(1617, 1617, 5412, 5412, 0, 453, 1353, 30, 30, 0.0);
INSERT INTO mainrows(id, symbol_id, self_count, cumulative_count, kids, self_calls, total_calls, self_paths, total_paths, pct) VALUES(1618, 1618, 5412, 5412, 0, 417, 1353, 30, 30, 0.0);
INSERT INTO mainrows(id, symbol_id, self_count, cumulative_count, kids, self_calls, total_calls, self_paths, total_paths, pct) VALUES(1619, 1619, 5412, 5412, 0, 413, 1353, 30, 30, 0.0);
INSERT INTO mainrows(id, symbol_id, self_count, cumulative_count, kids, self_calls, total_calls, self_paths, total_paths, pct) VALUES(1620, 1620, 5412, 5412, 0, 437, 1353, 30, 30, 0.0);
INSERT INTO mainrows(id, symbol_id, self_count, cumulative_count, kids, self_calls, total_calls, self_paths, total_paths, pct) VALUES(1621, 1621, 5412, 5412, 0, 423, 1353, 30, 30, 0.0);
INSERT INTO mainrows(id, symbol_id, self_count, cumulative_count, kids, self_calls, total_calls, self_paths, total_paths, pct) VALUES(1622, 1622, 5412, 5412, 0, 434, 1353, 30, 30, 0.0);
INSERT INTO mainrows(id, symbol_id, self_count, cumulative_count, kids, self_calls, total_calls, self_paths, total_paths, pct) VALUES(1623, 1623, 5412, 5412, 0, 448, 1353, 30, 30, 0.0);
INSERT INTO mainrows(id, symbol_id, self_count, cumulative_count, kids, self_calls, total_calls, self_paths, total_paths, pct) VALUES(1624, 1624, 5412, 5412, 0, 455, 1353, 30, 30, 0.0);
INSERT INTO mainrows(id, symbol_id, self_count, cumulative_count, kids, self_calls, total_calls, self_paths, total_paths, pct) VALUES(1625, 1625, 5412, 5412, 0, 420, 1353, 30, 30, 0.0);
INSERT INTO mainrows(id, symbol_id, self_count, cumulative_count, kids, self_calls, total_calls, self_paths, total_paths, pct) VALUES(1626, 1626, 5412, 5412, 0, 433, 1353, 30, 30, 0.0);
INSERT INTO mainrows(id, symbol_id, self_count, cumulative_count, kids, self_calls, total_calls, self_paths, total_paths, pct) VALUES(1627, 1627, 5412, 5412, 0, 460, 1353, 30, 30, 0.0);
INSERT INTO mainrows(id, symbol_id, self_count, cumulative_count, kids, self_calls, total_calls, self_paths, total_paths, pct) VALUES(1628, 1628, 5412, 5412, 0, 443, 1353, 30, 30, 0.0);
INSERT INTO mainrows(id, symbol_id, self_count, cumulative_count, kids, self_calls, total_calls, self_paths, total_paths, pct) VALUES(1629, 1629, 5412, 5412, 0, 462, 1353, 30, 30, 0.0);
INSERT INTO mainrows(id, symbol_id, self_count, cumulative_count, kids, self_calls, total_calls, self_paths, total_paths, pct) VALUES(1630, 1630, 5412, 5412, 0, 433, 1353, 30, 30, 0.0);
INSERT INTO mainrows(id, symbol_id, self_count, cumulative_count, kids, self_calls, total_calls, self_paths, total_paths, pct) VALUES(1631, 1631, 5412, 5412, 0, 420, 1353, 30, 30, 0.0);
INSERT INTO mainrows(id, symbol_id, self_count, cumulative_count, kids, self_calls, total_calls, self_paths, total_paths, pct) VALUES(1632, 1632, 5412, 5412, 0, 429, 1353, 30, 30, 0.0);
INSERT INTO mainrows(id, symbol_id, self_count, cumulative_count, kids, self_calls, total_calls, self_paths, total_paths, pct) VALUES(1633, 1633, 5412, 5412, 0, 416, 1353, 30, 30, 0.0);
INSERT INTO mainrows(id, symbol_id, self_count, cumulative_count, kids, self_calls, total_calls, self_paths, total_paths, pct) VALUES(1634, 1634, 5412, 5412, 0, 411, 1353, 30, 30, 0.0);
INSERT INTO mainrows(id, symbol_id, self_count, cumulative_count, kids, self_calls, total_calls, self_paths, total_paths, pct) VALUES(1635, 1635, 5412, 5412, 0, 333, 1353, 30, 30, 0.0);
INSERT INTO mainrows(id, symbol_id, self_count, cumulative_count, kids, self_calls, total_calls, self_paths, total_paths, pct) VALUES(1636, 1636, 280572, 280572, 3, 27001, 70143, 1588, 1588, 0.0);
INSERT INTO mainrows(id, symbol_id, self_count, cumulative_count, kids, self_calls, total_calls, self_paths, total_paths, pct) VALUES(1637, 1637, 59236, 59236, 10, 6756, 14809, 343, 343, 0.0);
INSERT INTO mainrows(id, symbol_id, self_count, cumulative_count, kids, self_calls, total_calls, self_paths, total_paths, pct) VALUES(1638, 1638, 5412, 5412, 0, 518, 1353, 30, 30, 0.0);
INSERT INTO mainrows(id, symbol_id, self_count, cumulative_count, kids, self_calls, total_calls, self_paths, total_paths, pct) VALUES(1639, 1639, 5412, 5412, 0, 599, 1353, 30, 30, 0.0);
INSERT INTO mainrows(id, symbol_id, self_count, cumulative_count, kids, self_calls, total_calls, self_paths, total_paths, pct) VALUES(1640, 1640, 5412, 5412, 0, 632, 1353, 30, 30, 0.0);
INSERT INTO mainrows(id, symbol_id, self_count, cumulative_count, kids, self_calls, total_calls, self_paths, total_paths, pct) VALUES(1641, 1641, 5412, 5412, 0, 584, 1353, 30, 30, 0.0);
INSERT INTO mainrows(id, symbol_id, self_count, cumulative_count, kids, self_calls, total_calls, self_paths, total_paths, pct) VALUES(1642, 1642, 5412, 5412, 0, 599, 1353, 30, 30, 0.0);
INSERT INTO mainrows(id, symbol_id, self_count, cumulative_count, kids, self_calls, total_calls, self_paths, total_paths, pct) VALUES(1643, 1643, 5412, 5412, 0, 580, 1353, 30, 30, 0.0);
INSERT INTO mainrows(id, symbol_id, self_count, cumulative_count, kids, self_calls, total_calls, self_paths, total_paths, pct) VALUES(1644, 1644, 5412, 5412, 0, 622, 1353, 30, 30, 0.0);
INSERT INTO mainrows(id, symbol_id, self_count, cumulative_count, kids, self_calls, total_calls, self_paths, total_paths, pct) VALUES(1645, 1645, 5412, 5412, 0, 585, 1353, 30, 30, 0.0);
INSERT INTO mainrows(id, symbol_id, self_count, cumulative_count, kids, self_calls, total_calls, self_paths, total_paths, pct) VALUES(1646, 1646, 5412, 5412, 0, 594, 1353, 30, 30, 0.0);
INSERT INTO mainrows(id, symbol_id, self_count, cumulative_count, kids, self_calls, total_calls, self_paths, total_paths, pct) VALUES(1647, 1647, 5412, 5412, 0, 502, 1353, 30, 30, 0.0);
INSERT INTO mainrows(id, symbol_id, self_count, cumulative_count, kids, self_calls, total_calls, self_paths, total_paths, pct) VALUES(1648, 1648, 92308, 92308, 16, 8765, 23077, 523, 523, 0.0);
INSERT INTO mainrows(id, symbol_id, self_count, cumulative_count, kids, self_calls, total_calls, self_paths, total_paths, pct) VALUES(1649, 1649, 5412, 5412, 0, 408, 1353, 30, 30, 0.0);
INSERT INTO mainrows(id, symbol_id, self_count, cumulative_count, kids, self_calls, total_calls, self_paths, total_paths, pct) VALUES(1650, 1650, 5412, 5412, 0, 495, 1353, 30, 30, 0.0);
INSERT INTO mainrows(id, symbol_id, self_count, cumulative_count, kids, self_calls, total_calls, self_paths, total_paths, pct) VALUES(1651, 1651, 5412, 5412, 0, 516, 1353, 30, 30, 0.0);
INSERT INTO mainrows(id, symbol_id, self_count, cumulative_count, kids, self_calls, total_calls, self_paths, total_paths, pct) VALUES(1652, 1652, 5412, 5412, 0, 517, 1353, 30, 30, 0.0);
INSERT INTO mainrows(id, symbol_id, self_count, cumulative_count, kids, self_calls, total_calls, self_paths, total_paths, pct) VALUES(1653, 1653, 5412, 5412, 0, 534, 1353, 30, 30, 0.0);
INSERT INTO mainrows(id, symbol_id, self_count, cumulative_count, kids, self_calls, total_calls, self_paths, total_paths, pct) VALUES(1654, 1654, 5412, 5412, 0, 501, 1353, 30, 30, 0.0);
INSERT INTO mainrows(id, symbol_id, self_count, cumulative_count, kids, self_calls, total_calls, self_paths, total_paths, pct) VALUES(1655, 1655, 5412, 5412, 0, 501, 1353, 30, 30, 0.0);
INSERT INTO mainrows(id, symbol_id, self_count, cumulative_count, kids, self_calls, total_calls, self_paths, total_paths, pct) VALUES(1656, 1656, 5412, 5412, 0, 464, 1353, 30, 30, 0.0);
INSERT INTO mainrows(id, symbol_id, self_count, cumulative_count, kids, self_calls, total_calls, self_paths, total_paths, pct) VALUES(1657, 1657, 5412, 5412, 0, 492, 1353, 30, 30, 0.0);
INSERT INTO mainrows(id, symbol_id, self_count, cumulative_count, kids, self_calls, total_calls, self_paths, total_paths, pct) VALUES(1658, 1658, 5412, 5412, 0, 481, 1353, 30, 30, 0.0);
INSERT INTO mainrows(id, symbol_id, self_count, cumulative_count, kids, self_calls, total_calls, self_paths, total_paths, pct) VALUES(1659, 1659, 5412, 5412, 0, 491, 1353, 30, 30, 0.0);
INSERT INTO mainrows(id, symbol_id, self_count, cumulative_count, kids, self_calls, total_calls, self_paths, total_paths, pct) VALUES(1660, 1660, 5412, 5412, 0, 491, 1353, 30, 30, 0.0);
INSERT INTO mainrows(id, symbol_id, self_count, cumulative_count, kids, self_calls, total_calls, self_paths, total_paths, pct) VALUES(1661, 1661, 5412, 5412, 0, 498, 1353, 30, 30, 0.0);
INSERT INTO mainrows(id, symbol_id, self_count, cumulative_count, kids, self_calls, total_calls, self_paths, total_paths, pct) VALUES(1662, 1662, 5412, 5412, 0, 497, 1353, 30, 30, 0.0);
INSERT INTO mainrows(id, symbol_id, self_count, cumulative_count, kids, self_calls, total_calls, self_paths, total_paths, pct) VALUES(1663, 1663, 5412, 5412, 0, 503, 1353, 30, 30, 0.0);
INSERT INTO mainrows(id, symbol_id, self_count, cumulative_count, kids, self_calls, total_calls, self_paths, total_paths, pct) VALUES(1664, 1664, 5412, 5412, 0, 376, 1353, 30, 30, 0.0);
INSERT INTO mainrows(id, symbol_id, self_count, cumulative_count, kids, self_calls, total_calls, self_paths, total_paths, pct) VALUES(1665, 1665, 125380, 125380, 22, 10595, 31345, 703, 703, 0.0);
INSERT INTO mainrows(id, symbol_id, self_count, cumulative_count, kids, self_calls, total_calls, self_paths, total_paths, pct) VALUES(1666, 1666, 5412, 5412, 0, 390, 1353, 30, 30, 0.0);
INSERT INTO mainrows(id, symbol_id, self_count, cumulative_count, kids, self_calls, total_calls, self_paths, total_paths, pct) VALUES(1667, 1667, 5412, 5412, 0, 434, 1353, 30, 30, 0.0);
INSERT INTO mainrows(id, symbol_id, self_count, cumulative_count, kids, self_calls, total_calls, self_paths, total_paths, pct) VALUES(1668, 1668, 5412, 5412, 0, 443, 1353, 30, 30, 0.0);
INSERT INTO mainrows(id, symbol_id, self_count, cumulative_count, kids, self_calls, total_calls, self_paths, total_paths, pct) VALUES(1669, 1669, 5412, 5412, 0, 417, 1353, 30, 30, 0.0);
INSERT INTO mainrows(id, symbol_id, self_count, cumulative_count, kids, self_calls, total_calls, self_paths, total_paths, pct) VALUES(1670, 1670, 5412, 5412, 0, 460, 1353, 30, 30, 0.0);
INSERT INTO mainrows(id, symbol_id, self_count, cumulative_count, kids, self_calls, total_calls, self_paths, total_paths, pct) VALUES(1671, 1671, 5412, 5412, 0, 449, 1353, 30, 30, 0.0);
INSERT INTO mainrows(id, symbol_id, self_count, cumulative_count, kids, self_calls, total_calls, self_paths, total_paths, pct) VALUES(1672, 1672, 5412, 5412, 0, 447, 1353, 30, 30, 0.0);
INSERT INTO mainrows(id, symbol_id, self_count, cumulative_count, kids, self_calls, total_calls, self_paths, total_paths, pct) VALUES(1673, 1673, 5412, 5412, 0, 433, 1353, 30, 30, 0.0);
INSERT INTO mainrows(id, symbol_id, self_count, cumulative_count, kids, self_calls, total_calls, self_paths, total_paths, pct) VALUES(1674, 1674, 5412, 5412, 0, 443, 1353, 30, 30, 0.0);
INSERT INTO mainrows(id, symbol_id, self_count, cumulative_count, kids, self_calls, total_calls, self_paths, total_paths, pct) VALUES(1675, 1675, 5412, 5412, 0, 427, 1353, 30, 30, 0.0);
INSERT INTO mainrows(id, symbol_id, self_count, cumulative_count, kids, self_calls, total_calls, self_paths, total_paths, pct) VALUES(1676, 1676, 5412, 5412, 0, 441, 1353, 30, 30, 0.0);
INSERT INTO mainrows(id, symbol_id, self_count, cumulative_count, kids, self_calls, total_calls, self_paths, total_paths, pct) VALUES(1677, 1677, 5412, 5412, 0, 418, 1353, 30, 30, 0.0);
INSERT INTO mainrows(id, symbol_id, self_count, cumulative_count, kids, self_calls, total_calls, self_paths, total_paths, pct) VALUES(1678, 1678, 5412, 5412, 0, 409, 1353, 30, 30, 0.0);
INSERT INTO mainrows(id, symbol_id, self_count, cumulative_count, kids, self_calls, total_calls, self_paths, total_paths, pct) VALUES(1679, 1679, 5412, 5412, 0, 424, 1353, 30, 30, 0.0);
INSERT INTO mainrows(id, symbol_id, self_count, cumulative_count, kids, self_calls, total_calls, self_paths, total_paths, pct) VALUES(1680, 1680, 5412, 5412, 0, 433, 1353, 30, 30, 0.0);
INSERT INTO mainrows(id, symbol_id, self_count, cumulative_count, kids, self_calls, total_calls, self_paths, total_paths, pct) VALUES(1681, 1681, 5412, 5412, 0, 428, 1353, 30, 30, 0.0);
INSERT INTO mainrows(id, symbol_id, self_count, cumulative_count, kids, self_calls, total_calls, self_paths, total_paths, pct) VALUES(1682, 1682, 5412, 5412, 0, 417, 1353, 30, 30, 0.0);
INSERT INTO mainrows(id, symbol_id, self_count, cumulative_count, kids, self_calls, total_calls, self_paths, total_paths, pct) VALUES(1683, 1683, 5412, 5412, 0, 450, 1353, 30, 30, 0.0);
INSERT INTO mainrows(id, symbol_id, self_count, cumulative_count, kids, self_calls, total_calls, self_paths, total_paths, pct) VALUES(1684, 1684, 5412, 5412, 0, 466, 1353, 30, 30, 0.0);
INSERT INTO mainrows(id, symbol_id, self_count, cumulative_count, kids, self_calls, total_calls, self_paths, total_paths, pct) VALUES(1685, 1685, 5412, 5412, 0, 443, 1353, 30, 30, 0.0);
INSERT INTO mainrows(id, symbol_id, self_count, cumulative_count, kids, self_calls, total_calls, self_paths, total_paths, pct) VALUES(1686, 1686, 5412, 5412, 0, 451, 1353, 30, 30, 0.0);
INSERT INTO mainrows(id, symbol_id, self_count, cumulative_count, kids, self_calls, total_calls, self_paths, total_paths, pct) VALUES(1687, 1687, 5412, 5412, 0, 342, 1353, 30, 30, 0.0);
INSERT INTO mainrows(id, symbol_id, self_count, cumulative_count, kids, self_calls, total_calls, self_paths, total_paths, pct) VALUES(1688, 1688, 887624, 887624, 2, 208331, 221906, 117, 117, 0.0);
INSERT INTO mainrows(id, symbol_id, self_count, cumulative_count, kids, self_calls, total_calls, self_paths, total_paths, pct) VALUES(1689, 1689, 443612, 443612, 0, 105669, 110903, 58, 58, 0.0);
INSERT INTO mainrows(id, symbol_id, self_count, cumulative_count, kids, self_calls, total_calls, self_paths, total_paths, pct) VALUES(1690, 1690, 444012, 444012, 0, 102662, 111003, 59, 59, 0.0);
INSERT INTO mainrows(id, symbol_id, self_count, cumulative_count, kids, self_calls, total_calls, self_paths, total_paths, pct) VALUES(1691, 1691, 564496, 564496, 4, 39204, 141124, 3137, 3137, 0.0);
INSERT INTO mainrows(id, symbol_id, self_count, cumulative_count, kids, self_calls, total_calls, self_paths, total_paths, pct) VALUES(1692, 1692, 138504, 138504, 2, 9687, 34626, 777, 777, 0.0);
INSERT INTO mainrows(id, symbol_id, self_count, cumulative_count, kids, self_calls, total_calls, self_paths, total_paths, pct) VALUES(1693, 1693, 68340, 68340, 12, 4645, 17085, 379, 379, 0.0);
INSERT INTO mainrows(id, symbol_id, self_count, cumulative_count, kids, self_calls, total_calls, self_paths, total_paths, pct) VALUES(1694, 1694, 5252, 5252, 0, 352, 1313, 28, 28, 0.0);
INSERT INTO mainrows(id, symbol_id, self_count, cumulative_count, kids, self_calls, total_calls, self_paths, total_paths, pct) VALUES(1695, 1695, 5252, 5252, 0, 367, 1313, 28, 28, 0.0);
INSERT INTO mainrows(id, symbol_id, self_count, cumulative_count, kids, self_calls, total_calls, self_paths, total_paths, pct) VALUES(1696, 1696, 5252, 5252, 0, 338, 1313, 28, 28, 0.0);
INSERT INTO mainrows(id, symbol_id, self_count, cumulative_count, kids, self_calls, total_calls, self_paths, total_paths, pct) VALUES(1697, 1697, 5252, 5252, 0, 351, 1313, 28, 28, 0.0);
INSERT INTO mainrows(id, symbol_id, self_count, cumulative_count, kids, self_calls, total_calls, self_paths, total_paths, pct) VALUES(1698, 1698, 5252, 5252, 0, 362, 1313, 28, 28, 0.0);
INSERT INTO mainrows(id, symbol_id, self_count, cumulative_count, kids, self_calls, total_calls, self_paths, total_paths, pct) VALUES(1699, 1699, 5252, 5252, 0, 302, 1313, 28, 28, 0.0);
INSERT INTO mainrows(id, symbol_id, self_count, cumulative_count, kids, self_calls, total_calls, self_paths, total_paths, pct) VALUES(1700, 1700, 5252, 5252, 0, 325, 1313, 28, 28, 0.0);
INSERT INTO mainrows(id, symbol_id, self_count, cumulative_count, kids, self_calls, total_calls, self_paths, total_paths, pct) VALUES(1701, 1701, 5252, 5252, 0, 319, 1313, 28, 28, 0.0);
INSERT INTO mainrows(id, symbol_id, self_count, cumulative_count, kids, self_calls, total_calls, self_paths, total_paths, pct) VALUES(1702, 1702, 5252, 5252, 0, 297, 1313, 28, 28, 0.0);
INSERT INTO mainrows(id, symbol_id, self_count, cumulative_count, kids, self_calls, total_calls, self_paths, total_paths, pct) VALUES(1703, 1703, 5252, 5252, 0, 319, 1313, 28, 28, 0.0);
INSERT INTO mainrows(id, symbol_id, self_count, cumulative_count, kids, self_calls, total_calls, self_paths, total_paths, pct) VALUES(1704, 1704, 5252, 5252, 0, 273, 1313, 28, 28, 0.0);
INSERT INTO mainrows(id, symbol_id, self_count, cumulative_count, kids, self_calls, total_calls, self_paths, total_paths, pct) VALUES(1705, 1705, 5252, 5252, 0, 329, 1313, 28, 28, 0.0);
INSERT INTO mainrows(id, symbol_id, self_count, cumulative_count, kids, self_calls, total_calls, self_paths, total_paths, pct) VALUES(1706, 1706, 68340, 68340, 12, 4634, 17085, 379, 379, 0.0);
INSERT INTO mainrows(id, symbol_id, self_count, cumulative_count, kids, self_calls, total_calls, self_paths, total_paths, pct) VALUES(1707, 1707, 5252, 5252, 0, 348, 1313, 28, 28, 0.0);
INSERT INTO mainrows(id, symbol_id, self_count, cumulative_count, kids, self_calls, total_calls, self_paths, total_paths, pct) VALUES(1708, 1708, 5252, 5252, 0, 357, 1313, 28, 28, 0.0);
INSERT INTO mainrows(id, symbol_id, self_count, cumulative_count, kids, self_calls, total_calls, self_paths, total_paths, pct) VALUES(1709, 1709, 5252, 5252, 0, 354, 1313, 28, 28, 0.0);
INSERT INTO mainrows(id, symbol_id, self_count, cumulative_count, kids, self_calls, total_calls, self_paths, total_paths, pct) VALUES(1710, 1710, 5252, 5252, 0, 351, 1313, 28, 28, 0.0);
INSERT INTO mainrows(id, symbol_id, self_count, cumulative_count, kids, self_calls, total_calls, self_paths, total_paths, pct) VALUES(1711, 1711, 5252, 5252, 0, 341, 1313, 28, 28, 0.0);
INSERT INTO mainrows(id, symbol_id, self_count, cumulative_count, kids, self_calls, total_calls, self_paths, total_paths, pct) VALUES(1712, 1712, 5252, 5252, 0, 324, 1313, 28, 28, 0.0);
INSERT INTO mainrows(id, symbol_id, self_count, cumulative_count, kids, self_calls, total_calls, self_paths, total_paths, pct) VALUES(1713, 1713, 5252, 5252, 0, 322, 1313, 28, 28, 0.0);
INSERT INTO mainrows(id, symbol_id, self_count, cumulative_count, kids, self_calls, total_calls, self_paths, total_paths, pct) VALUES(1714, 1714, 5252, 5252, 0, 301, 1313, 28, 28, 0.0);
INSERT INTO mainrows(id, symbol_id, self_count, cumulative_count, kids, self_calls, total_calls, self_paths, total_paths, pct) VALUES(1715, 1715, 5252, 5252, 0, 339, 1313, 28, 28, 0.0);
INSERT INTO mainrows(id, symbol_id, self_count, cumulative_count, kids, self_calls, total_calls, self_paths, total_paths, pct) VALUES(1716, 1716, 5252, 5252, 0, 293, 1313, 28, 28, 0.0);
INSERT INTO mainrows(id, symbol_id, self_count, cumulative_count, kids, self_calls, total_calls, self_paths, total_paths, pct) VALUES(1717, 1717, 5252, 5252, 0, 295, 1313, 28, 28, 0.0);
INSERT INTO mainrows(id, symbol_id, self_count, cumulative_count, kids, self_calls, total_calls, self_paths, total_paths, pct) VALUES(1718, 1718, 5252, 5252, 0, 308, 1313, 28, 28, 0.0);
INSERT INTO mainrows(id, symbol_id, self_count, cumulative_count, kids, self_calls, total_calls, self_paths, total_paths, pct) VALUES(1719, 1719, 138504, 138504, 2, 9176, 34626, 777, 777, 0.0);
INSERT INTO mainrows(id, symbol_id, self_count, cumulative_count, kids, self_calls, total_calls, self_paths, total_paths, pct) VALUES(1720, 1720, 68340, 68340, 12, 4585, 17085, 379, 379, 0.0);
INSERT INTO mainrows(id, symbol_id, self_count, cumulative_count, kids, self_calls, total_calls, self_paths, total_paths, pct) VALUES(1721, 1721, 5252, 5252, 0, 354, 1313, 28, 28, 0.0);
INSERT INTO mainrows(id, symbol_id, self_count, cumulative_count, kids, self_calls, total_calls, self_paths, total_paths, pct) VALUES(1722, 1722, 5252, 5252, 0, 306, 1313, 28, 28, 0.0);
INSERT INTO mainrows(id, symbol_id, self_count, cumulative_count, kids, self_calls, total_calls, self_paths, total_paths, pct) VALUES(1723, 1723, 5252, 5252, 0, 341, 1313, 28, 28, 0.0);
INSERT INTO mainrows(id, symbol_id, self_count, cumulative_count, kids, self_calls, total_calls, self_paths, total_paths, pct) VALUES(1724, 1724, 5252, 5252, 0, 321, 1313, 28, 28, 0.0);
INSERT INTO mainrows(id, symbol_id, self_count, cumulative_count, kids, self_calls, total_calls, self_paths, total_paths, pct) VALUES(1725, 1725, 5252, 5252, 0, 305, 1313, 28, 28, 0.0);
INSERT INTO mainrows(id, symbol_id, self_count, cumulative_count, kids, self_calls, total_calls, self_paths, total_paths, pct) VALUES(1726, 1726, 5252, 5252, 0, 326, 1313, 28, 28, 0.0);
INSERT INTO mainrows(id, symbol_id, self_count, cumulative_count, kids, self_calls, total_calls, self_paths, total_paths, pct) VALUES(1727, 1727, 5252, 5252, 0, 325, 1313, 28, 28, 0.0);
INSERT INTO mainrows(id, symbol_id, self_count, cumulative_count, kids, self_calls, total_calls, self_paths, total_paths, pct) VALUES(1728, 1728, 5252, 5252, 0, 327, 1313, 28, 28, 0.0);
INSERT INTO mainrows(id, symbol_id, self_count, cumulative_count, kids, self_calls, total_calls, self_paths, total_paths, pct) VALUES(1729, 1729, 5252, 5252, 0, 279, 1313, 28, 28, 0.0);
INSERT INTO mainrows(id, symbol_id, self_count, cumulative_count, kids, self_calls, total_calls, self_paths, total_paths, pct) VALUES(1730, 1730, 5252, 5252, 0, 325, 1313, 28, 28, 0.0);
INSERT INTO mainrows(id, symbol_id, self_count, cumulative_count, kids, self_calls, total_calls, self_paths, total_paths, pct) VALUES(1731, 1731, 5252, 5252, 0, 348, 1313, 28, 28, 0.0);
INSERT INTO mainrows(id, symbol_id, self_count, cumulative_count, kids, self_calls, total_calls, self_paths, total_paths, pct) VALUES(1732, 1732, 5252, 5252, 0, 334, 1313, 28, 28, 0.0);
INSERT INTO mainrows(id, symbol_id, self_count, cumulative_count, kids, self_calls, total_calls, self_paths, total_paths, pct) VALUES(1733, 1733, 68340, 68340, 12, 4200, 17085, 379, 379, 0.0);
INSERT INTO mainrows(id, symbol_id, self_count, cumulative_count, kids, self_calls, total_calls, self_paths, total_paths, pct) VALUES(1734, 1734, 5252, 5252, 0, 348, 1313, 28, 28, 0.0);
INSERT INTO mainrows(id, symbol_id, self_count, cumulative_count, kids, self_calls, total_calls, self_paths, total_paths, pct) VALUES(1735, 1735, 5252, 5252, 0, 300, 1313, 28, 28, 0.0);
INSERT INTO mainrows(id, symbol_id, self_count, cumulative_count, kids, self_calls, total_calls, self_paths, total_paths, pct) VALUES(1736, 1736, 5252, 5252, 0, 344, 1313, 28, 28, 0.0);
INSERT INTO mainrows(id, symbol_id, self_count, cumulative_count, kids, self_calls, total_calls, self_paths, total_paths, pct) VALUES(1737, 1737, 5252, 5252, 0, 313, 1313, 28, 28, 0.0);
INSERT INTO mainrows(id, symbol_id, self_count, cumulative_count, kids, self_calls, total_calls, self_paths, total_paths, pct) VALUES(1738, 1738, 5252, 5252, 0, 327, 1313, 28, 28, 0.0);
INSERT INTO mainrows(id, symbol_id, self_count, cumulative_count, kids, self_calls, total_calls, self_paths, total_paths, pct) VALUES(1739, 1739, 5252, 5252, 0, 327, 1313, 28, 28, 0.0);
INSERT INTO mainrows(id, symbol_id, self_count, cumulative_count, kids, self_calls, total_calls, self_paths, total_paths, pct) VALUES(1740, 1740, 5252, 5252, 0, 310, 1313, 28, 28, 0.0);
INSERT INTO mainrows(id, symbol_id, self_count, cumulative_count, kids, self_calls, total_calls, self_paths, total_paths, pct) VALUES(1741, 1741, 5252, 5252, 0, 0, 1313, 28, 28, 0.0);
INSERT INTO mainrows(id, symbol_id, self_count, cumulative_count, kids, self_calls, total_calls, self_paths, total_paths, pct) VALUES(1742, 1742, 5252, 5252, 0, 284, 1313, 28, 28, 0.0);
INSERT INTO mainrows(id, symbol_id, self_count, cumulative_count, kids, self_calls, total_calls, self_paths, total_paths, pct) VALUES(1743, 1743, 5252, 5252, 0, 330, 1313, 28, 28, 0.0);
INSERT INTO mainrows(id, symbol_id, self_count, cumulative_count, kids, self_calls, total_calls, self_paths, total_paths, pct) VALUES(1744, 1744, 5252, 5252, 0, 325, 1313, 28, 28, 0.0);
INSERT INTO mainrows(id, symbol_id, self_count, cumulative_count, kids, self_calls, total_calls, self_paths, total_paths, pct) VALUES(1745, 1745, 5252, 5252, 0, 318, 1313, 28, 28, 0.0);
INSERT INTO mainrows(id, symbol_id, self_count, cumulative_count, kids, self_calls, total_calls, self_paths, total_paths, pct) VALUES(1746, 1746, 138504, 138504, 2, 8837, 34626, 777, 777, 0.0);
INSERT INTO mainrows(id, symbol_id, self_count, cumulative_count, kids, self_calls, total_calls, self_paths, total_paths, pct) VALUES(1747, 1747, 68340, 68340, 12, 4877, 17085, 379, 379, 0.0);
INSERT INTO mainrows(id, symbol_id, self_count, cumulative_count, kids, self_calls, total_calls, self_paths, total_paths, pct) VALUES(1748, 1748, 5252, 5252, 0, 330, 1313, 28, 28, 0.0);
INSERT INTO mainrows(id, symbol_id, self_count, cumulative_count, kids, self_calls, total_calls, self_paths, total_paths, pct) VALUES(1749, 1749, 5252, 5252, 0, 350, 1313, 28, 28, 0.0);
INSERT INTO mainrows(id, symbol_id, self_count, cumulative_count, kids, self_calls, total_calls, self_paths, total_paths, pct) VALUES(1750, 1750, 5252, 5252, 0, 351, 1313, 28, 28, 0.0);
INSERT INTO mainrows(id, symbol_id, self_count, cumulative_count, kids, self_calls, total_calls, self_paths, total_paths, pct) VALUES(1751, 1751, 5252, 5252, 0, 361, 1313, 28, 28, 0.0);
INSERT INTO mainrows(id, symbol_id, self_count, cumulative_count, kids, self_calls, total_calls, self_paths, total_paths, pct) VALUES(1752, 1752, 5252, 5252, 0, 380, 1313, 28, 28, 0.0);
INSERT INTO mainrows(id, symbol_id, self_count, cumulative_count, kids, self_calls, total_calls, self_paths, total_paths, pct) VALUES(1753, 1753, 5252, 5252, 0, 339, 1313, 28, 28, 0.0);
INSERT INTO mainrows(id, symbol_id, self_count, cumulative_count, kids, self_calls, total_calls, self_paths, total_paths, pct) VALUES(1754, 1754, 5252, 5252, 0, 342, 1313, 28, 28, 0.0);
INSERT INTO mainrows(id, symbol_id, self_count, cumulative_count, kids, self_calls, total_calls, self_paths, total_paths, pct) VALUES(1755, 1755, 5252, 5252, 0, 345, 1313, 28, 28, 0.0);
INSERT INTO mainrows(id, symbol_id, self_count, cumulative_count, kids, self_calls, total_calls, self_paths, total_paths, pct) VALUES(1756, 1756, 5252, 5252, 0, 358, 1313, 28, 28, 0.0);
INSERT INTO mainrows(id, symbol_id, self_count, cumulative_count, kids, self_calls, total_calls, self_paths, total_paths, pct) VALUES(1757, 1757, 5252, 5252, 0, 338, 1313, 28, 28, 0.0);
INSERT INTO mainrows(id, symbol_id, self_count, cumulative_count, kids, self_calls, total_calls, self_paths, total_paths, pct) VALUES(1758, 1758, 5252, 5252, 0, 335, 1313, 28, 28, 0.0);
INSERT INTO mainrows(id, symbol_id, self_count, cumulative_count, kids, self_calls, total_calls, self_paths, total_paths, pct) VALUES(1759, 1759, 5252, 5252, 0, 341, 1313, 28, 28, 0.0);
INSERT INTO mainrows(id, symbol_id, self_count, cumulative_count, kids, self_calls, total_calls, self_paths, total_paths, pct) VALUES(1760, 1760, 68340, 68340, 12, 3603, 17085, 379, 379, 0.0);
INSERT INTO mainrows(id, symbol_id, self_count, cumulative_count, kids, self_calls, total_calls, self_paths, total_paths, pct) VALUES(1761, 1761, 5252, 5252, 0, 338, 1313, 28, 28, 0.0);
INSERT INTO mainrows(id, symbol_id, self_count, cumulative_count, kids, self_calls, total_calls, self_paths, total_paths, pct) VALUES(1762, 1762, 5252, 5252, 0, 322, 1313, 28, 28, 0.0);
INSERT INTO mainrows(id, symbol_id, self_count, cumulative_count, kids, self_calls, total_calls, self_paths, total_paths, pct) VALUES(1763, 1763, 5252, 5252, 0, 338, 1313, 28, 28, 0.0);
INSERT INTO mainrows(id, symbol_id, self_count, cumulative_count, kids, self_calls, total_calls, self_paths, total_paths, pct) VALUES(1764, 1764, 5252, 5252, 0, 0, 1313, 28, 28, 0.0);
INSERT INTO mainrows(id, symbol_id, self_count, cumulative_count, kids, self_calls, total_calls, self_paths, total_paths, pct) VALUES(1765, 1765, 5252, 5252, 0, 0, 1313, 28, 28, 0.0);
INSERT INTO mainrows(id, symbol_id, self_count, cumulative_count, kids, self_calls, total_calls, self_paths, total_paths, pct) VALUES(1766, 1766, 5252, 5252, 0, 0, 1313, 28, 28, 0.0);
INSERT INTO mainrows(id, symbol_id, self_count, cumulative_count, kids, self_calls, total_calls, self_paths, total_paths, pct) VALUES(1767, 1767, 5252, 5252, 0, 317, 1313, 28, 28, 0.0);
INSERT INTO mainrows(id, symbol_id, self_count, cumulative_count, kids, self_calls, total_calls, self_paths, total_paths, pct) VALUES(1768, 1768, 5252, 5252, 0, 326, 1313, 28, 28, 0.0);
INSERT INTO mainrows(id, symbol_id, self_count, cumulative_count, kids, self_calls, total_calls, self_paths, total_paths, pct) VALUES(1769, 1769, 5252, 5252, 0, 351, 1313, 28, 28, 0.0);
INSERT INTO mainrows(id, symbol_id, self_count, cumulative_count, kids, self_calls, total_calls, self_paths, total_paths, pct) VALUES(1770, 1770, 5252, 5252, 0, 319, 1313, 28, 28, 0.0);
INSERT INTO mainrows(id, symbol_id, self_count, cumulative_count, kids, self_calls, total_calls, self_paths, total_paths, pct) VALUES(1771, 1771, 5252, 5252, 0, 325, 1313, 28, 28, 0.0);
INSERT INTO mainrows(id, symbol_id, self_count, cumulative_count, kids, self_calls, total_calls, self_paths, total_paths, pct) VALUES(1772, 1772, 5252, 5252, 0, 344, 1313, 28, 28, 0.0);
INSERT INTO mainrows(id, symbol_id, self_count, cumulative_count, kids, self_calls, total_calls, self_paths, total_paths, pct) VALUES(1773, 1773, 138504, 138504, 2, 9848, 34626, 777, 777, 0.0);
INSERT INTO mainrows(id, symbol_id, self_count, cumulative_count, kids, self_calls, total_calls, self_paths, total_paths, pct) VALUES(1774, 1774, 68340, 68340, 12, 4752, 17085, 379, 379, 0.0);
INSERT INTO mainrows(id, symbol_id, self_count, cumulative_count, kids, self_calls, total_calls, self_paths, total_paths, pct) VALUES(1775, 1775, 5252, 5252, 0, 334, 1313, 28, 28, 0.0);
INSERT INTO mainrows(id, symbol_id, self_count, cumulative_count, kids, self_calls, total_calls, self_paths, total_paths, pct) VALUES(1776, 1776, 5252, 5252, 0, 364, 1313, 28, 28, 0.0);
INSERT INTO mainrows(id, symbol_id, self_count, cumulative_count, kids, self_calls, total_calls, self_paths, total_paths, pct) VALUES(1777, 1777, 5252, 5252, 0, 339, 1313, 28, 28, 0.0);
INSERT INTO mainrows(id, symbol_id, self_count, cumulative_count, kids, self_calls, total_calls, self_paths, total_paths, pct) VALUES(1778, 1778, 5252, 5252, 0, 328, 1313, 28, 28, 0.0);
INSERT INTO mainrows(id, symbol_id, self_count, cumulative_count, kids, self_calls, total_calls, self_paths, total_paths, pct) VALUES(1779, 1779, 5252, 5252, 0, 342, 1313, 28, 28, 0.0);
INSERT INTO mainrows(id, symbol_id, self_count, cumulative_count, kids, self_calls, total_calls, self_paths, total_paths, pct) VALUES(1780, 1780, 5252, 5252, 0, 330, 1313, 28, 28, 0.0);
INSERT INTO mainrows(id, symbol_id, self_count, cumulative_count, kids, self_calls, total_calls, self_paths, total_paths, pct) VALUES(1781, 1781, 5252, 5252, 0, 335, 1313, 28, 28, 0.0);
INSERT INTO mainrows(id, symbol_id, self_count, cumulative_count, kids, self_calls, total_calls, self_paths, total_paths, pct) VALUES(1782, 1782, 5252, 5252, 0, 351, 1313, 28, 28, 0.0);
INSERT INTO mainrows(id, symbol_id, self_count, cumulative_count, kids, self_calls, total_calls, self_paths, total_paths, pct) VALUES(1783, 1783, 5252, 5252, 0, 336, 1313, 28, 28, 0.0);
INSERT INTO mainrows(id, symbol_id, self_count, cumulative_count, kids, self_calls, total_calls, self_paths, total_paths, pct) VALUES(1784, 1784, 5252, 5252, 0, 337, 1313, 28, 28, 0.0);
INSERT INTO mainrows(id, symbol_id, self_count, cumulative_count, kids, self_calls, total_calls, self_paths, total_paths, pct) VALUES(1785, 1785, 5252, 5252, 0, 331, 1313, 28, 28, 0.0);
INSERT INTO mainrows(id, symbol_id, self_count, cumulative_count, kids, self_calls, total_calls, self_paths, total_paths, pct) VALUES(1786, 1786, 5252, 5252, 0, 315, 1313, 28, 28, 0.0);
INSERT INTO mainrows(id, symbol_id, self_count, cumulative_count, kids, self_calls, total_calls, self_paths, total_paths, pct) VALUES(1787, 1787, 68340, 68340, 12, 4688, 17085, 379, 379, 0.0);
INSERT INTO mainrows(id, symbol_id, self_count, cumulative_count, kids, self_calls, total_calls, self_paths, total_paths, pct) VALUES(1788, 1788, 5252, 5252, 0, 335, 1313, 28, 28, 0.0);
INSERT INTO mainrows(id, symbol_id, self_count, cumulative_count, kids, self_calls, total_calls, self_paths, total_paths, pct) VALUES(1789, 1789, 5252, 5252, 0, 360, 1313, 28, 28, 0.0);
INSERT INTO mainrows(id, symbol_id, self_count, cumulative_count, kids, self_calls, total_calls, self_paths, total_paths, pct) VALUES(1790, 1790, 5252, 5252, 0, 340, 1313, 28, 28, 0.0);
INSERT INTO mainrows(id, symbol_id, self_count, cumulative_count, kids, self_calls, total_calls, self_paths, total_paths, pct) VALUES(1791, 1791, 5252, 5252, 0, 338, 1313, 28, 28, 0.0);
INSERT INTO mainrows(id, symbol_id, self_count, cumulative_count, kids, self_calls, total_calls, self_paths, total_paths, pct) VALUES(1792, 1792, 5252, 5252, 0, 321, 1313, 28, 28, 0.0);
INSERT INTO mainrows(id, symbol_id, self_count, cumulative_count, kids, self_calls, total_calls, self_paths, total_paths, pct) VALUES(1793, 1793, 5252, 5252, 0, 339, 1313, 28, 28, 0.0);
INSERT INTO mainrows(id, symbol_id, self_count, cumulative_count, kids, self_calls, total_calls, self_paths, total_paths, pct) VALUES(1794, 1794, 5252, 5252, 0, 337, 1313, 28, 28, 0.0);
INSERT INTO mainrows(id, symbol_id, self_count, cumulative_count, kids, self_calls, total_calls, self_paths, total_paths, pct) VALUES(1795, 1795, 5252, 5252, 0, 336, 1313, 28, 28, 0.0);
INSERT INTO mainrows(id, symbol_id, self_count, cumulative_count, kids, self_calls, total_calls, self_paths, total_paths, pct) VALUES(1796, 1796, 5252, 5252, 0, 325, 1313, 28, 28, 0.0);
INSERT INTO mainrows(id, symbol_id, self_count, cumulative_count, kids, self_calls, total_calls, self_paths, total_paths, pct) VALUES(1797, 1797, 5252, 5252, 0, 331, 1313, 28, 28, 0.0);
INSERT INTO mainrows(id, symbol_id, self_count, cumulative_count, kids, self_calls, total_calls, self_paths, total_paths, pct) VALUES(1798, 1798, 5252, 5252, 0, 305, 1313, 28, 28, 0.0);
INSERT INTO mainrows(id, symbol_id, self_count, cumulative_count, kids, self_calls, total_calls, self_paths, total_paths, pct) VALUES(1799, 1799, 5252, 5252, 0, 316, 1313, 28, 28, 0.0);
INSERT INTO mainrows(id, symbol_id, self_count, cumulative_count, kids, self_calls, total_calls, self_paths, total_paths, pct) VALUES(1800, 1800, 56, 56, 4, 10, 14, 1, 1, 0.0);
INSERT INTO mainrows(id, symbol_id, self_count, cumulative_count, kids, self_calls, total_calls, self_paths, total_paths, pct) VALUES(1801, 1801, 0, 0, 0, 0, 0, 0, 0, 0.0);
INSERT INTO mainrows(id, symbol_id, self_count, cumulative_count, kids, self_calls, total_calls, self_paths, total_paths, pct) VALUES(1802, 1802, 0, 0, 0, 0, 0, 0, 0, 0.0);
INSERT INTO mainrows(id, symbol_id, self_count, cumulative_count, kids, self_calls, total_calls, self_paths, total_paths, pct) VALUES(1803, 1803, 0, 0, 0, 0, 0, 0, 0, 0.0);
INSERT INTO mainrows(id, symbol_id, self_count, cumulative_count, kids, self_calls, total_calls, self_paths, total_paths, pct) VALUES(1804, 1804, 0, 0, 0, 0, 0, 0, 0, 0.0);
INSERT INTO mainrows(id, symbol_id, self_count, cumulative_count, kids, self_calls, total_calls, self_paths, total_paths, pct) VALUES(1805, 1805, 480, 480, 0, 42, 120, 3, 3, 0.0);
INSERT INTO mainrows(id, symbol_id, self_count, cumulative_count, kids, self_calls, total_calls, self_paths, total_paths, pct) VALUES(1806, 1806, 24, 24, 0, 6, 6, 2, 2, 0.0);
INSERT INTO parents(self_id, child_id, to_child_count, to_child_calls, to_child_paths, pct) VALUES(10,1437,82420,20605,9,0);
INSERT INTO parents(self_id, child_id, to_child_count, to_child_calls, to_child_paths, pct) VALUES(1437,1438,35208,8802,5,0);
INSERT INTO parents(self_id, child_id, to_child_count, to_child_calls, to_child_paths, pct) VALUES(1438,1439,672,168,10,0);
INSERT INTO parents(self_id, child_id, to_child_count, to_child_calls, to_child_paths, pct) VALUES(1438,1440,672,168,10,0);
INSERT INTO parents(self_id, child_id, to_child_count, to_child_calls, to_child_paths, pct) VALUES(1438,1441,672,168,10,0);
INSERT INTO parents(self_id, child_id, to_child_count, to_child_calls, to_child_paths, pct) VALUES(1438,1442,672,168,10,0);
INSERT INTO parents(self_id, child_id, to_child_count, to_child_calls, to_child_paths, pct) VALUES(1438,1443,672,168,10,0);
INSERT INTO parents(self_id, child_id, to_child_count, to_child_calls, to_child_paths, pct) VALUES(1438,1444,672,168,10,0);
INSERT INTO parents(self_id, child_id, to_child_count, to_child_calls, to_child_paths, pct) VALUES(1438,1445,672,168,10,0);
INSERT INTO parents(self_id, child_id, to_child_count, to_child_calls, to_child_paths, pct) VALUES(1438,1446,672,168,10,0);
INSERT INTO parents(self_id, child_id, to_child_count, to_child_calls, to_child_paths, pct) VALUES(1438,1447,672,168,10,0);
INSERT INTO parents(self_id, child_id, to_child_count, to_child_calls, to_child_paths, pct) VALUES(1438,1448,672,168,10,0);
INSERT INTO parents(self_id, child_id, to_child_count, to_child_calls, to_child_paths, pct) VALUES(1438,1449,672,168,10,0);
INSERT INTO parents(self_id, child_id, to_child_count, to_child_calls, to_child_paths, pct) VALUES(1438,1450,672,168,10,0);
INSERT INTO parents(self_id, child_id, to_child_count, to_child_calls, to_child_paths, pct) VALUES(1438,1451,672,168,10,0);
INSERT INTO parents(self_id, child_id, to_child_count, to_child_calls, to_child_paths, pct) VALUES(1438,1452,672,168,10,0);
INSERT INTO parents(self_id, child_id, to_child_count, to_child_calls, to_child_paths, pct) VALUES(1438,1453,672,168,10,0);
INSERT INTO parents(self_id, child_id, to_child_count, to_child_calls, to_child_paths, pct) VALUES(1438,1454,672,168,10,0);
INSERT INTO parents(self_id, child_id, to_child_count, to_child_calls, to_child_paths, pct) VALUES(1438,1455,672,168,10,0);
INSERT INTO parents(self_id, child_id, to_child_count, to_child_calls, to_child_paths, pct) VALUES(1438,1456,672,168,10,0);
INSERT INTO parents(self_id, child_id, to_child_count, to_child_calls, to_child_paths, pct) VALUES(1438,1457,672,168,10,0);
INSERT INTO parents(self_id, child_id, to_child_count, to_child_calls, to_child_paths, pct) VALUES(1438,1458,672,168,10,0);
INSERT INTO parents(self_id, child_id, to_child_count, to_child_calls, to_child_paths, pct) VALUES(1438,1459,672,168,10,0);
INSERT INTO parents(self_id, child_id, to_child_count, to_child_calls, to_child_paths, pct) VALUES(1438,1460,672,168,10,0);
INSERT INTO parents(self_id, child_id, to_child_count, to_child_calls, to_child_paths, pct) VALUES(1438,1461,672,168,10,0);
INSERT INTO parents(self_id, child_id, to_child_count, to_child_calls, to_child_paths, pct) VALUES(1438,1462,672,168,10,0);
INSERT INTO parents(self_id, child_id, to_child_count, to_child_calls, to_child_paths, pct) VALUES(1438,1463,672,168,10,0);
INSERT INTO parents(self_id, child_id, to_child_count, to_child_calls, to_child_paths, pct) VALUES(1438,1464,672,168,10,0);
INSERT INTO parents(self_id, child_id, to_child_count, to_child_calls, to_child_paths, pct) VALUES(1438,1465,672,168,10,0);
INSERT INTO parents(self_id, child_id, to_child_count, to_child_calls, to_child_paths, pct) VALUES(1438,1466,672,168,10,0);
INSERT INTO parents(self_id, child_id, to_child_count, to_child_calls, to_child_paths, pct) VALUES(1438,1467,672,168,10,0);
INSERT INTO parents(self_id, child_id, to_child_count, to_child_calls, to_child_paths, pct) VALUES(1438,1468,672,168,10,0);
INSERT INTO parents(self_id, child_id, to_child_count, to_child_calls, to_child_paths, pct) VALUES(1438,1469,672,168,10,0);
INSERT INTO parents(self_id, child_id, to_child_count, to_child_calls, to_child_paths, pct) VALUES(1438,1470,672,168,10,0);
INSERT INTO parents(self_id, child_id, to_child_count, to_child_calls, to_child_paths, pct) VALUES(1438,1471,672,168,10,0);
INSERT INTO parents(self_id, child_id, to_child_count, to_child_calls, to_child_paths, pct) VALUES(1438,1472,672,168,10,0);
INSERT INTO parents(self_id, child_id, to_child_count, to_child_calls, to_child_paths, pct) VALUES(1438,1473,672,168,10,0);
INSERT INTO parents(self_id, child_id, to_child_count, to_child_calls, to_child_paths, pct) VALUES(1438,1474,672,168,10,0);
INSERT INTO parents(self_id, child_id, to_child_count, to_child_calls, to_child_paths, pct) VALUES(1438,1475,672,168,10,0);
INSERT INTO parents(self_id, child_id, to_child_count, to_child_calls, to_child_paths, pct) VALUES(1438,1476,672,168,10,0);
INSERT INTO parents(self_id, child_id, to_child_count, to_child_calls, to_child_paths, pct) VALUES(1438,1477,672,168,10,0);
INSERT INTO parents(self_id, child_id, to_child_count, to_child_calls, to_child_paths, pct) VALUES(1438,1478,672,168,10,0);
INSERT INTO parents(self_id, child_id, to_child_count, to_child_calls, to_child_paths, pct) VALUES(1437,1479,44064,11016,64,0);
INSERT INTO parents(self_id, child_id, to_child_count, to_child_calls, to_child_paths, pct) VALUES(1479,1480,3648,912,19,0);
INSERT INTO parents(self_id, child_id, to_child_count, to_child_calls, to_child_paths, pct) VALUES(1480,1481,5116,1279,43,0);
INSERT INTO parents(self_id, child_id, to_child_count, to_child_calls, to_child_paths, pct) VALUES(1481,1482,5412,1353,30,0);
INSERT INTO parents(self_id, child_id, to_child_count, to_child_calls, to_child_paths, pct) VALUES(1481,1483,5412,1353,30,0);
INSERT INTO parents(self_id, child_id, to_child_count, to_child_calls, to_child_paths, pct) VALUES(1481,1484,5412,1353,30,0);
INSERT INTO parents(self_id, child_id, to_child_count, to_child_calls, to_child_paths, pct) VALUES(1481,1485,5412,1353,30,0);
INSERT INTO parents(self_id, child_id, to_child_count, to_child_calls, to_child_paths, pct) VALUES(1481,1486,5412,1353,30,0);
INSERT INTO parents(self_id, child_id, to_child_count, to_child_calls, to_child_paths, pct) VALUES(1481,1487,5412,1353,30,0);
INSERT INTO parents(self_id, child_id, to_child_count, to_child_calls, to_child_paths, pct) VALUES(1481,1488,5412,1353,30,0);
INSERT INTO parents(self_id, child_id, to_child_count, to_child_calls, to_child_paths, pct) VALUES(1481,1489,5412,1353,30,0);
INSERT INTO parents(self_id, child_id, to_child_count, to_child_calls, to_child_paths, pct) VALUES(1481,1490,5412,1353,30,0);
INSERT INTO parents(self_id, child_id, to_child_count, to_child_calls, to_child_paths, pct) VALUES(1481,1491,5412,1353,30,0);
INSERT INTO parents(self_id, child_id, to_child_count, to_child_calls, to_child_paths, pct) VALUES(1480,1492,5716,1429,43,0);
INSERT INTO parents(self_id, child_id, to_child_count, to_child_calls, to_child_paths, pct) VALUES(1492,1493,5412,1353,30,0);
INSERT INTO parents(self_id, child_id, to_child_count, to_child_calls, to_child_paths, pct) VALUES(1492,1494,5412,1353,30,0);
INSERT INTO parents(self_id, child_id, to_child_count, to_child_calls, to_child_paths, pct) VALUES(1492,1495,5412,1353,30,0);
INSERT INTO parents(self_id, child_id, to_child_count, to_child_calls, to_child_paths, pct) VALUES(1492,1496,5412,1353,30,0);
INSERT INTO parents(self_id, child_id, to_child_count, to_child_calls, to_child_paths, pct) VALUES(1492,1497,5412,1353,30,0);
INSERT INTO parents(self_id, child_id, to_child_count, to_child_calls, to_child_paths, pct) VALUES(1492,1498,5412,1353,30,0);
INSERT INTO parents(self_id, child_id, to_child_count, to_child_calls, to_child_paths, pct) VALUES(1492,1499,5412,1353,30,0);
INSERT INTO parents(self_id, child_id, to_child_count, to_child_calls, to_child_paths, pct) VALUES(1492,1500,5412,1353,30,0);
INSERT INTO parents(self_id, child_id, to_child_count, to_child_calls, to_child_paths, pct) VALUES(1492,1501,5412,1353,30,0);
INSERT INTO parents(self_id, child_id, to_child_count, to_child_calls, to_child_paths, pct) VALUES(1492,1502,5412,1353,30,0);
INSERT INTO parents(self_id, child_id, to_child_count, to_child_calls, to_child_paths, pct) VALUES(1492,1503,5412,1353,30,0);
INSERT INTO parents(self_id, child_id, to_child_count, to_child_calls, to_child_paths, pct) VALUES(1492,1504,5412,1353,30,0);
INSERT INTO parents(self_id, child_id, to_child_count, to_child_calls, to_child_paths, pct) VALUES(1492,1505,5412,1353,30,0);
INSERT INTO parents(self_id, child_id, to_child_count, to_child_calls, to_child_paths, pct) VALUES(1492,1506,5412,1353,30,0);
INSERT INTO parents(self_id, child_id, to_child_count, to_child_calls, to_child_paths, pct) VALUES(1492,1507,5412,1353,30,0);
INSERT INTO parents(self_id, child_id, to_child_count, to_child_calls, to_child_paths, pct) VALUES(1492,1508,5412,1353,30,0);
INSERT INTO parents(self_id, child_id, to_child_count, to_child_calls, to_child_paths, pct) VALUES(1480,1509,6316,1579,43,0);
INSERT INTO parents(self_id, child_id, to_child_count, to_child_calls, to_child_paths, pct) VALUES(1509,1510,5412,1353,30,0);
INSERT INTO parents(self_id, child_id, to_child_count, to_child_calls, to_child_paths, pct) VALUES(1509,1511,5412,1353,30,0);
INSERT INTO parents(self_id, child_id, to_child_count, to_child_calls, to_child_paths, pct) VALUES(1509,1512,5412,1353,30,0);
INSERT INTO parents(self_id, child_id, to_child_count, to_child_calls, to_child_paths, pct) VALUES(1509,1513,5412,1353,30,0);
INSERT INTO parents(self_id, child_id, to_child_count, to_child_calls, to_child_paths, pct) VALUES(1509,1514,5412,1353,30,0);
INSERT INTO parents(self_id, child_id, to_child_count, to_child_calls, to_child_paths, pct) VALUES(1509,1515,5412,1353,30,0);
INSERT INTO parents(self_id, child_id, to_child_count, to_child_calls, to_child_paths, pct) VALUES(1509,1516,5412,1353,30,0);
INSERT INTO parents(self_id, child_id, to_child_count, to_child_calls, to_child_paths, pct) VALUES(1509,1517,5412,1353,30,0);
INSERT INTO parents(self_id, child_id, to_child_count, to_child_calls, to_child_paths, pct) VALUES(1509,1518,5412,1353,30,0);
INSERT INTO parents(self_id, child_id, to_child_count, to_child_calls, to_child_paths, pct) VALUES(1509,1519,5412,1353,30,0);
INSERT INTO parents(self_id, child_id, to_child_count, to_child_calls, to_child_paths, pct) VALUES(1509,1520,5412,1353,30,0);
INSERT INTO parents(self_id, child_id, to_child_count, to_child_calls, to_child_paths, pct) VALUES(1509,1521,5412,1353,30,0);
INSERT INTO parents(self_id, child_id, to_child_count, to_child_calls, to_child_paths, pct) VALUES(1509,1522,5412,1353,30,0);
INSERT INTO parents(self_id, child_id, to_child_count, to_child_calls, to_child_paths, pct) VALUES(1509,1523,5412,1353,30,0);
INSERT INTO parents(self_id, child_id, to_child_count, to_child_calls, to_child_paths, pct) VALUES(1509,1524,5412,1353,30,0);
INSERT INTO parents(self_id, child_id, to_child_count, to_child_calls, to_child_paths, pct) VALUES(1509,1525,5412,1353,30,0);
INSERT INTO parents(self_id, child_id, to_child_count, to_child_calls, to_child_paths, pct) VALUES(1509,1526,5412,1353,30,0);
INSERT INTO parents(self_id, child_id, to_child_count, to_child_calls, to_child_paths, pct) VALUES(1509,1527,5412,1353,30,0);
INSERT INTO parents(self_id, child_id, to_child_count, to_child_calls, to_child_paths, pct) VALUES(1509,1528,5412,1353,30,0);
INSERT INTO parents(self_id, child_id, to_child_count, to_child_calls, to_child_paths, pct) VALUES(1509,1529,5412,1353,30,0);
INSERT INTO parents(self_id, child_id, to_child_count, to_child_calls, to_child_paths, pct) VALUES(1509,1530,5412,1353,30,0);
INSERT INTO parents(self_id, child_id, to_child_count, to_child_calls, to_child_paths, pct) VALUES(1509,1531,5412,1353,30,0);
INSERT INTO parents(self_id, child_id, to_child_count, to_child_calls, to_child_paths, pct) VALUES(1479,1532,3648,912,19,0);
INSERT INTO parents(self_id, child_id, to_child_count, to_child_calls, to_child_paths, pct) VALUES(1532,1533,5116,1279,43,0);
INSERT INTO parents(self_id, child_id, to_child_count, to_child_calls, to_child_paths, pct) VALUES(1533,1534,5412,1353,30,0);
INSERT INTO parents(self_id, child_id, to_child_count, to_child_calls, to_child_paths, pct) VALUES(1533,1535,5412,1353,30,0);
INSERT INTO parents(self_id, child_id, to_child_count, to_child_calls, to_child_paths, pct) VALUES(1533,1536,5412,1353,30,0);
INSERT INTO parents(self_id, child_id, to_child_count, to_child_calls, to_child_paths, pct) VALUES(1533,1537,5412,1353,30,0);
INSERT INTO parents(self_id, child_id, to_child_count, to_child_calls, to_child_paths, pct) VALUES(1533,1538,5412,1353,30,0);
INSERT INTO parents(self_id, child_id, to_child_count, to_child_calls, to_child_paths, pct) VALUES(1533,1539,5412,1353,30,0);
INSERT INTO parents(self_id, child_id, to_child_count, to_child_calls, to_child_paths, pct) VALUES(1533,1540,5412,1353,30,0);
INSERT INTO parents(self_id, child_id, to_child_count, to_child_calls, to_child_paths, pct) VALUES(1533,1541,5412,1353,30,0);
INSERT INTO parents(self_id, child_id, to_child_count, to_child_calls, to_child_paths, pct) VALUES(1533,1542,5412,1353,30,0);
INSERT INTO parents(self_id, child_id, to_child_count, to_child_calls, to_child_paths, pct) VALUES(1533,1543,5412,1353,30,0);
INSERT INTO parents(self_id, child_id, to_child_count, to_child_calls, to_child_paths, pct) VALUES(1532,1544,5716,1429,43,0);
INSERT INTO parents(self_id, child_id, to_child_count, to_child_calls, to_child_paths, pct) VALUES(1544,1545,5412,1353,30,0);
INSERT INTO parents(self_id, child_id, to_child_count, to_child_calls, to_child_paths, pct) VALUES(1544,1546,5412,1353,30,0);
INSERT INTO parents(self_id, child_id, to_child_count, to_child_calls, to_child_paths, pct) VALUES(1544,1547,5412,1353,30,0);
INSERT INTO parents(self_id, child_id, to_child_count, to_child_calls, to_child_paths, pct) VALUES(1544,1548,5412,1353,30,0);
INSERT INTO parents(self_id, child_id, to_child_count, to_child_calls, to_child_paths, pct) VALUES(1544,1549,5412,1353,30,0);
INSERT INTO parents(self_id, child_id, to_child_count, to_child_calls, to_child_paths, pct) VALUES(1544,1550,5412,1353,30,0);
INSERT INTO parents(self_id, child_id, to_child_count, to_child_calls, to_child_paths, pct) VALUES(1544,1551,5412,1353,30,0);
INSERT INTO parents(self_id, child_id, to_child_count, to_child_calls, to_child_paths, pct) VALUES(1544,1552,5412,1353,30,0);
INSERT INTO parents(self_id, child_id, to_child_count, to_child_calls, to_child_paths, pct) VALUES(1544,1553,5412,1353,30,0);
INSERT INTO parents(self_id, child_id, to_child_count, to_child_calls, to_child_paths, pct) VALUES(1544,1554,5412,1353,30,0);
INSERT INTO parents(self_id, child_id, to_child_count, to_child_calls, to_child_paths, pct) VALUES(1544,1555,5412,1353,30,0);
INSERT INTO parents(self_id, child_id, to_child_count, to_child_calls, to_child_paths, pct) VALUES(1544,1556,5412,1353,30,0);
INSERT INTO parents(self_id, child_id, to_child_count, to_child_calls, to_child_paths, pct) VALUES(1544,1557,5412,1353,30,0);
INSERT INTO parents(self_id, child_id, to_child_count, to_child_calls, to_child_paths, pct) VALUES(1544,1558,5412,1353,30,0);
INSERT INTO parents(self_id, child_id, to_child_count, to_child_calls, to_child_paths, pct) VALUES(1544,1559,5412,1353,30,0);
INSERT INTO parents(self_id, child_id, to_child_count, to_child_calls, to_child_paths, pct) VALUES(1544,1560,5412,1353,30,0);
INSERT INTO parents(self_id, child_id, to_child_count, to_child_calls, to_child_paths, pct) VALUES(1532,1561,6316,1579,43,0);
INSERT INTO parents(self_id, child_id, to_child_count, to_child_calls, to_child_paths, pct) VALUES(1561,1562,5412,1353,30,0);
INSERT INTO parents(self_id, child_id, to_child_count, to_child_calls, to_child_paths, pct) VALUES(1561,1563,5412,1353,30,0);
INSERT INTO parents(self_id, child_id, to_child_count, to_child_calls, to_child_paths, pct) VALUES(1561,1564,5412,1353,30,0);
INSERT INTO parents(self_id, child_id, to_child_count, to_child_calls, to_child_paths, pct) VALUES(1561,1565,5412,1353,30,0);
INSERT INTO parents(self_id, child_id, to_child_count, to_child_calls, to_child_paths, pct) VALUES(1561,1566,5412,1353,30,0);
INSERT INTO parents(self_id, child_id, to_child_count, to_child_calls, to_child_paths, pct) VALUES(1561,1567,5412,1353,30,0);
INSERT INTO parents(self_id, child_id, to_child_count, to_child_calls, to_child_paths, pct) VALUES(1561,1568,5412,1353,30,0);
INSERT INTO parents(self_id, child_id, to_child_count, to_child_calls, to_child_paths, pct) VALUES(1561,1569,5412,1353,30,0);
INSERT INTO parents(self_id, child_id, to_child_count, to_child_calls, to_child_paths, pct) VALUES(1561,1570,5412,1353,30,0);
INSERT INTO parents(self_id, child_id, to_child_count, to_child_calls, to_child_paths, pct) VALUES(1561,1571,5412,1353,30,0);
INSERT INTO parents(self_id, child_id, to_child_count, to_child_calls, to_child_paths, pct) VALUES(1561,1572,5412,1353,30,0);
INSERT INTO parents(self_id, child_id, to_child_count, to_child_calls, to_child_paths, pct) VALUES(1561,1573,5412,1353,30,0);
INSERT INTO parents(self_id, child_id, to_child_count, to_child_calls, to_child_paths, pct) VALUES(1561,1574,5412,1353,30,0);
INSERT INTO parents(self_id, child_id, to_child_count, to_child_calls, to_child_paths, pct) VALUES(1561,1575,5412,1353,30,0);
INSERT INTO parents(self_id, child_id, to_child_count, to_child_calls, to_child_paths, pct) VALUES(1561,1576,5412,1353,30,0);
INSERT INTO parents(self_id, child_id, to_child_count, to_child_calls, to_child_paths, pct) VALUES(1561,1577,5412,1353,30,0);
INSERT INTO parents(self_id, child_id, to_child_count, to_child_calls, to_child_paths, pct) VALUES(1561,1578,5412,1353,30,0);
INSERT INTO parents(self_id, child_id, to_child_count, to_child_calls, to_child_paths, pct) VALUES(1561,1579,5412,1353,30,0);
INSERT INTO parents(self_id, child_id, to_child_count, to_child_calls, to_child_paths, pct) VALUES(1561,1580,5412,1353,30,0);
INSERT INTO parents(self_id, child_id, to_child_count, to_child_calls, to_child_paths, pct) VALUES(1561,1581,5412,1353,30,0);
INSERT INTO parents(self_id, child_id, to_child_count, to_child_calls, to_child_paths, pct) VALUES(1561,1582,5412,1353,30,0);
INSERT INTO parents(self_id, child_id, to_child_count, to_child_calls, to_child_paths, pct) VALUES(1561,1583,5412,1353,30,0);
INSERT INTO parents(self_id, child_id, to_child_count, to_child_calls, to_child_paths, pct) VALUES(1479,1584,3648,912,19,0);
INSERT INTO parents(self_id, child_id, to_child_count, to_child_calls, to_child_paths, pct) VALUES(1584,1585,5116,1279,43,0);
INSERT INTO parents(self_id, child_id, to_child_count, to_child_calls, to_child_paths, pct) VALUES(1585,1586,5412,1353,30,0);
INSERT INTO parents(self_id, child_id, to_child_count, to_child_calls, to_child_paths, pct) VALUES(1585,1587,5412,1353,30,0);
INSERT INTO parents(self_id, child_id, to_child_count, to_child_calls, to_child_paths, pct) VALUES(1585,1588,5412,1353,30,0);
INSERT INTO parents(self_id, child_id, to_child_count, to_child_calls, to_child_paths, pct) VALUES(1585,1589,5412,1353,30,0);
INSERT INTO parents(self_id, child_id, to_child_count, to_child_calls, to_child_paths, pct) VALUES(1585,1590,5412,1353,30,0);
INSERT INTO parents(self_id, child_id, to_child_count, to_child_calls, to_child_paths, pct) VALUES(1585,1591,5412,1353,30,0);
INSERT INTO parents(self_id, child_id, to_child_count, to_child_calls, to_child_paths, pct) VALUES(1585,1592,5412,1353,30,0);
INSERT INTO parents(self_id, child_id, to_child_count, to_child_calls, to_child_paths, pct) VALUES(1585,1593,5412,1353,30,0);
INSERT INTO parents(self_id, child_id, to_child_count, to_child_calls, to_child_paths, pct) VALUES(1585,1594,5412,1353,30,0);
INSERT INTO parents(self_id, child_id, to_child_count, to_child_calls, to_child_paths, pct) VALUES(1585,1595,5412,1353,30,0);
INSERT INTO parents(self_id, child_id, to_child_count, to_child_calls, to_child_paths, pct) VALUES(1584,1596,5716,1429,43,0);
INSERT INTO parents(self_id, child_id, to_child_count, to_child_calls, to_child_paths, pct) VALUES(1596,1597,5412,1353,30,0);
INSERT INTO parents(self_id, child_id, to_child_count, to_child_calls, to_child_paths, pct) VALUES(1596,1598,5412,1353,30,0);
INSERT INTO parents(self_id, child_id, to_child_count, to_child_calls, to_child_paths, pct) VALUES(1596,1599,5412,1353,30,0);
INSERT INTO parents(self_id, child_id, to_child_count, to_child_calls, to_child_paths, pct) VALUES(1596,1600,5412,1353,30,0);
INSERT INTO parents(self_id, child_id, to_child_count, to_child_calls, to_child_paths, pct) VALUES(1596,1601,5412,1353,30,0);
INSERT INTO parents(self_id, child_id, to_child_count, to_child_calls, to_child_paths, pct) VALUES(1596,1602,5412,1353,30,0);
INSERT INTO parents(self_id, child_id, to_child_count, to_child_calls, to_child_paths, pct) VALUES(1596,1603,5412,1353,30,0);
INSERT INTO parents(self_id, child_id, to_child_count, to_child_calls, to_child_paths, pct) VALUES(1596,1604,5412,1353,30,0);
INSERT INTO parents(self_id, child_id, to_child_count, to_child_calls, to_child_paths, pct) VALUES(1596,1605,5412,1353,30,0);
INSERT INTO parents(self_id, child_id, to_child_count, to_child_calls, to_child_paths, pct) VALUES(1596,1606,5412,1353,30,0);
INSERT INTO parents(self_id, child_id, to_child_count, to_child_calls, to_child_paths, pct) VALUES(1596,1607,5412,1353,30,0);
INSERT INTO parents(self_id, child_id, to_child_count, to_child_calls, to_child_paths, pct) VALUES(1596,1608,5412,1353,30,0);
INSERT INTO parents(self_id, child_id, to_child_count, to_child_calls, to_child_paths, pct) VALUES(1596,1609,5412,1353,30,0);
INSERT INTO parents(self_id, child_id, to_child_count, to_child_calls, to_child_paths, pct) VALUES(1596,1610,5412,1353,30,0);
INSERT INTO parents(self_id, child_id, to_child_count, to_child_calls, to_child_paths, pct) VALUES(1596,1611,5412,1353,30,0);
INSERT INTO parents(self_id, child_id, to_child_count, to_child_calls, to_child_paths, pct) VALUES(1596,1612,5412,1353,30,0);
INSERT INTO parents(self_id, child_id, to_child_count, to_child_calls, to_child_paths, pct) VALUES(1584,1613,6316,1579,43,0);
INSERT INTO parents(self_id, child_id, to_child_count, to_child_calls, to_child_paths, pct) VALUES(1613,1614,5412,1353,30,0);
INSERT INTO parents(self_id, child_id, to_child_count, to_child_calls, to_child_paths, pct) VALUES(1613,1615,5412,1353,30,0);
INSERT INTO parents(self_id, child_id, to_child_count, to_child_calls, to_child_paths, pct) VALUES(1613,1616,5412,1353,30,0);
INSERT INTO parents(self_id, child_id, to_child_count, to_child_calls, to_child_paths, pct) VALUES(1613,1617,5412,1353,30,0);
INSERT INTO parents(self_id, child_id, to_child_count, to_child_calls, to_child_paths, pct) VALUES(1613,1618,5412,1353,30,0);
INSERT INTO parents(self_id, child_id, to_child_count, to_child_calls, to_child_paths, pct) VALUES(1613,1619,5412,1353,30,0);
INSERT INTO parents(self_id, child_id, to_child_count, to_child_calls, to_child_paths, pct) VALUES(1613,1620,5412,1353,30,0);
INSERT INTO parents(self_id, child_id, to_child_count, to_child_calls, to_child_paths, pct) VALUES(1613,1621,5412,1353,30,0);
INSERT INTO parents(self_id, child_id, to_child_count, to_child_calls, to_child_paths, pct) VALUES(1613,1622,5412,1353,30,0);
INSERT INTO parents(self_id, child_id, to_child_count, to_child_calls, to_child_paths, pct) VALUES(1613,1623,5412,1353,30,0);
INSERT INTO parents(self_id, child_id, to_child_count, to_child_calls, to_child_paths, pct) VALUES(1613,1624,5412,1353,30,0);
INSERT INTO parents(self_id, child_id, to_child_count, to_child_calls, to_child_paths, pct) VALUES(1613,1625,5412,1353,30,0);
INSERT INTO parents(self_id, child_id, to_child_count, to_child_calls, to_child_paths, pct) VALUES(1613,1626,5412,1353,30,0);
INSERT INTO parents(self_id, child_id, to_child_count, to_child_calls, to_child_paths, pct) VALUES(1613,1627,5412,1353,30,0);
INSERT INTO parents(self_id, child_id, to_child_count, to_child_calls, to_child_paths, pct) VALUES(1613,1628,5412,1353,30,0);
INSERT INTO parents(self_id, child_id, to_child_count, to_child_calls, to_child_paths, pct) VALUES(1613,1629,5412,1353,30,0);
INSERT INTO parents(self_id, child_id, to_child_count, to_child_calls, to_child_paths, pct) VALUES(1613,1630,5412,1353,30,0);
INSERT INTO parents(self_id, child_id, to_child_count, to_child_calls, to_child_paths, pct) VALUES(1613,1631,5412,1353,30,0);
INSERT INTO parents(self_id, child_id, to_child_count, to_child_calls, to_child_paths, pct) VALUES(1613,1632,5412,1353,30,0);
INSERT INTO parents(self_id, child_id, to_child_count, to_child_calls, to_child_paths, pct) VALUES(1613,1633,5412,1353,30,0);
INSERT INTO parents(self_id, child_id, to_child_count, to_child_calls, to_child_paths, pct) VALUES(1613,1634,5412,1353,30,0);
INSERT INTO parents(self_id, child_id, to_child_count, to_child_calls, to_child_paths, pct) VALUES(1613,1635,5412,1353,30,0);
INSERT INTO parents(self_id, child_id, to_child_count, to_child_calls, to_child_paths, pct) VALUES(1479,1636,3648,912,19,0);
INSERT INTO parents(self_id, child_id, to_child_count, to_child_calls, to_child_paths, pct) VALUES(1636,1637,5116,1279,43,0);
INSERT INTO parents(self_id, child_id, to_child_count, to_child_calls, to_child_paths, pct) VALUES(1637,1638,5412,1353,30,0);
INSERT INTO parents(self_id, child_id, to_child_count, to_child_calls, to_child_paths, pct) VALUES(1637,1639,5412,1353,30,0);
INSERT INTO parents(self_id, child_id, to_child_count, to_child_calls, to_child_paths, pct) VALUES(1637,1640,5412,1353,30,0);
INSERT INTO parents(self_id, child_id, to_child_count, to_child_calls, to_child_paths, pct) VALUES(1637,1641,5412,1353,30,0);
INSERT INTO parents(self_id, child_id, to_child_count, to_child_calls, to_child_paths, pct) VALUES(1637,1642,5412,1353,30,0);
INSERT INTO parents(self_id, child_id, to_child_count, to_child_calls, to_child_paths, pct) VALUES(1637,1643,5412,1353,30,0);
INSERT INTO parents(self_id, child_id, to_child_count, to_child_calls, to_child_paths, pct) VALUES(1637,1644,5412,1353,30,0);
INSERT INTO parents(self_id, child_id, to_child_count, to_child_calls, to_child_paths, pct) VALUES(1637,1645,5412,1353,30,0);
INSERT INTO parents(self_id, child_id, to_child_count, to_child_calls, to_child_paths, pct) VALUES(1637,1646,5412,1353,30,0);
INSERT INTO parents(self_id, child_id, to_child_count, to_child_calls, to_child_paths, pct) VALUES(1637,1647,5412,1353,30,0);
INSERT INTO parents(self_id, child_id, to_child_count, to_child_calls, to_child_paths, pct) VALUES(1636,1648,5716,1429,43,0);
INSERT INTO parents(self_id, child_id, to_child_count, to_child_calls, to_child_paths, pct) VALUES(1648,1649,5412,1353,30,0);
INSERT INTO parents(self_id, child_id, to_child_count, to_child_calls, to_child_paths, pct) VALUES(1648,1650,5412,1353,30,0);
INSERT INTO parents(self_id, child_id, to_child_count, to_child_calls, to_child_paths, pct) VALUES(1648,1651,5412,1353,30,0);
INSERT INTO parents(self_id, child_id, to_child_count, to_child_calls, to_child_paths, pct) VALUES(1648,1652,5412,1353,30,0);
INSERT INTO parents(self_id, child_id, to_child_count, to_child_calls, to_child_paths, pct) VALUES(1648,1653,5412,1353,30,0);
INSERT INTO parents(self_id, child_id, to_child_count, to_child_calls, to_child_paths, pct) VALUES(1648,1654,5412,1353,30,0);
INSERT INTO parents(self_id, child_id, to_child_count, to_child_calls, to_child_paths, pct) VALUES(1648,1655,5412,1353,30,0);
INSERT INTO parents(self_id, child_id, to_child_count, to_child_calls, to_child_paths, pct) VALUES(1648,1656,5412,1353,30,0);
INSERT INTO parents(self_id, child_id, to_child_count, to_child_calls, to_child_paths, pct) VALUES(1648,1657,5412,1353,30,0);
INSERT INTO parents(self_id, child_id, to_child_count, to_child_calls, to_child_paths, pct) VALUES(1648,1658,5412,1353,30,0);
INSERT INTO parents(self_id, child_id, to_child_count, to_child_calls, to_child_paths, pct) VALUES(1648,1659,5412,1353,30,0);
INSERT INTO parents(self_id, child_id, to_child_count, to_child_calls, to_child_paths, pct) VALUES(1648,1660,5412,1353,30,0);
INSERT INTO parents(self_id, child_id, to_child_count, to_child_calls, to_child_paths, pct) VALUES(1648,1661,5412,1353,30,0);
INSERT INTO parents(self_id, child_id, to_child_count, to_child_calls, to_child_paths, pct) VALUES(1648,1662,5412,1353,30,0);
INSERT INTO parents(self_id, child_id, to_child_count, to_child_calls, to_child_paths, pct) VALUES(1648,1663,5412,1353,30,0);
INSERT INTO parents(self_id, child_id, to_child_count, to_child_calls, to_child_paths, pct) VALUES(1648,1664,5412,1353,30,0);
INSERT INTO parents(self_id, child_id, to_child_count, to_child_calls, to_child_paths, pct) VALUES(1636,1665,6316,1579,43,0);
INSERT INTO parents(self_id, child_id, to_child_count, to_child_calls, to_child_paths, pct) VALUES(1665,1666,5412,1353,30,0);
INSERT INTO parents(self_id, child_id, to_child_count, to_child_calls, to_child_paths, pct) VALUES(1665,1667,5412,1353,30,0);
INSERT INTO parents(self_id, child_id, to_child_count, to_child_calls, to_child_paths, pct) VALUES(1665,1668,5412,1353,30,0);
INSERT INTO parents(self_id, child_id, to_child_count, to_child_calls, to_child_paths, pct) VALUES(1665,1669,5412,1353,30,0);
INSERT INTO parents(self_id, child_id, to_child_count, to_child_calls, to_child_paths, pct) VALUES(1665,1670,5412,1353,30,0);
INSERT INTO parents(self_id, child_id, to_child_count, to_child_calls, to_child_paths, pct) VALUES(1665,1671,5412,1353,30,0);
INSERT INTO parents(self_id, child_id, to_child_count, to_child_calls, to_child_paths, pct) VALUES(1665,1672,5412,1353,30,0);
INSERT INTO parents(self_id, child_id, to_child_count, to_child_calls, to_child_paths, pct) VALUES(1665,1673,5412,1353,30,0);
INSERT INTO parents(self_id, child_id, to_child_count, to_child_calls, to_child_paths, pct) VALUES(1665,1674,5412,1353,30,0);
INSERT INTO parents(self_id, child_id, to_child_count, to_child_calls, to_child_paths, pct) VALUES(1665,1675,5412,1353,30,0);
INSERT INTO parents(self_id, child_id, to_child_count, to_child_calls, to_child_paths, pct) VALUES(1665,1676,5412,1353,30,0);
INSERT INTO parents(self_id, child_id, to_child_count, to_child_calls, to_child_paths, pct) VALUES(1665,1677,5412,1353,30,0);
INSERT INTO parents(self_id, child_id, to_child_count, to_child_calls, to_child_paths, pct) VALUES(1665,1678,5412,1353,30,0);
INSERT INTO parents(self_id, child_id, to_child_count, to_child_calls, to_child_paths, pct) VALUES(1665,1679,5412,1353,30,0);
INSERT INTO parents(self_id, child_id, to_child_count, to_child_calls, to_child_paths, pct) VALUES(1665,1680,5412,1353,30,0);
INSERT INTO parents(self_id, child_id, to_child_count, to_child_calls, to_child_paths, pct) VALUES(1665,1681,5412,1353,30,0);
INSERT INTO parents(self_id, child_id, to_child_count, to_child_calls, to_child_paths, pct) VALUES(1665,1682,5412,1353,30,0);
INSERT INTO parents(self_id, child_id, to_child_count, to_child_calls, to_child_paths, pct) VALUES(1665,1683,5412,1353,30,0);
INSERT INTO parents(self_id, child_id, to_child_count, to_child_calls, to_child_paths, pct) VALUES(1665,1684,5412,1353,30,0);
INSERT INTO parents(self_id, child_id, to_child_count, to_child_calls, to_child_paths, pct) VALUES(1665,1685,5412,1353,30,0);
INSERT INTO parents(self_id, child_id, to_child_count, to_child_calls, to_child_paths, pct) VALUES(1665,1686,5412,1353,30,0);
INSERT INTO parents(self_id, child_id, to_child_count, to_child_calls, to_child_paths, pct) VALUES(1665,1687,5412,1353,30,0);
INSERT INTO parents(self_id, child_id, to_child_count, to_child_calls, to_child_paths, pct) VALUES(1437,1688,0,0,0,0);
INSERT INTO parents(self_id, child_id, to_child_count, to_child_calls, to_child_paths, pct) VALUES(1688,1689,443612,110903,58,0);
INSERT INTO parents(self_id, child_id, to_child_count, to_child_calls, to_child_paths, pct) VALUES(1688,1690,444012,111003,59,0);
INSERT INTO parents(self_id, child_id, to_child_count, to_child_calls, to_child_paths, pct) VALUES(1437,1691,10480,2620,29,0);
INSERT INTO parents(self_id, child_id, to_child_count, to_child_calls, to_child_paths, pct) VALUES(1691,1692,1824,456,19,0);
INSERT INTO parents(self_id, child_id, to_child_count, to_child_calls, to_child_paths, pct) VALUES(1692,1693,5316,1329,43,0);
INSERT INTO parents(self_id, child_id, to_child_count, to_child_calls, to_child_paths, pct) VALUES(1693,1694,5252,1313,28,0);
INSERT INTO parents(self_id, child_id, to_child_count, to_child_calls, to_child_paths, pct) VALUES(1693,1695,5252,1313,28,0);
INSERT INTO parents(self_id, child_id, to_child_count, to_child_calls, to_child_paths, pct) VALUES(1693,1696,5252,1313,28,0);
INSERT INTO parents(self_id, child_id, to_child_count, to_child_calls, to_child_paths, pct) VALUES(1693,1697,5252,1313,28,0);
INSERT INTO parents(self_id, child_id, to_child_count, to_child_calls, to_child_paths, pct) VALUES(1693,1698,5252,1313,28,0);
INSERT INTO parents(self_id, child_id, to_child_count, to_child_calls, to_child_paths, pct) VALUES(1693,1699,5252,1313,28,0);
INSERT INTO parents(self_id, child_id, to_child_count, to_child_calls, to_child_paths, pct) VALUES(1693,1700,5252,1313,28,0);
INSERT INTO parents(self_id, child_id, to_child_count, to_child_calls, to_child_paths, pct) VALUES(1693,1701,5252,1313,28,0);
INSERT INTO parents(self_id, child_id, to_child_count, to_child_calls, to_child_paths, pct) VALUES(1693,1702,5252,1313,28,0);
INSERT INTO parents(self_id, child_id, to_child_count, to_child_calls, to_child_paths, pct) VALUES(1693,1703,5252,1313,28,0);
INSERT INTO parents(self_id, child_id, to_child_count, to_child_calls, to_child_paths, pct) VALUES(1693,1704,5252,1313,28,0);
INSERT INTO parents(self_id, child_id, to_child_count, to_child_calls, to_child_paths, pct) VALUES(1693,1705,5252,1313,28,0);
INSERT INTO parents(self_id, child_id, to_child_count, to_child_calls, to_child_paths, pct) VALUES(1692,1706,5316,1329,43,0);
INSERT INTO parents(self_id, child_id, to_child_count, to_child_calls, to_child_paths, pct) VALUES(1706,1707,5252,1313,28,0);
INSERT INTO parents(self_id, child_id, to_child_count, to_child_calls, to_child_paths, pct) VALUES(1706,1708,5252,1313,28,0);
INSERT INTO parents(self_id, child_id, to_child_count, to_child_calls, to_child_paths, pct) VALUES(1706,1709,5252,1313,28,0);
INSERT INTO parents(self_id, child_id, to_child_count, to_child_calls, to_child_paths, pct) VALUES(1706,1710,5252,1313,28,0);
INSERT INTO parents(self_id, child_id, to_child_count, to_child_calls, to_child_paths, pct) VALUES(1706,1711,5252,1313,28,0);
INSERT INTO parents(self_id, child_id, to_child_count, to_child_calls, to_child_paths, pct) VALUES(1706,1712,5252,1313,28,0);
INSERT INTO parents(self_id, child_id, to_child_count, to_child_calls, to_child_paths, pct) VALUES(1706,1713,5252,1313,28,0);
INSERT INTO parents(self_id, child_id, to_child_count, to_child_calls, to_child_paths, pct) VALUES(1706,1714,5252,1313,28,0);
INSERT INTO parents(self_id, child_id, to_child_count, to_child_calls, to_child_paths, pct) VALUES(1706,1715,5252,1313,28,0);
INSERT INTO parents(self_id, child_id, to_child_count, to_child_calls, to_child_paths, pct) VALUES(1706,1716,5252,1313,28,0);
INSERT INTO parents(self_id, child_id, to_child_count, to_child_calls, to_child_paths, pct) VALUES(1706,1717,5252,1313,28,0);
INSERT INTO parents(self_id, child_id, to_child_count, to_child_calls, to_child_paths, pct) VALUES(1706,1718,5252,1313,28,0);
INSERT INTO parents(self_id, child_id, to_child_count, to_child_calls, to_child_paths, pct) VALUES(1691,1719,1824,456,19,0);
INSERT INTO parents(self_id, child_id, to_child_count, to_child_calls, to_child_paths, pct) VALUES(1719,1720,5316,1329,43,0);
INSERT INTO parents(self_id, child_id, to_child_count, to_child_calls, to_child_paths, pct) VALUES(1720,1721,5252,1313,28,0);
INSERT INTO parents(self_id, child_id, to_child_count, to_child_calls, to_child_paths, pct) VALUES(1720,1722,5252,1313,28,0);
INSERT INTO parents(self_id, child_id, to_child_count, to_child_calls, to_child_paths, pct) VALUES(1720,1723,5252,1313,28,0);
INSERT INTO parents(self_id, child_id, to_child_count, to_child_calls, to_child_paths, pct) VALUES(1720,1724,5252,1313,28,0);
INSERT INTO parents(self_id, child_id, to_child_count, to_child_calls, to_child_paths, pct) VALUES(1720,1725,5252,1313,28,0);
INSERT INTO parents(self_id, child_id, to_child_count, to_child_calls, to_child_paths, pct) VALUES(1720,1726,5252,1313,28,0);
INSERT INTO parents(self_id, child_id, to_child_count, to_child_calls, to_child_paths, pct) VALUES(1720,1727,5252,1313,28,0);
INSERT INTO parents(self_id, child_id, to_child_count, to_child_calls, to_child_paths, pct) VALUES(1720,1728,5252,1313,28,0);
INSERT INTO parents(self_id, child_id, to_child_count, to_child_calls, to_child_paths, pct) VALUES(1720,1729,5252,1313,28,0);
INSERT INTO parents(self_id, child_id, to_child_count, to_child_calls, to_child_paths, pct) VALUES(1720,1730,5252,1313,28,0);
INSERT INTO parents(self_id, child_id, to_child_count, to_child_calls, to_child_paths, pct) VALUES(1720,1731,5252,1313,28,0);
INSERT INTO parents(self_id, child_id, to_child_count, to_child_calls, to_child_paths, pct) VALUES(1720,1732,5252,1313,28,0);
INSERT INTO parents(self_id, child_id, to_child_count, to_child_calls, to_child_paths, pct) VALUES(1719,1733,5316,1329,43,0);
INSERT INTO parents(self_id, child_id, to_child_count, to_child_calls, to_child_paths, pct) VALUES(1733,1734,5252,1313,28,0);
INSERT INTO parents(self_id, child_id, to_child_count, to_child_calls, to_child_paths, pct) VALUES(1733,1735,5252,1313,28,0);
INSERT INTO parents(self_id, child_id, to_child_count, to_child_calls, to_child_paths, pct) VALUES(1733,1736,5252,1313,28,0);
INSERT INTO parents(self_id, child_id, to_child_count, to_child_calls, to_child_paths, pct) VALUES(1733,1737,5252,1313,28,0);
INSERT INTO parents(self_id, child_id, to_child_count, to_child_calls, to_child_paths, pct) VALUES(1733,1738,5252,1313,28,0);
INSERT INTO parents(self_id, child_id, to_child_count, to_child_calls, to_child_paths, pct) VALUES(1733,1739,5252,1313,28,0);
INSERT INTO parents(self_id, child_id, to_child_count, to_child_calls, to_child_paths, pct) VALUES(1733,1740,5252,1313,28,0);
INSERT INTO parents(self_id, child_id, to_child_count, to_child_calls, to_child_paths, pct) VALUES(1733,1741,5252,1313,28,0);
INSERT INTO parents(self_id, child_id, to_child_count, to_child_calls, to_child_paths, pct) VALUES(1733,1742,5252,1313,28,0);
INSERT INTO parents(self_id, child_id, to_child_count, to_child_calls, to_child_paths, pct) VALUES(1733,1743,5252,1313,28,0);
INSERT INTO parents(self_id, child_id, to_child_count, to_child_calls, to_child_paths, pct) VALUES(1733,1744,5252,1313,28,0);
INSERT INTO parents(self_id, child_id, to_child_count, to_child_calls, to_child_paths, pct) VALUES(1733,1745,5252,1313,28,0);
INSERT INTO parents(self_id, child_id, to_child_count, to_child_calls, to_child_paths, pct) VALUES(1691,1746,1824,456,19,0);
INSERT INTO parents(self_id, child_id, to_child_count, to_child_calls, to_child_paths, pct) VALUES(1746,1747,5316,1329,43,0);
INSERT INTO parents(self_id, child_id, to_child_count, to_child_calls, to_child_paths, pct) VALUES(1747,1748,5252,1313,28,0);
INSERT INTO parents(self_id, child_id, to_child_count, to_child_calls, to_child_paths, pct) VALUES(1747,1749,5252,1313,28,0);
INSERT INTO parents(self_id, child_id, to_child_count, to_child_calls, to_child_paths, pct) VALUES(1747,1750,5252,1313,28,0);
INSERT INTO parents(self_id, child_id, to_child_count, to_child_calls, to_child_paths, pct) VALUES(1747,1751,5252,1313,28,0);
INSERT INTO parents(self_id, child_id, to_child_count, to_child_calls, to_child_paths, pct) VALUES(1747,1752,5252,1313,28,0);
INSERT INTO parents(self_id, child_id, to_child_count, to_child_calls, to_child_paths, pct) VALUES(1747,1753,5252,1313,28,0);
INSERT INTO parents(self_id, child_id, to_child_count, to_child_calls, to_child_paths, pct) VALUES(1747,1754,5252,1313,28,0);
INSERT INTO parents(self_id, child_id, to_child_count, to_child_calls, to_child_paths, pct) VALUES(1747,1755,5252,1313,28,0);
INSERT INTO parents(self_id, child_id, to_child_count, to_child_calls, to_child_paths, pct) VALUES(1747,1756,5252,1313,28,0);
INSERT INTO parents(self_id, child_id, to_child_count, to_child_calls, to_child_paths, pct) VALUES(1747,1757,5252,1313,28,0);
INSERT INTO parents(self_id, child_id, to_child_count, to_child_calls, to_child_paths, pct) VALUES(1747,1758,5252,1313,28,0);
INSERT INTO parents(self_id, child_id, to_child_count, to_child_calls, to_child_paths, pct) VALUES(1747,1759,5252,1313,28,0);
INSERT INTO parents(self_id, child_id, to_child_count, to_child_calls, to_child_paths, pct) VALUES(1746,1760,5316,1329,43,0);
INSERT INTO parents(self_id, child_id, to_child_count, to_child_calls, to_child_paths, pct) VALUES(1760,1761,5252,1313,28,0);
INSERT INTO parents(self_id, child_id, to_child_count, to_child_calls, to_child_paths, pct) VALUES(1760,1762,5252,1313,28,0);
INSERT INTO parents(self_id, child_id, to_child_count, to_child_calls, to_child_paths, pct) VALUES(1760,1763,5252,1313,28,0);
INSERT INTO parents(self_id, child_id, to_child_count, to_child_calls, to_child_paths, pct) VALUES(1760,1764,5252,1313,28,0);
INSERT INTO parents(self_id, child_id, to_child_count, to_child_calls, to_child_paths, pct) VALUES(1760,1765,5252,1313,28,0);
INSERT INTO parents(self_id, child_id, to_child_count, to_child_calls, to_child_paths, pct) VALUES(1760,1766,5252,1313,28,0);
INSERT INTO parents(self_id, child_id, to_child_count, to_child_calls, to_child_paths, pct) VALUES(1760,1767,5252,1313,28,0);
INSERT INTO parents(self_id, child_id, to_child_count, to_child_calls, to_child_paths, pct) VALUES(1760,1768,5252,1313,28,0);
INSERT INTO parents(self_id, child_id, to_child_count, to_child_calls, to_child_paths, pct) VALUES(1760,1769,5252,1313,28,0);
INSERT INTO parents(self_id, child_id, to_child_count, to_child_calls, to_child_paths, pct) VALUES(1760,1770,5252,1313,28,0);
INSERT INTO parents(self_id, child_id, to_child_count, to_child_calls, to_child_paths, pct) VALUES(1760,1771,5252,1313,28,0);
INSERT INTO parents(self_id, child_id, to_child_count, to_child_calls, to_child_paths, pct) VALUES(1760,1772,5252,1313,28,0);
INSERT INTO parents(self_id, child_id, to_child_count, to_child_calls, to_child_paths, pct) VALUES(1691,1773,1824,456,19,0);
INSERT INTO parents(self_id, child_id, to_child_count, to_child_calls, to_child_paths, pct) VALUES(1773,1774,5316,1329,43,0);
INSERT INTO parents(self_id, child_id, to_child_count, to_child_calls, to_child_paths, pct) VALUES(1774,1775,5252,1313,28,0);
INSERT INTO parents(self_id, child_id, to_child_count, to_child_calls, to_child_paths, pct) VALUES(1774,1776,5252,1313,28,0);
INSERT INTO parents(self_id, child_id, to_child_count, to_child_calls, to_child_paths, pct) VALUES(1774,1777,5252,1313,28,0);
INSERT INTO parents(self_id, child_id, to_child_count, to_child_calls, to_child_paths, pct) VALUES(1774,1778,5252,1313,28,0);
INSERT INTO parents(self_id, child_id, to_child_count, to_child_calls, to_child_paths, pct) VALUES(1774,1779,5252,1313,28,0);
INSERT INTO parents(self_id, child_id, to_child_count, to_child_calls, to_child_paths, pct) VALUES(1774,1780,5252,1313,28,0);
INSERT INTO parents(self_id, child_id, to_child_count, to_child_calls, to_child_paths, pct) VALUES(1774,1781,5252,1313,28,0);
INSERT INTO parents(self_id, child_id, to_child_count, to_child_calls, to_child_paths, pct) VALUES(1774,1782,5252,1313,28,0);
INSERT INTO parents(self_id, child_id, to_child_count, to_child_calls, to_child_paths, pct) VALUES(1774,1783,5252,1313,28,0);
INSERT INTO parents(self_id, child_id, to_child_count, to_child_calls, to_child_paths, pct) VALUES(1774,1784,5252,1313,28,0);
INSERT INTO parents(self_id, child_id, to_child_count, to_child_calls, to_child_paths, pct) VALUES(1774,1785,5252,1313,28,0);
INSERT INTO parents(self_id, child_id, to_child_count, to_child_calls, to_child_paths, pct) VALUES(1774,1786,5252,1313,28,0);
INSERT INTO parents(self_id, child_id, to_child_count, to_child_calls, to_child_paths, pct) VALUES(1773,1787,5316,1329,43,0);
INSERT INTO parents(self_id, child_id, to_child_count, to_child_calls, to_child_paths, pct) VALUES(1787,1788,5252,1313,28,0);
INSERT INTO parents(self_id, child_id, to_child_count, to_child_calls, to_child_paths, pct) VALUES(1787,1789,5252,1313,28,0);
INSERT INTO parents(self_id, child_id, to_child_count, to_child_calls, to_child_paths, pct) VALUES(1787,1790,5252,1313,28,0);
INSERT INTO parents(self_id, child_id, to_child_count, to_child_calls, to_child_paths, pct) VALUES(1787,1791,5252,1313,28,0);
INSERT INTO parents(self_id, child_id, to_child_count, to_child_calls, to_child_paths, pct) VALUES(1787,1792,5252,1313,28,0);
INSERT INTO parents(self_id, child_id, to_child_count, to_child_calls, to_child_paths, pct) VALUES(1787,1793,5252,1313,28,0);
INSERT INTO parents(self_id, child_id, to_child_count, to_child_calls, to_child_paths, pct) VALUES(1787,1794,5252,1313,28,0);
INSERT INTO parents(self_id, child_id, to_child_count, to_child_calls, to_child_paths, pct) VALUES(1787,1795,5252,1313,28,0);
INSERT INTO parents(self_id, child_id, to_child_count, to_child_calls, to_child_paths, pct) VALUES(1787,1796,5252,1313,28,0);
INSERT INTO parents(self_id, child_id, to_child_count, to_child_calls, to_child_paths, pct) VALUES(1787,1797,5252,1313,28,0);
INSERT INTO parents(self_id, child_id, to_child_count, to_child_calls, to_child_paths, pct) VALUES(1787,1798,5252,1313,28,0);
INSERT INTO parents(self_id, child_id, to_child_count, to_child_calls, to_child_paths, pct) VALUES(1787,1799,5252,1313,28,0);
INSERT INTO parents(self_id, child_id, to_child_count, to_child_calls, to_child_paths, pct) VALUES(1437,1800,56,14,1,0);
INSERT INTO parents(self_id, child_id, to_child_count, to_child_calls, to_child_paths, pct) VALUES(1800,1801,0,0,0,0);
INSERT INTO parents(self_id, child_id, to_child_count, to_child_calls, to_child_paths, pct) VALUES(1800,1802,0,0,0,0);
INSERT INTO parents(self_id, child_id, to_child_count, to_child_calls, to_child_paths, pct) VALUES(1800,1803,0,0,0,0);
INSERT INTO parents(self_id, child_id, to_child_count, to_child_calls, to_child_paths, pct) VALUES(1800,1804,0,0,0,0);
INSERT INTO parents(self_id, child_id, to_child_count, to_child_calls, to_child_paths, pct) VALUES(1437,1805,480,120,3,0);
INSERT INTO parents(self_id, child_id, to_child_count, to_child_calls, to_child_paths, pct) VALUES(1437,1806,24,6,2,0);
INSERT INTO children(self_id, parent_id, from_parent_count, from_parent_calls, from_parent_paths, pct) VALUES(1437,10,2763540,365553,9,0);
INSERT INTO children(self_id, parent_id, from_parent_count, from_parent_calls, from_parent_paths, pct) VALUES(1438,1437,62088,3617,5,0);
INSERT INTO children(self_id, parent_id, from_parent_count, from_parent_calls, from_parent_paths, pct) VALUES(1439,1438,672,3,10,0);
INSERT INTO children(self_id, parent_id, from_parent_count, from_parent_calls, from_parent_paths, pct) VALUES(1440,1438,672,0,10,0);
INSERT INTO children(self_id, parent_id, from_parent_count, from_parent_calls, from_parent_paths, pct) VALUES(1441,1438,672,0,10,0);
INSERT INTO children(self_id, parent_id, from_parent_count, from_parent_calls, from_parent_paths, pct) VALUES(1442,1438,672,0,10,0);
INSERT INTO children(self_id, parent_id, from_parent_count, from_parent_calls, from_parent_paths, pct) VALUES(1443,1438,672,0,10,0);
INSERT INTO children(self_id, parent_id, from_parent_count, from_parent_calls, from_parent_paths, pct) VALUES(1444,1438,672,0,10,0);
INSERT INTO children(self_id, parent_id, from_parent_count, from_parent_calls, from_parent_paths, pct) VALUES(1445,1438,672,0,10,0);
INSERT INTO children(self_id, parent_id, from_parent_count, from_parent_calls, from_parent_paths, pct) VALUES(1446,1438,672,0,10,0);
INSERT INTO children(self_id, parent_id, from_parent_count, from_parent_calls, from_parent_paths, pct) VALUES(1447,1438,672,0,10,0);
INSERT INTO children(self_id, parent_id, from_parent_count, from_parent_calls, from_parent_paths, pct) VALUES(1448,1438,672,0,10,0);
INSERT INTO children(self_id, parent_id, from_parent_count, from_parent_calls, from_parent_paths, pct) VALUES(1449,1438,672,3,10,0);
INSERT INTO children(self_id, parent_id, from_parent_count, from_parent_calls, from_parent_paths, pct) VALUES(1450,1438,672,7,10,0);
INSERT INTO children(self_id, parent_id, from_parent_count, from_parent_calls, from_parent_paths, pct) VALUES(1451,1438,672,4,10,0);
INSERT INTO children(self_id, parent_id, from_parent_count, from_parent_calls, from_parent_paths, pct) VALUES(1452,1438,672,0,10,0);
INSERT INTO children(self_id, parent_id, from_parent_count, from_parent_calls, from_parent_paths, pct) VALUES(1453,1438,672,0,10,0);
INSERT INTO children(self_id, parent_id, from_parent_count, from_parent_calls, from_parent_paths, pct) VALUES(1454,1438,672,0,10,0);
INSERT INTO children(self_id, parent_id, from_parent_count, from_parent_calls, from_parent_paths, pct) VALUES(1455,1438,672,7,10,0);
INSERT INTO children(self_id, parent_id, from_parent_count, from_parent_calls, from_parent_paths, pct) VALUES(1456,1438,672,0,10,0);
INSERT INTO children(self_id, parent_id, from_parent_count, from_parent_calls, from_parent_paths, pct) VALUES(1457,1438,672,0,10,0);
INSERT INTO children(self_id, parent_id, from_parent_count, from_parent_calls, from_parent_paths, pct) VALUES(1458,1438,672,0,10,0);
INSERT INTO children(self_id, parent_id, from_parent_count, from_parent_calls, from_parent_paths, pct) VALUES(1459,1438,672,3,10,0);
INSERT INTO children(self_id, parent_id, from_parent_count, from_parent_calls, from_parent_paths, pct) VALUES(1460,1438,672,0,10,0);
INSERT INTO children(self_id, parent_id, from_parent_count, from_parent_calls, from_parent_paths, pct) VALUES(1461,1438,672,0,10,0);
INSERT INTO children(self_id, parent_id, from_parent_count, from_parent_calls, from_parent_paths, pct) VALUES(1462,1438,672,0,10,0);
INSERT INTO children(self_id, parent_id, from_parent_count, from_parent_calls, from_parent_paths, pct) VALUES(1463,1438,672,0,10,0);
INSERT INTO children(self_id, parent_id, from_parent_count, from_parent_calls, from_parent_paths, pct) VALUES(1464,1438,672,0,10,0);
INSERT INTO children(self_id, parent_id, from_parent_count, from_parent_calls, from_parent_paths, pct) VALUES(1465,1438,672,0,10,0);
INSERT INTO children(self_id, parent_id, from_parent_count, from_parent_calls, from_parent_paths, pct) VALUES(1466,1438,672,0,10,0);
INSERT INTO children(self_id, parent_id, from_parent_count, from_parent_calls, from_parent_paths, pct) VALUES(1467,1438,672,0,10,0);
INSERT INTO children(self_id, parent_id, from_parent_count, from_parent_calls, from_parent_paths, pct) VALUES(1468,1438,672,4,10,0);
INSERT INTO children(self_id, parent_id, from_parent_count, from_parent_calls, from_parent_paths, pct) VALUES(1469,1438,672,0,10,0);
INSERT INTO children(self_id, parent_id, from_parent_count, from_parent_calls, from_parent_paths, pct) VALUES(1470,1438,672,0,10,0);
INSERT INTO children(self_id, parent_id, from_parent_count, from_parent_calls, from_parent_paths, pct) VALUES(1471,1438,672,0,10,0);
INSERT INTO children(self_id, parent_id, from_parent_count, from_parent_calls, from_parent_paths, pct) VALUES(1472,1438,672,0,10,0);
INSERT INTO children(self_id, parent_id, from_parent_count, from_parent_calls, from_parent_paths, pct) VALUES(1473,1438,672,0,10,0);
INSERT INTO children(self_id, parent_id, from_parent_count, from_parent_calls, from_parent_paths, pct) VALUES(1474,1438,672,0,10,0);
INSERT INTO children(self_id, parent_id, from_parent_count, from_parent_calls, from_parent_paths, pct) VALUES(1475,1438,672,0,10,0);
INSERT INTO children(self_id, parent_id, from_parent_count, from_parent_calls, from_parent_paths, pct) VALUES(1476,1438,672,0,10,0);
INSERT INTO children(self_id, parent_id, from_parent_count, from_parent_calls, from_parent_paths, pct) VALUES(1477,1438,672,0,10,0);
INSERT INTO children(self_id, parent_id, from_parent_count, from_parent_calls, from_parent_paths, pct) VALUES(1478,1438,672,0,10,0);
INSERT INTO children(self_id, parent_id, from_parent_count, from_parent_calls, from_parent_paths, pct) VALUES(1479,1437,1166352,114203,64,0);
INSERT INTO children(self_id, parent_id, from_parent_count, from_parent_calls, from_parent_paths, pct) VALUES(1480,1479,280572,26731,19,0);
INSERT INTO children(self_id, parent_id, from_parent_count, from_parent_calls, from_parent_paths, pct) VALUES(1481,1480,59236,6685,43,0);
INSERT INTO children(self_id, parent_id, from_parent_count, from_parent_calls, from_parent_paths, pct) VALUES(1482,1481,5412,535,30,0);
INSERT INTO children(self_id, parent_id, from_parent_count, from_parent_calls, from_parent_paths, pct) VALUES(1483,1481,5412,618,30,0);
INSERT INTO children(self_id, parent_id, from_parent_count, from_parent_calls, from_parent_paths, pct) VALUES(1484,1481,5412,595,30,0);
INSERT INTO children(self_id, parent_id, from_parent_count, from_parent_calls, from_parent_paths, pct) VALUES(1485,1481,5412,614,30,0);
INSERT INTO children(self_id, parent_id, from_parent_count, from_parent_calls, from_parent_paths, pct) VALUES(1486,1481,5412,599,30,0);
INSERT INTO children(self_id, parent_id, from_parent_count, from_parent_calls, from_parent_paths, pct) VALUES(1487,1481,5412,591,30,0);
INSERT INTO children(self_id, parent_id, from_parent_count, from_parent_calls, from_parent_paths, pct) VALUES(1488,1481,5412,590,30,0);
INSERT INTO children(self_id, parent_id, from_parent_count, from_parent_calls, from_parent_paths, pct) VALUES(1489,1481,5412,570,30,0);
INSERT INTO children(self_id, parent_id, from_parent_count, from_parent_calls, from_parent_paths, pct) VALUES(1490,1481,5412,575,30,0);
INSERT INTO children(self_id, parent_id, from_parent_count, from_parent_calls, from_parent_paths, pct) VALUES(1491,1481,5412,505,30,0);
INSERT INTO children(self_id, parent_id, from_parent_count, from_parent_calls, from_parent_paths, pct) VALUES(1492,1480,92308,8871,43,0);
INSERT INTO children(self_id, parent_id, from_parent_count, from_parent_calls, from_parent_paths, pct) VALUES(1493,1492,5412,436,30,0);
INSERT INTO children(self_id, parent_id, from_parent_count, from_parent_calls, from_parent_paths, pct) VALUES(1494,1492,5412,524,30,0);
INSERT INTO children(self_id, parent_id, from_parent_count, from_parent_calls, from_parent_paths, pct) VALUES(1495,1492,5412,482,30,0);
INSERT INTO children(self_id, parent_id, from_parent_count, from_parent_calls, from_parent_paths, pct) VALUES(1496,1492,5412,525,30,0);
INSERT INTO children(self_id, parent_id, from_parent_count, from_parent_calls, from_parent_paths, pct) VALUES(1497,1492,5412,472,30,0);
INSERT INTO children(self_id, parent_id, from_parent_count, from_parent_calls, from_parent_paths, pct) VALUES(1498,1492,5412,521,30,0);
INSERT INTO children(self_id, parent_id, from_parent_count, from_parent_calls, from_parent_paths, pct) VALUES(1499,1492,5412,501,30,0);
INSERT INTO children(self_id, parent_id, from_parent_count, from_parent_calls, from_parent_paths, pct) VALUES(1500,1492,5412,527,30,0);
INSERT INTO children(self_id, parent_id, from_parent_count, from_parent_calls, from_parent_paths, pct) VALUES(1501,1492,5412,488,30,0);
INSERT INTO children(self_id, parent_id, from_parent_count, from_parent_calls, from_parent_paths, pct) VALUES(1502,1492,5412,525,30,0);
INSERT INTO children(self_id, parent_id, from_parent_count, from_parent_calls, from_parent_paths, pct) VALUES(1503,1492,5412,501,30,0);
INSERT INTO children(self_id, parent_id, from_parent_count, from_parent_calls, from_parent_paths, pct) VALUES(1504,1492,5412,492,30,0);
INSERT INTO children(self_id, parent_id, from_parent_count, from_parent_calls, from_parent_paths, pct) VALUES(1505,1492,5412,480,30,0);
INSERT INTO children(self_id, parent_id, from_parent_count, from_parent_calls, from_parent_paths, pct) VALUES(1506,1492,5412,496,30,0);
INSERT INTO children(self_id, parent_id, from_parent_count, from_parent_calls, from_parent_paths, pct) VALUES(1507,1492,5412,483,30,0);
INSERT INTO children(self_id, parent_id, from_parent_count, from_parent_calls, from_parent_paths, pct) VALUES(1508,1492,5412,418,30,0);
INSERT INTO children(self_id, parent_id, from_parent_count, from_parent_calls, from_parent_paths, pct) VALUES(1509,1480,125380,10310,43,0);
INSERT INTO children(self_id, parent_id, from_parent_count, from_parent_calls, from_parent_paths, pct) VALUES(1510,1509,5412,349,30,0);
INSERT INTO children(self_id, parent_id, from_parent_count, from_parent_calls, from_parent_paths, pct) VALUES(1511,1509,5412,418,30,0);
INSERT INTO children(self_id, parent_id, from_parent_count, from_parent_calls, from_parent_paths, pct) VALUES(1512,1509,5412,451,30,0);
INSERT INTO children(self_id, parent_id, from_parent_count, from_parent_calls, from_parent_paths, pct) VALUES(1513,1509,5412,397,30,0);
INSERT INTO children(self_id, parent_id, from_parent_count, from_parent_calls, from_parent_paths, pct) VALUES(1514,1509,5412,431,30,0);
INSERT INTO children(self_id, parent_id, from_parent_count, from_parent_calls, from_parent_paths, pct) VALUES(1515,1509,5412,434,30,0);
INSERT INTO children(self_id, parent_id, from_parent_count, from_parent_calls, from_parent_paths, pct) VALUES(1516,1509,5412,439,30,0);
INSERT INTO children(self_id, parent_id, from_parent_count, from_parent_calls, from_parent_paths, pct) VALUES(1517,1509,5412,450,30,0);
INSERT INTO children(self_id, parent_id, from_parent_count, from_parent_calls, from_parent_paths, pct) VALUES(1518,1509,5412,419,30,0);
INSERT INTO children(self_id, parent_id, from_parent_count, from_parent_calls, from_parent_paths, pct) VALUES(1519,1509,5412,419,30,0);
INSERT INTO children(self_id, parent_id, from_parent_count, from_parent_calls, from_parent_paths, pct) VALUES(1520,1509,5412,455,30,0);
INSERT INTO children(self_id, parent_id, from_parent_count, from_parent_calls, from_parent_paths, pct) VALUES(1521,1509,5412,443,30,0);
INSERT INTO children(self_id, parent_id, from_parent_count, from_parent_calls, from_parent_paths, pct) VALUES(1522,1509,5412,405,30,0);
INSERT INTO children(self_id, parent_id, from_parent_count, from_parent_calls, from_parent_paths, pct) VALUES(1523,1509,5412,438,30,0);
INSERT INTO children(self_id, parent_id, from_parent_count, from_parent_calls, from_parent_paths, pct) VALUES(1524,1509,5412,421,30,0);
INSERT INTO children(self_id, parent_id, from_parent_count, from_parent_calls, from_parent_paths, pct) VALUES(1525,1509,5412,432,30,0);
INSERT INTO children(self_id, parent_id, from_parent_count, from_parent_calls, from_parent_paths, pct) VALUES(1526,1509,5412,442,30,0);
INSERT INTO children(self_id, parent_id, from_parent_count, from_parent_calls, from_parent_paths, pct) VALUES(1527,1509,5412,428,30,0);
INSERT INTO children(self_id, parent_id, from_parent_count, from_parent_calls, from_parent_paths, pct) VALUES(1528,1509,5412,412,30,0);
INSERT INTO children(self_id, parent_id, from_parent_count, from_parent_calls, from_parent_paths, pct) VALUES(1529,1509,5412,396,30,0);
INSERT INTO children(self_id, parent_id, from_parent_count, from_parent_calls, from_parent_paths, pct) VALUES(1530,1509,5412,413,30,0);
INSERT INTO children(self_id, parent_id, from_parent_count, from_parent_calls, from_parent_paths, pct) VALUES(1531,1509,5412,326,30,0);
INSERT INTO children(self_id, parent_id, from_parent_count, from_parent_calls, from_parent_paths, pct) VALUES(1532,1479,280572,26450,19,0);
INSERT INTO children(self_id, parent_id, from_parent_count, from_parent_calls, from_parent_paths, pct) VALUES(1533,1532,59236,6575,43,0);
INSERT INTO children(self_id, parent_id, from_parent_count, from_parent_calls, from_parent_paths, pct) VALUES(1534,1533,5412,574,30,0);
INSERT INTO children(self_id, parent_id, from_parent_count, from_parent_calls, from_parent_paths, pct) VALUES(1535,1533,5412,572,30,0);
INSERT INTO children(self_id, parent_id, from_parent_count, from_parent_calls, from_parent_paths, pct) VALUES(1536,1533,5412,611,30,0);
INSERT INTO children(self_id, parent_id, from_parent_count, from_parent_calls, from_parent_paths, pct) VALUES(1537,1533,5412,593,30,0);
INSERT INTO children(self_id, parent_id, from_parent_count, from_parent_calls, from_parent_paths, pct) VALUES(1538,1533,5412,598,30,0);
INSERT INTO children(self_id, parent_id, from_parent_count, from_parent_calls, from_parent_paths, pct) VALUES(1539,1533,5412,557,30,0);
INSERT INTO children(self_id, parent_id, from_parent_count, from_parent_calls, from_parent_paths, pct) VALUES(1540,1533,5412,564,30,0);
INSERT INTO children(self_id, parent_id, from_parent_count, from_parent_calls, from_parent_paths, pct) VALUES(1541,1533,5412,551,30,0);
INSERT INTO children(self_id, parent_id, from_parent_count, from_parent_calls, from_parent_paths, pct) VALUES(1542,1533,5412,570,30,0);
INSERT INTO children(self_id, parent_id, from_parent_count, from_parent_calls, from_parent_paths, pct) VALUES(1543,1533,5412,494,30,0);
INSERT INTO children(self_id, parent_id, from_parent_count, from_parent_calls, from_parent_paths, pct) VALUES(1544,1532,92308,8546,43,0);
INSERT INTO children(self_id, parent_id, from_parent_count, from_parent_calls, from_parent_paths, pct) VALUES(1545,1544,5412,420,30,0);
INSERT INTO children(self_id, parent_id, from_parent_count, from_parent_calls, from_parent_paths, pct) VALUES(1546,1544,5412,479,30,0);
INSERT INTO children(self_id, parent_id, from_parent_count, from_parent_calls, from_parent_paths, pct) VALUES(1547,1544,5412,485,30,0);
INSERT INTO children(self_id, parent_id, from_parent_count, from_parent_calls, from_parent_paths, pct) VALUES(1548,1544,5412,506,30,0);
INSERT INTO children(self_id, parent_id, from_parent_count, from_parent_calls, from_parent_paths, pct) VALUES(1549,1544,5412,492,30,0);
INSERT INTO children(self_id, parent_id, from_parent_count, from_parent_calls, from_parent_paths, pct) VALUES(1550,1544,5412,504,30,0);
INSERT INTO children(self_id, parent_id, from_parent_count, from_parent_calls, from_parent_paths, pct) VALUES(1551,1544,5412,497,30,0);
INSERT INTO children(self_id, parent_id, from_parent_count, from_parent_calls, from_parent_paths, pct) VALUES(1552,1544,5412,462,30,0);
INSERT INTO children(self_id, parent_id, from_parent_count, from_parent_calls, from_parent_paths, pct) VALUES(1553,1544,5412,489,30,0);
INSERT INTO children(self_id, parent_id, from_parent_count, from_parent_calls, from_parent_paths, pct) VALUES(1554,1544,5412,473,30,0);
INSERT INTO children(self_id, parent_id, from_parent_count, from_parent_calls, from_parent_paths, pct) VALUES(1555,1544,5412,469,30,0);
INSERT INTO children(self_id, parent_id, from_parent_count, from_parent_calls, from_parent_paths, pct) VALUES(1556,1544,5412,459,30,0);
INSERT INTO children(self_id, parent_id, from_parent_count, from_parent_calls, from_parent_paths, pct) VALUES(1557,1544,5412,464,30,0);
INSERT INTO children(self_id, parent_id, from_parent_count, from_parent_calls, from_parent_paths, pct) VALUES(1558,1544,5412,458,30,0);
INSERT INTO children(self_id, parent_id, from_parent_count, from_parent_calls, from_parent_paths, pct) VALUES(1559,1544,5412,508,30,0);
INSERT INTO children(self_id, parent_id, from_parent_count, from_parent_calls, from_parent_paths, pct) VALUES(1560,1544,5412,404,30,0);
INSERT INTO children(self_id, parent_id, from_parent_count, from_parent_calls, from_parent_paths, pct) VALUES(1561,1532,125380,10462,43,0);
INSERT INTO children(self_id, parent_id, from_parent_count, from_parent_calls, from_parent_paths, pct) VALUES(1562,1561,5412,366,30,0);
INSERT INTO children(self_id, parent_id, from_parent_count, from_parent_calls, from_parent_paths, pct) VALUES(1563,1561,5412,449,30,0);
INSERT INTO children(self_id, parent_id, from_parent_count, from_parent_calls, from_parent_paths, pct) VALUES(1564,1561,5412,444,30,0);
INSERT INTO children(self_id, parent_id, from_parent_count, from_parent_calls, from_parent_paths, pct) VALUES(1565,1561,5412,421,30,0);
INSERT INTO children(self_id, parent_id, from_parent_count, from_parent_calls, from_parent_paths, pct) VALUES(1566,1561,5412,459,30,0);
INSERT INTO children(self_id, parent_id, from_parent_count, from_parent_calls, from_parent_paths, pct) VALUES(1567,1561,5412,462,30,0);
INSERT INTO children(self_id, parent_id, from_parent_count, from_parent_calls, from_parent_paths, pct) VALUES(1568,1561,5412,453,30,0);
INSERT INTO children(self_id, parent_id, from_parent_count, from_parent_calls, from_parent_paths, pct) VALUES(1569,1561,5412,446,30,0);
INSERT INTO children(self_id, parent_id, from_parent_count, from_parent_calls, from_parent_paths, pct) VALUES(1570,1561,5412,420,30,0);
INSERT INTO children(self_id, parent_id, from_parent_count, from_parent_calls, from_parent_paths, pct) VALUES(1571,1561,5412,437,30,0);
INSERT INTO children(self_id, parent_id, from_parent_count, from_parent_calls, from_parent_paths, pct) VALUES(1572,1561,5412,449,30,0);
INSERT INTO children(self_id, parent_id, from_parent_count, from_parent_calls, from_parent_paths, pct) VALUES(1573,1561,5412,444,30,0);
INSERT INTO children(self_id, parent_id, from_parent_count, from_parent_calls, from_parent_paths, pct) VALUES(1574,1561,5412,424,30,0);
INSERT INTO children(self_id, parent_id, from_parent_count, from_parent_calls, from_parent_paths, pct) VALUES(1575,1561,5412,426,30,0);
INSERT INTO children(self_id, parent_id, from_parent_count, from_parent_calls, from_parent_paths, pct) VALUES(1576,1561,5412,419,30,0);
INSERT INTO children(self_id, parent_id, from_parent_count, from_parent_calls, from_parent_paths, pct) VALUES(1577,1561,5412,409,30,0);
INSERT INTO children(self_id, parent_id, from_parent_count, from_parent_calls, from_parent_paths, pct) VALUES(1578,1561,5412,400,30,0);
INSERT INTO children(self_id, parent_id, from_parent_count, from_parent_calls, from_parent_paths, pct) VALUES(1579,1561,5412,402,30,0);
INSERT INTO children(self_id, parent_id, from_parent_count, from_parent_calls, from_parent_paths, pct) VALUES(1580,1561,5412,400,30,0);
INSERT INTO children(self_id, parent_id, from_parent_count, from_parent_calls, from_parent_paths, pct) VALUES(1581,1561,5412,430,30,0);
INSERT INTO children(self_id, parent_id, from_parent_count, from_parent_calls, from_parent_paths, pct) VALUES(1582,1561,5412,454,30,0);
INSERT INTO children(self_id, parent_id, from_parent_count, from_parent_calls, from_parent_paths, pct) VALUES(1583,1561,5412,357,30,0);
INSERT INTO children(self_id, parent_id, from_parent_count, from_parent_calls, from_parent_paths, pct) VALUES(1584,1479,280572,27081,19,0);
INSERT INTO children(self_id, parent_id, from_parent_count, from_parent_calls, from_parent_paths, pct) VALUES(1585,1584,59236,6847,43,0);
INSERT INTO children(self_id, parent_id, from_parent_count, from_parent_calls, from_parent_paths, pct) VALUES(1586,1585,5412,548,30,0);
INSERT INTO children(self_id, parent_id, from_parent_count, from_parent_calls, from_parent_paths, pct) VALUES(1587,1585,5412,630,30,0);
INSERT INTO children(self_id, parent_id, from_parent_count, from_parent_calls, from_parent_paths, pct) VALUES(1588,1585,5412,614,30,0);
INSERT INTO children(self_id, parent_id, from_parent_count, from_parent_calls, from_parent_paths, pct) VALUES(1589,1585,5412,626,30,0);
INSERT INTO children(self_id, parent_id, from_parent_count, from_parent_calls, from_parent_paths, pct) VALUES(1590,1585,5412,621,30,0);
INSERT INTO children(self_id, parent_id, from_parent_count, from_parent_calls, from_parent_paths, pct) VALUES(1591,1585,5412,610,30,0);
INSERT INTO children(self_id, parent_id, from_parent_count, from_parent_calls, from_parent_paths, pct) VALUES(1592,1585,5412,609,30,0);
INSERT INTO children(self_id, parent_id, from_parent_count, from_parent_calls, from_parent_paths, pct) VALUES(1593,1585,5412,600,30,0);
INSERT INTO children(self_id, parent_id, from_parent_count, from_parent_calls, from_parent_paths, pct) VALUES(1594,1585,5412,563,30,0);
INSERT INTO children(self_id, parent_id, from_parent_count, from_parent_calls, from_parent_paths, pct) VALUES(1595,1585,5412,497,30,0);
INSERT INTO children(self_id, parent_id, from_parent_count, from_parent_calls, from_parent_paths, pct) VALUES(1596,1584,92308,8881,43,0);
INSERT INTO children(self_id, parent_id, from_parent_count, from_parent_calls, from_parent_paths, pct) VALUES(1597,1596,5412,422,30,0);
INSERT INTO children(self_id, parent_id, from_parent_count, from_parent_calls, from_parent_paths, pct) VALUES(1598,1596,5412,529,30,0);
INSERT INTO children(self_id, parent_id, from_parent_count, from_parent_calls, from_parent_paths, pct) VALUES(1599,1596,5412,510,30,0);
INSERT INTO children(self_id, parent_id, from_parent_count, from_parent_calls, from_parent_paths, pct) VALUES(1600,1596,5412,510,30,0);
INSERT INTO children(self_id, parent_id, from_parent_count, from_parent_calls, from_parent_paths, pct) VALUES(1601,1596,5412,496,30,0);
INSERT INTO children(self_id, parent_id, from_parent_count, from_parent_calls, from_parent_paths, pct) VALUES(1602,1596,5412,515,30,0);
INSERT INTO children(self_id, parent_id, from_parent_count, from_parent_calls, from_parent_paths, pct) VALUES(1603,1596,5412,516,30,0);
INSERT INTO children(self_id, parent_id, from_parent_count, from_parent_calls, from_parent_paths, pct) VALUES(1604,1596,5412,526,30,0);
INSERT INTO children(self_id, parent_id, from_parent_count, from_parent_calls, from_parent_paths, pct) VALUES(1605,1596,5412,509,30,0);
INSERT INTO children(self_id, parent_id, from_parent_count, from_parent_calls, from_parent_paths, pct) VALUES(1606,1596,5412,506,30,0);
INSERT INTO children(self_id, parent_id, from_parent_count, from_parent_calls, from_parent_paths, pct) VALUES(1607,1596,5412,508,30,0);
INSERT INTO children(self_id, parent_id, from_parent_count, from_parent_calls, from_parent_paths, pct) VALUES(1608,1596,5412,498,30,0);
INSERT INTO children(self_id, parent_id, from_parent_count, from_parent_calls, from_parent_paths, pct) VALUES(1609,1596,5412,492,30,0);
INSERT INTO children(self_id, parent_id, from_parent_count, from_parent_calls, from_parent_paths, pct) VALUES(1610,1596,5412,478,30,0);
INSERT INTO children(self_id, parent_id, from_parent_count, from_parent_calls, from_parent_paths, pct) VALUES(1611,1596,5412,474,30,0);
INSERT INTO children(self_id, parent_id, from_parent_count, from_parent_calls, from_parent_paths, pct) VALUES(1612,1596,5412,410,30,0);
INSERT INTO children(self_id, parent_id, from_parent_count, from_parent_calls, from_parent_paths, pct) VALUES(1613,1584,125380,10476,43,0);
INSERT INTO children(self_id, parent_id, from_parent_count, from_parent_calls, from_parent_paths, pct) VALUES(1614,1613,5412,370,30,0);
INSERT INTO children(self_id, parent_id, from_parent_count, from_parent_calls, from_parent_paths, pct) VALUES(1615,1613,5412,454,30,0);
INSERT INTO children(self_id, parent_id, from_parent_count, from_parent_calls, from_parent_paths, pct) VALUES(1616,1613,5412,409,30,0);
INSERT INTO children(self_id, parent_id, from_parent_count, from_parent_calls, from_parent_paths, pct) VALUES(1617,1613,5412,453,30,0);
INSERT INTO children(self_id, parent_id, from_parent_count, from_parent_calls, from_parent_paths, pct) VALUES(1618,1613,5412,417,30,0);
INSERT INTO children(self_id, parent_id, from_parent_count, from_parent_calls, from_parent_paths, pct) VALUES(1619,1613,5412,413,30,0);
INSERT INTO children(self_id, parent_id, from_parent_count, from_parent_calls, from_parent_paths, pct) VALUES(1620,1613,5412,437,30,0);
INSERT INTO children(self_id, parent_id, from_parent_count, from_parent_calls, from_parent_paths, pct) VALUES(1621,1613,5412,423,30,0);
INSERT INTO children(self_id, parent_id, from_parent_count, from_parent_calls, from_parent_paths, pct) VALUES(1622,1613,5412,434,30,0);
INSERT INTO children(self_id, parent_id, from_parent_count, from_parent_calls, from_parent_paths, pct) VALUES(1623,1613,5412,448,30,0);
INSERT INTO children(self_id, parent_id, from_parent_count, from_parent_calls, from_parent_paths, pct) VALUES(1624,1613,5412,455,30,0);
INSERT INTO children(self_id, parent_id, from_parent_count, from_parent_calls, from_parent_paths, pct) VALUES(1625,1613,5412,420,30,0);
INSERT INTO children(self_id, parent_id, from_parent_count, from_parent_calls, from_parent_paths, pct) VALUES(1626,1613,5412,433,30,0);
INSERT INTO children(self_id, parent_id, from_parent_count, from_parent_calls, from_parent_paths, pct) VALUES(1627,1613,5412,460,30,0);
INSERT INTO children(self_id, parent_id, from_parent_count, from_parent_calls, from_parent_paths, pct) VALUES(1628,1613,5412,443,30,0);
INSERT INTO children(self_id, parent_id, from_parent_count, from_parent_calls, from_parent_paths, pct) VALUES(1629,1613,5412,462,30,0);
INSERT INTO children(self_id, parent_id, from_parent_count, from_parent_calls, from_parent_paths, pct) VALUES(1630,1613,5412,433,30,0);
INSERT INTO children(self_id, parent_id, from_parent_count, from_parent_calls, from_parent_paths, pct) VALUES(1631,1613,5412,420,30,0);
INSERT INTO children(self_id, parent_id, from_parent_count, from_parent_calls, from_parent_paths, pct) VALUES(1632,1613,5412,429,30,0);
INSERT INTO children(self_id, parent_id, from_parent_count, from_parent_calls, from_parent_paths, pct) VALUES(1633,1613,5412,416,30,0);
INSERT INTO children(self_id, parent_id, from_parent_count, from_parent_calls, from_parent_paths, pct) VALUES(1634,1613,5412,411,30,0);
INSERT INTO children(self_id, parent_id, from_parent_count, from_parent_calls, from_parent_paths, pct) VALUES(1635,1613,5412,333,30,0);
INSERT INTO children(self_id, parent_id, from_parent_count, from_parent_calls, from_parent_paths, pct) VALUES(1636,1479,280572,27001,19,0);
INSERT INTO children(self_id, parent_id, from_parent_count, from_parent_calls, from_parent_paths, pct) VALUES(1637,1636,59236,6756,43,0);
INSERT INTO children(self_id, parent_id, from_parent_count, from_parent_calls, from_parent_paths, pct) VALUES(1638,1637,5412,518,30,0);
INSERT INTO children(self_id, parent_id, from_parent_count, from_parent_calls, from_parent_paths, pct) VALUES(1639,1637,5412,599,30,0);
INSERT INTO children(self_id, parent_id, from_parent_count, from_parent_calls, from_parent_paths, pct) VALUES(1640,1637,5412,632,30,0);
INSERT INTO children(self_id, parent_id, from_parent_count, from_parent_calls, from_parent_paths, pct) VALUES(1641,1637,5412,584,30,0);
INSERT INTO children(self_id, parent_id, from_parent_count, from_parent_calls, from_parent_paths, pct) VALUES(1642,1637,5412,599,30,0);
INSERT INTO children(self_id, parent_id, from_parent_count, from_parent_calls, from_parent_paths, pct) VALUES(1643,1637,5412,580,30,0);
INSERT INTO children(self_id, parent_id, from_parent_count, from_parent_calls, from_parent_paths, pct) VALUES(1644,1637,5412,622,30,0);
INSERT INTO children(self_id, parent_id, from_parent_count, from_parent_calls, from_parent_paths, pct) VALUES(1645,1637,5412,585,30,0);
INSERT INTO children(self_id, parent_id, from_parent_count, from_parent_calls, from_parent_paths, pct) VALUES(1646,1637,5412,594,30,0);
INSERT INTO children(self_id, parent_id, from_parent_count, from_parent_calls, from_parent_paths, pct) VALUES(1647,1637,5412,502,30,0);
INSERT INTO children(self_id, parent_id, from_parent_count, from_parent_calls, from_parent_paths, pct) VALUES(1648,1636,92308,8765,43,0);
INSERT INTO children(self_id, parent_id, from_parent_count, from_parent_calls, from_parent_paths, pct) VALUES(1649,1648,5412,408,30,0);
INSERT INTO children(self_id, parent_id, from_parent_count, from_parent_calls, from_parent_paths, pct) VALUES(1650,1648,5412,495,30,0);
INSERT INTO children(self_id, parent_id, from_parent_count, from_parent_calls, from_parent_paths, pct) VALUES(1651,1648,5412,516,30,0);
INSERT INTO children(self_id, parent_id, from_parent_count, from_parent_calls, from_parent_paths, pct) VALUES(1652,1648,5412,517,30,0);
INSERT INTO children(self_id, parent_id, from_parent_count, from_parent_calls, from_parent_paths, pct) VALUES(1653,1648,5412,534,30,0);
INSERT INTO children(self_id, parent_id, from_parent_count, from_parent_calls, from_parent_paths, pct) VALUES(1654,1648,5412,501,30,0);
INSERT INTO children(self_id, parent_id, from_parent_count, from_parent_calls, from_parent_paths, pct) VALUES(1655,1648,5412,501,30,0);
INSERT INTO children(self_id, parent_id, from_parent_count, from_parent_calls, from_parent_paths, pct) VALUES(1656,1648,5412,464,30,0);
INSERT INTO children(self_id, parent_id, from_parent_count, from_parent_calls, from_parent_paths, pct) VALUES(1657,1648,5412,492,30,0);
INSERT INTO children(self_id, parent_id, from_parent_count, from_parent_calls, from_parent_paths, pct) VALUES(1658,1648,5412,481,30,0);
INSERT INTO children(self_id, parent_id, from_parent_count, from_parent_calls, from_parent_paths, pct) VALUES(1659,1648,5412,491,30,0);
INSERT INTO children(self_id, parent_id, from_parent_count, from_parent_calls, from_parent_paths, pct) VALUES(1660,1648,5412,491,30,0);
INSERT INTO children(self_id, parent_id, from_parent_count, from_parent_calls, from_parent_paths, pct) VALUES(1661,1648,5412,498,30,0);
INSERT INTO children(self_id, parent_id, from_parent_count, from_parent_calls, from_parent_paths, pct) VALUES(1662,1648,5412,497,30,0);
INSERT INTO children(self_id, parent_id, from_parent_count, from_parent_calls, from_parent_paths, pct) VALUES(1663,1648,5412,503,30,0);
INSERT INTO children(self_id, parent_id, from_parent_count, from_parent_calls, from_parent_paths, pct) VALUES(1664,1648,5412,376,30,0);
INSERT INTO children(self_id, parent_id, from_parent_count, from_parent_calls, from_parent_paths, pct) VALUES(1665,1636,125380,10595,43,0);
INSERT INTO children(self_id, parent_id, from_parent_count, from_parent_calls, from_parent_paths, pct) VALUES(1666,1665,5412,390,30,0);
INSERT INTO children(self_id, parent_id, from_parent_count, from_parent_calls, from_parent_paths, pct) VALUES(1667,1665,5412,434,30,0);
INSERT INTO children(self_id, parent_id, from_parent_count, from_parent_calls, from_parent_paths, pct) VALUES(1668,1665,5412,443,30,0);
INSERT INTO children(self_id, parent_id, from_parent_count, from_parent_calls, from_parent_paths, pct) VALUES(1669,1665,5412,417,30,0);
INSERT INTO children(self_id, parent_id, from_parent_count, from_parent_calls, from_parent_paths, pct) VALUES(1670,1665,5412,460,30,0);
INSERT INTO children(self_id, parent_id, from_parent_count, from_parent_calls, from_parent_paths, pct) VALUES(1671,1665,5412,449,30,0);
INSERT INTO children(self_id, parent_id, from_parent_count, from_parent_calls, from_parent_paths, pct) VALUES(1672,1665,5412,447,30,0);
INSERT INTO children(self_id, parent_id, from_parent_count, from_parent_calls, from_parent_paths, pct) VALUES(1673,1665,5412,433,30,0);
INSERT INTO children(self_id, parent_id, from_parent_count, from_parent_calls, from_parent_paths, pct) VALUES(1674,1665,5412,443,30,0);
INSERT INTO children(self_id, parent_id, from_parent_count, from_parent_calls, from_parent_paths, pct) VALUES(1675,1665,5412,427,30,0);
INSERT INTO children(self_id, parent_id, from_parent_count, from_parent_calls, from_parent_paths, pct) VALUES(1676,1665,5412,441,30,0);
INSERT INTO children(self_id, parent_id, from_parent_count, from_parent_calls, from_parent_paths, pct) VALUES(1677,1665,5412,418,30,0);
INSERT INTO children(self_id, parent_id, from_parent_count, from_parent_calls, from_parent_paths, pct) VALUES(1678,1665,5412,409,30,0);
INSERT INTO children(self_id, parent_id, from_parent_count, from_parent_calls, from_parent_paths, pct) VALUES(1679,1665,5412,424,30,0);
INSERT INTO children(self_id, parent_id, from_parent_count, from_parent_calls, from_parent_paths, pct) VALUES(1680,1665,5412,433,30,0);
INSERT INTO children(self_id, parent_id, from_parent_count, from_parent_calls, from_parent_paths, pct) VALUES(1681,1665,5412,428,30,0);
INSERT INTO children(self_id, parent_id, from_parent_count, from_parent_calls, from_parent_paths, pct) VALUES(1682,1665,5412,417,30,0);
INSERT INTO children(self_id, parent_id, from_parent_count, from_parent_calls, from_parent_paths, pct) VALUES(1683,1665,5412,450,30,0);
INSERT INTO children(self_id, parent_id, from_parent_count, from_parent_calls, from_parent_paths, pct) VALUES(1684,1665,5412,466,30,0);
INSERT INTO children(self_id, parent_id, from_parent_count, from_parent_calls, from_parent_paths, pct) VALUES(1685,1665,5412,443,30,0);
INSERT INTO children(self_id, parent_id, from_parent_count, from_parent_calls, from_parent_paths, pct) VALUES(1686,1665,5412,451,30,0);
INSERT INTO children(self_id, parent_id, from_parent_count, from_parent_calls, from_parent_paths, pct) VALUES(1687,1665,5412,342,30,0);
INSERT INTO children(self_id, parent_id, from_parent_count, from_parent_calls, from_parent_paths, pct) VALUES(1688,1437,887624,208331,0,0);
INSERT INTO children(self_id, parent_id, from_parent_count, from_parent_calls, from_parent_paths, pct) VALUES(1689,1688,443612,105669,58,0);
INSERT INTO children(self_id, parent_id, from_parent_count, from_parent_calls, from_parent_paths, pct) VALUES(1690,1688,444012,102662,59,0);
INSERT INTO children(self_id, parent_id, from_parent_count, from_parent_calls, from_parent_paths, pct) VALUES(1691,1437,564496,39204,29,0);
INSERT INTO children(self_id, parent_id, from_parent_count, from_parent_calls, from_parent_paths, pct) VALUES(1692,1691,138504,9687,19,0);
INSERT INTO children(self_id, parent_id, from_parent_count, from_parent_calls, from_parent_paths, pct) VALUES(1693,1692,68340,4645,43,0);
INSERT INTO children(self_id, parent_id, from_parent_count, from_parent_calls, from_parent_paths, pct) VALUES(1694,1693,5252,352,28,0);
INSERT INTO children(self_id, parent_id, from_parent_count, from_parent_calls, from_parent_paths, pct) VALUES(1695,1693,5252,367,28,0);
INSERT INTO children(self_id, parent_id, from_parent_count, from_parent_calls, from_parent_paths, pct) VALUES(1696,1693,5252,338,28,0);
INSERT INTO children(self_id, parent_id, from_parent_count, from_parent_calls, from_parent_paths, pct) VALUES(1697,1693,5252,351,28,0);
INSERT INTO children(self_id, parent_id, from_parent_count, from_parent_calls, from_parent_paths, pct) VALUES(1698,1693,5252,362,28,0);
INSERT INTO children(self_id, parent_id, from_parent_count, from_parent_calls, from_parent_paths, pct) VALUES(1699,1693,5252,302,28,0);
INSERT INTO children(self_id, parent_id, from_parent_count, from_parent_calls, from_parent_paths, pct) VALUES(1700,1693,5252,325,28,0);
INSERT INTO children(self_id, parent_id, from_parent_count, from_parent_calls, from_parent_paths, pct) VALUES(1701,1693,5252,319,28,0);
INSERT INTO children(self_id, parent_id, from_parent_count, from_parent_calls, from_parent_paths, pct) VALUES(1702,1693,5252,297,28,0);
INSERT INTO children(self_id, parent_id, from_parent_count, from_parent_calls, from_parent_paths, pct) VALUES(1703,1693,5252,319,28,0);
INSERT INTO children(self_id, parent_id, from_parent_count, from_parent_calls, from_parent_paths, pct) VALUES(1704,1693,5252,273,28,0);
INSERT INTO children(self_id, parent_id, from_parent_count, from_parent_calls, from_parent_paths, pct) VALUES(1705,1693,5252,329,28,0);
INSERT INTO children(self_id, parent_id, from_parent_count, from_parent_calls, from_parent_paths, pct) VALUES(1706,1692,68340,4634,43,0);
INSERT INTO children(self_id, parent_id, from_parent_count, from_parent_calls, from_parent_paths, pct) VALUES(1707,1706,5252,348,28,0);
INSERT INTO children(self_id, parent_id, from_parent_count, from_parent_calls, from_parent_paths, pct) VALUES(1708,1706,5252,357,28,0);
INSERT INTO children(self_id, parent_id, from_parent_count, from_parent_calls, from_parent_paths, pct) VALUES(1709,1706,5252,354,28,0);
INSERT INTO children(self_id, parent_id, from_parent_count, from_parent_calls, from_parent_paths, pct) VALUES(1710,1706,5252,351,28,0);
INSERT INTO children(self_id, parent_id, from_parent_count, from_parent_calls, from_parent_paths, pct) VALUES(1711,1706,5252,341,28,0);
INSERT INTO children(self_id, parent_id, from_parent_count, from_parent_calls, from_parent_paths, pct) VALUES(1712,1706,5252,324,28,0);
INSERT INTO children(self_id, parent_id, from_parent_count, from_parent_calls, from_parent_paths, pct) VALUES(1713,1706,5252,322,28,0);
INSERT INTO children(self_id, parent_id, from_parent_count, from_parent_calls, from_parent_paths, pct) VALUES(1714,1706,5252,301,28,0);
INSERT INTO children(self_id, parent_id, from_parent_count, from_parent_calls, from_parent_paths, pct) VALUES(1715,1706,5252,339,28,0);
INSERT INTO children(self_id, parent_id, from_parent_count, from_parent_calls, from_parent_paths, pct) VALUES(1716,1706,5252,293,28,0);
INSERT INTO children(self_id, parent_id, from_parent_count, from_parent_calls, from_parent_paths, pct) VALUES(1717,1706,5252,295,28,0);
INSERT INTO children(self_id, parent_id, from_parent_count, from_parent_calls, from_parent_paths, pct) VALUES(1718,1706,5252,308,28,0);
INSERT INTO children(self_id, parent_id, from_parent_count, from_parent_calls, from_parent_paths, pct) VALUES(1719,1691,138504,9176,19,0);
INSERT INTO children(self_id, parent_id, from_parent_count, from_parent_calls, from_parent_paths, pct) VALUES(1720,1719,68340,4585,43,0);
INSERT INTO children(self_id, parent_id, from_parent_count, from_parent_calls, from_parent_paths, pct) VALUES(1721,1720,5252,354,28,0);
INSERT INTO children(self_id, parent_id, from_parent_count, from_parent_calls, from_parent_paths, pct) VALUES(1722,1720,5252,306,28,0);
INSERT INTO children(self_id, parent_id, from_parent_count, from_parent_calls, from_parent_paths, pct) VALUES(1723,1720,5252,341,28,0);
INSERT INTO children(self_id, parent_id, from_parent_count, from_parent_calls, from_parent_paths, pct) VALUES(1724,1720,5252,321,28,0);
INSERT INTO children(self_id, parent_id, from_parent_count, from_parent_calls, from_parent_paths, pct) VALUES(1725,1720,5252,305,28,0);
INSERT INTO children(self_id, parent_id, from_parent_count, from_parent_calls, from_parent_paths, pct) VALUES(1726,1720,5252,326,28,0);
INSERT INTO children(self_id, parent_id, from_parent_count, from_parent_calls, from_parent_paths, pct) VALUES(1727,1720,5252,325,28,0);
INSERT INTO children(self_id, parent_id, from_parent_count, from_parent_calls, from_parent_paths, pct) VALUES(1728,1720,5252,327,28,0);
INSERT INTO children(self_id, parent_id, from_parent_count, from_parent_calls, from_parent_paths, pct) VALUES(1729,1720,5252,279,28,0);
INSERT INTO children(self_id, parent_id, from_parent_count, from_parent_calls, from_parent_paths, pct) VALUES(1730,1720,5252,325,28,0);
INSERT INTO children(self_id, parent_id, from_parent_count, from_parent_calls, from_parent_paths, pct) VALUES(1731,1720,5252,348,28,0);
INSERT INTO children(self_id, parent_id, from_parent_count, from_parent_calls, from_parent_paths, pct) VALUES(1732,1720,5252,334,28,0);
INSERT INTO children(self_id, parent_id, from_parent_count, from_parent_calls, from_parent_paths, pct) VALUES(1733,1719,68340,4200,43,0);
INSERT INTO children(self_id, parent_id, from_parent_count, from_parent_calls, from_parent_paths, pct) VALUES(1734,1733,5252,348,28,0);
INSERT INTO children(self_id, parent_id, from_parent_count, from_parent_calls, from_parent_paths, pct) VALUES(1735,1733,5252,300,28,0);
INSERT INTO children(self_id, parent_id, from_parent_count, from_parent_calls, from_parent_paths, pct) VALUES(1736,1733,5252,344,28,0);
INSERT INTO children(self_id, parent_id, from_parent_count, from_parent_calls, from_parent_paths, pct) VALUES(1737,1733,5252,313,28,0);
INSERT INTO children(self_id, parent_id, from_parent_count, from_parent_calls, from_parent_paths, pct) VALUES(1738,1733,5252,327,28,0);
INSERT INTO children(self_id, parent_id, from_parent_count, from_parent_calls, from_parent_paths, pct) VALUES(1739,1733,5252,327,28,0);
INSERT INTO children(self_id, parent_id, from_parent_count, from_parent_calls, from_parent_paths, pct) VALUES(1740,1733,5252,310,28,0);
INSERT INTO children(self_id, parent_id, from_parent_count, from_parent_calls, from_parent_paths, pct) VALUES(1741,1733,5252,0,28,0);
INSERT INTO children(self_id, parent_id, from_parent_count, from_parent_calls, from_parent_paths, pct) VALUES(1742,1733,5252,284,28,0);
INSERT INTO children(self_id, parent_id, from_parent_count, from_parent_calls, from_parent_paths, pct) VALUES(1743,1733,5252,330,28,0);
INSERT INTO children(self_id, parent_id, from_parent_count, from_parent_calls, from_parent_paths, pct) VALUES(1744,1733,5252,325,28,0);
INSERT INTO children(self_id, parent_id, from_parent_count, from_parent_calls, from_parent_paths, pct) VALUES(1745,1733,5252,318,28,0);
INSERT INTO children(self_id, parent_id, from_parent_count, from_parent_calls, from_parent_paths, pct) VALUES(1746,1691,138504,8837,19,0);
INSERT INTO children(self_id, parent_id, from_parent_count, from_parent_calls, from_parent_paths, pct) VALUES(1747,1746,68340,4877,43,0);
INSERT INTO children(self_id, parent_id, from_parent_count, from_parent_calls, from_parent_paths, pct) VALUES(1748,1747,5252,330,28,0);
INSERT INTO children(self_id, parent_id, from_parent_count, from_parent_calls, from_parent_paths, pct) VALUES(1749,1747,5252,350,28,0);
INSERT INTO children(self_id, parent_id, from_parent_count, from_parent_calls, from_parent_paths, pct) VALUES(1750,1747,5252,351,28,0);
INSERT INTO children(self_id, parent_id, from_parent_count, from_parent_calls, from_parent_paths, pct) VALUES(1751,1747,5252,361,28,0);
INSERT INTO children(self_id, parent_id, from_parent_count, from_parent_calls, from_parent_paths, pct) VALUES(1752,1747,5252,380,28,0);
INSERT INTO children(self_id, parent_id, from_parent_count, from_parent_calls, from_parent_paths, pct) VALUES(1753,1747,5252,339,28,0);
INSERT INTO children(self_id, parent_id, from_parent_count, from_parent_calls, from_parent_paths, pct) VALUES(1754,1747,5252,342,28,0);
INSERT INTO children(self_id, parent_id, from_parent_count, from_parent_calls, from_parent_paths, pct) VALUES(1755,1747,5252,345,28,0);
INSERT INTO children(self_id, parent_id, from_parent_count, from_parent_calls, from_parent_paths, pct) VALUES(1756,1747,5252,358,28,0);
INSERT INTO children(self_id, parent_id, from_parent_count, from_parent_calls, from_parent_paths, pct) VALUES(1757,1747,5252,338,28,0);
INSERT INTO children(self_id, parent_id, from_parent_count, from_parent_calls, from_parent_paths, pct) VALUES(1758,1747,5252,335,28,0);
INSERT INTO children(self_id, parent_id, from_parent_count, from_parent_calls, from_parent_paths, pct) VALUES(1759,1747,5252,341,28,0);
INSERT INTO children(self_id, parent_id, from_parent_count, from_parent_calls, from_parent_paths, pct) VALUES(1760,1746,68340,3603,43,0);
INSERT INTO children(self_id, parent_id, from_parent_count, from_parent_calls, from_parent_paths, pct) VALUES(1761,1760,5252,338,28,0);
INSERT INTO children(self_id, parent_id, from_parent_count, from_parent_calls, from_parent_paths, pct) VALUES(1762,1760,5252,322,28,0);
INSERT INTO children(self_id, parent_id, from_parent_count, from_parent_calls, from_parent_paths, pct) VALUES(1763,1760,5252,338,28,0);
INSERT INTO children(self_id, parent_id, from_parent_count, from_parent_calls, from_parent_paths, pct) VALUES(1764,1760,5252,0,28,0);
INSERT INTO children(self_id, parent_id, from_parent_count, from_parent_calls, from_parent_paths, pct) VALUES(1765,1760,5252,0,28,0);
INSERT INTO children(self_id, parent_id, from_parent_count, from_parent_calls, from_parent_paths, pct) VALUES(1766,1760,5252,0,28,0);
INSERT INTO children(self_id, parent_id, from_parent_count, from_parent_calls, from_parent_paths, pct) VALUES(1767,1760,5252,317,28,0);
INSERT INTO children(self_id, parent_id, from_parent_count, from_parent_calls, from_parent_paths, pct) VALUES(1768,1760,5252,326,28,0);
INSERT INTO children(self_id, parent_id, from_parent_count, from_parent_calls, from_parent_paths, pct) VALUES(1769,1760,5252,351,28,0);
INSERT INTO children(self_id, parent_id, from_parent_count, from_parent_calls, from_parent_paths, pct) VALUES(1770,1760,5252,319,28,0);
INSERT INTO children(self_id, parent_id, from_parent_count, from_parent_calls, from_parent_paths, pct) VALUES(1771,1760,5252,325,28,0);
INSERT INTO children(self_id, parent_id, from_parent_count, from_parent_calls, from_parent_paths, pct) VALUES(1772,1760,5252,344,28,0);
INSERT INTO children(self_id, parent_id, from_parent_count, from_parent_calls, from_parent_paths, pct) VALUES(1773,1691,138504,9848,19,0);
INSERT INTO children(self_id, parent_id, from_parent_count, from_parent_calls, from_parent_paths, pct) VALUES(1774,1773,68340,4752,43,0);
INSERT INTO children(self_id, parent_id, from_parent_count, from_parent_calls, from_parent_paths, pct) VALUES(1775,1774,5252,334,28,0);
INSERT INTO children(self_id, parent_id, from_parent_count, from_parent_calls, from_parent_paths, pct) VALUES(1776,1774,5252,364,28,0);
INSERT INTO children(self_id, parent_id, from_parent_count, from_parent_calls, from_parent_paths, pct) VALUES(1777,1774,5252,339,28,0);
INSERT INTO children(self_id, parent_id, from_parent_count, from_parent_calls, from_parent_paths, pct) VALUES(1778,1774,5252,328,28,0);
INSERT INTO children(self_id, parent_id, from_parent_count, from_parent_calls, from_parent_paths, pct) VALUES(1779,1774,5252,342,28,0);
INSERT INTO children(self_id, parent_id, from_parent_count, from_parent_calls, from_parent_paths, pct) VALUES(1780,1774,5252,330,28,0);
INSERT INTO children(self_id, parent_id, from_parent_count, from_parent_calls, from_parent_paths, pct) VALUES(1781,1774,5252,335,28,0);
INSERT INTO children(self_id, parent_id, from_parent_count, from_parent_calls, from_parent_paths, pct) VALUES(1782,1774,5252,351,28,0);
INSERT INTO children(self_id, parent_id, from_parent_count, from_parent_calls, from_parent_paths, pct) VALUES(1783,1774,5252,336,28,0);
INSERT INTO children(self_id, parent_id, from_parent_count, from_parent_calls, from_parent_paths, pct) VALUES(1784,1774,5252,337,28,0);
INSERT INTO children(self_id, parent_id, from_parent_count, from_parent_calls, from_parent_paths, pct) VALUES(1785,1774,5252,331,28,0);
INSERT INTO children(self_id, parent_id, from_parent_count, from_parent_calls, from_parent_paths, pct) VALUES(1786,1774,5252,315,28,0);
INSERT INTO children(self_id, parent_id, from_parent_count, from_parent_calls, from_parent_paths, pct) VALUES(1787,1773,68340,4688,43,0);
INSERT INTO children(self_id, parent_id, from_parent_count, from_parent_calls, from_parent_paths, pct) VALUES(1788,1787,5252,335,28,0);
INSERT INTO children(self_id, parent_id, from_parent_count, from_parent_calls, from_parent_paths, pct) VALUES(1789,1787,5252,360,28,0);
INSERT INTO children(self_id, parent_id, from_parent_count, from_parent_calls, from_parent_paths, pct) VALUES(1790,1787,5252,340,28,0);
INSERT INTO children(self_id, parent_id, from_parent_count, from_parent_calls, from_parent_paths, pct) VALUES(1791,1787,5252,338,28,0);
INSERT INTO children(self_id, parent_id, from_parent_count, from_parent_calls, from_parent_paths, pct) VALUES(1792,1787,5252,321,28,0);
INSERT INTO children(self_id, parent_id, from_parent_count, from_parent_calls, from_parent_paths, pct) VALUES(1793,1787,5252,339,28,0);
INSERT INTO children(self_id, parent_id, from_parent_count, from_parent_calls, from_parent_paths, pct) VALUES(1794,1787,5252,337,28,0);
INSERT INTO children(self_id, parent_id, from_parent_count, from_parent_calls, from_parent_paths, pct) VALUES(1795,1787,5252,336,28,0);
INSERT INTO children(self_id, parent_id, from_parent_count, from_parent_calls, from_parent_paths, pct) VALUES(1796,1787,5252,325,28,0);
INSERT INTO children(self_id, parent_id, from_parent_count, from_parent_calls, from_parent_paths, pct) VALUES(1797,1787,5252,331,28,0);
INSERT INTO children(self_id, parent_id, from_parent_count, from_parent_calls, from_parent_paths, pct) VALUES(1798,1787,5252,305,28,0);
INSERT INTO children(self_id, parent_id, from_parent_count, from_parent_calls, from_parent_paths, pct) VALUES(1799,1787,5252,316,28,0);
INSERT INTO children(self_id, parent_id, from_parent_count, from_parent_calls, from_parent_paths, pct) VALUES(1800,1437,56,10,1,0);
INSERT INTO children(self_id, parent_id, from_parent_count, from_parent_calls, from_parent_paths, pct) VALUES(1801,1800,0,0,0,0);
INSERT INTO children(self_id, parent_id, from_parent_count, from_parent_calls, from_parent_paths, pct) VALUES(1802,1800,0,0,0,0);
INSERT INTO children(self_id, parent_id, from_parent_count, from_parent_calls, from_parent_paths, pct) VALUES(1803,1800,0,0,0,0);
INSERT INTO children(self_id, parent_id, from_parent_count, from_parent_calls, from_parent_paths, pct) VALUES(1804,1800,0,0,0,0);
INSERT INTO children(self_id, parent_id, from_parent_count, from_parent_calls, from_parent_paths, pct) VALUES(1805,1437,480,42,3,0);
INSERT INTO children(self_id, parent_id, from_parent_count, from_parent_calls, from_parent_paths, pct) VALUES(1806,1437,24,6,2,0);
INSERT INTO mainrows(id, symbol_id, self_count, cumulative_count, kids, self_calls, total_calls, self_paths, total_paths, pct) VALUES(1807, 1807, 3476856, 3476856, 6, 293628, 869214, 14538, 14538, 0.0);
INSERT INTO mainrows(id, symbol_id, self_count, cumulative_count, kids, self_calls, total_calls, self_paths, total_paths, pct) VALUES(1808, 1808, 1262652, 1262652, 4, 145507, 315663, 4845, 4845, 0.0);
INSERT INTO mainrows(id, symbol_id, self_count, cumulative_count, kids, self_calls, total_calls, self_paths, total_paths, pct) VALUES(1809, 1809, 758784, 758784, 5, 86159, 189696, 2460, 2460, 0.0);
INSERT INTO mainrows(id, symbol_id, self_count, cumulative_count, kids, self_calls, total_calls, self_paths, total_paths, pct) VALUES(1810, 1810, 151872, 151872, 13, 17293, 37968, 492, 492, 0.0);
INSERT INTO mainrows(id, symbol_id, self_count, cumulative_count, kids, self_calls, total_calls, self_paths, total_paths, pct) VALUES(1811, 1811, 73440, 73440, 0, 17076, 18360, 12, 12, 0.0);
INSERT INTO mainrows(id, symbol_id, self_count, cumulative_count, kids, self_calls, total_calls, self_paths, total_paths, pct) VALUES(1812, 1812, 6568, 6568, 4, 0, 1642, 40, 40, 0.0);
INSERT INTO mainrows(id, symbol_id, self_count, cumulative_count, kids, self_calls, total_calls, self_paths, total_paths, pct) VALUES(1813, 1813, 1888, 1888, 0, 0, 472, 10, 10, 0.0);
INSERT INTO mainrows(id, symbol_id, self_count, cumulative_count, kids, self_calls, total_calls, self_paths, total_paths, pct) VALUES(1814, 1814, 2248, 2248, 0, 0, 562, 10, 10, 0.0);
INSERT INTO mainrows(id, symbol_id, self_count, cumulative_count, kids, self_calls, total_calls, self_paths, total_paths, pct) VALUES(1815, 1815, 1168, 1168, 0, 0, 292, 10, 10, 0.0);
INSERT INTO mainrows(id, symbol_id, self_count, cumulative_count, kids, self_calls, total_calls, self_paths, total_paths, pct) VALUES(1816, 1816, 1264, 1264, 0, 0, 316, 10, 10, 0.0);
INSERT INTO mainrows(id, symbol_id, self_count, cumulative_count, kids, self_calls, total_calls, self_paths, total_paths, pct) VALUES(1817, 1817, 6760, 6760, 4, 26, 1690, 40, 40, 0.0);
INSERT INTO mainrows(id, symbol_id, self_count, cumulative_count, kids, self_calls, total_calls, self_paths, total_paths, pct) VALUES(1818, 1818, 1888, 1888, 0, 12, 472, 10, 10, 0.0);
INSERT INTO mainrows(id, symbol_id, self_count, cumulative_count, kids, self_calls, total_calls, self_paths, total_paths, pct) VALUES(1819, 1819, 2248, 2248, 0, 7, 562, 10, 10, 0.0);
INSERT INTO mainrows(id, symbol_id, self_count, cumulative_count, kids, self_calls, total_calls, self_paths, total_paths, pct) VALUES(1820, 1820, 1168, 1168, 0, 0, 292, 10, 10, 0.0);
INSERT INTO mainrows(id, symbol_id, self_count, cumulative_count, kids, self_calls, total_calls, self_paths, total_paths, pct) VALUES(1821, 1821, 1456, 1456, 0, 7, 364, 10, 10, 0.0);
INSERT INTO mainrows(id, symbol_id, self_count, cumulative_count, kids, self_calls, total_calls, self_paths, total_paths, pct) VALUES(1822, 1822, 5936, 5936, 4, 11, 1484, 35, 35, 0.0);
INSERT INTO mainrows(id, symbol_id, self_count, cumulative_count, kids, self_calls, total_calls, self_paths, total_paths, pct) VALUES(1823, 1823, 1888, 1888, 0, 5, 472, 10, 10, 0.0);
INSERT INTO mainrows(id, symbol_id, self_count, cumulative_count, kids, self_calls, total_calls, self_paths, total_paths, pct) VALUES(1824, 1824, 2248, 2248, 0, 0, 562, 10, 10, 0.0);
INSERT INTO mainrows(id, symbol_id, self_count, cumulative_count, kids, self_calls, total_calls, self_paths, total_paths, pct) VALUES(1825, 1825, 1168, 1168, 0, 6, 292, 10, 10, 0.0);
INSERT INTO mainrows(id, symbol_id, self_count, cumulative_count, kids, self_calls, total_calls, self_paths, total_paths, pct) VALUES(1826, 1826, 632, 632, 0, 0, 158, 5, 5, 0.0);
INSERT INTO mainrows(id, symbol_id, self_count, cumulative_count, kids, self_calls, total_calls, self_paths, total_paths, pct) VALUES(1827, 1827, 6472, 6472, 4, 0, 1618, 40, 40, 0.0);
INSERT INTO mainrows(id, symbol_id, self_count, cumulative_count, kids, self_calls, total_calls, self_paths, total_paths, pct) VALUES(1828, 1828, 1888, 1888, 0, 0, 472, 10, 10, 0.0);
INSERT INTO mainrows(id, symbol_id, self_count, cumulative_count, kids, self_calls, total_calls, self_paths, total_paths, pct) VALUES(1829, 1829, 2248, 2248, 0, 0, 562, 10, 10, 0.0);
INSERT INTO mainrows(id, symbol_id, self_count, cumulative_count, kids, self_calls, total_calls, self_paths, total_paths, pct) VALUES(1830, 1830, 1168, 1168, 0, 0, 292, 10, 10, 0.0);
INSERT INTO mainrows(id, symbol_id, self_count, cumulative_count, kids, self_calls, total_calls, self_paths, total_paths, pct) VALUES(1831, 1831, 1168, 1168, 0, 0, 292, 10, 10, 0.0);
INSERT INTO mainrows(id, symbol_id, self_count, cumulative_count, kids, self_calls, total_calls, self_paths, total_paths, pct) VALUES(1832, 1832, 6568, 6568, 4, 93, 1642, 40, 40, 0.0);
INSERT INTO mainrows(id, symbol_id, self_count, cumulative_count, kids, self_calls, total_calls, self_paths, total_paths, pct) VALUES(1833, 1833, 1888, 1888, 0, 6, 472, 10, 10, 0.0);
INSERT INTO mainrows(id, symbol_id, self_count, cumulative_count, kids, self_calls, total_calls, self_paths, total_paths, pct) VALUES(1834, 1834, 2248, 2248, 0, 0, 562, 10, 10, 0.0);
INSERT INTO mainrows(id, symbol_id, self_count, cumulative_count, kids, self_calls, total_calls, self_paths, total_paths, pct) VALUES(1835, 1835, 1168, 1168, 0, 0, 292, 10, 10, 0.0);
INSERT INTO mainrows(id, symbol_id, self_count, cumulative_count, kids, self_calls, total_calls, self_paths, total_paths, pct) VALUES(1836, 1836, 1264, 1264, 0, 87, 316, 10, 10, 0.0);
INSERT INTO mainrows(id, symbol_id, self_count, cumulative_count, kids, self_calls, total_calls, self_paths, total_paths, pct) VALUES(1837, 1837, 6568, 6568, 4, 6, 1642, 40, 40, 0.0);
INSERT INTO mainrows(id, symbol_id, self_count, cumulative_count, kids, self_calls, total_calls, self_paths, total_paths, pct) VALUES(1838, 1838, 1888, 1888, 0, 0, 472, 10, 10, 0.0);
INSERT INTO mainrows(id, symbol_id, self_count, cumulative_count, kids, self_calls, total_calls, self_paths, total_paths, pct) VALUES(1839, 1839, 2248, 2248, 0, 0, 562, 10, 10, 0.0);
INSERT INTO mainrows(id, symbol_id, self_count, cumulative_count, kids, self_calls, total_calls, self_paths, total_paths, pct) VALUES(1840, 1840, 1168, 1168, 0, 6, 292, 10, 10, 0.0);
INSERT INTO mainrows(id, symbol_id, self_count, cumulative_count, kids, self_calls, total_calls, self_paths, total_paths, pct) VALUES(1841, 1841, 1264, 1264, 0, 0, 316, 10, 10, 0.0);
INSERT INTO mainrows(id, symbol_id, self_count, cumulative_count, kids, self_calls, total_calls, self_paths, total_paths, pct) VALUES(1842, 1842, 7448, 7448, 4, 13, 1862, 50, 50, 0.0);
INSERT INTO mainrows(id, symbol_id, self_count, cumulative_count, kids, self_calls, total_calls, self_paths, total_paths, pct) VALUES(1843, 1843, 1888, 1888, 0, 0, 472, 10, 10, 0.0);
INSERT INTO mainrows(id, symbol_id, self_count, cumulative_count, kids, self_calls, total_calls, self_paths, total_paths, pct) VALUES(1844, 1844, 2248, 2248, 0, 0, 562, 10, 10, 0.0);
INSERT INTO mainrows(id, symbol_id, self_count, cumulative_count, kids, self_calls, total_calls, self_paths, total_paths, pct) VALUES(1845, 1845, 1168, 1168, 0, 0, 292, 10, 10, 0.0);
INSERT INTO mainrows(id, symbol_id, self_count, cumulative_count, kids, self_calls, total_calls, self_paths, total_paths, pct) VALUES(1846, 1846, 2144, 2144, 0, 13, 536, 20, 20, 0.0);
INSERT INTO mainrows(id, symbol_id, self_count, cumulative_count, kids, self_calls, total_calls, self_paths, total_paths, pct) VALUES(1847, 1847, 6568, 6568, 4, 38, 1642, 40, 40, 0.0);
INSERT INTO mainrows(id, symbol_id, self_count, cumulative_count, kids, self_calls, total_calls, self_paths, total_paths, pct) VALUES(1848, 1848, 1888, 1888, 0, 11, 472, 10, 10, 0.0);
INSERT INTO mainrows(id, symbol_id, self_count, cumulative_count, kids, self_calls, total_calls, self_paths, total_paths, pct) VALUES(1849, 1849, 2248, 2248, 0, 10, 562, 10, 10, 0.0);
INSERT INTO mainrows(id, symbol_id, self_count, cumulative_count, kids, self_calls, total_calls, self_paths, total_paths, pct) VALUES(1850, 1850, 1168, 1168, 0, 6, 292, 10, 10, 0.0);
INSERT INTO mainrows(id, symbol_id, self_count, cumulative_count, kids, self_calls, total_calls, self_paths, total_paths, pct) VALUES(1851, 1851, 1264, 1264, 0, 11, 316, 10, 10, 0.0);
INSERT INTO mainrows(id, symbol_id, self_count, cumulative_count, kids, self_calls, total_calls, self_paths, total_paths, pct) VALUES(1852, 1852, 6568, 6568, 4, 0, 1642, 40, 40, 0.0);
INSERT INTO mainrows(id, symbol_id, self_count, cumulative_count, kids, self_calls, total_calls, self_paths, total_paths, pct) VALUES(1853, 1853, 1888, 1888, 0, 0, 472, 10, 10, 0.0);
INSERT INTO mainrows(id, symbol_id, self_count, cumulative_count, kids, self_calls, total_calls, self_paths, total_paths, pct) VALUES(1854, 1854, 2248, 2248, 0, 0, 562, 10, 10, 0.0);
INSERT INTO mainrows(id, symbol_id, self_count, cumulative_count, kids, self_calls, total_calls, self_paths, total_paths, pct) VALUES(1855, 1855, 1168, 1168, 0, 0, 292, 10, 10, 0.0);
INSERT INTO mainrows(id, symbol_id, self_count, cumulative_count, kids, self_calls, total_calls, self_paths, total_paths, pct) VALUES(1856, 1856, 1264, 1264, 0, 0, 316, 10, 10, 0.0);
INSERT INTO mainrows(id, symbol_id, self_count, cumulative_count, kids, self_calls, total_calls, self_paths, total_paths, pct) VALUES(1857, 1857, 6568, 6568, 4, 12, 1642, 40, 40, 0.0);
INSERT INTO mainrows(id, symbol_id, self_count, cumulative_count, kids, self_calls, total_calls, self_paths, total_paths, pct) VALUES(1858, 1858, 1888, 1888, 0, 7, 472, 10, 10, 0.0);
INSERT INTO mainrows(id, symbol_id, self_count, cumulative_count, kids, self_calls, total_calls, self_paths, total_paths, pct) VALUES(1859, 1859, 2248, 2248, 0, 0, 562, 10, 10, 0.0);
INSERT INTO mainrows(id, symbol_id, self_count, cumulative_count, kids, self_calls, total_calls, self_paths, total_paths, pct) VALUES(1860, 1860, 1168, 1168, 0, 0, 292, 10, 10, 0.0);
INSERT INTO mainrows(id, symbol_id, self_count, cumulative_count, kids, self_calls, total_calls, self_paths, total_paths, pct) VALUES(1861, 1861, 1264, 1264, 0, 5, 316, 10, 10, 0.0);
INSERT INTO mainrows(id, symbol_id, self_count, cumulative_count, kids, self_calls, total_calls, self_paths, total_paths, pct) VALUES(1862, 1862, 6472, 6472, 4, 0, 1618, 40, 40, 0.0);
INSERT INTO mainrows(id, symbol_id, self_count, cumulative_count, kids, self_calls, total_calls, self_paths, total_paths, pct) VALUES(1863, 1863, 1888, 1888, 0, 0, 472, 10, 10, 0.0);
INSERT INTO mainrows(id, symbol_id, self_count, cumulative_count, kids, self_calls, total_calls, self_paths, total_paths, pct) VALUES(1864, 1864, 2248, 2248, 0, 0, 562, 10, 10, 0.0);
INSERT INTO mainrows(id, symbol_id, self_count, cumulative_count, kids, self_calls, total_calls, self_paths, total_paths, pct) VALUES(1865, 1865, 1168, 1168, 0, 0, 292, 10, 10, 0.0);
INSERT INTO mainrows(id, symbol_id, self_count, cumulative_count, kids, self_calls, total_calls, self_paths, total_paths, pct) VALUES(1866, 1866, 1168, 1168, 0, 0, 292, 10, 10, 0.0);
INSERT INTO mainrows(id, symbol_id, self_count, cumulative_count, kids, self_calls, total_calls, self_paths, total_paths, pct) VALUES(1867, 1867, 5936, 5936, 4, 18, 1484, 35, 35, 0.0);
INSERT INTO mainrows(id, symbol_id, self_count, cumulative_count, kids, self_calls, total_calls, self_paths, total_paths, pct) VALUES(1868, 1868, 1888, 1888, 0, 7, 472, 10, 10, 0.0);
INSERT INTO mainrows(id, symbol_id, self_count, cumulative_count, kids, self_calls, total_calls, self_paths, total_paths, pct) VALUES(1869, 1869, 2248, 2248, 0, 11, 562, 10, 10, 0.0);
INSERT INTO mainrows(id, symbol_id, self_count, cumulative_count, kids, self_calls, total_calls, self_paths, total_paths, pct) VALUES(1870, 1870, 1168, 1168, 0, 0, 292, 10, 10, 0.0);
INSERT INTO mainrows(id, symbol_id, self_count, cumulative_count, kids, self_calls, total_calls, self_paths, total_paths, pct) VALUES(1871, 1871, 632, 632, 0, 0, 158, 5, 5, 0.0);
INSERT INTO mainrows(id, symbol_id, self_count, cumulative_count, kids, self_calls, total_calls, self_paths, total_paths, pct) VALUES(1872, 1872, 151584, 151584, 13, 17251, 37896, 492, 492, 0.0);
INSERT INTO mainrows(id, symbol_id, self_count, cumulative_count, kids, self_calls, total_calls, self_paths, total_paths, pct) VALUES(1873, 1873, 73440, 73440, 0, 17079, 18360, 12, 12, 0.0);
INSERT INTO mainrows(id, symbol_id, self_count, cumulative_count, kids, self_calls, total_calls, self_paths, total_paths, pct) VALUES(1874, 1874, 6544, 6544, 4, 27, 1636, 40, 40, 0.0);
INSERT INTO mainrows(id, symbol_id, self_count, cumulative_count, kids, self_calls, total_calls, self_paths, total_paths, pct) VALUES(1875, 1875, 1888, 1888, 0, 27, 472, 10, 10, 0.0);
INSERT INTO mainrows(id, symbol_id, self_count, cumulative_count, kids, self_calls, total_calls, self_paths, total_paths, pct) VALUES(1876, 1876, 2224, 2224, 0, 0, 556, 10, 10, 0.0);
INSERT INTO mainrows(id, symbol_id, self_count, cumulative_count, kids, self_calls, total_calls, self_paths, total_paths, pct) VALUES(1877, 1877, 1168, 1168, 0, 0, 292, 10, 10, 0.0);
INSERT INTO mainrows(id, symbol_id, self_count, cumulative_count, kids, self_calls, total_calls, self_paths, total_paths, pct) VALUES(1878, 1878, 1264, 1264, 0, 0, 316, 10, 10, 0.0);
INSERT INTO mainrows(id, symbol_id, self_count, cumulative_count, kids, self_calls, total_calls, self_paths, total_paths, pct) VALUES(1879, 1879, 6736, 6736, 4, 19, 1684, 40, 40, 0.0);
INSERT INTO mainrows(id, symbol_id, self_count, cumulative_count, kids, self_calls, total_calls, self_paths, total_paths, pct) VALUES(1880, 1880, 1888, 1888, 0, 12, 472, 10, 10, 0.0);
INSERT INTO mainrows(id, symbol_id, self_count, cumulative_count, kids, self_calls, total_calls, self_paths, total_paths, pct) VALUES(1881, 1881, 2224, 2224, 0, 0, 556, 10, 10, 0.0);
INSERT INTO mainrows(id, symbol_id, self_count, cumulative_count, kids, self_calls, total_calls, self_paths, total_paths, pct) VALUES(1882, 1882, 1168, 1168, 0, 7, 292, 10, 10, 0.0);
INSERT INTO mainrows(id, symbol_id, self_count, cumulative_count, kids, self_calls, total_calls, self_paths, total_paths, pct) VALUES(1883, 1883, 1456, 1456, 0, 0, 364, 10, 10, 0.0);
INSERT INTO mainrows(id, symbol_id, self_count, cumulative_count, kids, self_calls, total_calls, self_paths, total_paths, pct) VALUES(1884, 1884, 5912, 5912, 4, 21, 1478, 35, 35, 0.0);
INSERT INTO mainrows(id, symbol_id, self_count, cumulative_count, kids, self_calls, total_calls, self_paths, total_paths, pct) VALUES(1885, 1885, 1888, 1888, 0, 21, 472, 10, 10, 0.0);
INSERT INTO mainrows(id, symbol_id, self_count, cumulative_count, kids, self_calls, total_calls, self_paths, total_paths, pct) VALUES(1886, 1886, 2224, 2224, 0, 0, 556, 10, 10, 0.0);
INSERT INTO mainrows(id, symbol_id, self_count, cumulative_count, kids, self_calls, total_calls, self_paths, total_paths, pct) VALUES(1887, 1887, 1168, 1168, 0, 0, 292, 10, 10, 0.0);
INSERT INTO mainrows(id, symbol_id, self_count, cumulative_count, kids, self_calls, total_calls, self_paths, total_paths, pct) VALUES(1888, 1888, 632, 632, 0, 0, 158, 5, 5, 0.0);
INSERT INTO mainrows(id, symbol_id, self_count, cumulative_count, kids, self_calls, total_calls, self_paths, total_paths, pct) VALUES(1889, 1889, 6448, 6448, 4, 5, 1612, 40, 40, 0.0);
INSERT INTO mainrows(id, symbol_id, self_count, cumulative_count, kids, self_calls, total_calls, self_paths, total_paths, pct) VALUES(1890, 1890, 1888, 1888, 0, 0, 472, 10, 10, 0.0);
INSERT INTO mainrows(id, symbol_id, self_count, cumulative_count, kids, self_calls, total_calls, self_paths, total_paths, pct) VALUES(1891, 1891, 2224, 2224, 0, 0, 556, 10, 10, 0.0);
INSERT INTO mainrows(id, symbol_id, self_count, cumulative_count, kids, self_calls, total_calls, self_paths, total_paths, pct) VALUES(1892, 1892, 1168, 1168, 0, 5, 292, 10, 10, 0.0);
INSERT INTO mainrows(id, symbol_id, self_count, cumulative_count, kids, self_calls, total_calls, self_paths, total_paths, pct) VALUES(1893, 1893, 1168, 1168, 0, 0, 292, 10, 10, 0.0);
INSERT INTO mainrows(id, symbol_id, self_count, cumulative_count, kids, self_calls, total_calls, self_paths, total_paths, pct) VALUES(1894, 1894, 6544, 6544, 4, 6, 1636, 40, 40, 0.0);
INSERT INTO mainrows(id, symbol_id, self_count, cumulative_count, kids, self_calls, total_calls, self_paths, total_paths, pct) VALUES(1895, 1895, 1888, 1888, 0, 0, 472, 10, 10, 0.0);
INSERT INTO mainrows(id, symbol_id, self_count, cumulative_count, kids, self_calls, total_calls, self_paths, total_paths, pct) VALUES(1896, 1896, 2224, 2224, 0, 6, 556, 10, 10, 0.0);
INSERT INTO mainrows(id, symbol_id, self_count, cumulative_count, kids, self_calls, total_calls, self_paths, total_paths, pct) VALUES(1897, 1897, 1168, 1168, 0, 0, 292, 10, 10, 0.0);
INSERT INTO mainrows(id, symbol_id, self_count, cumulative_count, kids, self_calls, total_calls, self_paths, total_paths, pct) VALUES(1898, 1898, 1264, 1264, 0, 0, 316, 10, 10, 0.0);
INSERT INTO mainrows(id, symbol_id, self_count, cumulative_count, kids, self_calls, total_calls, self_paths, total_paths, pct) VALUES(1899, 1899, 6544, 6544, 4, 57, 1636, 40, 40, 0.0);
INSERT INTO mainrows(id, symbol_id, self_count, cumulative_count, kids, self_calls, total_calls, self_paths, total_paths, pct) VALUES(1900, 1900, 1888, 1888, 0, 10, 472, 10, 10, 0.0);
INSERT INTO mainrows(id, symbol_id, self_count, cumulative_count, kids, self_calls, total_calls, self_paths, total_paths, pct) VALUES(1901, 1901, 2224, 2224, 0, 0, 556, 10, 10, 0.0);
INSERT INTO mainrows(id, symbol_id, self_count, cumulative_count, kids, self_calls, total_calls, self_paths, total_paths, pct) VALUES(1902, 1902, 1168, 1168, 0, 0, 292, 10, 10, 0.0);
INSERT INTO mainrows(id, symbol_id, self_count, cumulative_count, kids, self_calls, total_calls, self_paths, total_paths, pct) VALUES(1903, 1903, 1264, 1264, 0, 47, 316, 10, 10, 0.0);
INSERT INTO mainrows(id, symbol_id, self_count, cumulative_count, kids, self_calls, total_calls, self_paths, total_paths, pct) VALUES(1904, 1904, 7424, 7424, 4, 10, 1856, 50, 50, 0.0);
INSERT INTO mainrows(id, symbol_id, self_count, cumulative_count, kids, self_calls, total_calls, self_paths, total_paths, pct) VALUES(1905, 1905, 1888, 1888, 0, 0, 472, 10, 10, 0.0);
INSERT INTO mainrows(id, symbol_id, self_count, cumulative_count, kids, self_calls, total_calls, self_paths, total_paths, pct) VALUES(1906, 1906, 2224, 2224, 0, 0, 556, 10, 10, 0.0);
INSERT INTO mainrows(id, symbol_id, self_count, cumulative_count, kids, self_calls, total_calls, self_paths, total_paths, pct) VALUES(1907, 1907, 1168, 1168, 0, 0, 292, 10, 10, 0.0);
INSERT INTO mainrows(id, symbol_id, self_count, cumulative_count, kids, self_calls, total_calls, self_paths, total_paths, pct) VALUES(1908, 1908, 2144, 2144, 0, 10, 536, 20, 20, 0.0);
INSERT INTO mainrows(id, symbol_id, self_count, cumulative_count, kids, self_calls, total_calls, self_paths, total_paths, pct) VALUES(1909, 1909, 6544, 6544, 4, 11, 1636, 40, 40, 0.0);
INSERT INTO mainrows(id, symbol_id, self_count, cumulative_count, kids, self_calls, total_calls, self_paths, total_paths, pct) VALUES(1910, 1910, 1888, 1888, 0, 0, 472, 10, 10, 0.0);
INSERT INTO mainrows(id, symbol_id, self_count, cumulative_count, kids, self_calls, total_calls, self_paths, total_paths, pct) VALUES(1911, 1911, 2224, 2224, 0, 0, 556, 10, 10, 0.0);
INSERT INTO mainrows(id, symbol_id, self_count, cumulative_count, kids, self_calls, total_calls, self_paths, total_paths, pct) VALUES(1912, 1912, 1168, 1168, 0, 0, 292, 10, 10, 0.0);
INSERT INTO mainrows(id, symbol_id, self_count, cumulative_count, kids, self_calls, total_calls, self_paths, total_paths, pct) VALUES(1913, 1913, 1264, 1264, 0, 11, 316, 10, 10, 0.0);
INSERT INTO mainrows(id, symbol_id, self_count, cumulative_count, kids, self_calls, total_calls, self_paths, total_paths, pct) VALUES(1914, 1914, 6544, 6544, 4, 10, 1636, 40, 40, 0.0);
INSERT INTO mainrows(id, symbol_id, self_count, cumulative_count, kids, self_calls, total_calls, self_paths, total_paths, pct) VALUES(1915, 1915, 1888, 1888, 0, 10, 472, 10, 10, 0.0);
INSERT INTO mainrows(id, symbol_id, self_count, cumulative_count, kids, self_calls, total_calls, self_paths, total_paths, pct) VALUES(1916, 1916, 2224, 2224, 0, 0, 556, 10, 10, 0.0);
INSERT INTO mainrows(id, symbol_id, self_count, cumulative_count, kids, self_calls, total_calls, self_paths, total_paths, pct) VALUES(1917, 1917, 1168, 1168, 0, 0, 292, 10, 10, 0.0);
INSERT INTO mainrows(id, symbol_id, self_count, cumulative_count, kids, self_calls, total_calls, self_paths, total_paths, pct) VALUES(1918, 1918, 1264, 1264, 0, 0, 316, 10, 10, 0.0);
INSERT INTO mainrows(id, symbol_id, self_count, cumulative_count, kids, self_calls, total_calls, self_paths, total_paths, pct) VALUES(1919, 1919, 6544, 6544, 4, 6, 1636, 40, 40, 0.0);
INSERT INTO mainrows(id, symbol_id, self_count, cumulative_count, kids, self_calls, total_calls, self_paths, total_paths, pct) VALUES(1920, 1920, 1888, 1888, 0, 0, 472, 10, 10, 0.0);
INSERT INTO mainrows(id, symbol_id, self_count, cumulative_count, kids, self_calls, total_calls, self_paths, total_paths, pct) VALUES(1921, 1921, 2224, 2224, 0, 6, 556, 10, 10, 0.0);
INSERT INTO mainrows(id, symbol_id, self_count, cumulative_count, kids, self_calls, total_calls, self_paths, total_paths, pct) VALUES(1922, 1922, 1168, 1168, 0, 0, 292, 10, 10, 0.0);
INSERT INTO mainrows(id, symbol_id, self_count, cumulative_count, kids, self_calls, total_calls, self_paths, total_paths, pct) VALUES(1923, 1923, 1264, 1264, 0, 0, 316, 10, 10, 0.0);
INSERT INTO mainrows(id, symbol_id, self_count, cumulative_count, kids, self_calls, total_calls, self_paths, total_paths, pct) VALUES(1924, 1924, 6448, 6448, 4, 0, 1612, 40, 40, 0.0);
INSERT INTO mainrows(id, symbol_id, self_count, cumulative_count, kids, self_calls, total_calls, self_paths, total_paths, pct) VALUES(1925, 1925, 1888, 1888, 0, 0, 472, 10, 10, 0.0);
INSERT INTO mainrows(id, symbol_id, self_count, cumulative_count, kids, self_calls, total_calls, self_paths, total_paths, pct) VALUES(1926, 1926, 2224, 2224, 0, 0, 556, 10, 10, 0.0);
INSERT INTO mainrows(id, symbol_id, self_count, cumulative_count, kids, self_calls, total_calls, self_paths, total_paths, pct) VALUES(1927, 1927, 1168, 1168, 0, 0, 292, 10, 10, 0.0);
INSERT INTO mainrows(id, symbol_id, self_count, cumulative_count, kids, self_calls, total_calls, self_paths, total_paths, pct) VALUES(1928, 1928, 1168, 1168, 0, 0, 292, 10, 10, 0.0);
INSERT INTO mainrows(id, symbol_id, self_count, cumulative_count, kids, self_calls, total_calls, self_paths, total_paths, pct) VALUES(1929, 1929, 5912, 5912, 4, 0, 1478, 35, 35, 0.0);
INSERT INTO mainrows(id, symbol_id, self_count, cumulative_count, kids, self_calls, total_calls, self_paths, total_paths, pct) VALUES(1930, 1930, 1888, 1888, 0, 0, 472, 10, 10, 0.0);
INSERT INTO mainrows(id, symbol_id, self_count, cumulative_count, kids, self_calls, total_calls, self_paths, total_paths, pct) VALUES(1931, 1931, 2224, 2224, 0, 0, 556, 10, 10, 0.0);
INSERT INTO mainrows(id, symbol_id, self_count, cumulative_count, kids, self_calls, total_calls, self_paths, total_paths, pct) VALUES(1932, 1932, 1168, 1168, 0, 0, 292, 10, 10, 0.0);
INSERT INTO mainrows(id, symbol_id, self_count, cumulative_count, kids, self_calls, total_calls, self_paths, total_paths, pct) VALUES(1933, 1933, 632, 632, 0, 0, 158, 5, 5, 0.0);
INSERT INTO mainrows(id, symbol_id, self_count, cumulative_count, kids, self_calls, total_calls, self_paths, total_paths, pct) VALUES(1934, 1934, 151872, 151872, 13, 17144, 37968, 492, 492, 0.0);
INSERT INTO mainrows(id, symbol_id, self_count, cumulative_count, kids, self_calls, total_calls, self_paths, total_paths, pct) VALUES(1935, 1935, 73440, 73440, 0, 17076, 18360, 12, 12, 0.0);
INSERT INTO mainrows(id, symbol_id, self_count, cumulative_count, kids, self_calls, total_calls, self_paths, total_paths, pct) VALUES(1936, 1936, 6568, 6568, 4, 5, 1642, 40, 40, 0.0);
INSERT INTO mainrows(id, symbol_id, self_count, cumulative_count, kids, self_calls, total_calls, self_paths, total_paths, pct) VALUES(1937, 1937, 1888, 1888, 0, 0, 472, 10, 10, 0.0);
INSERT INTO mainrows(id, symbol_id, self_count, cumulative_count, kids, self_calls, total_calls, self_paths, total_paths, pct) VALUES(1938, 1938, 2248, 2248, 0, 0, 562, 10, 10, 0.0);
INSERT INTO mainrows(id, symbol_id, self_count, cumulative_count, kids, self_calls, total_calls, self_paths, total_paths, pct) VALUES(1939, 1939, 1168, 1168, 0, 0, 292, 10, 10, 0.0);
INSERT INTO mainrows(id, symbol_id, self_count, cumulative_count, kids, self_calls, total_calls, self_paths, total_paths, pct) VALUES(1940, 1940, 1264, 1264, 0, 5, 316, 10, 10, 0.0);
INSERT INTO mainrows(id, symbol_id, self_count, cumulative_count, kids, self_calls, total_calls, self_paths, total_paths, pct) VALUES(1941, 1941, 6760, 6760, 4, 10, 1690, 40, 40, 0.0);
INSERT INTO mainrows(id, symbol_id, self_count, cumulative_count, kids, self_calls, total_calls, self_paths, total_paths, pct) VALUES(1942, 1942, 1888, 1888, 0, 0, 472, 10, 10, 0.0);
INSERT INTO mainrows(id, symbol_id, self_count, cumulative_count, kids, self_calls, total_calls, self_paths, total_paths, pct) VALUES(1943, 1943, 2248, 2248, 0, 10, 562, 10, 10, 0.0);
INSERT INTO mainrows(id, symbol_id, self_count, cumulative_count, kids, self_calls, total_calls, self_paths, total_paths, pct) VALUES(1944, 1944, 1168, 1168, 0, 0, 292, 10, 10, 0.0);
INSERT INTO mainrows(id, symbol_id, self_count, cumulative_count, kids, self_calls, total_calls, self_paths, total_paths, pct) VALUES(1945, 1945, 1456, 1456, 0, 0, 364, 10, 10, 0.0);
INSERT INTO mainrows(id, symbol_id, self_count, cumulative_count, kids, self_calls, total_calls, self_paths, total_paths, pct) VALUES(1946, 1946, 5936, 5936, 4, 12, 1484, 35, 35, 0.0);
INSERT INTO mainrows(id, symbol_id, self_count, cumulative_count, kids, self_calls, total_calls, self_paths, total_paths, pct) VALUES(1947, 1947, 1888, 1888, 0, 7, 472, 10, 10, 0.0);
INSERT INTO mainrows(id, symbol_id, self_count, cumulative_count, kids, self_calls, total_calls, self_paths, total_paths, pct) VALUES(1948, 1948, 2248, 2248, 0, 0, 562, 10, 10, 0.0);
INSERT INTO mainrows(id, symbol_id, self_count, cumulative_count, kids, self_calls, total_calls, self_paths, total_paths, pct) VALUES(1949, 1949, 1168, 1168, 0, 5, 292, 10, 10, 0.0);
INSERT INTO mainrows(id, symbol_id, self_count, cumulative_count, kids, self_calls, total_calls, self_paths, total_paths, pct) VALUES(1950, 1950, 632, 632, 0, 0, 158, 5, 5, 0.0);
INSERT INTO mainrows(id, symbol_id, self_count, cumulative_count, kids, self_calls, total_calls, self_paths, total_paths, pct) VALUES(1951, 1951, 6472, 6472, 4, 5, 1618, 40, 40, 0.0);
INSERT INTO mainrows(id, symbol_id, self_count, cumulative_count, kids, self_calls, total_calls, self_paths, total_paths, pct) VALUES(1952, 1952, 1888, 1888, 0, 0, 472, 10, 10, 0.0);
INSERT INTO mainrows(id, symbol_id, self_count, cumulative_count, kids, self_calls, total_calls, self_paths, total_paths, pct) VALUES(1953, 1953, 2248, 2248, 0, 0, 562, 10, 10, 0.0);
INSERT INTO mainrows(id, symbol_id, self_count, cumulative_count, kids, self_calls, total_calls, self_paths, total_paths, pct) VALUES(1954, 1954, 1168, 1168, 0, 0, 292, 10, 10, 0.0);
INSERT INTO mainrows(id, symbol_id, self_count, cumulative_count, kids, self_calls, total_calls, self_paths, total_paths, pct) VALUES(1955, 1955, 1168, 1168, 0, 5, 292, 10, 10, 0.0);
INSERT INTO mainrows(id, symbol_id, self_count, cumulative_count, kids, self_calls, total_calls, self_paths, total_paths, pct) VALUES(1956, 1956, 6568, 6568, 4, 5, 1642, 40, 40, 0.0);
INSERT INTO mainrows(id, symbol_id, self_count, cumulative_count, kids, self_calls, total_calls, self_paths, total_paths, pct) VALUES(1957, 1957, 1888, 1888, 0, 0, 472, 10, 10, 0.0);
INSERT INTO mainrows(id, symbol_id, self_count, cumulative_count, kids, self_calls, total_calls, self_paths, total_paths, pct) VALUES(1958, 1958, 2248, 2248, 0, 0, 562, 10, 10, 0.0);
INSERT INTO mainrows(id, symbol_id, self_count, cumulative_count, kids, self_calls, total_calls, self_paths, total_paths, pct) VALUES(1959, 1959, 1168, 1168, 0, 0, 292, 10, 10, 0.0);
INSERT INTO mainrows(id, symbol_id, self_count, cumulative_count, kids, self_calls, total_calls, self_paths, total_paths, pct) VALUES(1960, 1960, 1264, 1264, 0, 5, 316, 10, 10, 0.0);
INSERT INTO mainrows(id, symbol_id, self_count, cumulative_count, kids, self_calls, total_calls, self_paths, total_paths, pct) VALUES(1961, 1961, 6568, 6568, 4, 0, 1642, 40, 40, 0.0);
INSERT INTO mainrows(id, symbol_id, self_count, cumulative_count, kids, self_calls, total_calls, self_paths, total_paths, pct) VALUES(1962, 1962, 1888, 1888, 0, 0, 472, 10, 10, 0.0);
INSERT INTO mainrows(id, symbol_id, self_count, cumulative_count, kids, self_calls, total_calls, self_paths, total_paths, pct) VALUES(1963, 1963, 2248, 2248, 0, 0, 562, 10, 10, 0.0);
INSERT INTO mainrows(id, symbol_id, self_count, cumulative_count, kids, self_calls, total_calls, self_paths, total_paths, pct) VALUES(1964, 1964, 1168, 1168, 0, 0, 292, 10, 10, 0.0);
INSERT INTO mainrows(id, symbol_id, self_count, cumulative_count, kids, self_calls, total_calls, self_paths, total_paths, pct) VALUES(1965, 1965, 1264, 1264, 0, 0, 316, 10, 10, 0.0);
INSERT INTO mainrows(id, symbol_id, self_count, cumulative_count, kids, self_calls, total_calls, self_paths, total_paths, pct) VALUES(1966, 1966, 7448, 7448, 4, 10, 1862, 50, 50, 0.0);
INSERT INTO mainrows(id, symbol_id, self_count, cumulative_count, kids, self_calls, total_calls, self_paths, total_paths, pct) VALUES(1967, 1967, 1888, 1888, 0, 0, 472, 10, 10, 0.0);
INSERT INTO mainrows(id, symbol_id, self_count, cumulative_count, kids, self_calls, total_calls, self_paths, total_paths, pct) VALUES(1968, 1968, 2248, 2248, 0, 0, 562, 10, 10, 0.0);
INSERT INTO mainrows(id, symbol_id, self_count, cumulative_count, kids, self_calls, total_calls, self_paths, total_paths, pct) VALUES(1969, 1969, 1168, 1168, 0, 0, 292, 10, 10, 0.0);
INSERT INTO mainrows(id, symbol_id, self_count, cumulative_count, kids, self_calls, total_calls, self_paths, total_paths, pct) VALUES(1970, 1970, 2144, 2144, 0, 10, 536, 20, 20, 0.0);
INSERT INTO mainrows(id, symbol_id, self_count, cumulative_count, kids, self_calls, total_calls, self_paths, total_paths, pct) VALUES(1971, 1971, 6568, 6568, 4, 0, 1642, 40, 40, 0.0);
INSERT INTO mainrows(id, symbol_id, self_count, cumulative_count, kids, self_calls, total_calls, self_paths, total_paths, pct) VALUES(1972, 1972, 1888, 1888, 0, 0, 472, 10, 10, 0.0);
INSERT INTO mainrows(id, symbol_id, self_count, cumulative_count, kids, self_calls, total_calls, self_paths, total_paths, pct) VALUES(1973, 1973, 2248, 2248, 0, 0, 562, 10, 10, 0.0);
INSERT INTO mainrows(id, symbol_id, self_count, cumulative_count, kids, self_calls, total_calls, self_paths, total_paths, pct) VALUES(1974, 1974, 1168, 1168, 0, 0, 292, 10, 10, 0.0);
INSERT INTO mainrows(id, symbol_id, self_count, cumulative_count, kids, self_calls, total_calls, self_paths, total_paths, pct) VALUES(1975, 1975, 1264, 1264, 0, 0, 316, 10, 10, 0.0);
INSERT INTO mainrows(id, symbol_id, self_count, cumulative_count, kids, self_calls, total_calls, self_paths, total_paths, pct) VALUES(1976, 1976, 6568, 6568, 4, 0, 1642, 40, 40, 0.0);
INSERT INTO mainrows(id, symbol_id, self_count, cumulative_count, kids, self_calls, total_calls, self_paths, total_paths, pct) VALUES(1977, 1977, 1888, 1888, 0, 0, 472, 10, 10, 0.0);
INSERT INTO mainrows(id, symbol_id, self_count, cumulative_count, kids, self_calls, total_calls, self_paths, total_paths, pct) VALUES(1978, 1978, 2248, 2248, 0, 0, 562, 10, 10, 0.0);
INSERT INTO mainrows(id, symbol_id, self_count, cumulative_count, kids, self_calls, total_calls, self_paths, total_paths, pct) VALUES(1979, 1979, 1168, 1168, 0, 0, 292, 10, 10, 0.0);
INSERT INTO mainrows(id, symbol_id, self_count, cumulative_count, kids, self_calls, total_calls, self_paths, total_paths, pct) VALUES(1980, 1980, 1264, 1264, 0, 0, 316, 10, 10, 0.0);
INSERT INTO mainrows(id, symbol_id, self_count, cumulative_count, kids, self_calls, total_calls, self_paths, total_paths, pct) VALUES(1981, 1981, 6568, 6568, 4, 0, 1642, 40, 40, 0.0);
INSERT INTO mainrows(id, symbol_id, self_count, cumulative_count, kids, self_calls, total_calls, self_paths, total_paths, pct) VALUES(1982, 1982, 1888, 1888, 0, 0, 472, 10, 10, 0.0);
INSERT INTO mainrows(id, symbol_id, self_count, cumulative_count, kids, self_calls, total_calls, self_paths, total_paths, pct) VALUES(1983, 1983, 2248, 2248, 0, 0, 562, 10, 10, 0.0);
INSERT INTO mainrows(id, symbol_id, self_count, cumulative_count, kids, self_calls, total_calls, self_paths, total_paths, pct) VALUES(1984, 1984, 1168, 1168, 0, 0, 292, 10, 10, 0.0);
INSERT INTO mainrows(id, symbol_id, self_count, cumulative_count, kids, self_calls, total_calls, self_paths, total_paths, pct) VALUES(1985, 1985, 1264, 1264, 0, 0, 316, 10, 10, 0.0);
INSERT INTO mainrows(id, symbol_id, self_count, cumulative_count, kids, self_calls, total_calls, self_paths, total_paths, pct) VALUES(1986, 1986, 6472, 6472, 4, 6, 1618, 40, 40, 0.0);
INSERT INTO mainrows(id, symbol_id, self_count, cumulative_count, kids, self_calls, total_calls, self_paths, total_paths, pct) VALUES(1987, 1987, 1888, 1888, 0, 0, 472, 10, 10, 0.0);
INSERT INTO mainrows(id, symbol_id, self_count, cumulative_count, kids, self_calls, total_calls, self_paths, total_paths, pct) VALUES(1988, 1988, 2248, 2248, 0, 0, 562, 10, 10, 0.0);
INSERT INTO mainrows(id, symbol_id, self_count, cumulative_count, kids, self_calls, total_calls, self_paths, total_paths, pct) VALUES(1989, 1989, 1168, 1168, 0, 0, 292, 10, 10, 0.0);
INSERT INTO mainrows(id, symbol_id, self_count, cumulative_count, kids, self_calls, total_calls, self_paths, total_paths, pct) VALUES(1990, 1990, 1168, 1168, 0, 6, 292, 10, 10, 0.0);
INSERT INTO mainrows(id, symbol_id, self_count, cumulative_count, kids, self_calls, total_calls, self_paths, total_paths, pct) VALUES(1991, 1991, 5936, 5936, 4, 15, 1484, 35, 35, 0.0);
INSERT INTO mainrows(id, symbol_id, self_count, cumulative_count, kids, self_calls, total_calls, self_paths, total_paths, pct) VALUES(1992, 1992, 1888, 1888, 0, 6, 472, 10, 10, 0.0);
INSERT INTO mainrows(id, symbol_id, self_count, cumulative_count, kids, self_calls, total_calls, self_paths, total_paths, pct) VALUES(1993, 1993, 2248, 2248, 0, 0, 562, 10, 10, 0.0);
INSERT INTO mainrows(id, symbol_id, self_count, cumulative_count, kids, self_calls, total_calls, self_paths, total_paths, pct) VALUES(1994, 1994, 1168, 1168, 0, 9, 292, 10, 10, 0.0);
INSERT INTO mainrows(id, symbol_id, self_count, cumulative_count, kids, self_calls, total_calls, self_paths, total_paths, pct) VALUES(1995, 1995, 632, 632, 0, 0, 158, 5, 5, 0.0);
INSERT INTO mainrows(id, symbol_id, self_count, cumulative_count, kids, self_calls, total_calls, self_paths, total_paths, pct) VALUES(1996, 1996, 151872, 151872, 13, 17156, 37968, 492, 492, 0.0);
INSERT INTO mainrows(id, symbol_id, self_count, cumulative_count, kids, self_calls, total_calls, self_paths, total_paths, pct) VALUES(1997, 1997, 73440, 73440, 0, 17076, 18360, 12, 12, 0.0);
INSERT INTO mainrows(id, symbol_id, self_count, cumulative_count, kids, self_calls, total_calls, self_paths, total_paths, pct) VALUES(1998, 1998, 6568, 6568, 4, 0, 1642, 40, 40, 0.0);
INSERT INTO mainrows(id, symbol_id, self_count, cumulative_count, kids, self_calls, total_calls, self_paths, total_paths, pct) VALUES(1999, 1999, 1888, 1888, 0, 0, 472, 10, 10, 0.0);
INSERT INTO mainrows(id, symbol_id, self_count, cumulative_count, kids, self_calls, total_calls, self_paths, total_paths, pct) VALUES(2000, 2000, 2248, 2248, 0, 0, 562, 10, 10, 0.0);
INSERT INTO mainrows(id, symbol_id, self_count, cumulative_count, kids, self_calls, total_calls, self_paths, total_paths, pct) VALUES(2001, 2001, 1168, 1168, 0, 0, 292, 10, 10, 0.0);
INSERT INTO mainrows(id, symbol_id, self_count, cumulative_count, kids, self_calls, total_calls, self_paths, total_paths, pct) VALUES(2002, 2002, 1264, 1264, 0, 0, 316, 10, 10, 0.0);
INSERT INTO mainrows(id, symbol_id, self_count, cumulative_count, kids, self_calls, total_calls, self_paths, total_paths, pct) VALUES(2003, 2003, 6760, 6760, 4, 5, 1690, 40, 40, 0.0);
INSERT INTO mainrows(id, symbol_id, self_count, cumulative_count, kids, self_calls, total_calls, self_paths, total_paths, pct) VALUES(2004, 2004, 1888, 1888, 0, 0, 472, 10, 10, 0.0);
INSERT INTO mainrows(id, symbol_id, self_count, cumulative_count, kids, self_calls, total_calls, self_paths, total_paths, pct) VALUES(2005, 2005, 2248, 2248, 0, 0, 562, 10, 10, 0.0);
INSERT INTO mainrows(id, symbol_id, self_count, cumulative_count, kids, self_calls, total_calls, self_paths, total_paths, pct) VALUES(2006, 2006, 1168, 1168, 0, 0, 292, 10, 10, 0.0);
INSERT INTO mainrows(id, symbol_id, self_count, cumulative_count, kids, self_calls, total_calls, self_paths, total_paths, pct) VALUES(2007, 2007, 1456, 1456, 0, 5, 364, 10, 10, 0.0);
INSERT INTO mainrows(id, symbol_id, self_count, cumulative_count, kids, self_calls, total_calls, self_paths, total_paths, pct) VALUES(2008, 2008, 5936, 5936, 4, 0, 1484, 35, 35, 0.0);
INSERT INTO mainrows(id, symbol_id, self_count, cumulative_count, kids, self_calls, total_calls, self_paths, total_paths, pct) VALUES(2009, 2009, 1888, 1888, 0, 0, 472, 10, 10, 0.0);
INSERT INTO mainrows(id, symbol_id, self_count, cumulative_count, kids, self_calls, total_calls, self_paths, total_paths, pct) VALUES(2010, 2010, 2248, 2248, 0, 0, 562, 10, 10, 0.0);
INSERT INTO mainrows(id, symbol_id, self_count, cumulative_count, kids, self_calls, total_calls, self_paths, total_paths, pct) VALUES(2011, 2011, 1168, 1168, 0, 0, 292, 10, 10, 0.0);
INSERT INTO mainrows(id, symbol_id, self_count, cumulative_count, kids, self_calls, total_calls, self_paths, total_paths, pct) VALUES(2012, 2012, 632, 632, 0, 0, 158, 5, 5, 0.0);
INSERT INTO mainrows(id, symbol_id, self_count, cumulative_count, kids, self_calls, total_calls, self_paths, total_paths, pct) VALUES(2013, 2013, 6472, 6472, 4, 7, 1618, 40, 40, 0.0);
INSERT INTO mainrows(id, symbol_id, self_count, cumulative_count, kids, self_calls, total_calls, self_paths, total_paths, pct) VALUES(2014, 2014, 1888, 1888, 0, 7, 472, 10, 10, 0.0);
INSERT INTO mainrows(id, symbol_id, self_count, cumulative_count, kids, self_calls, total_calls, self_paths, total_paths, pct) VALUES(2015, 2015, 2248, 2248, 0, 0, 562, 10, 10, 0.0);
INSERT INTO mainrows(id, symbol_id, self_count, cumulative_count, kids, self_calls, total_calls, self_paths, total_paths, pct) VALUES(2016, 2016, 1168, 1168, 0, 0, 292, 10, 10, 0.0);
INSERT INTO mainrows(id, symbol_id, self_count, cumulative_count, kids, self_calls, total_calls, self_paths, total_paths, pct) VALUES(2017, 2017, 1168, 1168, 0, 0, 292, 10, 10, 0.0);
INSERT INTO mainrows(id, symbol_id, self_count, cumulative_count, kids, self_calls, total_calls, self_paths, total_paths, pct) VALUES(2018, 2018, 6568, 6568, 4, 0, 1642, 40, 40, 0.0);
INSERT INTO mainrows(id, symbol_id, self_count, cumulative_count, kids, self_calls, total_calls, self_paths, total_paths, pct) VALUES(2019, 2019, 1888, 1888, 0, 0, 472, 10, 10, 0.0);
INSERT INTO mainrows(id, symbol_id, self_count, cumulative_count, kids, self_calls, total_calls, self_paths, total_paths, pct) VALUES(2020, 2020, 2248, 2248, 0, 0, 562, 10, 10, 0.0);
INSERT INTO mainrows(id, symbol_id, self_count, cumulative_count, kids, self_calls, total_calls, self_paths, total_paths, pct) VALUES(2021, 2021, 1168, 1168, 0, 0, 292, 10, 10, 0.0);
INSERT INTO mainrows(id, symbol_id, self_count, cumulative_count, kids, self_calls, total_calls, self_paths, total_paths, pct) VALUES(2022, 2022, 1264, 1264, 0, 0, 316, 10, 10, 0.0);
INSERT INTO mainrows(id, symbol_id, self_count, cumulative_count, kids, self_calls, total_calls, self_paths, total_paths, pct) VALUES(2023, 2023, 6568, 6568, 4, 10, 1642, 40, 40, 0.0);
INSERT INTO mainrows(id, symbol_id, self_count, cumulative_count, kids, self_calls, total_calls, self_paths, total_paths, pct) VALUES(2024, 2024, 1888, 1888, 0, 0, 472, 10, 10, 0.0);
INSERT INTO mainrows(id, symbol_id, self_count, cumulative_count, kids, self_calls, total_calls, self_paths, total_paths, pct) VALUES(2025, 2025, 2248, 2248, 0, 0, 562, 10, 10, 0.0);
INSERT INTO mainrows(id, symbol_id, self_count, cumulative_count, kids, self_calls, total_calls, self_paths, total_paths, pct) VALUES(2026, 2026, 1168, 1168, 0, 0, 292, 10, 10, 0.0);
INSERT INTO mainrows(id, symbol_id, self_count, cumulative_count, kids, self_calls, total_calls, self_paths, total_paths, pct) VALUES(2027, 2027, 1264, 1264, 0, 10, 316, 10, 10, 0.0);
INSERT INTO mainrows(id, symbol_id, self_count, cumulative_count, kids, self_calls, total_calls, self_paths, total_paths, pct) VALUES(2028, 2028, 7448, 7448, 4, 6, 1862, 50, 50, 0.0);
INSERT INTO mainrows(id, symbol_id, self_count, cumulative_count, kids, self_calls, total_calls, self_paths, total_paths, pct) VALUES(2029, 2029, 1888, 1888, 0, 0, 472, 10, 10, 0.0);
INSERT INTO mainrows(id, symbol_id, self_count, cumulative_count, kids, self_calls, total_calls, self_paths, total_paths, pct) VALUES(2030, 2030, 2248, 2248, 0, 0, 562, 10, 10, 0.0);
INSERT INTO mainrows(id, symbol_id, self_count, cumulative_count, kids, self_calls, total_calls, self_paths, total_paths, pct) VALUES(2031, 2031, 1168, 1168, 0, 0, 292, 10, 10, 0.0);
INSERT INTO mainrows(id, symbol_id, self_count, cumulative_count, kids, self_calls, total_calls, self_paths, total_paths, pct) VALUES(2032, 2032, 2144, 2144, 0, 6, 536, 20, 20, 0.0);
INSERT INTO mainrows(id, symbol_id, self_count, cumulative_count, kids, self_calls, total_calls, self_paths, total_paths, pct) VALUES(2033, 2033, 6568, 6568, 4, 21, 1642, 40, 40, 0.0);
INSERT INTO mainrows(id, symbol_id, self_count, cumulative_count, kids, self_calls, total_calls, self_paths, total_paths, pct) VALUES(2034, 2034, 1888, 1888, 0, 0, 472, 10, 10, 0.0);
INSERT INTO mainrows(id, symbol_id, self_count, cumulative_count, kids, self_calls, total_calls, self_paths, total_paths, pct) VALUES(2035, 2035, 2248, 2248, 0, 0, 562, 10, 10, 0.0);
INSERT INTO mainrows(id, symbol_id, self_count, cumulative_count, kids, self_calls, total_calls, self_paths, total_paths, pct) VALUES(2036, 2036, 1168, 1168, 0, 5, 292, 10, 10, 0.0);
INSERT INTO mainrows(id, symbol_id, self_count, cumulative_count, kids, self_calls, total_calls, self_paths, total_paths, pct) VALUES(2037, 2037, 1264, 1264, 0, 16, 316, 10, 10, 0.0);
INSERT INTO mainrows(id, symbol_id, self_count, cumulative_count, kids, self_calls, total_calls, self_paths, total_paths, pct) VALUES(2038, 2038, 6568, 6568, 4, 15, 1642, 40, 40, 0.0);
INSERT INTO mainrows(id, symbol_id, self_count, cumulative_count, kids, self_calls, total_calls, self_paths, total_paths, pct) VALUES(2039, 2039, 1888, 1888, 0, 5, 472, 10, 10, 0.0);
INSERT INTO mainrows(id, symbol_id, self_count, cumulative_count, kids, self_calls, total_calls, self_paths, total_paths, pct) VALUES(2040, 2040, 2248, 2248, 0, 0, 562, 10, 10, 0.0);
INSERT INTO mainrows(id, symbol_id, self_count, cumulative_count, kids, self_calls, total_calls, self_paths, total_paths, pct) VALUES(2041, 2041, 1168, 1168, 0, 0, 292, 10, 10, 0.0);
INSERT INTO mainrows(id, symbol_id, self_count, cumulative_count, kids, self_calls, total_calls, self_paths, total_paths, pct) VALUES(2042, 2042, 1264, 1264, 0, 10, 316, 10, 10, 0.0);
INSERT INTO mainrows(id, symbol_id, self_count, cumulative_count, kids, self_calls, total_calls, self_paths, total_paths, pct) VALUES(2043, 2043, 6568, 6568, 4, 6, 1642, 40, 40, 0.0);
INSERT INTO mainrows(id, symbol_id, self_count, cumulative_count, kids, self_calls, total_calls, self_paths, total_paths, pct) VALUES(2044, 2044, 1888, 1888, 0, 0, 472, 10, 10, 0.0);
INSERT INTO mainrows(id, symbol_id, self_count, cumulative_count, kids, self_calls, total_calls, self_paths, total_paths, pct) VALUES(2045, 2045, 2248, 2248, 0, 6, 562, 10, 10, 0.0);
INSERT INTO mainrows(id, symbol_id, self_count, cumulative_count, kids, self_calls, total_calls, self_paths, total_paths, pct) VALUES(2046, 2046, 1168, 1168, 0, 0, 292, 10, 10, 0.0);
INSERT INTO mainrows(id, symbol_id, self_count, cumulative_count, kids, self_calls, total_calls, self_paths, total_paths, pct) VALUES(2047, 2047, 1264, 1264, 0, 0, 316, 10, 10, 0.0);
INSERT INTO mainrows(id, symbol_id, self_count, cumulative_count, kids, self_calls, total_calls, self_paths, total_paths, pct) VALUES(2048, 2048, 6472, 6472, 4, 5, 1618, 40, 40, 0.0);
INSERT INTO mainrows(id, symbol_id, self_count, cumulative_count, kids, self_calls, total_calls, self_paths, total_paths, pct) VALUES(2049, 2049, 1888, 1888, 0, 5, 472, 10, 10, 0.0);
INSERT INTO mainrows(id, symbol_id, self_count, cumulative_count, kids, self_calls, total_calls, self_paths, total_paths, pct) VALUES(2050, 2050, 2248, 2248, 0, 0, 562, 10, 10, 0.0);
INSERT INTO mainrows(id, symbol_id, self_count, cumulative_count, kids, self_calls, total_calls, self_paths, total_paths, pct) VALUES(2051, 2051, 1168, 1168, 0, 0, 292, 10, 10, 0.0);
INSERT INTO mainrows(id, symbol_id, self_count, cumulative_count, kids, self_calls, total_calls, self_paths, total_paths, pct) VALUES(2052, 2052, 1168, 1168, 0, 0, 292, 10, 10, 0.0);
INSERT INTO mainrows(id, symbol_id, self_count, cumulative_count, kids, self_calls, total_calls, self_paths, total_paths, pct) VALUES(2053, 2053, 5936, 5936, 4, 5, 1484, 35, 35, 0.0);
INSERT INTO mainrows(id, symbol_id, self_count, cumulative_count, kids, self_calls, total_calls, self_paths, total_paths, pct) VALUES(2054, 2054, 1888, 1888, 0, 5, 472, 10, 10, 0.0);
INSERT INTO mainrows(id, symbol_id, self_count, cumulative_count, kids, self_calls, total_calls, self_paths, total_paths, pct) VALUES(2055, 2055, 2248, 2248, 0, 0, 562, 10, 10, 0.0);
INSERT INTO mainrows(id, symbol_id, self_count, cumulative_count, kids, self_calls, total_calls, self_paths, total_paths, pct) VALUES(2056, 2056, 1168, 1168, 0, 0, 292, 10, 10, 0.0);
INSERT INTO mainrows(id, symbol_id, self_count, cumulative_count, kids, self_calls, total_calls, self_paths, total_paths, pct) VALUES(2057, 2057, 632, 632, 0, 0, 158, 5, 5, 0.0);
INSERT INTO mainrows(id, symbol_id, self_count, cumulative_count, kids, self_calls, total_calls, self_paths, total_paths, pct) VALUES(2058, 2058, 151584, 151584, 13, 17315, 37896, 492, 492, 0.0);
INSERT INTO mainrows(id, symbol_id, self_count, cumulative_count, kids, self_calls, total_calls, self_paths, total_paths, pct) VALUES(2059, 2059, 73440, 73440, 0, 17076, 18360, 12, 12, 0.0);
INSERT INTO mainrows(id, symbol_id, self_count, cumulative_count, kids, self_calls, total_calls, self_paths, total_paths, pct) VALUES(2060, 2060, 6544, 6544, 4, 29, 1636, 40, 40, 0.0);
INSERT INTO mainrows(id, symbol_id, self_count, cumulative_count, kids, self_calls, total_calls, self_paths, total_paths, pct) VALUES(2061, 2061, 1888, 1888, 0, 5, 472, 10, 10, 0.0);
INSERT INTO mainrows(id, symbol_id, self_count, cumulative_count, kids, self_calls, total_calls, self_paths, total_paths, pct) VALUES(2062, 2062, 2224, 2224, 0, 12, 556, 10, 10, 0.0);
INSERT INTO mainrows(id, symbol_id, self_count, cumulative_count, kids, self_calls, total_calls, self_paths, total_paths, pct) VALUES(2063, 2063, 1168, 1168, 0, 7, 292, 10, 10, 0.0);
INSERT INTO mainrows(id, symbol_id, self_count, cumulative_count, kids, self_calls, total_calls, self_paths, total_paths, pct) VALUES(2064, 2064, 1264, 1264, 0, 5, 316, 10, 10, 0.0);
INSERT INTO mainrows(id, symbol_id, self_count, cumulative_count, kids, self_calls, total_calls, self_paths, total_paths, pct) VALUES(2065, 2065, 6736, 6736, 4, 0, 1684, 40, 40, 0.0);
INSERT INTO mainrows(id, symbol_id, self_count, cumulative_count, kids, self_calls, total_calls, self_paths, total_paths, pct) VALUES(2066, 2066, 1888, 1888, 0, 0, 472, 10, 10, 0.0);
INSERT INTO mainrows(id, symbol_id, self_count, cumulative_count, kids, self_calls, total_calls, self_paths, total_paths, pct) VALUES(2067, 2067, 2224, 2224, 0, 0, 556, 10, 10, 0.0);
INSERT INTO mainrows(id, symbol_id, self_count, cumulative_count, kids, self_calls, total_calls, self_paths, total_paths, pct) VALUES(2068, 2068, 1168, 1168, 0, 0, 292, 10, 10, 0.0);
INSERT INTO mainrows(id, symbol_id, self_count, cumulative_count, kids, self_calls, total_calls, self_paths, total_paths, pct) VALUES(2069, 2069, 1456, 1456, 0, 0, 364, 10, 10, 0.0);
INSERT INTO mainrows(id, symbol_id, self_count, cumulative_count, kids, self_calls, total_calls, self_paths, total_paths, pct) VALUES(2070, 2070, 5912, 5912, 4, 25, 1478, 35, 35, 0.0);
INSERT INTO mainrows(id, symbol_id, self_count, cumulative_count, kids, self_calls, total_calls, self_paths, total_paths, pct) VALUES(2071, 2071, 1888, 1888, 0, 18, 472, 10, 10, 0.0);
INSERT INTO mainrows(id, symbol_id, self_count, cumulative_count, kids, self_calls, total_calls, self_paths, total_paths, pct) VALUES(2072, 2072, 2224, 2224, 0, 0, 556, 10, 10, 0.0);
INSERT INTO mainrows(id, symbol_id, self_count, cumulative_count, kids, self_calls, total_calls, self_paths, total_paths, pct) VALUES(2073, 2073, 1168, 1168, 0, 7, 292, 10, 10, 0.0);
INSERT INTO mainrows(id, symbol_id, self_count, cumulative_count, kids, self_calls, total_calls, self_paths, total_paths, pct) VALUES(2074, 2074, 632, 632, 0, 0, 158, 5, 5, 0.0);
INSERT INTO mainrows(id, symbol_id, self_count, cumulative_count, kids, self_calls, total_calls, self_paths, total_paths, pct) VALUES(2075, 2075, 6448, 6448, 4, 5, 1612, 40, 40, 0.0);
INSERT INTO mainrows(id, symbol_id, self_count, cumulative_count, kids, self_calls, total_calls, self_paths, total_paths, pct) VALUES(2076, 2076, 1888, 1888, 0, 0, 472, 10, 10, 0.0);
INSERT INTO mainrows(id, symbol_id, self_count, cumulative_count, kids, self_calls, total_calls, self_paths, total_paths, pct) VALUES(2077, 2077, 2224, 2224, 0, 5, 556, 10, 10, 0.0);
INSERT INTO mainrows(id, symbol_id, self_count, cumulative_count, kids, self_calls, total_calls, self_paths, total_paths, pct) VALUES(2078, 2078, 1168, 1168, 0, 0, 292, 10, 10, 0.0);
INSERT INTO mainrows(id, symbol_id, self_count, cumulative_count, kids, self_calls, total_calls, self_paths, total_paths, pct) VALUES(2079, 2079, 1168, 1168, 0, 0, 292, 10, 10, 0.0);
INSERT INTO mainrows(id, symbol_id, self_count, cumulative_count, kids, self_calls, total_calls, self_paths, total_paths, pct) VALUES(2080, 2080, 6544, 6544, 4, 45, 1636, 40, 40, 0.0);
INSERT INTO mainrows(id, symbol_id, self_count, cumulative_count, kids, self_calls, total_calls, self_paths, total_paths, pct) VALUES(2081, 2081, 1888, 1888, 0, 45, 472, 10, 10, 0.0);
INSERT INTO mainrows(id, symbol_id, self_count, cumulative_count, kids, self_calls, total_calls, self_paths, total_paths, pct) VALUES(2082, 2082, 2224, 2224, 0, 0, 556, 10, 10, 0.0);
INSERT INTO mainrows(id, symbol_id, self_count, cumulative_count, kids, self_calls, total_calls, self_paths, total_paths, pct) VALUES(2083, 2083, 1168, 1168, 0, 0, 292, 10, 10, 0.0);
INSERT INTO mainrows(id, symbol_id, self_count, cumulative_count, kids, self_calls, total_calls, self_paths, total_paths, pct) VALUES(2084, 2084, 1264, 1264, 0, 0, 316, 10, 10, 0.0);
INSERT INTO mainrows(id, symbol_id, self_count, cumulative_count, kids, self_calls, total_calls, self_paths, total_paths, pct) VALUES(2085, 2085, 6544, 6544, 4, 6, 1636, 40, 40, 0.0);
INSERT INTO mainrows(id, symbol_id, self_count, cumulative_count, kids, self_calls, total_calls, self_paths, total_paths, pct) VALUES(2086, 2086, 1888, 1888, 0, 0, 472, 10, 10, 0.0);
INSERT INTO mainrows(id, symbol_id, self_count, cumulative_count, kids, self_calls, total_calls, self_paths, total_paths, pct) VALUES(2087, 2087, 2224, 2224, 0, 0, 556, 10, 10, 0.0);
INSERT INTO mainrows(id, symbol_id, self_count, cumulative_count, kids, self_calls, total_calls, self_paths, total_paths, pct) VALUES(2088, 2088, 1168, 1168, 0, 0, 292, 10, 10, 0.0);
INSERT INTO mainrows(id, symbol_id, self_count, cumulative_count, kids, self_calls, total_calls, self_paths, total_paths, pct) VALUES(2089, 2089, 1264, 1264, 0, 6, 316, 10, 10, 0.0);
INSERT INTO mainrows(id, symbol_id, self_count, cumulative_count, kids, self_calls, total_calls, self_paths, total_paths, pct) VALUES(2090, 2090, 7424, 7424, 4, 21, 1856, 50, 50, 0.0);
INSERT INTO mainrows(id, symbol_id, self_count, cumulative_count, kids, self_calls, total_calls, self_paths, total_paths, pct) VALUES(2091, 2091, 1888, 1888, 0, 16, 472, 10, 10, 0.0);
INSERT INTO mainrows(id, symbol_id, self_count, cumulative_count, kids, self_calls, total_calls, self_paths, total_paths, pct) VALUES(2092, 2092, 2224, 2224, 0, 0, 556, 10, 10, 0.0);
INSERT INTO mainrows(id, symbol_id, self_count, cumulative_count, kids, self_calls, total_calls, self_paths, total_paths, pct) VALUES(2093, 2093, 1168, 1168, 0, 0, 292, 10, 10, 0.0);
INSERT INTO mainrows(id, symbol_id, self_count, cumulative_count, kids, self_calls, total_calls, self_paths, total_paths, pct) VALUES(2094, 2094, 2144, 2144, 0, 5, 536, 20, 20, 0.0);
INSERT INTO mainrows(id, symbol_id, self_count, cumulative_count, kids, self_calls, total_calls, self_paths, total_paths, pct) VALUES(2095, 2095, 6544, 6544, 4, 82, 1636, 40, 40, 0.0);
INSERT INTO mainrows(id, symbol_id, self_count, cumulative_count, kids, self_calls, total_calls, self_paths, total_paths, pct) VALUES(2096, 2096, 1888, 1888, 0, 6, 472, 10, 10, 0.0);
INSERT INTO mainrows(id, symbol_id, self_count, cumulative_count, kids, self_calls, total_calls, self_paths, total_paths, pct) VALUES(2097, 2097, 2224, 2224, 0, 0, 556, 10, 10, 0.0);
INSERT INTO mainrows(id, symbol_id, self_count, cumulative_count, kids, self_calls, total_calls, self_paths, total_paths, pct) VALUES(2098, 2098, 1168, 1168, 0, 0, 292, 10, 10, 0.0);
INSERT INTO mainrows(id, symbol_id, self_count, cumulative_count, kids, self_calls, total_calls, self_paths, total_paths, pct) VALUES(2099, 2099, 1264, 1264, 0, 76, 316, 10, 10, 0.0);
INSERT INTO mainrows(id, symbol_id, self_count, cumulative_count, kids, self_calls, total_calls, self_paths, total_paths, pct) VALUES(2100, 2100, 6544, 6544, 4, 10, 1636, 40, 40, 0.0);
INSERT INTO mainrows(id, symbol_id, self_count, cumulative_count, kids, self_calls, total_calls, self_paths, total_paths, pct) VALUES(2101, 2101, 1888, 1888, 0, 10, 472, 10, 10, 0.0);
INSERT INTO mainrows(id, symbol_id, self_count, cumulative_count, kids, self_calls, total_calls, self_paths, total_paths, pct) VALUES(2102, 2102, 2224, 2224, 0, 0, 556, 10, 10, 0.0);
INSERT INTO mainrows(id, symbol_id, self_count, cumulative_count, kids, self_calls, total_calls, self_paths, total_paths, pct) VALUES(2103, 2103, 1168, 1168, 0, 0, 292, 10, 10, 0.0);
INSERT INTO mainrows(id, symbol_id, self_count, cumulative_count, kids, self_calls, total_calls, self_paths, total_paths, pct) VALUES(2104, 2104, 1264, 1264, 0, 0, 316, 10, 10, 0.0);
INSERT INTO mainrows(id, symbol_id, self_count, cumulative_count, kids, self_calls, total_calls, self_paths, total_paths, pct) VALUES(2105, 2105, 6544, 6544, 4, 5, 1636, 40, 40, 0.0);
INSERT INTO mainrows(id, symbol_id, self_count, cumulative_count, kids, self_calls, total_calls, self_paths, total_paths, pct) VALUES(2106, 2106, 1888, 1888, 0, 0, 472, 10, 10, 0.0);
INSERT INTO mainrows(id, symbol_id, self_count, cumulative_count, kids, self_calls, total_calls, self_paths, total_paths, pct) VALUES(2107, 2107, 2224, 2224, 0, 0, 556, 10, 10, 0.0);
INSERT INTO mainrows(id, symbol_id, self_count, cumulative_count, kids, self_calls, total_calls, self_paths, total_paths, pct) VALUES(2108, 2108, 1168, 1168, 0, 0, 292, 10, 10, 0.0);
INSERT INTO mainrows(id, symbol_id, self_count, cumulative_count, kids, self_calls, total_calls, self_paths, total_paths, pct) VALUES(2109, 2109, 1264, 1264, 0, 5, 316, 10, 10, 0.0);
INSERT INTO mainrows(id, symbol_id, self_count, cumulative_count, kids, self_calls, total_calls, self_paths, total_paths, pct) VALUES(2110, 2110, 6448, 6448, 4, 5, 1612, 40, 40, 0.0);
INSERT INTO mainrows(id, symbol_id, self_count, cumulative_count, kids, self_calls, total_calls, self_paths, total_paths, pct) VALUES(2111, 2111, 1888, 1888, 0, 0, 472, 10, 10, 0.0);
INSERT INTO mainrows(id, symbol_id, self_count, cumulative_count, kids, self_calls, total_calls, self_paths, total_paths, pct) VALUES(2112, 2112, 2224, 2224, 0, 0, 556, 10, 10, 0.0);
INSERT INTO mainrows(id, symbol_id, self_count, cumulative_count, kids, self_calls, total_calls, self_paths, total_paths, pct) VALUES(2113, 2113, 1168, 1168, 0, 5, 292, 10, 10, 0.0);
INSERT INTO mainrows(id, symbol_id, self_count, cumulative_count, kids, self_calls, total_calls, self_paths, total_paths, pct) VALUES(2114, 2114, 1168, 1168, 0, 0, 292, 10, 10, 0.0);
INSERT INTO mainrows(id, symbol_id, self_count, cumulative_count, kids, self_calls, total_calls, self_paths, total_paths, pct) VALUES(2115, 2115, 5912, 5912, 4, 6, 1478, 35, 35, 0.0);
INSERT INTO mainrows(id, symbol_id, self_count, cumulative_count, kids, self_calls, total_calls, self_paths, total_paths, pct) VALUES(2116, 2116, 1888, 1888, 0, 0, 472, 10, 10, 0.0);
INSERT INTO mainrows(id, symbol_id, self_count, cumulative_count, kids, self_calls, total_calls, self_paths, total_paths, pct) VALUES(2117, 2117, 2224, 2224, 0, 0, 556, 10, 10, 0.0);
INSERT INTO mainrows(id, symbol_id, self_count, cumulative_count, kids, self_calls, total_calls, self_paths, total_paths, pct) VALUES(2118, 2118, 1168, 1168, 0, 0, 292, 10, 10, 0.0);
INSERT INTO mainrows(id, symbol_id, self_count, cumulative_count, kids, self_calls, total_calls, self_paths, total_paths, pct) VALUES(2119, 2119, 632, 632, 0, 6, 158, 5, 5, 0.0);
INSERT INTO mainrows(id, symbol_id, self_count, cumulative_count, kids, self_calls, total_calls, self_paths, total_paths, pct) VALUES(2120, 2120, 202176, 202176, 3, 19660, 50544, 1092, 1092, 0.0);
INSERT INTO mainrows(id, symbol_id, self_count, cumulative_count, kids, self_calls, total_calls, self_paths, total_paths, pct) VALUES(2121, 2121, 67392, 67392, 3, 6553, 16848, 364, 364, 0.0);
INSERT INTO mainrows(id, symbol_id, self_count, cumulative_count, kids, self_calls, total_calls, self_paths, total_paths, pct) VALUES(2122, 2122, 27648, 27648, 0, 6456, 6912, 4, 4, 0.0);
INSERT INTO mainrows(id, symbol_id, self_count, cumulative_count, kids, self_calls, total_calls, self_paths, total_paths, pct) VALUES(2123, 2123, 19872, 19872, 6, 79, 4968, 180, 180, 0.0);
INSERT INTO mainrows(id, symbol_id, self_count, cumulative_count, kids, self_calls, total_calls, self_paths, total_paths, pct) VALUES(2124, 2124, 3312, 3312, 0, 28, 828, 30, 30, 0.0);
INSERT INTO mainrows(id, symbol_id, self_count, cumulative_count, kids, self_calls, total_calls, self_paths, total_paths, pct) VALUES(2125, 2125, 3312, 3312, 0, 12, 828, 30, 30, 0.0);
INSERT INTO mainrows(id, symbol_id, self_count, cumulative_count, kids, self_calls, total_calls, self_paths, total_paths, pct) VALUES(2126, 2126, 3312, 3312, 0, 8, 828, 30, 30, 0.0);
INSERT INTO mainrows(id, symbol_id, self_count, cumulative_count, kids, self_calls, total_calls, self_paths, total_paths, pct) VALUES(2127, 2127, 3312, 3312, 0, 5, 828, 30, 30, 0.0);
INSERT INTO mainrows(id, symbol_id, self_count, cumulative_count, kids, self_calls, total_calls, self_paths, total_paths, pct) VALUES(2128, 2128, 3312, 3312, 0, 26, 828, 30, 30, 0.0);
INSERT INTO mainrows(id, symbol_id, self_count, cumulative_count, kids, self_calls, total_calls, self_paths, total_paths, pct) VALUES(2129, 2129, 3312, 3312, 0, 0, 828, 30, 30, 0.0);
INSERT INTO mainrows(id, symbol_id, self_count, cumulative_count, kids, self_calls, total_calls, self_paths, total_paths, pct) VALUES(2130, 2130, 19872, 19872, 6, 18, 4968, 180, 180, 0.0);
INSERT INTO mainrows(id, symbol_id, self_count, cumulative_count, kids, self_calls, total_calls, self_paths, total_paths, pct) VALUES(2131, 2131, 3312, 3312, 0, 5, 828, 30, 30, 0.0);
INSERT INTO mainrows(id, symbol_id, self_count, cumulative_count, kids, self_calls, total_calls, self_paths, total_paths, pct) VALUES(2132, 2132, 3312, 3312, 0, 6, 828, 30, 30, 0.0);
INSERT INTO mainrows(id, symbol_id, self_count, cumulative_count, kids, self_calls, total_calls, self_paths, total_paths, pct) VALUES(2133, 2133, 3312, 3312, 0, 0, 828, 30, 30, 0.0);
INSERT INTO mainrows(id, symbol_id, self_count, cumulative_count, kids, self_calls, total_calls, self_paths, total_paths, pct) VALUES(2134, 2134, 3312, 3312, 0, 0, 828, 30, 30, 0.0);
INSERT INTO mainrows(id, symbol_id, self_count, cumulative_count, kids, self_calls, total_calls, self_paths, total_paths, pct) VALUES(2135, 2135, 3312, 3312, 0, 7, 828, 30, 30, 0.0);
INSERT INTO mainrows(id, symbol_id, self_count, cumulative_count, kids, self_calls, total_calls, self_paths, total_paths, pct) VALUES(2136, 2136, 3312, 3312, 0, 0, 828, 30, 30, 0.0);
INSERT INTO mainrows(id, symbol_id, self_count, cumulative_count, kids, self_calls, total_calls, self_paths, total_paths, pct) VALUES(2137, 2137, 67392, 67392, 3, 6543, 16848, 364, 364, 0.0);
INSERT INTO mainrows(id, symbol_id, self_count, cumulative_count, kids, self_calls, total_calls, self_paths, total_paths, pct) VALUES(2138, 2138, 27648, 27648, 0, 6456, 6912, 4, 4, 0.0);
INSERT INTO mainrows(id, symbol_id, self_count, cumulative_count, kids, self_calls, total_calls, self_paths, total_paths, pct) VALUES(2139, 2139, 19872, 19872, 6, 62, 4968, 180, 180, 0.0);
INSERT INTO mainrows(id, symbol_id, self_count, cumulative_count, kids, self_calls, total_calls, self_paths, total_paths, pct) VALUES(2140, 2140, 3312, 3312, 0, 22, 828, 30, 30, 0.0);
INSERT INTO mainrows(id, symbol_id, self_count, cumulative_count, kids, self_calls, total_calls, self_paths, total_paths, pct) VALUES(2141, 2141, 3312, 3312, 0, 8, 828, 30, 30, 0.0);
INSERT INTO mainrows(id, symbol_id, self_count, cumulative_count, kids, self_calls, total_calls, self_paths, total_paths, pct) VALUES(2142, 2142, 3312, 3312, 0, 5, 828, 30, 30, 0.0);
INSERT INTO mainrows(id, symbol_id, self_count, cumulative_count, kids, self_calls, total_calls, self_paths, total_paths, pct) VALUES(2143, 2143, 3312, 3312, 0, 6, 828, 30, 30, 0.0);
INSERT INTO mainrows(id, symbol_id, self_count, cumulative_count, kids, self_calls, total_calls, self_paths, total_paths, pct) VALUES(2144, 2144, 3312, 3312, 0, 16, 828, 30, 30, 0.0);
INSERT INTO mainrows(id, symbol_id, self_count, cumulative_count, kids, self_calls, total_calls, self_paths, total_paths, pct) VALUES(2145, 2145, 3312, 3312, 0, 5, 828, 30, 30, 0.0);
INSERT INTO mainrows(id, symbol_id, self_count, cumulative_count, kids, self_calls, total_calls, self_paths, total_paths, pct) VALUES(2146, 2146, 19872, 19872, 6, 25, 4968, 180, 180, 0.0);
INSERT INTO mainrows(id, symbol_id, self_count, cumulative_count, kids, self_calls, total_calls, self_paths, total_paths, pct) VALUES(2147, 2147, 3312, 3312, 0, 10, 828, 30, 30, 0.0);
INSERT INTO mainrows(id, symbol_id, self_count, cumulative_count, kids, self_calls, total_calls, self_paths, total_paths, pct) VALUES(2148, 2148, 3312, 3312, 0, 5, 828, 30, 30, 0.0);
INSERT INTO mainrows(id, symbol_id, self_count, cumulative_count, kids, self_calls, total_calls, self_paths, total_paths, pct) VALUES(2149, 2149, 3312, 3312, 0, 5, 828, 30, 30, 0.0);
INSERT INTO mainrows(id, symbol_id, self_count, cumulative_count, kids, self_calls, total_calls, self_paths, total_paths, pct) VALUES(2150, 2150, 3312, 3312, 0, 0, 828, 30, 30, 0.0);
INSERT INTO mainrows(id, symbol_id, self_count, cumulative_count, kids, self_calls, total_calls, self_paths, total_paths, pct) VALUES(2151, 2151, 3312, 3312, 0, 5, 828, 30, 30, 0.0);
INSERT INTO mainrows(id, symbol_id, self_count, cumulative_count, kids, self_calls, total_calls, self_paths, total_paths, pct) VALUES(2152, 2152, 3312, 3312, 0, 0, 828, 30, 30, 0.0);
INSERT INTO mainrows(id, symbol_id, self_count, cumulative_count, kids, self_calls, total_calls, self_paths, total_paths, pct) VALUES(2153, 2153, 67392, 67392, 3, 6564, 16848, 364, 364, 0.0);
INSERT INTO mainrows(id, symbol_id, self_count, cumulative_count, kids, self_calls, total_calls, self_paths, total_paths, pct) VALUES(2154, 2154, 27648, 27648, 0, 6459, 6912, 4, 4, 0.0);
INSERT INTO mainrows(id, symbol_id, self_count, cumulative_count, kids, self_calls, total_calls, self_paths, total_paths, pct) VALUES(2155, 2155, 19872, 19872, 6, 63, 4968, 180, 180, 0.0);
INSERT INTO mainrows(id, symbol_id, self_count, cumulative_count, kids, self_calls, total_calls, self_paths, total_paths, pct) VALUES(2156, 2156, 3312, 3312, 0, 11, 828, 30, 30, 0.0);
INSERT INTO mainrows(id, symbol_id, self_count, cumulative_count, kids, self_calls, total_calls, self_paths, total_paths, pct) VALUES(2157, 2157, 3312, 3312, 0, 6, 828, 30, 30, 0.0);
INSERT INTO mainrows(id, symbol_id, self_count, cumulative_count, kids, self_calls, total_calls, self_paths, total_paths, pct) VALUES(2158, 2158, 3312, 3312, 0, 20, 828, 30, 30, 0.0);
INSERT INTO mainrows(id, symbol_id, self_count, cumulative_count, kids, self_calls, total_calls, self_paths, total_paths, pct) VALUES(2159, 2159, 3312, 3312, 0, 12, 828, 30, 30, 0.0);
INSERT INTO mainrows(id, symbol_id, self_count, cumulative_count, kids, self_calls, total_calls, self_paths, total_paths, pct) VALUES(2160, 2160, 3312, 3312, 0, 14, 828, 30, 30, 0.0);
INSERT INTO mainrows(id, symbol_id, self_count, cumulative_count, kids, self_calls, total_calls, self_paths, total_paths, pct) VALUES(2161, 2161, 3312, 3312, 0, 0, 828, 30, 30, 0.0);
INSERT INTO mainrows(id, symbol_id, self_count, cumulative_count, kids, self_calls, total_calls, self_paths, total_paths, pct) VALUES(2162, 2162, 19872, 19872, 6, 42, 4968, 180, 180, 0.0);
INSERT INTO mainrows(id, symbol_id, self_count, cumulative_count, kids, self_calls, total_calls, self_paths, total_paths, pct) VALUES(2163, 2163, 3312, 3312, 0, 24, 828, 30, 30, 0.0);
INSERT INTO mainrows(id, symbol_id, self_count, cumulative_count, kids, self_calls, total_calls, self_paths, total_paths, pct) VALUES(2164, 2164, 3312, 3312, 0, 5, 828, 30, 30, 0.0);
INSERT INTO mainrows(id, symbol_id, self_count, cumulative_count, kids, self_calls, total_calls, self_paths, total_paths, pct) VALUES(2165, 2165, 3312, 3312, 0, 6, 828, 30, 30, 0.0);
INSERT INTO mainrows(id, symbol_id, self_count, cumulative_count, kids, self_calls, total_calls, self_paths, total_paths, pct) VALUES(2166, 2166, 3312, 3312, 0, 7, 828, 30, 30, 0.0);
INSERT INTO mainrows(id, symbol_id, self_count, cumulative_count, kids, self_calls, total_calls, self_paths, total_paths, pct) VALUES(2167, 2167, 3312, 3312, 0, 0, 828, 30, 30, 0.0);
INSERT INTO mainrows(id, symbol_id, self_count, cumulative_count, kids, self_calls, total_calls, self_paths, total_paths, pct) VALUES(2168, 2168, 3312, 3312, 0, 0, 828, 30, 30, 0.0);
INSERT INTO mainrows(id, symbol_id, self_count, cumulative_count, kids, self_calls, total_calls, self_paths, total_paths, pct) VALUES(2169, 2169, 202176, 202176, 3, 19570, 50544, 1092, 1092, 0.0);
INSERT INTO mainrows(id, symbol_id, self_count, cumulative_count, kids, self_calls, total_calls, self_paths, total_paths, pct) VALUES(2170, 2170, 67392, 67392, 3, 6503, 16848, 364, 364, 0.0);
INSERT INTO mainrows(id, symbol_id, self_count, cumulative_count, kids, self_calls, total_calls, self_paths, total_paths, pct) VALUES(2171, 2171, 27648, 27648, 0, 6456, 6912, 4, 4, 0.0);
INSERT INTO mainrows(id, symbol_id, self_count, cumulative_count, kids, self_calls, total_calls, self_paths, total_paths, pct) VALUES(2172, 2172, 19872, 19872, 6, 22, 4968, 180, 180, 0.0);
INSERT INTO mainrows(id, symbol_id, self_count, cumulative_count, kids, self_calls, total_calls, self_paths, total_paths, pct) VALUES(2173, 2173, 3312, 3312, 0, 7, 828, 30, 30, 0.0);
INSERT INTO mainrows(id, symbol_id, self_count, cumulative_count, kids, self_calls, total_calls, self_paths, total_paths, pct) VALUES(2174, 2174, 3312, 3312, 0, 0, 828, 30, 30, 0.0);
INSERT INTO mainrows(id, symbol_id, self_count, cumulative_count, kids, self_calls, total_calls, self_paths, total_paths, pct) VALUES(2175, 2175, 3312, 3312, 0, 5, 828, 30, 30, 0.0);
INSERT INTO mainrows(id, symbol_id, self_count, cumulative_count, kids, self_calls, total_calls, self_paths, total_paths, pct) VALUES(2176, 2176, 3312, 3312, 0, 0, 828, 30, 30, 0.0);
INSERT INTO mainrows(id, symbol_id, self_count, cumulative_count, kids, self_calls, total_calls, self_paths, total_paths, pct) VALUES(2177, 2177, 3312, 3312, 0, 10, 828, 30, 30, 0.0);
INSERT INTO mainrows(id, symbol_id, self_count, cumulative_count, kids, self_calls, total_calls, self_paths, total_paths, pct) VALUES(2178, 2178, 3312, 3312, 0, 0, 828, 30, 30, 0.0);
INSERT INTO mainrows(id, symbol_id, self_count, cumulative_count, kids, self_calls, total_calls, self_paths, total_paths, pct) VALUES(2179, 2179, 19872, 19872, 6, 25, 4968, 180, 180, 0.0);
INSERT INTO mainrows(id, symbol_id, self_count, cumulative_count, kids, self_calls, total_calls, self_paths, total_paths, pct) VALUES(2180, 2180, 3312, 3312, 0, 10, 828, 30, 30, 0.0);
INSERT INTO mainrows(id, symbol_id, self_count, cumulative_count, kids, self_calls, total_calls, self_paths, total_paths, pct) VALUES(2181, 2181, 3312, 3312, 0, 0, 828, 30, 30, 0.0);
INSERT INTO mainrows(id, symbol_id, self_count, cumulative_count, kids, self_calls, total_calls, self_paths, total_paths, pct) VALUES(2182, 2182, 3312, 3312, 0, 5, 828, 30, 30, 0.0);
INSERT INTO mainrows(id, symbol_id, self_count, cumulative_count, kids, self_calls, total_calls, self_paths, total_paths, pct) VALUES(2183, 2183, 3312, 3312, 0, 0, 828, 30, 30, 0.0);
INSERT INTO mainrows(id, symbol_id, self_count, cumulative_count, kids, self_calls, total_calls, self_paths, total_paths, pct) VALUES(2184, 2184, 3312, 3312, 0, 10, 828, 30, 30, 0.0);
INSERT INTO mainrows(id, symbol_id, self_count, cumulative_count, kids, self_calls, total_calls, self_paths, total_paths, pct) VALUES(2185, 2185, 3312, 3312, 0, 0, 828, 30, 30, 0.0);
INSERT INTO mainrows(id, symbol_id, self_count, cumulative_count, kids, self_calls, total_calls, self_paths, total_paths, pct) VALUES(2186, 2186, 67392, 67392, 3, 6523, 16848, 364, 364, 0.0);
INSERT INTO mainrows(id, symbol_id, self_count, cumulative_count, kids, self_calls, total_calls, self_paths, total_paths, pct) VALUES(2187, 2187, 27648, 27648, 0, 6456, 6912, 4, 4, 0.0);
INSERT INTO mainrows(id, symbol_id, self_count, cumulative_count, kids, self_calls, total_calls, self_paths, total_paths, pct) VALUES(2188, 2188, 19872, 19872, 6, 30, 4968, 180, 180, 0.0);
INSERT INTO mainrows(id, symbol_id, self_count, cumulative_count, kids, self_calls, total_calls, self_paths, total_paths, pct) VALUES(2189, 2189, 3312, 3312, 0, 0, 828, 30, 30, 0.0);
INSERT INTO mainrows(id, symbol_id, self_count, cumulative_count, kids, self_calls, total_calls, self_paths, total_paths, pct) VALUES(2190, 2190, 3312, 3312, 0, 0, 828, 30, 30, 0.0);
INSERT INTO mainrows(id, symbol_id, self_count, cumulative_count, kids, self_calls, total_calls, self_paths, total_paths, pct) VALUES(2191, 2191, 3312, 3312, 0, 5, 828, 30, 30, 0.0);
INSERT INTO mainrows(id, symbol_id, self_count, cumulative_count, kids, self_calls, total_calls, self_paths, total_paths, pct) VALUES(2192, 2192, 3312, 3312, 0, 7, 828, 30, 30, 0.0);
INSERT INTO mainrows(id, symbol_id, self_count, cumulative_count, kids, self_calls, total_calls, self_paths, total_paths, pct) VALUES(2193, 2193, 3312, 3312, 0, 18, 828, 30, 30, 0.0);
INSERT INTO mainrows(id, symbol_id, self_count, cumulative_count, kids, self_calls, total_calls, self_paths, total_paths, pct) VALUES(2194, 2194, 3312, 3312, 0, 0, 828, 30, 30, 0.0);
INSERT INTO mainrows(id, symbol_id, self_count, cumulative_count, kids, self_calls, total_calls, self_paths, total_paths, pct) VALUES(2195, 2195, 19872, 19872, 6, 37, 4968, 180, 180, 0.0);
INSERT INTO mainrows(id, symbol_id, self_count, cumulative_count, kids, self_calls, total_calls, self_paths, total_paths, pct) VALUES(2196, 2196, 3312, 3312, 0, 5, 828, 30, 30, 0.0);
INSERT INTO mainrows(id, symbol_id, self_count, cumulative_count, kids, self_calls, total_calls, self_paths, total_paths, pct) VALUES(2197, 2197, 3312, 3312, 0, 10, 828, 30, 30, 0.0);
INSERT INTO mainrows(id, symbol_id, self_count, cumulative_count, kids, self_calls, total_calls, self_paths, total_paths, pct) VALUES(2198, 2198, 3312, 3312, 0, 17, 828, 30, 30, 0.0);
INSERT INTO mainrows(id, symbol_id, self_count, cumulative_count, kids, self_calls, total_calls, self_paths, total_paths, pct) VALUES(2199, 2199, 3312, 3312, 0, 0, 828, 30, 30, 0.0);
INSERT INTO mainrows(id, symbol_id, self_count, cumulative_count, kids, self_calls, total_calls, self_paths, total_paths, pct) VALUES(2200, 2200, 3312, 3312, 0, 5, 828, 30, 30, 0.0);
INSERT INTO mainrows(id, symbol_id, self_count, cumulative_count, kids, self_calls, total_calls, self_paths, total_paths, pct) VALUES(2201, 2201, 3312, 3312, 0, 0, 828, 30, 30, 0.0);
INSERT INTO mainrows(id, symbol_id, self_count, cumulative_count, kids, self_calls, total_calls, self_paths, total_paths, pct) VALUES(2202, 2202, 67392, 67392, 3, 6544, 16848, 364, 364, 0.0);
INSERT INTO mainrows(id, symbol_id, self_count, cumulative_count, kids, self_calls, total_calls, self_paths, total_paths, pct) VALUES(2203, 2203, 27648, 27648, 0, 6456, 6912, 4, 4, 0.0);
INSERT INTO mainrows(id, symbol_id, self_count, cumulative_count, kids, self_calls, total_calls, self_paths, total_paths, pct) VALUES(2204, 2204, 19872, 19872, 6, 58, 4968, 180, 180, 0.0);
INSERT INTO mainrows(id, symbol_id, self_count, cumulative_count, kids, self_calls, total_calls, self_paths, total_paths, pct) VALUES(2205, 2205, 3312, 3312, 0, 0, 828, 30, 30, 0.0);
INSERT INTO mainrows(id, symbol_id, self_count, cumulative_count, kids, self_calls, total_calls, self_paths, total_paths, pct) VALUES(2206, 2206, 3312, 3312, 0, 10, 828, 30, 30, 0.0);
INSERT INTO mainrows(id, symbol_id, self_count, cumulative_count, kids, self_calls, total_calls, self_paths, total_paths, pct) VALUES(2207, 2207, 3312, 3312, 0, 7, 828, 30, 30, 0.0);
INSERT INTO mainrows(id, symbol_id, self_count, cumulative_count, kids, self_calls, total_calls, self_paths, total_paths, pct) VALUES(2208, 2208, 3312, 3312, 0, 15, 828, 30, 30, 0.0);
INSERT INTO mainrows(id, symbol_id, self_count, cumulative_count, kids, self_calls, total_calls, self_paths, total_paths, pct) VALUES(2209, 2209, 3312, 3312, 0, 26, 828, 30, 30, 0.0);
INSERT INTO mainrows(id, symbol_id, self_count, cumulative_count, kids, self_calls, total_calls, self_paths, total_paths, pct) VALUES(2210, 2210, 3312, 3312, 0, 0, 828, 30, 30, 0.0);
INSERT INTO mainrows(id, symbol_id, self_count, cumulative_count, kids, self_calls, total_calls, self_paths, total_paths, pct) VALUES(2211, 2211, 19872, 19872, 6, 30, 4968, 180, 180, 0.0);
INSERT INTO mainrows(id, symbol_id, self_count, cumulative_count, kids, self_calls, total_calls, self_paths, total_paths, pct) VALUES(2212, 2212, 3312, 3312, 0, 0, 828, 30, 30, 0.0);
INSERT INTO mainrows(id, symbol_id, self_count, cumulative_count, kids, self_calls, total_calls, self_paths, total_paths, pct) VALUES(2213, 2213, 3312, 3312, 0, 5, 828, 30, 30, 0.0);
INSERT INTO mainrows(id, symbol_id, self_count, cumulative_count, kids, self_calls, total_calls, self_paths, total_paths, pct) VALUES(2214, 2214, 3312, 3312, 0, 12, 828, 30, 30, 0.0);
INSERT INTO mainrows(id, symbol_id, self_count, cumulative_count, kids, self_calls, total_calls, self_paths, total_paths, pct) VALUES(2215, 2215, 3312, 3312, 0, 0, 828, 30, 30, 0.0);
INSERT INTO mainrows(id, symbol_id, self_count, cumulative_count, kids, self_calls, total_calls, self_paths, total_paths, pct) VALUES(2216, 2216, 3312, 3312, 0, 6, 828, 30, 30, 0.0);
INSERT INTO mainrows(id, symbol_id, self_count, cumulative_count, kids, self_calls, total_calls, self_paths, total_paths, pct) VALUES(2217, 2217, 3312, 3312, 0, 7, 828, 30, 30, 0.0);
INSERT INTO mainrows(id, symbol_id, self_count, cumulative_count, kids, self_calls, total_calls, self_paths, total_paths, pct) VALUES(2218, 2218, 99512, 99512, 0, 20117, 24878, 200, 200, 0.0);
INSERT INTO mainrows(id, symbol_id, self_count, cumulative_count, kids, self_calls, total_calls, self_paths, total_paths, pct) VALUES(2219, 2219, 1392, 1392, 0, 4294967295, 348, 2, 2, 0.0);
INSERT INTO mainrows(id, symbol_id, self_count, cumulative_count, kids, self_calls, total_calls, self_paths, total_paths, pct) VALUES(2220, 2220, 2880, 2880, 4, 648, 720, 4, 4, 0.0);
INSERT INTO mainrows(id, symbol_id, self_count, cumulative_count, kids, self_calls, total_calls, self_paths, total_paths, pct) VALUES(2221, 2221, 0, 0, 0, 0, 0, 0, 0, 0.0);
INSERT INTO mainrows(id, symbol_id, self_count, cumulative_count, kids, self_calls, total_calls, self_paths, total_paths, pct) VALUES(2222, 2222, 0, 0, 0, 0, 0, 0, 0, 0.0);
INSERT INTO mainrows(id, symbol_id, self_count, cumulative_count, kids, self_calls, total_calls, self_paths, total_paths, pct) VALUES(2223, 2223, 0, 0, 0, 0, 0, 0, 0, 0.0);
INSERT INTO mainrows(id, symbol_id, self_count, cumulative_count, kids, self_calls, total_calls, self_paths, total_paths, pct) VALUES(2224, 2224, 0, 0, 0, 0, 0, 0, 0, 0.0);
INSERT INTO mainrows(id, symbol_id, self_count, cumulative_count, kids, self_calls, total_calls, self_paths, total_paths, pct) VALUES(2225, 2225, 36, 36, 0, 3, 9, 3, 3, 0.0);
INSERT INTO mainrows(id, symbol_id, self_count, cumulative_count, kids, self_calls, total_calls, self_paths, total_paths, pct) VALUES(2226, 2226, 1285100, 1285100, 4, 144601, 321275, 4897, 4897, 0.0);
INSERT INTO mainrows(id, symbol_id, self_count, cumulative_count, kids, self_calls, total_calls, self_paths, total_paths, pct) VALUES(2227, 2227, 758784, 758784, 5, 85501, 189696, 2460, 2460, 0.0);
INSERT INTO mainrows(id, symbol_id, self_count, cumulative_count, kids, self_calls, total_calls, self_paths, total_paths, pct) VALUES(2228, 2228, 151872, 151872, 13, 17135, 37968, 492, 492, 0.0);
INSERT INTO mainrows(id, symbol_id, self_count, cumulative_count, kids, self_calls, total_calls, self_paths, total_paths, pct) VALUES(2229, 2229, 73440, 73440, 0, 17076, 18360, 12, 12, 0.0);
INSERT INTO mainrows(id, symbol_id, self_count, cumulative_count, kids, self_calls, total_calls, self_paths, total_paths, pct) VALUES(2230, 2230, 6568, 6568, 4, 0, 1642, 40, 40, 0.0);
INSERT INTO mainrows(id, symbol_id, self_count, cumulative_count, kids, self_calls, total_calls, self_paths, total_paths, pct) VALUES(2231, 2231, 1888, 1888, 0, 0, 472, 10, 10, 0.0);
INSERT INTO mainrows(id, symbol_id, self_count, cumulative_count, kids, self_calls, total_calls, self_paths, total_paths, pct) VALUES(2232, 2232, 2248, 2248, 0, 0, 562, 10, 10, 0.0);
INSERT INTO mainrows(id, symbol_id, self_count, cumulative_count, kids, self_calls, total_calls, self_paths, total_paths, pct) VALUES(2233, 2233, 1168, 1168, 0, 0, 292, 10, 10, 0.0);
INSERT INTO mainrows(id, symbol_id, self_count, cumulative_count, kids, self_calls, total_calls, self_paths, total_paths, pct) VALUES(2234, 2234, 1264, 1264, 0, 0, 316, 10, 10, 0.0);
INSERT INTO mainrows(id, symbol_id, self_count, cumulative_count, kids, self_calls, total_calls, self_paths, total_paths, pct) VALUES(2235, 2235, 6760, 6760, 4, 14, 1690, 40, 40, 0.0);
INSERT INTO mainrows(id, symbol_id, self_count, cumulative_count, kids, self_calls, total_calls, self_paths, total_paths, pct) VALUES(2236, 2236, 1888, 1888, 0, 0, 472, 10, 10, 0.0);
INSERT INTO mainrows(id, symbol_id, self_count, cumulative_count, kids, self_calls, total_calls, self_paths, total_paths, pct) VALUES(2237, 2237, 2248, 2248, 0, 7, 562, 10, 10, 0.0);
INSERT INTO mainrows(id, symbol_id, self_count, cumulative_count, kids, self_calls, total_calls, self_paths, total_paths, pct) VALUES(2238, 2238, 1168, 1168, 0, 0, 292, 10, 10, 0.0);
INSERT INTO mainrows(id, symbol_id, self_count, cumulative_count, kids, self_calls, total_calls, self_paths, total_paths, pct) VALUES(2239, 2239, 1456, 1456, 0, 7, 364, 10, 10, 0.0);
INSERT INTO mainrows(id, symbol_id, self_count, cumulative_count, kids, self_calls, total_calls, self_paths, total_paths, pct) VALUES(2240, 2240, 5936, 5936, 4, 0, 1484, 35, 35, 0.0);
INSERT INTO mainrows(id, symbol_id, self_count, cumulative_count, kids, self_calls, total_calls, self_paths, total_paths, pct) VALUES(2241, 2241, 1888, 1888, 0, 0, 472, 10, 10, 0.0);
INSERT INTO mainrows(id, symbol_id, self_count, cumulative_count, kids, self_calls, total_calls, self_paths, total_paths, pct) VALUES(2242, 2242, 2248, 2248, 0, 0, 562, 10, 10, 0.0);
INSERT INTO mainrows(id, symbol_id, self_count, cumulative_count, kids, self_calls, total_calls, self_paths, total_paths, pct) VALUES(2243, 2243, 1168, 1168, 0, 0, 292, 10, 10, 0.0);
INSERT INTO mainrows(id, symbol_id, self_count, cumulative_count, kids, self_calls, total_calls, self_paths, total_paths, pct) VALUES(2244, 2244, 632, 632, 0, 0, 158, 5, 5, 0.0);
INSERT INTO mainrows(id, symbol_id, self_count, cumulative_count, kids, self_calls, total_calls, self_paths, total_paths, pct) VALUES(2245, 2245, 6472, 6472, 4, 0, 1618, 40, 40, 0.0);
INSERT INTO mainrows(id, symbol_id, self_count, cumulative_count, kids, self_calls, total_calls, self_paths, total_paths, pct) VALUES(2246, 2246, 1888, 1888, 0, 0, 472, 10, 10, 0.0);
INSERT INTO mainrows(id, symbol_id, self_count, cumulative_count, kids, self_calls, total_calls, self_paths, total_paths, pct) VALUES(2247, 2247, 2248, 2248, 0, 0, 562, 10, 10, 0.0);
INSERT INTO mainrows(id, symbol_id, self_count, cumulative_count, kids, self_calls, total_calls, self_paths, total_paths, pct) VALUES(2248, 2248, 1168, 1168, 0, 0, 292, 10, 10, 0.0);
INSERT INTO mainrows(id, symbol_id, self_count, cumulative_count, kids, self_calls, total_calls, self_paths, total_paths, pct) VALUES(2249, 2249, 1168, 1168, 0, 0, 292, 10, 10, 0.0);
INSERT INTO mainrows(id, symbol_id, self_count, cumulative_count, kids, self_calls, total_calls, self_paths, total_paths, pct) VALUES(2250, 2250, 6568, 6568, 4, 0, 1642, 40, 40, 0.0);
INSERT INTO mainrows(id, symbol_id, self_count, cumulative_count, kids, self_calls, total_calls, self_paths, total_paths, pct) VALUES(2251, 2251, 1888, 1888, 0, 0, 472, 10, 10, 0.0);
INSERT INTO mainrows(id, symbol_id, self_count, cumulative_count, kids, self_calls, total_calls, self_paths, total_paths, pct) VALUES(2252, 2252, 2248, 2248, 0, 0, 562, 10, 10, 0.0);
INSERT INTO mainrows(id, symbol_id, self_count, cumulative_count, kids, self_calls, total_calls, self_paths, total_paths, pct) VALUES(2253, 2253, 1168, 1168, 0, 0, 292, 10, 10, 0.0);
INSERT INTO mainrows(id, symbol_id, self_count, cumulative_count, kids, self_calls, total_calls, self_paths, total_paths, pct) VALUES(2254, 2254, 1264, 1264, 0, 0, 316, 10, 10, 0.0);
INSERT INTO mainrows(id, symbol_id, self_count, cumulative_count, kids, self_calls, total_calls, self_paths, total_paths, pct) VALUES(2255, 2255, 6568, 6568, 4, 0, 1642, 40, 40, 0.0);
INSERT INTO mainrows(id, symbol_id, self_count, cumulative_count, kids, self_calls, total_calls, self_paths, total_paths, pct) VALUES(2256, 2256, 1888, 1888, 0, 0, 472, 10, 10, 0.0);
INSERT INTO mainrows(id, symbol_id, self_count, cumulative_count, kids, self_calls, total_calls, self_paths, total_paths, pct) VALUES(2257, 2257, 2248, 2248, 0, 0, 562, 10, 10, 0.0);
INSERT INTO mainrows(id, symbol_id, self_count, cumulative_count, kids, self_calls, total_calls, self_paths, total_paths, pct) VALUES(2258, 2258, 1168, 1168, 0, 0, 292, 10, 10, 0.0);
INSERT INTO mainrows(id, symbol_id, self_count, cumulative_count, kids, self_calls, total_calls, self_paths, total_paths, pct) VALUES(2259, 2259, 1264, 1264, 0, 0, 316, 10, 10, 0.0);
INSERT INTO mainrows(id, symbol_id, self_count, cumulative_count, kids, self_calls, total_calls, self_paths, total_paths, pct) VALUES(2260, 2260, 7448, 7448, 4, 0, 1862, 50, 50, 0.0);
INSERT INTO mainrows(id, symbol_id, self_count, cumulative_count, kids, self_calls, total_calls, self_paths, total_paths, pct) VALUES(2261, 2261, 1888, 1888, 0, 0, 472, 10, 10, 0.0);
INSERT INTO mainrows(id, symbol_id, self_count, cumulative_count, kids, self_calls, total_calls, self_paths, total_paths, pct) VALUES(2262, 2262, 2248, 2248, 0, 0, 562, 10, 10, 0.0);
INSERT INTO mainrows(id, symbol_id, self_count, cumulative_count, kids, self_calls, total_calls, self_paths, total_paths, pct) VALUES(2263, 2263, 1168, 1168, 0, 0, 292, 10, 10, 0.0);
INSERT INTO mainrows(id, symbol_id, self_count, cumulative_count, kids, self_calls, total_calls, self_paths, total_paths, pct) VALUES(2264, 2264, 2144, 2144, 0, 0, 536, 20, 20, 0.0);
INSERT INTO mainrows(id, symbol_id, self_count, cumulative_count, kids, self_calls, total_calls, self_paths, total_paths, pct) VALUES(2265, 2265, 6568, 6568, 4, 27, 1642, 40, 40, 0.0);
INSERT INTO mainrows(id, symbol_id, self_count, cumulative_count, kids, self_calls, total_calls, self_paths, total_paths, pct) VALUES(2266, 2266, 1888, 1888, 0, 11, 472, 10, 10, 0.0);
INSERT INTO mainrows(id, symbol_id, self_count, cumulative_count, kids, self_calls, total_calls, self_paths, total_paths, pct) VALUES(2267, 2267, 2248, 2248, 0, 10, 562, 10, 10, 0.0);
INSERT INTO mainrows(id, symbol_id, self_count, cumulative_count, kids, self_calls, total_calls, self_paths, total_paths, pct) VALUES(2268, 2268, 1168, 1168, 0, 6, 292, 10, 10, 0.0);
INSERT INTO mainrows(id, symbol_id, self_count, cumulative_count, kids, self_calls, total_calls, self_paths, total_paths, pct) VALUES(2269, 2269, 1264, 1264, 0, 0, 316, 10, 10, 0.0);
INSERT INTO mainrows(id, symbol_id, self_count, cumulative_count, kids, self_calls, total_calls, self_paths, total_paths, pct) VALUES(2270, 2270, 6568, 6568, 4, 0, 1642, 40, 40, 0.0);
INSERT INTO mainrows(id, symbol_id, self_count, cumulative_count, kids, self_calls, total_calls, self_paths, total_paths, pct) VALUES(2271, 2271, 1888, 1888, 0, 0, 472, 10, 10, 0.0);
INSERT INTO mainrows(id, symbol_id, self_count, cumulative_count, kids, self_calls, total_calls, self_paths, total_paths, pct) VALUES(2272, 2272, 2248, 2248, 0, 0, 562, 10, 10, 0.0);
INSERT INTO mainrows(id, symbol_id, self_count, cumulative_count, kids, self_calls, total_calls, self_paths, total_paths, pct) VALUES(2273, 2273, 1168, 1168, 0, 0, 292, 10, 10, 0.0);
INSERT INTO mainrows(id, symbol_id, self_count, cumulative_count, kids, self_calls, total_calls, self_paths, total_paths, pct) VALUES(2274, 2274, 1264, 1264, 0, 0, 316, 10, 10, 0.0);
INSERT INTO mainrows(id, symbol_id, self_count, cumulative_count, kids, self_calls, total_calls, self_paths, total_paths, pct) VALUES(2275, 2275, 6568, 6568, 4, 0, 1642, 40, 40, 0.0);
INSERT INTO mainrows(id, symbol_id, self_count, cumulative_count, kids, self_calls, total_calls, self_paths, total_paths, pct) VALUES(2276, 2276, 1888, 1888, 0, 0, 472, 10, 10, 0.0);
INSERT INTO mainrows(id, symbol_id, self_count, cumulative_count, kids, self_calls, total_calls, self_paths, total_paths, pct) VALUES(2277, 2277, 2248, 2248, 0, 0, 562, 10, 10, 0.0);
INSERT INTO mainrows(id, symbol_id, self_count, cumulative_count, kids, self_calls, total_calls, self_paths, total_paths, pct) VALUES(2278, 2278, 1168, 1168, 0, 0, 292, 10, 10, 0.0);
INSERT INTO mainrows(id, symbol_id, self_count, cumulative_count, kids, self_calls, total_calls, self_paths, total_paths, pct) VALUES(2279, 2279, 1264, 1264, 0, 0, 316, 10, 10, 0.0);
INSERT INTO mainrows(id, symbol_id, self_count, cumulative_count, kids, self_calls, total_calls, self_paths, total_paths, pct) VALUES(2280, 2280, 6472, 6472, 4, 0, 1618, 40, 40, 0.0);
INSERT INTO mainrows(id, symbol_id, self_count, cumulative_count, kids, self_calls, total_calls, self_paths, total_paths, pct) VALUES(2281, 2281, 1888, 1888, 0, 0, 472, 10, 10, 0.0);
INSERT INTO mainrows(id, symbol_id, self_count, cumulative_count, kids, self_calls, total_calls, self_paths, total_paths, pct) VALUES(2282, 2282, 2248, 2248, 0, 0, 562, 10, 10, 0.0);
INSERT INTO mainrows(id, symbol_id, self_count, cumulative_count, kids, self_calls, total_calls, self_paths, total_paths, pct) VALUES(2283, 2283, 1168, 1168, 0, 0, 292, 10, 10, 0.0);
INSERT INTO mainrows(id, symbol_id, self_count, cumulative_count, kids, self_calls, total_calls, self_paths, total_paths, pct) VALUES(2284, 2284, 1168, 1168, 0, 0, 292, 10, 10, 0.0);
INSERT INTO mainrows(id, symbol_id, self_count, cumulative_count, kids, self_calls, total_calls, self_paths, total_paths, pct) VALUES(2285, 2285, 5936, 5936, 4, 18, 1484, 35, 35, 0.0);
INSERT INTO mainrows(id, symbol_id, self_count, cumulative_count, kids, self_calls, total_calls, self_paths, total_paths, pct) VALUES(2286, 2286, 1888, 1888, 0, 7, 472, 10, 10, 0.0);
INSERT INTO mainrows(id, symbol_id, self_count, cumulative_count, kids, self_calls, total_calls, self_paths, total_paths, pct) VALUES(2287, 2287, 2248, 2248, 0, 11, 562, 10, 10, 0.0);
INSERT INTO mainrows(id, symbol_id, self_count, cumulative_count, kids, self_calls, total_calls, self_paths, total_paths, pct) VALUES(2288, 2288, 1168, 1168, 0, 0, 292, 10, 10, 0.0);
INSERT INTO mainrows(id, symbol_id, self_count, cumulative_count, kids, self_calls, total_calls, self_paths, total_paths, pct) VALUES(2289, 2289, 632, 632, 0, 0, 158, 5, 5, 0.0);
INSERT INTO mainrows(id, symbol_id, self_count, cumulative_count, kids, self_calls, total_calls, self_paths, total_paths, pct) VALUES(2290, 2290, 151584, 151584, 13, 17083, 37896, 492, 492, 0.0);
INSERT INTO mainrows(id, symbol_id, self_count, cumulative_count, kids, self_calls, total_calls, self_paths, total_paths, pct) VALUES(2291, 2291, 73440, 73440, 0, 17076, 18360, 12, 12, 0.0);
INSERT INTO mainrows(id, symbol_id, self_count, cumulative_count, kids, self_calls, total_calls, self_paths, total_paths, pct) VALUES(2292, 2292, 6544, 6544, 4, 0, 1636, 40, 40, 0.0);
INSERT INTO mainrows(id, symbol_id, self_count, cumulative_count, kids, self_calls, total_calls, self_paths, total_paths, pct) VALUES(2293, 2293, 1888, 1888, 0, 0, 472, 10, 10, 0.0);
INSERT INTO mainrows(id, symbol_id, self_count, cumulative_count, kids, self_calls, total_calls, self_paths, total_paths, pct) VALUES(2294, 2294, 2224, 2224, 0, 0, 556, 10, 10, 0.0);
INSERT INTO mainrows(id, symbol_id, self_count, cumulative_count, kids, self_calls, total_calls, self_paths, total_paths, pct) VALUES(2295, 2295, 1168, 1168, 0, 0, 292, 10, 10, 0.0);
INSERT INTO mainrows(id, symbol_id, self_count, cumulative_count, kids, self_calls, total_calls, self_paths, total_paths, pct) VALUES(2296, 2296, 1264, 1264, 0, 0, 316, 10, 10, 0.0);
INSERT INTO mainrows(id, symbol_id, self_count, cumulative_count, kids, self_calls, total_calls, self_paths, total_paths, pct) VALUES(2297, 2297, 6736, 6736, 4, 7, 1684, 40, 40, 0.0);
INSERT INTO mainrows(id, symbol_id, self_count, cumulative_count, kids, self_calls, total_calls, self_paths, total_paths, pct) VALUES(2298, 2298, 1888, 1888, 0, 7, 472, 10, 10, 0.0);
INSERT INTO mainrows(id, symbol_id, self_count, cumulative_count, kids, self_calls, total_calls, self_paths, total_paths, pct) VALUES(2299, 2299, 2224, 2224, 0, 0, 556, 10, 10, 0.0);
INSERT INTO mainrows(id, symbol_id, self_count, cumulative_count, kids, self_calls, total_calls, self_paths, total_paths, pct) VALUES(2300, 2300, 1168, 1168, 0, 0, 292, 10, 10, 0.0);
INSERT INTO mainrows(id, symbol_id, self_count, cumulative_count, kids, self_calls, total_calls, self_paths, total_paths, pct) VALUES(2301, 2301, 1456, 1456, 0, 0, 364, 10, 10, 0.0);
INSERT INTO mainrows(id, symbol_id, self_count, cumulative_count, kids, self_calls, total_calls, self_paths, total_paths, pct) VALUES(2302, 2302, 5912, 5912, 4, 0, 1478, 35, 35, 0.0);
INSERT INTO mainrows(id, symbol_id, self_count, cumulative_count, kids, self_calls, total_calls, self_paths, total_paths, pct) VALUES(2303, 2303, 1888, 1888, 0, 0, 472, 10, 10, 0.0);
INSERT INTO mainrows(id, symbol_id, self_count, cumulative_count, kids, self_calls, total_calls, self_paths, total_paths, pct) VALUES(2304, 2304, 2224, 2224, 0, 0, 556, 10, 10, 0.0);
INSERT INTO mainrows(id, symbol_id, self_count, cumulative_count, kids, self_calls, total_calls, self_paths, total_paths, pct) VALUES(2305, 2305, 1168, 1168, 0, 0, 292, 10, 10, 0.0);
INSERT INTO mainrows(id, symbol_id, self_count, cumulative_count, kids, self_calls, total_calls, self_paths, total_paths, pct) VALUES(2306, 2306, 632, 632, 0, 0, 158, 5, 5, 0.0);
INSERT INTO mainrows(id, symbol_id, self_count, cumulative_count, kids, self_calls, total_calls, self_paths, total_paths, pct) VALUES(2307, 2307, 6448, 6448, 4, 0, 1612, 40, 40, 0.0);
INSERT INTO mainrows(id, symbol_id, self_count, cumulative_count, kids, self_calls, total_calls, self_paths, total_paths, pct) VALUES(2308, 2308, 1888, 1888, 0, 0, 472, 10, 10, 0.0);
INSERT INTO mainrows(id, symbol_id, self_count, cumulative_count, kids, self_calls, total_calls, self_paths, total_paths, pct) VALUES(2309, 2309, 2224, 2224, 0, 0, 556, 10, 10, 0.0);
INSERT INTO mainrows(id, symbol_id, self_count, cumulative_count, kids, self_calls, total_calls, self_paths, total_paths, pct) VALUES(2310, 2310, 1168, 1168, 0, 0, 292, 10, 10, 0.0);
INSERT INTO mainrows(id, symbol_id, self_count, cumulative_count, kids, self_calls, total_calls, self_paths, total_paths, pct) VALUES(2311, 2311, 1168, 1168, 0, 0, 292, 10, 10, 0.0);
INSERT INTO mainrows(id, symbol_id, self_count, cumulative_count, kids, self_calls, total_calls, self_paths, total_paths, pct) VALUES(2312, 2312, 6544, 6544, 4, 0, 1636, 40, 40, 0.0);
INSERT INTO mainrows(id, symbol_id, self_count, cumulative_count, kids, self_calls, total_calls, self_paths, total_paths, pct) VALUES(2313, 2313, 1888, 1888, 0, 0, 472, 10, 10, 0.0);
INSERT INTO mainrows(id, symbol_id, self_count, cumulative_count, kids, self_calls, total_calls, self_paths, total_paths, pct) VALUES(2314, 2314, 2224, 2224, 0, 0, 556, 10, 10, 0.0);
INSERT INTO mainrows(id, symbol_id, self_count, cumulative_count, kids, self_calls, total_calls, self_paths, total_paths, pct) VALUES(2315, 2315, 1168, 1168, 0, 0, 292, 10, 10, 0.0);
INSERT INTO mainrows(id, symbol_id, self_count, cumulative_count, kids, self_calls, total_calls, self_paths, total_paths, pct) VALUES(2316, 2316, 1264, 1264, 0, 0, 316, 10, 10, 0.0);
INSERT INTO mainrows(id, symbol_id, self_count, cumulative_count, kids, self_calls, total_calls, self_paths, total_paths, pct) VALUES(2317, 2317, 6544, 6544, 4, 0, 1636, 40, 40, 0.0);
INSERT INTO mainrows(id, symbol_id, self_count, cumulative_count, kids, self_calls, total_calls, self_paths, total_paths, pct) VALUES(2318, 2318, 1888, 1888, 0, 0, 472, 10, 10, 0.0);
INSERT INTO mainrows(id, symbol_id, self_count, cumulative_count, kids, self_calls, total_calls, self_paths, total_paths, pct) VALUES(2319, 2319, 2224, 2224, 0, 0, 556, 10, 10, 0.0);
INSERT INTO mainrows(id, symbol_id, self_count, cumulative_count, kids, self_calls, total_calls, self_paths, total_paths, pct) VALUES(2320, 2320, 1168, 1168, 0, 0, 292, 10, 10, 0.0);
INSERT INTO mainrows(id, symbol_id, self_count, cumulative_count, kids, self_calls, total_calls, self_paths, total_paths, pct) VALUES(2321, 2321, 1264, 1264, 0, 0, 316, 10, 10, 0.0);
INSERT INTO mainrows(id, symbol_id, self_count, cumulative_count, kids, self_calls, total_calls, self_paths, total_paths, pct) VALUES(2322, 2322, 7424, 7424, 4, 0, 1856, 50, 50, 0.0);
INSERT INTO mainrows(id, symbol_id, self_count, cumulative_count, kids, self_calls, total_calls, self_paths, total_paths, pct) VALUES(2323, 2323, 1888, 1888, 0, 0, 472, 10, 10, 0.0);
INSERT INTO mainrows(id, symbol_id, self_count, cumulative_count, kids, self_calls, total_calls, self_paths, total_paths, pct) VALUES(2324, 2324, 2224, 2224, 0, 0, 556, 10, 10, 0.0);
INSERT INTO mainrows(id, symbol_id, self_count, cumulative_count, kids, self_calls, total_calls, self_paths, total_paths, pct) VALUES(2325, 2325, 1168, 1168, 0, 0, 292, 10, 10, 0.0);
INSERT INTO mainrows(id, symbol_id, self_count, cumulative_count, kids, self_calls, total_calls, self_paths, total_paths, pct) VALUES(2326, 2326, 2144, 2144, 0, 0, 536, 20, 20, 0.0);
INSERT INTO mainrows(id, symbol_id, self_count, cumulative_count, kids, self_calls, total_calls, self_paths, total_paths, pct) VALUES(2327, 2327, 6544, 6544, 4, 0, 1636, 40, 40, 0.0);
INSERT INTO mainrows(id, symbol_id, self_count, cumulative_count, kids, self_calls, total_calls, self_paths, total_paths, pct) VALUES(2328, 2328, 1888, 1888, 0, 0, 472, 10, 10, 0.0);
INSERT INTO mainrows(id, symbol_id, self_count, cumulative_count, kids, self_calls, total_calls, self_paths, total_paths, pct) VALUES(2329, 2329, 2224, 2224, 0, 0, 556, 10, 10, 0.0);
INSERT INTO mainrows(id, symbol_id, self_count, cumulative_count, kids, self_calls, total_calls, self_paths, total_paths, pct) VALUES(2330, 2330, 1168, 1168, 0, 0, 292, 10, 10, 0.0);
INSERT INTO mainrows(id, symbol_id, self_count, cumulative_count, kids, self_calls, total_calls, self_paths, total_paths, pct) VALUES(2331, 2331, 1264, 1264, 0, 0, 316, 10, 10, 0.0);
INSERT INTO mainrows(id, symbol_id, self_count, cumulative_count, kids, self_calls, total_calls, self_paths, total_paths, pct) VALUES(2332, 2332, 6544, 6544, 4, 0, 1636, 40, 40, 0.0);
INSERT INTO mainrows(id, symbol_id, self_count, cumulative_count, kids, self_calls, total_calls, self_paths, total_paths, pct) VALUES(2333, 2333, 1888, 1888, 0, 0, 472, 10, 10, 0.0);
INSERT INTO mainrows(id, symbol_id, self_count, cumulative_count, kids, self_calls, total_calls, self_paths, total_paths, pct) VALUES(2334, 2334, 2224, 2224, 0, 0, 556, 10, 10, 0.0);
INSERT INTO mainrows(id, symbol_id, self_count, cumulative_count, kids, self_calls, total_calls, self_paths, total_paths, pct) VALUES(2335, 2335, 1168, 1168, 0, 0, 292, 10, 10, 0.0);
INSERT INTO mainrows(id, symbol_id, self_count, cumulative_count, kids, self_calls, total_calls, self_paths, total_paths, pct) VALUES(2336, 2336, 1264, 1264, 0, 0, 316, 10, 10, 0.0);
INSERT INTO mainrows(id, symbol_id, self_count, cumulative_count, kids, self_calls, total_calls, self_paths, total_paths, pct) VALUES(2337, 2337, 6544, 6544, 4, 0, 1636, 40, 40, 0.0);
INSERT INTO mainrows(id, symbol_id, self_count, cumulative_count, kids, self_calls, total_calls, self_paths, total_paths, pct) VALUES(2338, 2338, 1888, 1888, 0, 0, 472, 10, 10, 0.0);
INSERT INTO mainrows(id, symbol_id, self_count, cumulative_count, kids, self_calls, total_calls, self_paths, total_paths, pct) VALUES(2339, 2339, 2224, 2224, 0, 0, 556, 10, 10, 0.0);
INSERT INTO mainrows(id, symbol_id, self_count, cumulative_count, kids, self_calls, total_calls, self_paths, total_paths, pct) VALUES(2340, 2340, 1168, 1168, 0, 0, 292, 10, 10, 0.0);
INSERT INTO mainrows(id, symbol_id, self_count, cumulative_count, kids, self_calls, total_calls, self_paths, total_paths, pct) VALUES(2341, 2341, 1264, 1264, 0, 0, 316, 10, 10, 0.0);
INSERT INTO mainrows(id, symbol_id, self_count, cumulative_count, kids, self_calls, total_calls, self_paths, total_paths, pct) VALUES(2342, 2342, 6448, 6448, 4, 0, 1612, 40, 40, 0.0);
INSERT INTO mainrows(id, symbol_id, self_count, cumulative_count, kids, self_calls, total_calls, self_paths, total_paths, pct) VALUES(2343, 2343, 1888, 1888, 0, 0, 472, 10, 10, 0.0);
INSERT INTO mainrows(id, symbol_id, self_count, cumulative_count, kids, self_calls, total_calls, self_paths, total_paths, pct) VALUES(2344, 2344, 2224, 2224, 0, 0, 556, 10, 10, 0.0);
INSERT INTO mainrows(id, symbol_id, self_count, cumulative_count, kids, self_calls, total_calls, self_paths, total_paths, pct) VALUES(2345, 2345, 1168, 1168, 0, 0, 292, 10, 10, 0.0);
INSERT INTO mainrows(id, symbol_id, self_count, cumulative_count, kids, self_calls, total_calls, self_paths, total_paths, pct) VALUES(2346, 2346, 1168, 1168, 0, 0, 292, 10, 10, 0.0);
INSERT INTO mainrows(id, symbol_id, self_count, cumulative_count, kids, self_calls, total_calls, self_paths, total_paths, pct) VALUES(2347, 2347, 5912, 5912, 4, 0, 1478, 35, 35, 0.0);
INSERT INTO mainrows(id, symbol_id, self_count, cumulative_count, kids, self_calls, total_calls, self_paths, total_paths, pct) VALUES(2348, 2348, 1888, 1888, 0, 0, 472, 10, 10, 0.0);
INSERT INTO mainrows(id, symbol_id, self_count, cumulative_count, kids, self_calls, total_calls, self_paths, total_paths, pct) VALUES(2349, 2349, 2224, 2224, 0, 0, 556, 10, 10, 0.0);
INSERT INTO mainrows(id, symbol_id, self_count, cumulative_count, kids, self_calls, total_calls, self_paths, total_paths, pct) VALUES(2350, 2350, 1168, 1168, 0, 0, 292, 10, 10, 0.0);
INSERT INTO mainrows(id, symbol_id, self_count, cumulative_count, kids, self_calls, total_calls, self_paths, total_paths, pct) VALUES(2351, 2351, 632, 632, 0, 0, 158, 5, 5, 0.0);
INSERT INTO mainrows(id, symbol_id, self_count, cumulative_count, kids, self_calls, total_calls, self_paths, total_paths, pct) VALUES(2352, 2352, 151872, 151872, 13, 17092, 37968, 492, 492, 0.0);
INSERT INTO mainrows(id, symbol_id, self_count, cumulative_count, kids, self_calls, total_calls, self_paths, total_paths, pct) VALUES(2353, 2353, 73440, 73440, 0, 17076, 18360, 12, 12, 0.0);
INSERT INTO mainrows(id, symbol_id, self_count, cumulative_count, kids, self_calls, total_calls, self_paths, total_paths, pct) VALUES(2354, 2354, 6568, 6568, 4, 0, 1642, 40, 40, 0.0);
INSERT INTO mainrows(id, symbol_id, self_count, cumulative_count, kids, self_calls, total_calls, self_paths, total_paths, pct) VALUES(2355, 2355, 1888, 1888, 0, 0, 472, 10, 10, 0.0);
INSERT INTO mainrows(id, symbol_id, self_count, cumulative_count, kids, self_calls, total_calls, self_paths, total_paths, pct) VALUES(2356, 2356, 2248, 2248, 0, 0, 562, 10, 10, 0.0);
INSERT INTO mainrows(id, symbol_id, self_count, cumulative_count, kids, self_calls, total_calls, self_paths, total_paths, pct) VALUES(2357, 2357, 1168, 1168, 0, 0, 292, 10, 10, 0.0);
INSERT INTO mainrows(id, symbol_id, self_count, cumulative_count, kids, self_calls, total_calls, self_paths, total_paths, pct) VALUES(2358, 2358, 1264, 1264, 0, 0, 316, 10, 10, 0.0);
INSERT INTO mainrows(id, symbol_id, self_count, cumulative_count, kids, self_calls, total_calls, self_paths, total_paths, pct) VALUES(2359, 2359, 6760, 6760, 4, 10, 1690, 40, 40, 0.0);
INSERT INTO mainrows(id, symbol_id, self_count, cumulative_count, kids, self_calls, total_calls, self_paths, total_paths, pct) VALUES(2360, 2360, 1888, 1888, 0, 0, 472, 10, 10, 0.0);
INSERT INTO mainrows(id, symbol_id, self_count, cumulative_count, kids, self_calls, total_calls, self_paths, total_paths, pct) VALUES(2361, 2361, 2248, 2248, 0, 10, 562, 10, 10, 0.0);
INSERT INTO mainrows(id, symbol_id, self_count, cumulative_count, kids, self_calls, total_calls, self_paths, total_paths, pct) VALUES(2362, 2362, 1168, 1168, 0, 0, 292, 10, 10, 0.0);
INSERT INTO mainrows(id, symbol_id, self_count, cumulative_count, kids, self_calls, total_calls, self_paths, total_paths, pct) VALUES(2363, 2363, 1456, 1456, 0, 0, 364, 10, 10, 0.0);
INSERT INTO mainrows(id, symbol_id, self_count, cumulative_count, kids, self_calls, total_calls, self_paths, total_paths, pct) VALUES(2364, 2364, 5936, 5936, 4, 0, 1484, 35, 35, 0.0);
INSERT INTO mainrows(id, symbol_id, self_count, cumulative_count, kids, self_calls, total_calls, self_paths, total_paths, pct) VALUES(2365, 2365, 1888, 1888, 0, 0, 472, 10, 10, 0.0);
INSERT INTO mainrows(id, symbol_id, self_count, cumulative_count, kids, self_calls, total_calls, self_paths, total_paths, pct) VALUES(2366, 2366, 2248, 2248, 0, 0, 562, 10, 10, 0.0);
INSERT INTO mainrows(id, symbol_id, self_count, cumulative_count, kids, self_calls, total_calls, self_paths, total_paths, pct) VALUES(2367, 2367, 1168, 1168, 0, 0, 292, 10, 10, 0.0);
INSERT INTO mainrows(id, symbol_id, self_count, cumulative_count, kids, self_calls, total_calls, self_paths, total_paths, pct) VALUES(2368, 2368, 632, 632, 0, 0, 158, 5, 5, 0.0);
INSERT INTO mainrows(id, symbol_id, self_count, cumulative_count, kids, self_calls, total_calls, self_paths, total_paths, pct) VALUES(2369, 2369, 6472, 6472, 4, 0, 1618, 40, 40, 0.0);
INSERT INTO mainrows(id, symbol_id, self_count, cumulative_count, kids, self_calls, total_calls, self_paths, total_paths, pct) VALUES(2370, 2370, 1888, 1888, 0, 0, 472, 10, 10, 0.0);
INSERT INTO mainrows(id, symbol_id, self_count, cumulative_count, kids, self_calls, total_calls, self_paths, total_paths, pct) VALUES(2371, 2371, 2248, 2248, 0, 0, 562, 10, 10, 0.0);
INSERT INTO mainrows(id, symbol_id, self_count, cumulative_count, kids, self_calls, total_calls, self_paths, total_paths, pct) VALUES(2372, 2372, 1168, 1168, 0, 0, 292, 10, 10, 0.0);
INSERT INTO mainrows(id, symbol_id, self_count, cumulative_count, kids, self_calls, total_calls, self_paths, total_paths, pct) VALUES(2373, 2373, 1168, 1168, 0, 0, 292, 10, 10, 0.0);
INSERT INTO mainrows(id, symbol_id, self_count, cumulative_count, kids, self_calls, total_calls, self_paths, total_paths, pct) VALUES(2374, 2374, 6568, 6568, 4, 0, 1642, 40, 40, 0.0);
INSERT INTO mainrows(id, symbol_id, self_count, cumulative_count, kids, self_calls, total_calls, self_paths, total_paths, pct) VALUES(2375, 2375, 1888, 1888, 0, 0, 472, 10, 10, 0.0);
INSERT INTO mainrows(id, symbol_id, self_count, cumulative_count, kids, self_calls, total_calls, self_paths, total_paths, pct) VALUES(2376, 2376, 2248, 2248, 0, 0, 562, 10, 10, 0.0);
INSERT INTO mainrows(id, symbol_id, self_count, cumulative_count, kids, self_calls, total_calls, self_paths, total_paths, pct) VALUES(2377, 2377, 1168, 1168, 0, 0, 292, 10, 10, 0.0);
INSERT INTO mainrows(id, symbol_id, self_count, cumulative_count, kids, self_calls, total_calls, self_paths, total_paths, pct) VALUES(2378, 2378, 1264, 1264, 0, 0, 316, 10, 10, 0.0);
INSERT INTO mainrows(id, symbol_id, self_count, cumulative_count, kids, self_calls, total_calls, self_paths, total_paths, pct) VALUES(2379, 2379, 6568, 6568, 4, 0, 1642, 40, 40, 0.0);
INSERT INTO mainrows(id, symbol_id, self_count, cumulative_count, kids, self_calls, total_calls, self_paths, total_paths, pct) VALUES(2380, 2380, 1888, 1888, 0, 0, 472, 10, 10, 0.0);
INSERT INTO mainrows(id, symbol_id, self_count, cumulative_count, kids, self_calls, total_calls, self_paths, total_paths, pct) VALUES(2381, 2381, 2248, 2248, 0, 0, 562, 10, 10, 0.0);
INSERT INTO mainrows(id, symbol_id, self_count, cumulative_count, kids, self_calls, total_calls, self_paths, total_paths, pct) VALUES(2382, 2382, 1168, 1168, 0, 0, 292, 10, 10, 0.0);
INSERT INTO mainrows(id, symbol_id, self_count, cumulative_count, kids, self_calls, total_calls, self_paths, total_paths, pct) VALUES(2383, 2383, 1264, 1264, 0, 0, 316, 10, 10, 0.0);
INSERT INTO mainrows(id, symbol_id, self_count, cumulative_count, kids, self_calls, total_calls, self_paths, total_paths, pct) VALUES(2384, 2384, 7448, 7448, 4, 0, 1862, 50, 50, 0.0);
INSERT INTO mainrows(id, symbol_id, self_count, cumulative_count, kids, self_calls, total_calls, self_paths, total_paths, pct) VALUES(2385, 2385, 1888, 1888, 0, 0, 472, 10, 10, 0.0);
INSERT INTO mainrows(id, symbol_id, self_count, cumulative_count, kids, self_calls, total_calls, self_paths, total_paths, pct) VALUES(2386, 2386, 2248, 2248, 0, 0, 562, 10, 10, 0.0);
INSERT INTO mainrows(id, symbol_id, self_count, cumulative_count, kids, self_calls, total_calls, self_paths, total_paths, pct) VALUES(2387, 2387, 1168, 1168, 0, 0, 292, 10, 10, 0.0);
INSERT INTO mainrows(id, symbol_id, self_count, cumulative_count, kids, self_calls, total_calls, self_paths, total_paths, pct) VALUES(2388, 2388, 2144, 2144, 0, 0, 536, 20, 20, 0.0);
INSERT INTO mainrows(id, symbol_id, self_count, cumulative_count, kids, self_calls, total_calls, self_paths, total_paths, pct) VALUES(2389, 2389, 6568, 6568, 4, 0, 1642, 40, 40, 0.0);
INSERT INTO mainrows(id, symbol_id, self_count, cumulative_count, kids, self_calls, total_calls, self_paths, total_paths, pct) VALUES(2390, 2390, 1888, 1888, 0, 0, 472, 10, 10, 0.0);
INSERT INTO mainrows(id, symbol_id, self_count, cumulative_count, kids, self_calls, total_calls, self_paths, total_paths, pct) VALUES(2391, 2391, 2248, 2248, 0, 0, 562, 10, 10, 0.0);
INSERT INTO mainrows(id, symbol_id, self_count, cumulative_count, kids, self_calls, total_calls, self_paths, total_paths, pct) VALUES(2392, 2392, 1168, 1168, 0, 0, 292, 10, 10, 0.0);
INSERT INTO mainrows(id, symbol_id, self_count, cumulative_count, kids, self_calls, total_calls, self_paths, total_paths, pct) VALUES(2393, 2393, 1264, 1264, 0, 0, 316, 10, 10, 0.0);
INSERT INTO mainrows(id, symbol_id, self_count, cumulative_count, kids, self_calls, total_calls, self_paths, total_paths, pct) VALUES(2394, 2394, 6568, 6568, 4, 0, 1642, 40, 40, 0.0);
INSERT INTO mainrows(id, symbol_id, self_count, cumulative_count, kids, self_calls, total_calls, self_paths, total_paths, pct) VALUES(2395, 2395, 1888, 1888, 0, 0, 472, 10, 10, 0.0);
INSERT INTO mainrows(id, symbol_id, self_count, cumulative_count, kids, self_calls, total_calls, self_paths, total_paths, pct) VALUES(2396, 2396, 2248, 2248, 0, 0, 562, 10, 10, 0.0);
INSERT INTO mainrows(id, symbol_id, self_count, cumulative_count, kids, self_calls, total_calls, self_paths, total_paths, pct) VALUES(2397, 2397, 1168, 1168, 0, 0, 292, 10, 10, 0.0);
INSERT INTO mainrows(id, symbol_id, self_count, cumulative_count, kids, self_calls, total_calls, self_paths, total_paths, pct) VALUES(2398, 2398, 1264, 1264, 0, 0, 316, 10, 10, 0.0);
INSERT INTO mainrows(id, symbol_id, self_count, cumulative_count, kids, self_calls, total_calls, self_paths, total_paths, pct) VALUES(2399, 2399, 6568, 6568, 4, 0, 1642, 40, 40, 0.0);
INSERT INTO mainrows(id, symbol_id, self_count, cumulative_count, kids, self_calls, total_calls, self_paths, total_paths, pct) VALUES(2400, 2400, 1888, 1888, 0, 0, 472, 10, 10, 0.0);
INSERT INTO mainrows(id, symbol_id, self_count, cumulative_count, kids, self_calls, total_calls, self_paths, total_paths, pct) VALUES(2401, 2401, 2248, 2248, 0, 0, 562, 10, 10, 0.0);
INSERT INTO mainrows(id, symbol_id, self_count, cumulative_count, kids, self_calls, total_calls, self_paths, total_paths, pct) VALUES(2402, 2402, 1168, 1168, 0, 0, 292, 10, 10, 0.0);
INSERT INTO mainrows(id, symbol_id, self_count, cumulative_count, kids, self_calls, total_calls, self_paths, total_paths, pct) VALUES(2403, 2403, 1264, 1264, 0, 0, 316, 10, 10, 0.0);
INSERT INTO mainrows(id, symbol_id, self_count, cumulative_count, kids, self_calls, total_calls, self_paths, total_paths, pct) VALUES(2404, 2404, 6472, 6472, 4, 0, 1618, 40, 40, 0.0);
INSERT INTO mainrows(id, symbol_id, self_count, cumulative_count, kids, self_calls, total_calls, self_paths, total_paths, pct) VALUES(2405, 2405, 1888, 1888, 0, 0, 472, 10, 10, 0.0);
INSERT INTO mainrows(id, symbol_id, self_count, cumulative_count, kids, self_calls, total_calls, self_paths, total_paths, pct) VALUES(2406, 2406, 2248, 2248, 0, 0, 562, 10, 10, 0.0);
INSERT INTO mainrows(id, symbol_id, self_count, cumulative_count, kids, self_calls, total_calls, self_paths, total_paths, pct) VALUES(2407, 2407, 1168, 1168, 0, 0, 292, 10, 10, 0.0);
INSERT INTO mainrows(id, symbol_id, self_count, cumulative_count, kids, self_calls, total_calls, self_paths, total_paths, pct) VALUES(2408, 2408, 1168, 1168, 0, 0, 292, 10, 10, 0.0);
INSERT INTO mainrows(id, symbol_id, self_count, cumulative_count, kids, self_calls, total_calls, self_paths, total_paths, pct) VALUES(2409, 2409, 5936, 5936, 4, 6, 1484, 35, 35, 0.0);
INSERT INTO mainrows(id, symbol_id, self_count, cumulative_count, kids, self_calls, total_calls, self_paths, total_paths, pct) VALUES(2410, 2410, 1888, 1888, 0, 6, 472, 10, 10, 0.0);
INSERT INTO mainrows(id, symbol_id, self_count, cumulative_count, kids, self_calls, total_calls, self_paths, total_paths, pct) VALUES(2411, 2411, 2248, 2248, 0, 0, 562, 10, 10, 0.0);
INSERT INTO mainrows(id, symbol_id, self_count, cumulative_count, kids, self_calls, total_calls, self_paths, total_paths, pct) VALUES(2412, 2412, 1168, 1168, 0, 0, 292, 10, 10, 0.0);
INSERT INTO mainrows(id, symbol_id, self_count, cumulative_count, kids, self_calls, total_calls, self_paths, total_paths, pct) VALUES(2413, 2413, 632, 632, 0, 0, 158, 5, 5, 0.0);
INSERT INTO mainrows(id, symbol_id, self_count, cumulative_count, kids, self_calls, total_calls, self_paths, total_paths, pct) VALUES(2414, 2414, 151872, 151872, 13, 17083, 37968, 492, 492, 0.0);
INSERT INTO mainrows(id, symbol_id, self_count, cumulative_count, kids, self_calls, total_calls, self_paths, total_paths, pct) VALUES(2415, 2415, 73440, 73440, 0, 17076, 18360, 12, 12, 0.0);
INSERT INTO mainrows(id, symbol_id, self_count, cumulative_count, kids, self_calls, total_calls, self_paths, total_paths, pct) VALUES(2416, 2416, 6568, 6568, 4, 0, 1642, 40, 40, 0.0);
INSERT INTO mainrows(id, symbol_id, self_count, cumulative_count, kids, self_calls, total_calls, self_paths, total_paths, pct) VALUES(2417, 2417, 1888, 1888, 0, 0, 472, 10, 10, 0.0);
INSERT INTO mainrows(id, symbol_id, self_count, cumulative_count, kids, self_calls, total_calls, self_paths, total_paths, pct) VALUES(2418, 2418, 2248, 2248, 0, 0, 562, 10, 10, 0.0);
INSERT INTO mainrows(id, symbol_id, self_count, cumulative_count, kids, self_calls, total_calls, self_paths, total_paths, pct) VALUES(2419, 2419, 1168, 1168, 0, 0, 292, 10, 10, 0.0);
INSERT INTO mainrows(id, symbol_id, self_count, cumulative_count, kids, self_calls, total_calls, self_paths, total_paths, pct) VALUES(2420, 2420, 1264, 1264, 0, 0, 316, 10, 10, 0.0);
INSERT INTO mainrows(id, symbol_id, self_count, cumulative_count, kids, self_calls, total_calls, self_paths, total_paths, pct) VALUES(2421, 2421, 6760, 6760, 4, 0, 1690, 40, 40, 0.0);
INSERT INTO mainrows(id, symbol_id, self_count, cumulative_count, kids, self_calls, total_calls, self_paths, total_paths, pct) VALUES(2422, 2422, 1888, 1888, 0, 0, 472, 10, 10, 0.0);
INSERT INTO mainrows(id, symbol_id, self_count, cumulative_count, kids, self_calls, total_calls, self_paths, total_paths, pct) VALUES(2423, 2423, 2248, 2248, 0, 0, 562, 10, 10, 0.0);
INSERT INTO mainrows(id, symbol_id, self_count, cumulative_count, kids, self_calls, total_calls, self_paths, total_paths, pct) VALUES(2424, 2424, 1168, 1168, 0, 0, 292, 10, 10, 0.0);
INSERT INTO mainrows(id, symbol_id, self_count, cumulative_count, kids, self_calls, total_calls, self_paths, total_paths, pct) VALUES(2425, 2425, 1456, 1456, 0, 0, 364, 10, 10, 0.0);
INSERT INTO mainrows(id, symbol_id, self_count, cumulative_count, kids, self_calls, total_calls, self_paths, total_paths, pct) VALUES(2426, 2426, 5936, 5936, 4, 0, 1484, 35, 35, 0.0);
INSERT INTO mainrows(id, symbol_id, self_count, cumulative_count, kids, self_calls, total_calls, self_paths, total_paths, pct) VALUES(2427, 2427, 1888, 1888, 0, 0, 472, 10, 10, 0.0);
INSERT INTO mainrows(id, symbol_id, self_count, cumulative_count, kids, self_calls, total_calls, self_paths, total_paths, pct) VALUES(2428, 2428, 2248, 2248, 0, 0, 562, 10, 10, 0.0);
INSERT INTO mainrows(id, symbol_id, self_count, cumulative_count, kids, self_calls, total_calls, self_paths, total_paths, pct) VALUES(2429, 2429, 1168, 1168, 0, 0, 292, 10, 10, 0.0);
INSERT INTO mainrows(id, symbol_id, self_count, cumulative_count, kids, self_calls, total_calls, self_paths, total_paths, pct) VALUES(2430, 2430, 632, 632, 0, 0, 158, 5, 5, 0.0);
INSERT INTO mainrows(id, symbol_id, self_count, cumulative_count, kids, self_calls, total_calls, self_paths, total_paths, pct) VALUES(2431, 2431, 6472, 6472, 4, 7, 1618, 40, 40, 0.0);
INSERT INTO mainrows(id, symbol_id, self_count, cumulative_count, kids, self_calls, total_calls, self_paths, total_paths, pct) VALUES(2432, 2432, 1888, 1888, 0, 7, 472, 10, 10, 0.0);
INSERT INTO mainrows(id, symbol_id, self_count, cumulative_count, kids, self_calls, total_calls, self_paths, total_paths, pct) VALUES(2433, 2433, 2248, 2248, 0, 0, 562, 10, 10, 0.0);
INSERT INTO mainrows(id, symbol_id, self_count, cumulative_count, kids, self_calls, total_calls, self_paths, total_paths, pct) VALUES(2434, 2434, 1168, 1168, 0, 0, 292, 10, 10, 0.0);
INSERT INTO mainrows(id, symbol_id, self_count, cumulative_count, kids, self_calls, total_calls, self_paths, total_paths, pct) VALUES(2435, 2435, 1168, 1168, 0, 0, 292, 10, 10, 0.0);
INSERT INTO mainrows(id, symbol_id, self_count, cumulative_count, kids, self_calls, total_calls, self_paths, total_paths, pct) VALUES(2436, 2436, 6568, 6568, 4, 0, 1642, 40, 40, 0.0);
INSERT INTO mainrows(id, symbol_id, self_count, cumulative_count, kids, self_calls, total_calls, self_paths, total_paths, pct) VALUES(2437, 2437, 1888, 1888, 0, 0, 472, 10, 10, 0.0);
INSERT INTO mainrows(id, symbol_id, self_count, cumulative_count, kids, self_calls, total_calls, self_paths, total_paths, pct) VALUES(2438, 2438, 2248, 2248, 0, 0, 562, 10, 10, 0.0);
INSERT INTO mainrows(id, symbol_id, self_count, cumulative_count, kids, self_calls, total_calls, self_paths, total_paths, pct) VALUES(2439, 2439, 1168, 1168, 0, 0, 292, 10, 10, 0.0);
INSERT INTO mainrows(id, symbol_id, self_count, cumulative_count, kids, self_calls, total_calls, self_paths, total_paths, pct) VALUES(2440, 2440, 1264, 1264, 0, 0, 316, 10, 10, 0.0);
INSERT INTO mainrows(id, symbol_id, self_count, cumulative_count, kids, self_calls, total_calls, self_paths, total_paths, pct) VALUES(2441, 2441, 6568, 6568, 4, 0, 1642, 40, 40, 0.0);
INSERT INTO mainrows(id, symbol_id, self_count, cumulative_count, kids, self_calls, total_calls, self_paths, total_paths, pct) VALUES(2442, 2442, 1888, 1888, 0, 0, 472, 10, 10, 0.0);
INSERT INTO mainrows(id, symbol_id, self_count, cumulative_count, kids, self_calls, total_calls, self_paths, total_paths, pct) VALUES(2443, 2443, 2248, 2248, 0, 0, 562, 10, 10, 0.0);
INSERT INTO mainrows(id, symbol_id, self_count, cumulative_count, kids, self_calls, total_calls, self_paths, total_paths, pct) VALUES(2444, 2444, 1168, 1168, 0, 0, 292, 10, 10, 0.0);
INSERT INTO mainrows(id, symbol_id, self_count, cumulative_count, kids, self_calls, total_calls, self_paths, total_paths, pct) VALUES(2445, 2445, 1264, 1264, 0, 0, 316, 10, 10, 0.0);
INSERT INTO mainrows(id, symbol_id, self_count, cumulative_count, kids, self_calls, total_calls, self_paths, total_paths, pct) VALUES(2446, 2446, 7448, 7448, 4, 0, 1862, 50, 50, 0.0);
INSERT INTO mainrows(id, symbol_id, self_count, cumulative_count, kids, self_calls, total_calls, self_paths, total_paths, pct) VALUES(2447, 2447, 1888, 1888, 0, 0, 472, 10, 10, 0.0);
INSERT INTO mainrows(id, symbol_id, self_count, cumulative_count, kids, self_calls, total_calls, self_paths, total_paths, pct) VALUES(2448, 2448, 2248, 2248, 0, 0, 562, 10, 10, 0.0);
INSERT INTO mainrows(id, symbol_id, self_count, cumulative_count, kids, self_calls, total_calls, self_paths, total_paths, pct) VALUES(2449, 2449, 1168, 1168, 0, 0, 292, 10, 10, 0.0);
INSERT INTO mainrows(id, symbol_id, self_count, cumulative_count, kids, self_calls, total_calls, self_paths, total_paths, pct) VALUES(2450, 2450, 2144, 2144, 0, 0, 536, 20, 20, 0.0);
INSERT INTO mainrows(id, symbol_id, self_count, cumulative_count, kids, self_calls, total_calls, self_paths, total_paths, pct) VALUES(2451, 2451, 6568, 6568, 4, 0, 1642, 40, 40, 0.0);
INSERT INTO mainrows(id, symbol_id, self_count, cumulative_count, kids, self_calls, total_calls, self_paths, total_paths, pct) VALUES(2452, 2452, 1888, 1888, 0, 0, 472, 10, 10, 0.0);
INSERT INTO mainrows(id, symbol_id, self_count, cumulative_count, kids, self_calls, total_calls, self_paths, total_paths, pct) VALUES(2453, 2453, 2248, 2248, 0, 0, 562, 10, 10, 0.0);
INSERT INTO mainrows(id, symbol_id, self_count, cumulative_count, kids, self_calls, total_calls, self_paths, total_paths, pct) VALUES(2454, 2454, 1168, 1168, 0, 0, 292, 10, 10, 0.0);
INSERT INTO mainrows(id, symbol_id, self_count, cumulative_count, kids, self_calls, total_calls, self_paths, total_paths, pct) VALUES(2455, 2455, 1264, 1264, 0, 0, 316, 10, 10, 0.0);
INSERT INTO mainrows(id, symbol_id, self_count, cumulative_count, kids, self_calls, total_calls, self_paths, total_paths, pct) VALUES(2456, 2456, 6568, 6568, 4, 0, 1642, 40, 40, 0.0);
INSERT INTO mainrows(id, symbol_id, self_count, cumulative_count, kids, self_calls, total_calls, self_paths, total_paths, pct) VALUES(2457, 2457, 1888, 1888, 0, 0, 472, 10, 10, 0.0);
INSERT INTO mainrows(id, symbol_id, self_count, cumulative_count, kids, self_calls, total_calls, self_paths, total_paths, pct) VALUES(2458, 2458, 2248, 2248, 0, 0, 562, 10, 10, 0.0);
INSERT INTO mainrows(id, symbol_id, self_count, cumulative_count, kids, self_calls, total_calls, self_paths, total_paths, pct) VALUES(2459, 2459, 1168, 1168, 0, 0, 292, 10, 10, 0.0);
INSERT INTO mainrows(id, symbol_id, self_count, cumulative_count, kids, self_calls, total_calls, self_paths, total_paths, pct) VALUES(2460, 2460, 1264, 1264, 0, 0, 316, 10, 10, 0.0);
INSERT INTO mainrows(id, symbol_id, self_count, cumulative_count, kids, self_calls, total_calls, self_paths, total_paths, pct) VALUES(2461, 2461, 6568, 6568, 4, 0, 1642, 40, 40, 0.0);
INSERT INTO mainrows(id, symbol_id, self_count, cumulative_count, kids, self_calls, total_calls, self_paths, total_paths, pct) VALUES(2462, 2462, 1888, 1888, 0, 0, 472, 10, 10, 0.0);
INSERT INTO mainrows(id, symbol_id, self_count, cumulative_count, kids, self_calls, total_calls, self_paths, total_paths, pct) VALUES(2463, 2463, 2248, 2248, 0, 0, 562, 10, 10, 0.0);
INSERT INTO mainrows(id, symbol_id, self_count, cumulative_count, kids, self_calls, total_calls, self_paths, total_paths, pct) VALUES(2464, 2464, 1168, 1168, 0, 0, 292, 10, 10, 0.0);
INSERT INTO mainrows(id, symbol_id, self_count, cumulative_count, kids, self_calls, total_calls, self_paths, total_paths, pct) VALUES(2465, 2465, 1264, 1264, 0, 0, 316, 10, 10, 0.0);
INSERT INTO mainrows(id, symbol_id, self_count, cumulative_count, kids, self_calls, total_calls, self_paths, total_paths, pct) VALUES(2466, 2466, 6472, 6472, 4, 0, 1618, 40, 40, 0.0);
INSERT INTO mainrows(id, symbol_id, self_count, cumulative_count, kids, self_calls, total_calls, self_paths, total_paths, pct) VALUES(2467, 2467, 1888, 1888, 0, 0, 472, 10, 10, 0.0);
INSERT INTO mainrows(id, symbol_id, self_count, cumulative_count, kids, self_calls, total_calls, self_paths, total_paths, pct) VALUES(2468, 2468, 2248, 2248, 0, 0, 562, 10, 10, 0.0);
INSERT INTO mainrows(id, symbol_id, self_count, cumulative_count, kids, self_calls, total_calls, self_paths, total_paths, pct) VALUES(2469, 2469, 1168, 1168, 0, 0, 292, 10, 10, 0.0);
INSERT INTO mainrows(id, symbol_id, self_count, cumulative_count, kids, self_calls, total_calls, self_paths, total_paths, pct) VALUES(2470, 2470, 1168, 1168, 0, 0, 292, 10, 10, 0.0);
INSERT INTO mainrows(id, symbol_id, self_count, cumulative_count, kids, self_calls, total_calls, self_paths, total_paths, pct) VALUES(2471, 2471, 5936, 5936, 4, 0, 1484, 35, 35, 0.0);
INSERT INTO mainrows(id, symbol_id, self_count, cumulative_count, kids, self_calls, total_calls, self_paths, total_paths, pct) VALUES(2472, 2472, 1888, 1888, 0, 0, 472, 10, 10, 0.0);
INSERT INTO mainrows(id, symbol_id, self_count, cumulative_count, kids, self_calls, total_calls, self_paths, total_paths, pct) VALUES(2473, 2473, 2248, 2248, 0, 0, 562, 10, 10, 0.0);
INSERT INTO mainrows(id, symbol_id, self_count, cumulative_count, kids, self_calls, total_calls, self_paths, total_paths, pct) VALUES(2474, 2474, 1168, 1168, 0, 0, 292, 10, 10, 0.0);
INSERT INTO mainrows(id, symbol_id, self_count, cumulative_count, kids, self_calls, total_calls, self_paths, total_paths, pct) VALUES(2475, 2475, 632, 632, 0, 0, 158, 5, 5, 0.0);
INSERT INTO mainrows(id, symbol_id, self_count, cumulative_count, kids, self_calls, total_calls, self_paths, total_paths, pct) VALUES(2476, 2476, 151584, 151584, 13, 17108, 37896, 492, 492, 0.0);
INSERT INTO mainrows(id, symbol_id, self_count, cumulative_count, kids, self_calls, total_calls, self_paths, total_paths, pct) VALUES(2477, 2477, 73440, 73440, 0, 17076, 18360, 12, 12, 0.0);
INSERT INTO mainrows(id, symbol_id, self_count, cumulative_count, kids, self_calls, total_calls, self_paths, total_paths, pct) VALUES(2478, 2478, 6544, 6544, 4, 27, 1636, 40, 40, 0.0);
INSERT INTO mainrows(id, symbol_id, self_count, cumulative_count, kids, self_calls, total_calls, self_paths, total_paths, pct) VALUES(2479, 2479, 1888, 1888, 0, 5, 472, 10, 10, 0.0);
INSERT INTO mainrows(id, symbol_id, self_count, cumulative_count, kids, self_calls, total_calls, self_paths, total_paths, pct) VALUES(2480, 2480, 2224, 2224, 0, 10, 556, 10, 10, 0.0);
INSERT INTO mainrows(id, symbol_id, self_count, cumulative_count, kids, self_calls, total_calls, self_paths, total_paths, pct) VALUES(2481, 2481, 1168, 1168, 0, 7, 292, 10, 10, 0.0);
INSERT INTO mainrows(id, symbol_id, self_count, cumulative_count, kids, self_calls, total_calls, self_paths, total_paths, pct) VALUES(2482, 2482, 1264, 1264, 0, 5, 316, 10, 10, 0.0);
INSERT INTO mainrows(id, symbol_id, self_count, cumulative_count, kids, self_calls, total_calls, self_paths, total_paths, pct) VALUES(2483, 2483, 6736, 6736, 4, 0, 1684, 40, 40, 0.0);
INSERT INTO mainrows(id, symbol_id, self_count, cumulative_count, kids, self_calls, total_calls, self_paths, total_paths, pct) VALUES(2484, 2484, 1888, 1888, 0, 0, 472, 10, 10, 0.0);
INSERT INTO mainrows(id, symbol_id, self_count, cumulative_count, kids, self_calls, total_calls, self_paths, total_paths, pct) VALUES(2485, 2485, 2224, 2224, 0, 0, 556, 10, 10, 0.0);
INSERT INTO mainrows(id, symbol_id, self_count, cumulative_count, kids, self_calls, total_calls, self_paths, total_paths, pct) VALUES(2486, 2486, 1168, 1168, 0, 0, 292, 10, 10, 0.0);
INSERT INTO mainrows(id, symbol_id, self_count, cumulative_count, kids, self_calls, total_calls, self_paths, total_paths, pct) VALUES(2487, 2487, 1456, 1456, 0, 0, 364, 10, 10, 0.0);
INSERT INTO mainrows(id, symbol_id, self_count, cumulative_count, kids, self_calls, total_calls, self_paths, total_paths, pct) VALUES(2488, 2488, 5912, 5912, 4, 0, 1478, 35, 35, 0.0);
INSERT INTO mainrows(id, symbol_id, self_count, cumulative_count, kids, self_calls, total_calls, self_paths, total_paths, pct) VALUES(2489, 2489, 1888, 1888, 0, 0, 472, 10, 10, 0.0);
INSERT INTO mainrows(id, symbol_id, self_count, cumulative_count, kids, self_calls, total_calls, self_paths, total_paths, pct) VALUES(2490, 2490, 2224, 2224, 0, 0, 556, 10, 10, 0.0);
INSERT INTO mainrows(id, symbol_id, self_count, cumulative_count, kids, self_calls, total_calls, self_paths, total_paths, pct) VALUES(2491, 2491, 1168, 1168, 0, 0, 292, 10, 10, 0.0);
INSERT INTO mainrows(id, symbol_id, self_count, cumulative_count, kids, self_calls, total_calls, self_paths, total_paths, pct) VALUES(2492, 2492, 632, 632, 0, 0, 158, 5, 5, 0.0);
INSERT INTO mainrows(id, symbol_id, self_count, cumulative_count, kids, self_calls, total_calls, self_paths, total_paths, pct) VALUES(2493, 2493, 6448, 6448, 4, 0, 1612, 40, 40, 0.0);
INSERT INTO mainrows(id, symbol_id, self_count, cumulative_count, kids, self_calls, total_calls, self_paths, total_paths, pct) VALUES(2494, 2494, 1888, 1888, 0, 0, 472, 10, 10, 0.0);
INSERT INTO mainrows(id, symbol_id, self_count, cumulative_count, kids, self_calls, total_calls, self_paths, total_paths, pct) VALUES(2495, 2495, 2224, 2224, 0, 0, 556, 10, 10, 0.0);
INSERT INTO mainrows(id, symbol_id, self_count, cumulative_count, kids, self_calls, total_calls, self_paths, total_paths, pct) VALUES(2496, 2496, 1168, 1168, 0, 0, 292, 10, 10, 0.0);
INSERT INTO mainrows(id, symbol_id, self_count, cumulative_count, kids, self_calls, total_calls, self_paths, total_paths, pct) VALUES(2497, 2497, 1168, 1168, 0, 0, 292, 10, 10, 0.0);
INSERT INTO mainrows(id, symbol_id, self_count, cumulative_count, kids, self_calls, total_calls, self_paths, total_paths, pct) VALUES(2498, 2498, 6544, 6544, 4, 0, 1636, 40, 40, 0.0);
INSERT INTO mainrows(id, symbol_id, self_count, cumulative_count, kids, self_calls, total_calls, self_paths, total_paths, pct) VALUES(2499, 2499, 1888, 1888, 0, 0, 472, 10, 10, 0.0);
INSERT INTO mainrows(id, symbol_id, self_count, cumulative_count, kids, self_calls, total_calls, self_paths, total_paths, pct) VALUES(2500, 2500, 2224, 2224, 0, 0, 556, 10, 10, 0.0);
INSERT INTO mainrows(id, symbol_id, self_count, cumulative_count, kids, self_calls, total_calls, self_paths, total_paths, pct) VALUES(2501, 2501, 1168, 1168, 0, 0, 292, 10, 10, 0.0);
INSERT INTO mainrows(id, symbol_id, self_count, cumulative_count, kids, self_calls, total_calls, self_paths, total_paths, pct) VALUES(2502, 2502, 1264, 1264, 0, 0, 316, 10, 10, 0.0);
INSERT INTO mainrows(id, symbol_id, self_count, cumulative_count, kids, self_calls, total_calls, self_paths, total_paths, pct) VALUES(2503, 2503, 6544, 6544, 4, 0, 1636, 40, 40, 0.0);
INSERT INTO mainrows(id, symbol_id, self_count, cumulative_count, kids, self_calls, total_calls, self_paths, total_paths, pct) VALUES(2504, 2504, 1888, 1888, 0, 0, 472, 10, 10, 0.0);
INSERT INTO mainrows(id, symbol_id, self_count, cumulative_count, kids, self_calls, total_calls, self_paths, total_paths, pct) VALUES(2505, 2505, 2224, 2224, 0, 0, 556, 10, 10, 0.0);
INSERT INTO mainrows(id, symbol_id, self_count, cumulative_count, kids, self_calls, total_calls, self_paths, total_paths, pct) VALUES(2506, 2506, 1168, 1168, 0, 0, 292, 10, 10, 0.0);
INSERT INTO mainrows(id, symbol_id, self_count, cumulative_count, kids, self_calls, total_calls, self_paths, total_paths, pct) VALUES(2507, 2507, 1264, 1264, 0, 0, 316, 10, 10, 0.0);
INSERT INTO mainrows(id, symbol_id, self_count, cumulative_count, kids, self_calls, total_calls, self_paths, total_paths, pct) VALUES(2508, 2508, 7424, 7424, 4, 5, 1856, 50, 50, 0.0);
INSERT INTO mainrows(id, symbol_id, self_count, cumulative_count, kids, self_calls, total_calls, self_paths, total_paths, pct) VALUES(2509, 2509, 1888, 1888, 0, 5, 472, 10, 10, 0.0);
INSERT INTO mainrows(id, symbol_id, self_count, cumulative_count, kids, self_calls, total_calls, self_paths, total_paths, pct) VALUES(2510, 2510, 2224, 2224, 0, 0, 556, 10, 10, 0.0);
INSERT INTO mainrows(id, symbol_id, self_count, cumulative_count, kids, self_calls, total_calls, self_paths, total_paths, pct) VALUES(2511, 2511, 1168, 1168, 0, 0, 292, 10, 10, 0.0);
INSERT INTO mainrows(id, symbol_id, self_count, cumulative_count, kids, self_calls, total_calls, self_paths, total_paths, pct) VALUES(2512, 2512, 2144, 2144, 0, 0, 536, 20, 20, 0.0);
INSERT INTO mainrows(id, symbol_id, self_count, cumulative_count, kids, self_calls, total_calls, self_paths, total_paths, pct) VALUES(2513, 2513, 6544, 6544, 4, 0, 1636, 40, 40, 0.0);
INSERT INTO mainrows(id, symbol_id, self_count, cumulative_count, kids, self_calls, total_calls, self_paths, total_paths, pct) VALUES(2514, 2514, 1888, 1888, 0, 0, 472, 10, 10, 0.0);
INSERT INTO mainrows(id, symbol_id, self_count, cumulative_count, kids, self_calls, total_calls, self_paths, total_paths, pct) VALUES(2515, 2515, 2224, 2224, 0, 0, 556, 10, 10, 0.0);
INSERT INTO mainrows(id, symbol_id, self_count, cumulative_count, kids, self_calls, total_calls, self_paths, total_paths, pct) VALUES(2516, 2516, 1168, 1168, 0, 0, 292, 10, 10, 0.0);
INSERT INTO mainrows(id, symbol_id, self_count, cumulative_count, kids, self_calls, total_calls, self_paths, total_paths, pct) VALUES(2517, 2517, 1264, 1264, 0, 0, 316, 10, 10, 0.0);
INSERT INTO mainrows(id, symbol_id, self_count, cumulative_count, kids, self_calls, total_calls, self_paths, total_paths, pct) VALUES(2518, 2518, 6544, 6544, 4, 0, 1636, 40, 40, 0.0);
INSERT INTO mainrows(id, symbol_id, self_count, cumulative_count, kids, self_calls, total_calls, self_paths, total_paths, pct) VALUES(2519, 2519, 1888, 1888, 0, 0, 472, 10, 10, 0.0);
INSERT INTO mainrows(id, symbol_id, self_count, cumulative_count, kids, self_calls, total_calls, self_paths, total_paths, pct) VALUES(2520, 2520, 2224, 2224, 0, 0, 556, 10, 10, 0.0);
INSERT INTO mainrows(id, symbol_id, self_count, cumulative_count, kids, self_calls, total_calls, self_paths, total_paths, pct) VALUES(2521, 2521, 1168, 1168, 0, 0, 292, 10, 10, 0.0);
INSERT INTO mainrows(id, symbol_id, self_count, cumulative_count, kids, self_calls, total_calls, self_paths, total_paths, pct) VALUES(2522, 2522, 1264, 1264, 0, 0, 316, 10, 10, 0.0);
INSERT INTO mainrows(id, symbol_id, self_count, cumulative_count, kids, self_calls, total_calls, self_paths, total_paths, pct) VALUES(2523, 2523, 6544, 6544, 4, 0, 1636, 40, 40, 0.0);
INSERT INTO mainrows(id, symbol_id, self_count, cumulative_count, kids, self_calls, total_calls, self_paths, total_paths, pct) VALUES(2524, 2524, 1888, 1888, 0, 0, 472, 10, 10, 0.0);
INSERT INTO mainrows(id, symbol_id, self_count, cumulative_count, kids, self_calls, total_calls, self_paths, total_paths, pct) VALUES(2525, 2525, 2224, 2224, 0, 0, 556, 10, 10, 0.0);
INSERT INTO mainrows(id, symbol_id, self_count, cumulative_count, kids, self_calls, total_calls, self_paths, total_paths, pct) VALUES(2526, 2526, 1168, 1168, 0, 0, 292, 10, 10, 0.0);
INSERT INTO mainrows(id, symbol_id, self_count, cumulative_count, kids, self_calls, total_calls, self_paths, total_paths, pct) VALUES(2527, 2527, 1264, 1264, 0, 0, 316, 10, 10, 0.0);
INSERT INTO mainrows(id, symbol_id, self_count, cumulative_count, kids, self_calls, total_calls, self_paths, total_paths, pct) VALUES(2528, 2528, 6448, 6448, 4, 0, 1612, 40, 40, 0.0);
INSERT INTO mainrows(id, symbol_id, self_count, cumulative_count, kids, self_calls, total_calls, self_paths, total_paths, pct) VALUES(2529, 2529, 1888, 1888, 0, 0, 472, 10, 10, 0.0);
INSERT INTO mainrows(id, symbol_id, self_count, cumulative_count, kids, self_calls, total_calls, self_paths, total_paths, pct) VALUES(2530, 2530, 2224, 2224, 0, 0, 556, 10, 10, 0.0);
INSERT INTO mainrows(id, symbol_id, self_count, cumulative_count, kids, self_calls, total_calls, self_paths, total_paths, pct) VALUES(2531, 2531, 1168, 1168, 0, 0, 292, 10, 10, 0.0);
INSERT INTO mainrows(id, symbol_id, self_count, cumulative_count, kids, self_calls, total_calls, self_paths, total_paths, pct) VALUES(2532, 2532, 1168, 1168, 0, 0, 292, 10, 10, 0.0);
INSERT INTO mainrows(id, symbol_id, self_count, cumulative_count, kids, self_calls, total_calls, self_paths, total_paths, pct) VALUES(2533, 2533, 5912, 5912, 4, 0, 1478, 35, 35, 0.0);
INSERT INTO mainrows(id, symbol_id, self_count, cumulative_count, kids, self_calls, total_calls, self_paths, total_paths, pct) VALUES(2534, 2534, 1888, 1888, 0, 0, 472, 10, 10, 0.0);
INSERT INTO mainrows(id, symbol_id, self_count, cumulative_count, kids, self_calls, total_calls, self_paths, total_paths, pct) VALUES(2535, 2535, 2224, 2224, 0, 0, 556, 10, 10, 0.0);
INSERT INTO mainrows(id, symbol_id, self_count, cumulative_count, kids, self_calls, total_calls, self_paths, total_paths, pct) VALUES(2536, 2536, 1168, 1168, 0, 0, 292, 10, 10, 0.0);
INSERT INTO mainrows(id, symbol_id, self_count, cumulative_count, kids, self_calls, total_calls, self_paths, total_paths, pct) VALUES(2537, 2537, 632, 632, 0, 0, 158, 5, 5, 0.0);
INSERT INTO mainrows(id, symbol_id, self_count, cumulative_count, kids, self_calls, total_calls, self_paths, total_paths, pct) VALUES(2538, 2538, 202176, 202176, 3, 19464, 50544, 1092, 1092, 0.0);
INSERT INTO mainrows(id, symbol_id, self_count, cumulative_count, kids, self_calls, total_calls, self_paths, total_paths, pct) VALUES(2539, 2539, 67392, 67392, 3, 6482, 16848, 364, 364, 0.0);
INSERT INTO mainrows(id, symbol_id, self_count, cumulative_count, kids, self_calls, total_calls, self_paths, total_paths, pct) VALUES(2540, 2540, 27648, 27648, 0, 6456, 6912, 4, 4, 0.0);
INSERT INTO mainrows(id, symbol_id, self_count, cumulative_count, kids, self_calls, total_calls, self_paths, total_paths, pct) VALUES(2541, 2541, 19872, 19872, 6, 26, 4968, 180, 180, 0.0);
INSERT INTO mainrows(id, symbol_id, self_count, cumulative_count, kids, self_calls, total_calls, self_paths, total_paths, pct) VALUES(2542, 2542, 3312, 3312, 0, 8, 828, 30, 30, 0.0);
INSERT INTO mainrows(id, symbol_id, self_count, cumulative_count, kids, self_calls, total_calls, self_paths, total_paths, pct) VALUES(2543, 2543, 3312, 3312, 0, 0, 828, 30, 30, 0.0);
INSERT INTO mainrows(id, symbol_id, self_count, cumulative_count, kids, self_calls, total_calls, self_paths, total_paths, pct) VALUES(2544, 2544, 3312, 3312, 0, 0, 828, 30, 30, 0.0);
INSERT INTO mainrows(id, symbol_id, self_count, cumulative_count, kids, self_calls, total_calls, self_paths, total_paths, pct) VALUES(2545, 2545, 3312, 3312, 0, 5, 828, 30, 30, 0.0);
INSERT INTO mainrows(id, symbol_id, self_count, cumulative_count, kids, self_calls, total_calls, self_paths, total_paths, pct) VALUES(2546, 2546, 3312, 3312, 0, 13, 828, 30, 30, 0.0);
INSERT INTO mainrows(id, symbol_id, self_count, cumulative_count, kids, self_calls, total_calls, self_paths, total_paths, pct) VALUES(2547, 2547, 3312, 3312, 0, 0, 828, 30, 30, 0.0);
INSERT INTO mainrows(id, symbol_id, self_count, cumulative_count, kids, self_calls, total_calls, self_paths, total_paths, pct) VALUES(2548, 2548, 19872, 19872, 6, 0, 4968, 180, 180, 0.0);
INSERT INTO mainrows(id, symbol_id, self_count, cumulative_count, kids, self_calls, total_calls, self_paths, total_paths, pct) VALUES(2549, 2549, 3312, 3312, 0, 0, 828, 30, 30, 0.0);
INSERT INTO mainrows(id, symbol_id, self_count, cumulative_count, kids, self_calls, total_calls, self_paths, total_paths, pct) VALUES(2550, 2550, 3312, 3312, 0, 0, 828, 30, 30, 0.0);
INSERT INTO mainrows(id, symbol_id, self_count, cumulative_count, kids, self_calls, total_calls, self_paths, total_paths, pct) VALUES(2551, 2551, 3312, 3312, 0, 0, 828, 30, 30, 0.0);
INSERT INTO mainrows(id, symbol_id, self_count, cumulative_count, kids, self_calls, total_calls, self_paths, total_paths, pct) VALUES(2552, 2552, 3312, 3312, 0, 0, 828, 30, 30, 0.0);
INSERT INTO mainrows(id, symbol_id, self_count, cumulative_count, kids, self_calls, total_calls, self_paths, total_paths, pct) VALUES(2553, 2553, 3312, 3312, 0, 0, 828, 30, 30, 0.0);
INSERT INTO mainrows(id, symbol_id, self_count, cumulative_count, kids, self_calls, total_calls, self_paths, total_paths, pct) VALUES(2554, 2554, 3312, 3312, 0, 0, 828, 30, 30, 0.0);
INSERT INTO mainrows(id, symbol_id, self_count, cumulative_count, kids, self_calls, total_calls, self_paths, total_paths, pct) VALUES(2555, 2555, 67392, 67392, 3, 6486, 16848, 364, 364, 0.0);
INSERT INTO mainrows(id, symbol_id, self_count, cumulative_count, kids, self_calls, total_calls, self_paths, total_paths, pct) VALUES(2556, 2556, 27648, 27648, 0, 6456, 6912, 4, 4, 0.0);
INSERT INTO mainrows(id, symbol_id, self_count, cumulative_count, kids, self_calls, total_calls, self_paths, total_paths, pct) VALUES(2557, 2557, 19872, 19872, 6, 15, 4968, 180, 180, 0.0);
INSERT INTO mainrows(id, symbol_id, self_count, cumulative_count, kids, self_calls, total_calls, self_paths, total_paths, pct) VALUES(2558, 2558, 3312, 3312, 0, 9, 828, 30, 30, 0.0);
INSERT INTO mainrows(id, symbol_id, self_count, cumulative_count, kids, self_calls, total_calls, self_paths, total_paths, pct) VALUES(2559, 2559, 3312, 3312, 0, 0, 828, 30, 30, 0.0);
INSERT INTO mainrows(id, symbol_id, self_count, cumulative_count, kids, self_calls, total_calls, self_paths, total_paths, pct) VALUES(2560, 2560, 3312, 3312, 0, 0, 828, 30, 30, 0.0);
INSERT INTO mainrows(id, symbol_id, self_count, cumulative_count, kids, self_calls, total_calls, self_paths, total_paths, pct) VALUES(2561, 2561, 3312, 3312, 0, 0, 828, 30, 30, 0.0);
INSERT INTO mainrows(id, symbol_id, self_count, cumulative_count, kids, self_calls, total_calls, self_paths, total_paths, pct) VALUES(2562, 2562, 3312, 3312, 0, 6, 828, 30, 30, 0.0);
INSERT INTO mainrows(id, symbol_id, self_count, cumulative_count, kids, self_calls, total_calls, self_paths, total_paths, pct) VALUES(2563, 2563, 3312, 3312, 0, 0, 828, 30, 30, 0.0);
INSERT INTO mainrows(id, symbol_id, self_count, cumulative_count, kids, self_calls, total_calls, self_paths, total_paths, pct) VALUES(2564, 2564, 19872, 19872, 6, 15, 4968, 180, 180, 0.0);
INSERT INTO mainrows(id, symbol_id, self_count, cumulative_count, kids, self_calls, total_calls, self_paths, total_paths, pct) VALUES(2565, 2565, 3312, 3312, 0, 5, 828, 30, 30, 0.0);
INSERT INTO mainrows(id, symbol_id, self_count, cumulative_count, kids, self_calls, total_calls, self_paths, total_paths, pct) VALUES(2566, 2566, 3312, 3312, 0, 5, 828, 30, 30, 0.0);
INSERT INTO mainrows(id, symbol_id, self_count, cumulative_count, kids, self_calls, total_calls, self_paths, total_paths, pct) VALUES(2567, 2567, 3312, 3312, 0, 5, 828, 30, 30, 0.0);
INSERT INTO mainrows(id, symbol_id, self_count, cumulative_count, kids, self_calls, total_calls, self_paths, total_paths, pct) VALUES(2568, 2568, 3312, 3312, 0, 0, 828, 30, 30, 0.0);
INSERT INTO mainrows(id, symbol_id, self_count, cumulative_count, kids, self_calls, total_calls, self_paths, total_paths, pct) VALUES(2569, 2569, 3312, 3312, 0, 0, 828, 30, 30, 0.0);
INSERT INTO mainrows(id, symbol_id, self_count, cumulative_count, kids, self_calls, total_calls, self_paths, total_paths, pct) VALUES(2570, 2570, 3312, 3312, 0, 0, 828, 30, 30, 0.0);
INSERT INTO mainrows(id, symbol_id, self_count, cumulative_count, kids, self_calls, total_calls, self_paths, total_paths, pct) VALUES(2571, 2571, 67392, 67392, 3, 6496, 16848, 364, 364, 0.0);
INSERT INTO mainrows(id, symbol_id, self_count, cumulative_count, kids, self_calls, total_calls, self_paths, total_paths, pct) VALUES(2572, 2572, 27648, 27648, 0, 6457, 6912, 4, 4, 0.0);
INSERT INTO mainrows(id, symbol_id, self_count, cumulative_count, kids, self_calls, total_calls, self_paths, total_paths, pct) VALUES(2573, 2573, 19872, 19872, 6, 23, 4968, 180, 180, 0.0);
INSERT INTO mainrows(id, symbol_id, self_count, cumulative_count, kids, self_calls, total_calls, self_paths, total_paths, pct) VALUES(2574, 2574, 3312, 3312, 0, 5, 828, 30, 30, 0.0);
INSERT INTO mainrows(id, symbol_id, self_count, cumulative_count, kids, self_calls, total_calls, self_paths, total_paths, pct) VALUES(2575, 2575, 3312, 3312, 0, 0, 828, 30, 30, 0.0);
INSERT INTO mainrows(id, symbol_id, self_count, cumulative_count, kids, self_calls, total_calls, self_paths, total_paths, pct) VALUES(2576, 2576, 3312, 3312, 0, 0, 828, 30, 30, 0.0);
INSERT INTO mainrows(id, symbol_id, self_count, cumulative_count, kids, self_calls, total_calls, self_paths, total_paths, pct) VALUES(2577, 2577, 3312, 3312, 0, 6, 828, 30, 30, 0.0);
INSERT INTO mainrows(id, symbol_id, self_count, cumulative_count, kids, self_calls, total_calls, self_paths, total_paths, pct) VALUES(2578, 2578, 3312, 3312, 0, 12, 828, 30, 30, 0.0);
INSERT INTO mainrows(id, symbol_id, self_count, cumulative_count, kids, self_calls, total_calls, self_paths, total_paths, pct) VALUES(2579, 2579, 3312, 3312, 0, 0, 828, 30, 30, 0.0);
INSERT INTO mainrows(id, symbol_id, self_count, cumulative_count, kids, self_calls, total_calls, self_paths, total_paths, pct) VALUES(2580, 2580, 19872, 19872, 6, 16, 4968, 180, 180, 0.0);
INSERT INTO mainrows(id, symbol_id, self_count, cumulative_count, kids, self_calls, total_calls, self_paths, total_paths, pct) VALUES(2581, 2581, 3312, 3312, 0, 11, 828, 30, 30, 0.0);
INSERT INTO mainrows(id, symbol_id, self_count, cumulative_count, kids, self_calls, total_calls, self_paths, total_paths, pct) VALUES(2582, 2582, 3312, 3312, 0, 5, 828, 30, 30, 0.0);
INSERT INTO mainrows(id, symbol_id, self_count, cumulative_count, kids, self_calls, total_calls, self_paths, total_paths, pct) VALUES(2583, 2583, 3312, 3312, 0, 0, 828, 30, 30, 0.0);
INSERT INTO mainrows(id, symbol_id, self_count, cumulative_count, kids, self_calls, total_calls, self_paths, total_paths, pct) VALUES(2584, 2584, 3312, 3312, 0, 0, 828, 30, 30, 0.0);
INSERT INTO mainrows(id, symbol_id, self_count, cumulative_count, kids, self_calls, total_calls, self_paths, total_paths, pct) VALUES(2585, 2585, 3312, 3312, 0, 0, 828, 30, 30, 0.0);
INSERT INTO mainrows(id, symbol_id, self_count, cumulative_count, kids, self_calls, total_calls, self_paths, total_paths, pct) VALUES(2586, 2586, 3312, 3312, 0, 0, 828, 30, 30, 0.0);
INSERT INTO mainrows(id, symbol_id, self_count, cumulative_count, kids, self_calls, total_calls, self_paths, total_paths, pct) VALUES(2587, 2587, 202176, 202176, 3, 19379, 50544, 1092, 1092, 0.0);
INSERT INTO mainrows(id, symbol_id, self_count, cumulative_count, kids, self_calls, total_calls, self_paths, total_paths, pct) VALUES(2588, 2588, 67392, 67392, 3, 6456, 16848, 364, 364, 0.0);
INSERT INTO mainrows(id, symbol_id, self_count, cumulative_count, kids, self_calls, total_calls, self_paths, total_paths, pct) VALUES(2589, 2589, 27648, 27648, 0, 6456, 6912, 4, 4, 0.0);
INSERT INTO mainrows(id, symbol_id, self_count, cumulative_count, kids, self_calls, total_calls, self_paths, total_paths, pct) VALUES(2590, 2590, 19872, 19872, 6, 0, 4968, 180, 180, 0.0);
INSERT INTO mainrows(id, symbol_id, self_count, cumulative_count, kids, self_calls, total_calls, self_paths, total_paths, pct) VALUES(2591, 2591, 3312, 3312, 0, 0, 828, 30, 30, 0.0);
INSERT INTO mainrows(id, symbol_id, self_count, cumulative_count, kids, self_calls, total_calls, self_paths, total_paths, pct) VALUES(2592, 2592, 3312, 3312, 0, 0, 828, 30, 30, 0.0);
INSERT INTO mainrows(id, symbol_id, self_count, cumulative_count, kids, self_calls, total_calls, self_paths, total_paths, pct) VALUES(2593, 2593, 3312, 3312, 0, 0, 828, 30, 30, 0.0);
INSERT INTO mainrows(id, symbol_id, self_count, cumulative_count, kids, self_calls, total_calls, self_paths, total_paths, pct) VALUES(2594, 2594, 3312, 3312, 0, 0, 828, 30, 30, 0.0);
INSERT INTO mainrows(id, symbol_id, self_count, cumulative_count, kids, self_calls, total_calls, self_paths, total_paths, pct) VALUES(2595, 2595, 3312, 3312, 0, 0, 828, 30, 30, 0.0);
INSERT INTO mainrows(id, symbol_id, self_count, cumulative_count, kids, self_calls, total_calls, self_paths, total_paths, pct) VALUES(2596, 2596, 3312, 3312, 0, 0, 828, 30, 30, 0.0);
INSERT INTO mainrows(id, symbol_id, self_count, cumulative_count, kids, self_calls, total_calls, self_paths, total_paths, pct) VALUES(2597, 2597, 19872, 19872, 6, 0, 4968, 180, 180, 0.0);
INSERT INTO mainrows(id, symbol_id, self_count, cumulative_count, kids, self_calls, total_calls, self_paths, total_paths, pct) VALUES(2598, 2598, 3312, 3312, 0, 0, 828, 30, 30, 0.0);
INSERT INTO mainrows(id, symbol_id, self_count, cumulative_count, kids, self_calls, total_calls, self_paths, total_paths, pct) VALUES(2599, 2599, 3312, 3312, 0, 0, 828, 30, 30, 0.0);
INSERT INTO mainrows(id, symbol_id, self_count, cumulative_count, kids, self_calls, total_calls, self_paths, total_paths, pct) VALUES(2600, 2600, 3312, 3312, 0, 0, 828, 30, 30, 0.0);
INSERT INTO mainrows(id, symbol_id, self_count, cumulative_count, kids, self_calls, total_calls, self_paths, total_paths, pct) VALUES(2601, 2601, 3312, 3312, 0, 0, 828, 30, 30, 0.0);
INSERT INTO mainrows(id, symbol_id, self_count, cumulative_count, kids, self_calls, total_calls, self_paths, total_paths, pct) VALUES(2602, 2602, 3312, 3312, 0, 0, 828, 30, 30, 0.0);
INSERT INTO mainrows(id, symbol_id, self_count, cumulative_count, kids, self_calls, total_calls, self_paths, total_paths, pct) VALUES(2603, 2603, 3312, 3312, 0, 0, 828, 30, 30, 0.0);
INSERT INTO mainrows(id, symbol_id, self_count, cumulative_count, kids, self_calls, total_calls, self_paths, total_paths, pct) VALUES(2604, 2604, 67392, 67392, 3, 6461, 16848, 364, 364, 0.0);
INSERT INTO mainrows(id, symbol_id, self_count, cumulative_count, kids, self_calls, total_calls, self_paths, total_paths, pct) VALUES(2605, 2605, 27648, 27648, 0, 6456, 6912, 4, 4, 0.0);
INSERT INTO mainrows(id, symbol_id, self_count, cumulative_count, kids, self_calls, total_calls, self_paths, total_paths, pct) VALUES(2606, 2606, 19872, 19872, 6, 0, 4968, 180, 180, 0.0);
INSERT INTO mainrows(id, symbol_id, self_count, cumulative_count, kids, self_calls, total_calls, self_paths, total_paths, pct) VALUES(2607, 2607, 3312, 3312, 0, 0, 828, 30, 30, 0.0);
INSERT INTO mainrows(id, symbol_id, self_count, cumulative_count, kids, self_calls, total_calls, self_paths, total_paths, pct) VALUES(2608, 2608, 3312, 3312, 0, 0, 828, 30, 30, 0.0);
INSERT INTO mainrows(id, symbol_id, self_count, cumulative_count, kids, self_calls, total_calls, self_paths, total_paths, pct) VALUES(2609, 2609, 3312, 3312, 0, 0, 828, 30, 30, 0.0);
INSERT INTO mainrows(id, symbol_id, self_count, cumulative_count, kids, self_calls, total_calls, self_paths, total_paths, pct) VALUES(2610, 2610, 3312, 3312, 0, 0, 828, 30, 30, 0.0);
INSERT INTO mainrows(id, symbol_id, self_count, cumulative_count, kids, self_calls, total_calls, self_paths, total_paths, pct) VALUES(2611, 2611, 3312, 3312, 0, 0, 828, 30, 30, 0.0);
INSERT INTO mainrows(id, symbol_id, self_count, cumulative_count, kids, self_calls, total_calls, self_paths, total_paths, pct) VALUES(2612, 2612, 3312, 3312, 0, 0, 828, 30, 30, 0.0);
INSERT INTO mainrows(id, symbol_id, self_count, cumulative_count, kids, self_calls, total_calls, self_paths, total_paths, pct) VALUES(2613, 2613, 19872, 19872, 6, 5, 4968, 180, 180, 0.0);
INSERT INTO mainrows(id, symbol_id, self_count, cumulative_count, kids, self_calls, total_calls, self_paths, total_paths, pct) VALUES(2614, 2614, 3312, 3312, 0, 0, 828, 30, 30, 0.0);
INSERT INTO mainrows(id, symbol_id, self_count, cumulative_count, kids, self_calls, total_calls, self_paths, total_paths, pct) VALUES(2615, 2615, 3312, 3312, 0, 0, 828, 30, 30, 0.0);
INSERT INTO mainrows(id, symbol_id, self_count, cumulative_count, kids, self_calls, total_calls, self_paths, total_paths, pct) VALUES(2616, 2616, 3312, 3312, 0, 0, 828, 30, 30, 0.0);
INSERT INTO mainrows(id, symbol_id, self_count, cumulative_count, kids, self_calls, total_calls, self_paths, total_paths, pct) VALUES(2617, 2617, 3312, 3312, 0, 0, 828, 30, 30, 0.0);
INSERT INTO mainrows(id, symbol_id, self_count, cumulative_count, kids, self_calls, total_calls, self_paths, total_paths, pct) VALUES(2618, 2618, 3312, 3312, 0, 5, 828, 30, 30, 0.0);
INSERT INTO mainrows(id, symbol_id, self_count, cumulative_count, kids, self_calls, total_calls, self_paths, total_paths, pct) VALUES(2619, 2619, 3312, 3312, 0, 0, 828, 30, 30, 0.0);
INSERT INTO mainrows(id, symbol_id, self_count, cumulative_count, kids, self_calls, total_calls, self_paths, total_paths, pct) VALUES(2620, 2620, 67392, 67392, 3, 6462, 16848, 364, 364, 0.0);
INSERT INTO mainrows(id, symbol_id, self_count, cumulative_count, kids, self_calls, total_calls, self_paths, total_paths, pct) VALUES(2621, 2621, 27648, 27648, 0, 6456, 6912, 4, 4, 0.0);
INSERT INTO mainrows(id, symbol_id, self_count, cumulative_count, kids, self_calls, total_calls, self_paths, total_paths, pct) VALUES(2622, 2622, 19872, 19872, 6, 0, 4968, 180, 180, 0.0);
INSERT INTO mainrows(id, symbol_id, self_count, cumulative_count, kids, self_calls, total_calls, self_paths, total_paths, pct) VALUES(2623, 2623, 3312, 3312, 0, 0, 828, 30, 30, 0.0);
INSERT INTO mainrows(id, symbol_id, self_count, cumulative_count, kids, self_calls, total_calls, self_paths, total_paths, pct) VALUES(2624, 2624, 3312, 3312, 0, 0, 828, 30, 30, 0.0);
INSERT INTO mainrows(id, symbol_id, self_count, cumulative_count, kids, self_calls, total_calls, self_paths, total_paths, pct) VALUES(2625, 2625, 3312, 3312, 0, 0, 828, 30, 30, 0.0);
INSERT INTO mainrows(id, symbol_id, self_count, cumulative_count, kids, self_calls, total_calls, self_paths, total_paths, pct) VALUES(2626, 2626, 3312, 3312, 0, 0, 828, 30, 30, 0.0);
INSERT INTO mainrows(id, symbol_id, self_count, cumulative_count, kids, self_calls, total_calls, self_paths, total_paths, pct) VALUES(2627, 2627, 3312, 3312, 0, 0, 828, 30, 30, 0.0);
INSERT INTO mainrows(id, symbol_id, self_count, cumulative_count, kids, self_calls, total_calls, self_paths, total_paths, pct) VALUES(2628, 2628, 3312, 3312, 0, 0, 828, 30, 30, 0.0);
INSERT INTO mainrows(id, symbol_id, self_count, cumulative_count, kids, self_calls, total_calls, self_paths, total_paths, pct) VALUES(2629, 2629, 19872, 19872, 6, 6, 4968, 180, 180, 0.0);
INSERT INTO mainrows(id, symbol_id, self_count, cumulative_count, kids, self_calls, total_calls, self_paths, total_paths, pct) VALUES(2630, 2630, 3312, 3312, 0, 0, 828, 30, 30, 0.0);
INSERT INTO mainrows(id, symbol_id, self_count, cumulative_count, kids, self_calls, total_calls, self_paths, total_paths, pct) VALUES(2631, 2631, 3312, 3312, 0, 0, 828, 30, 30, 0.0);
INSERT INTO mainrows(id, symbol_id, self_count, cumulative_count, kids, self_calls, total_calls, self_paths, total_paths, pct) VALUES(2632, 2632, 3312, 3312, 0, 0, 828, 30, 30, 0.0);
INSERT INTO mainrows(id, symbol_id, self_count, cumulative_count, kids, self_calls, total_calls, self_paths, total_paths, pct) VALUES(2633, 2633, 3312, 3312, 0, 0, 828, 30, 30, 0.0);
INSERT INTO mainrows(id, symbol_id, self_count, cumulative_count, kids, self_calls, total_calls, self_paths, total_paths, pct) VALUES(2634, 2634, 3312, 3312, 0, 6, 828, 30, 30, 0.0);
INSERT INTO mainrows(id, symbol_id, self_count, cumulative_count, kids, self_calls, total_calls, self_paths, total_paths, pct) VALUES(2635, 2635, 3312, 3312, 0, 0, 828, 30, 30, 0.0);
INSERT INTO mainrows(id, symbol_id, self_count, cumulative_count, kids, self_calls, total_calls, self_paths, total_paths, pct) VALUES(2636, 2636, 121884, 121884, 1, 20247, 30471, 250, 250, 0.0);
INSERT INTO mainrows(id, symbol_id, self_count, cumulative_count, kids, self_calls, total_calls, self_paths, total_paths, pct) VALUES(2637, 2637, 22372, 22372, 0, 366, 5593, 50, 50, 0.0);
INSERT INTO mainrows(id, symbol_id, self_count, cumulative_count, kids, self_calls, total_calls, self_paths, total_paths, pct) VALUES(2638, 2638, 924796, 924796, 16, 2870, 231199, 4787, 4787, 0.0);
INSERT INTO mainrows(id, symbol_id, self_count, cumulative_count, kids, self_calls, total_calls, self_paths, total_paths, pct) VALUES(2639, 2639, 7632, 7632, 0, 52, 1908, 63, 63, 0.0);
INSERT INTO mainrows(id, symbol_id, self_count, cumulative_count, kids, self_calls, total_calls, self_paths, total_paths, pct) VALUES(2640, 2640, 240, 240, 0, 29, 60, 10, 10, 0.0);
INSERT INTO mainrows(id, symbol_id, self_count, cumulative_count, kids, self_calls, total_calls, self_paths, total_paths, pct) VALUES(2641, 2641, 952, 952, 0, 0, 238, 2, 2, 0.0);
INSERT INTO mainrows(id, symbol_id, self_count, cumulative_count, kids, self_calls, total_calls, self_paths, total_paths, pct) VALUES(2642, 2642, 952, 952, 0, 2, 238, 2, 2, 0.0);
INSERT INTO mainrows(id, symbol_id, self_count, cumulative_count, kids, self_calls, total_calls, self_paths, total_paths, pct) VALUES(2643, 2643, 952, 952, 0, 0, 238, 2, 2, 0.0);
INSERT INTO mainrows(id, symbol_id, self_count, cumulative_count, kids, self_calls, total_calls, self_paths, total_paths, pct) VALUES(2644, 2644, 952, 952, 0, 0, 238, 2, 2, 0.0);
INSERT INTO mainrows(id, symbol_id, self_count, cumulative_count, kids, self_calls, total_calls, self_paths, total_paths, pct) VALUES(2645, 2645, 952, 952, 0, 6, 238, 2, 2, 0.0);
INSERT INTO mainrows(id, symbol_id, self_count, cumulative_count, kids, self_calls, total_calls, self_paths, total_paths, pct) VALUES(2646, 2646, 952, 952, 0, 6, 238, 2, 2, 0.0);
INSERT INTO mainrows(id, symbol_id, self_count, cumulative_count, kids, self_calls, total_calls, self_paths, total_paths, pct) VALUES(2647, 2647, 952, 952, 0, 0, 238, 2, 2, 0.0);
INSERT INTO mainrows(id, symbol_id, self_count, cumulative_count, kids, self_calls, total_calls, self_paths, total_paths, pct) VALUES(2648, 2648, 952, 952, 0, 0, 238, 2, 2, 0.0);
INSERT INTO mainrows(id, symbol_id, self_count, cumulative_count, kids, self_calls, total_calls, self_paths, total_paths, pct) VALUES(2649, 2649, 891408, 891408, 1, 93, 222852, 4668, 4668, 0.0);
INSERT INTO mainrows(id, symbol_id, self_count, cumulative_count, kids, self_calls, total_calls, self_paths, total_paths, pct) VALUES(2650, 2650, 14544, 14544, 2, 28, 3636, 36, 36, 0.0);
INSERT INTO mainrows(id, symbol_id, self_count, cumulative_count, kids, self_calls, total_calls, self_paths, total_paths, pct) VALUES(2651, 2651, 7272, 7272, 0, 16, 1818, 18, 18, 0.0);
INSERT INTO mainrows(id, symbol_id, self_count, cumulative_count, kids, self_calls, total_calls, self_paths, total_paths, pct) VALUES(2652, 2652, 7272, 7272, 0, 12, 1818, 18, 18, 0.0);
INSERT INTO mainrows(id, symbol_id, self_count, cumulative_count, kids, self_calls, total_calls, self_paths, total_paths, pct) VALUES(2653, 2653, 904, 904, 0, 11, 226, 2, 2, 0.0);
INSERT INTO mainrows(id, symbol_id, self_count, cumulative_count, kids, self_calls, total_calls, self_paths, total_paths, pct) VALUES(2654, 2654, 904, 904, 0, 0, 226, 2, 2, 0.0);
INSERT INTO mainrows(id, symbol_id, self_count, cumulative_count, kids, self_calls, total_calls, self_paths, total_paths, pct) VALUES(2655, 2655, 904, 904, 0, 4, 226, 2, 2, 0.0);
INSERT INTO mainrows(id, symbol_id, self_count, cumulative_count, kids, self_calls, total_calls, self_paths, total_paths, pct) VALUES(2656, 2656, 904, 904, 0, 0, 226, 2, 2, 0.0);
INSERT INTO mainrows(id, symbol_id, self_count, cumulative_count, kids, self_calls, total_calls, self_paths, total_paths, pct) VALUES(2657, 2657, 904, 904, 0, 6, 226, 2, 2, 0.0);
INSERT INTO parents(self_id, child_id, to_child_count, to_child_calls, to_child_paths, pct) VALUES(10,1807,0,0,0,0);
INSERT INTO parents(self_id, child_id, to_child_count, to_child_calls, to_child_paths, pct) VALUES(1807,1808,4,1,1,0);
INSERT INTO parents(self_id, child_id, to_child_count, to_child_calls, to_child_paths, pct) VALUES(1808,1809,0,0,0,0);
INSERT INTO parents(self_id, child_id, to_child_count, to_child_calls, to_child_paths, pct) VALUES(1809,1810,0,0,0,0);
INSERT INTO parents(self_id, child_id, to_child_count, to_child_calls, to_child_paths, pct) VALUES(1810,1811,73440,18360,12,0);
INSERT INTO parents(self_id, child_id, to_child_count, to_child_calls, to_child_paths, pct) VALUES(1810,1812,0,0,0,0);
INSERT INTO parents(self_id, child_id, to_child_count, to_child_calls, to_child_paths, pct) VALUES(1812,1813,1888,472,10,0);
INSERT INTO parents(self_id, child_id, to_child_count, to_child_calls, to_child_paths, pct) VALUES(1812,1814,2248,562,10,0);
INSERT INTO parents(self_id, child_id, to_child_count, to_child_calls, to_child_paths, pct) VALUES(1812,1815,1168,292,10,0);
INSERT INTO parents(self_id, child_id, to_child_count, to_child_calls, to_child_paths, pct) VALUES(1812,1816,1264,316,10,0);
INSERT INTO parents(self_id, child_id, to_child_count, to_child_calls, to_child_paths, pct) VALUES(1810,1817,0,0,0,0);
INSERT INTO parents(self_id, child_id, to_child_count, to_child_calls, to_child_paths, pct) VALUES(1817,1818,1888,472,10,0);
INSERT INTO parents(self_id, child_id, to_child_count, to_child_calls, to_child_paths, pct) VALUES(1817,1819,2248,562,10,0);
INSERT INTO parents(self_id, child_id, to_child_count, to_child_calls, to_child_paths, pct) VALUES(1817,1820,1168,292,10,0);
INSERT INTO parents(self_id, child_id, to_child_count, to_child_calls, to_child_paths, pct) VALUES(1817,1821,1456,364,10,0);
INSERT INTO parents(self_id, child_id, to_child_count, to_child_calls, to_child_paths, pct) VALUES(1810,1822,0,0,0,0);
INSERT INTO parents(self_id, child_id, to_child_count, to_child_calls, to_child_paths, pct) VALUES(1822,1823,1888,472,10,0);
INSERT INTO parents(self_id, child_id, to_child_count, to_child_calls, to_child_paths, pct) VALUES(1822,1824,2248,562,10,0);
INSERT INTO parents(self_id, child_id, to_child_count, to_child_calls, to_child_paths, pct) VALUES(1822,1825,1168,292,10,0);
INSERT INTO parents(self_id, child_id, to_child_count, to_child_calls, to_child_paths, pct) VALUES(1822,1826,632,158,5,0);
INSERT INTO parents(self_id, child_id, to_child_count, to_child_calls, to_child_paths, pct) VALUES(1810,1827,0,0,0,0);
INSERT INTO parents(self_id, child_id, to_child_count, to_child_calls, to_child_paths, pct) VALUES(1827,1828,1888,472,10,0);
INSERT INTO parents(self_id, child_id, to_child_count, to_child_calls, to_child_paths, pct) VALUES(1827,1829,2248,562,10,0);
INSERT INTO parents(self_id, child_id, to_child_count, to_child_calls, to_child_paths, pct) VALUES(1827,1830,1168,292,10,0);
INSERT INTO parents(self_id, child_id, to_child_count, to_child_calls, to_child_paths, pct) VALUES(1827,1831,1168,292,10,0);
INSERT INTO parents(self_id, child_id, to_child_count, to_child_calls, to_child_paths, pct) VALUES(1810,1832,0,0,0,0);
INSERT INTO parents(self_id, child_id, to_child_count, to_child_calls, to_child_paths, pct) VALUES(1832,1833,1888,472,10,0);
INSERT INTO parents(self_id, child_id, to_child_count, to_child_calls, to_child_paths, pct) VALUES(1832,1834,2248,562,10,0);
INSERT INTO parents(self_id, child_id, to_child_count, to_child_calls, to_child_paths, pct) VALUES(1832,1835,1168,292,10,0);
INSERT INTO parents(self_id, child_id, to_child_count, to_child_calls, to_child_paths, pct) VALUES(1832,1836,1264,316,10,0);
INSERT INTO parents(self_id, child_id, to_child_count, to_child_calls, to_child_paths, pct) VALUES(1810,1837,0,0,0,0);
INSERT INTO parents(self_id, child_id, to_child_count, to_child_calls, to_child_paths, pct) VALUES(1837,1838,1888,472,10,0);
INSERT INTO parents(self_id, child_id, to_child_count, to_child_calls, to_child_paths, pct) VALUES(1837,1839,2248,562,10,0);
INSERT INTO parents(self_id, child_id, to_child_count, to_child_calls, to_child_paths, pct) VALUES(1837,1840,1168,292,10,0);
INSERT INTO parents(self_id, child_id, to_child_count, to_child_calls, to_child_paths, pct) VALUES(1837,1841,1264,316,10,0);
INSERT INTO parents(self_id, child_id, to_child_count, to_child_calls, to_child_paths, pct) VALUES(1810,1842,0,0,0,0);
INSERT INTO parents(self_id, child_id, to_child_count, to_child_calls, to_child_paths, pct) VALUES(1842,1843,1888,472,10,0);
INSERT INTO parents(self_id, child_id, to_child_count, to_child_calls, to_child_paths, pct) VALUES(1842,1844,2248,562,10,0);
INSERT INTO parents(self_id, child_id, to_child_count, to_child_calls, to_child_paths, pct) VALUES(1842,1845,1168,292,10,0);
INSERT INTO parents(self_id, child_id, to_child_count, to_child_calls, to_child_paths, pct) VALUES(1842,1846,2144,536,20,0);
INSERT INTO parents(self_id, child_id, to_child_count, to_child_calls, to_child_paths, pct) VALUES(1810,1847,0,0,0,0);
INSERT INTO parents(self_id, child_id, to_child_count, to_child_calls, to_child_paths, pct) VALUES(1847,1848,1888,472,10,0);
INSERT INTO parents(self_id, child_id, to_child_count, to_child_calls, to_child_paths, pct) VALUES(1847,1849,2248,562,10,0);
INSERT INTO parents(self_id, child_id, to_child_count, to_child_calls, to_child_paths, pct) VALUES(1847,1850,1168,292,10,0);
INSERT INTO parents(self_id, child_id, to_child_count, to_child_calls, to_child_paths, pct) VALUES(1847,1851,1264,316,10,0);
INSERT INTO parents(self_id, child_id, to_child_count, to_child_calls, to_child_paths, pct) VALUES(1810,1852,0,0,0,0);
INSERT INTO parents(self_id, child_id, to_child_count, to_child_calls, to_child_paths, pct) VALUES(1852,1853,1888,472,10,0);
INSERT INTO parents(self_id, child_id, to_child_count, to_child_calls, to_child_paths, pct) VALUES(1852,1854,2248,562,10,0);
INSERT INTO parents(self_id, child_id, to_child_count, to_child_calls, to_child_paths, pct) VALUES(1852,1855,1168,292,10,0);
INSERT INTO parents(self_id, child_id, to_child_count, to_child_calls, to_child_paths, pct) VALUES(1852,1856,1264,316,10,0);
INSERT INTO parents(self_id, child_id, to_child_count, to_child_calls, to_child_paths, pct) VALUES(1810,1857,0,0,0,0);
INSERT INTO parents(self_id, child_id, to_child_count, to_child_calls, to_child_paths, pct) VALUES(1857,1858,1888,472,10,0);
INSERT INTO parents(self_id, child_id, to_child_count, to_child_calls, to_child_paths, pct) VALUES(1857,1859,2248,562,10,0);
INSERT INTO parents(self_id, child_id, to_child_count, to_child_calls, to_child_paths, pct) VALUES(1857,1860,1168,292,10,0);
INSERT INTO parents(self_id, child_id, to_child_count, to_child_calls, to_child_paths, pct) VALUES(1857,1861,1264,316,10,0);
INSERT INTO parents(self_id, child_id, to_child_count, to_child_calls, to_child_paths, pct) VALUES(1810,1862,0,0,0,0);
INSERT INTO parents(self_id, child_id, to_child_count, to_child_calls, to_child_paths, pct) VALUES(1862,1863,1888,472,10,0);
INSERT INTO parents(self_id, child_id, to_child_count, to_child_calls, to_child_paths, pct) VALUES(1862,1864,2248,562,10,0);
INSERT INTO parents(self_id, child_id, to_child_count, to_child_calls, to_child_paths, pct) VALUES(1862,1865,1168,292,10,0);
INSERT INTO parents(self_id, child_id, to_child_count, to_child_calls, to_child_paths, pct) VALUES(1862,1866,1168,292,10,0);
INSERT INTO parents(self_id, child_id, to_child_count, to_child_calls, to_child_paths, pct) VALUES(1810,1867,0,0,0,0);
INSERT INTO parents(self_id, child_id, to_child_count, to_child_calls, to_child_paths, pct) VALUES(1867,1868,1888,472,10,0);
INSERT INTO parents(self_id, child_id, to_child_count, to_child_calls, to_child_paths, pct) VALUES(1867,1869,2248,562,10,0);
INSERT INTO parents(self_id, child_id, to_child_count, to_child_calls, to_child_paths, pct) VALUES(1867,1870,1168,292,10,0);
INSERT INTO parents(self_id, child_id, to_child_count, to_child_calls, to_child_paths, pct) VALUES(1867,1871,632,158,5,0);
INSERT INTO parents(self_id, child_id, to_child_count, to_child_calls, to_child_paths, pct) VALUES(1809,1872,0,0,0,0);
INSERT INTO parents(self_id, child_id, to_child_count, to_child_calls, to_child_paths, pct) VALUES(1872,1873,73440,18360,12,0);
INSERT INTO parents(self_id, child_id, to_child_count, to_child_calls, to_child_paths, pct) VALUES(1872,1874,0,0,0,0);
INSERT INTO parents(self_id, child_id, to_child_count, to_child_calls, to_child_paths, pct) VALUES(1874,1875,1888,472,10,0);
INSERT INTO parents(self_id, child_id, to_child_count, to_child_calls, to_child_paths, pct) VALUES(1874,1876,2224,556,10,0);
INSERT INTO parents(self_id, child_id, to_child_count, to_child_calls, to_child_paths, pct) VALUES(1874,1877,1168,292,10,0);
INSERT INTO parents(self_id, child_id, to_child_count, to_child_calls, to_child_paths, pct) VALUES(1874,1878,1264,316,10,0);
INSERT INTO parents(self_id, child_id, to_child_count, to_child_calls, to_child_paths, pct) VALUES(1872,1879,0,0,0,0);
INSERT INTO parents(self_id, child_id, to_child_count, to_child_calls, to_child_paths, pct) VALUES(1879,1880,1888,472,10,0);
INSERT INTO parents(self_id, child_id, to_child_count, to_child_calls, to_child_paths, pct) VALUES(1879,1881,2224,556,10,0);
INSERT INTO parents(self_id, child_id, to_child_count, to_child_calls, to_child_paths, pct) VALUES(1879,1882,1168,292,10,0);
INSERT INTO parents(self_id, child_id, to_child_count, to_child_calls, to_child_paths, pct) VALUES(1879,1883,1456,364,10,0);
INSERT INTO parents(self_id, child_id, to_child_count, to_child_calls, to_child_paths, pct) VALUES(1872,1884,0,0,0,0);
INSERT INTO parents(self_id, child_id, to_child_count, to_child_calls, to_child_paths, pct) VALUES(1884,1885,1888,472,10,0);
INSERT INTO parents(self_id, child_id, to_child_count, to_child_calls, to_child_paths, pct) VALUES(1884,1886,2224,556,10,0);
INSERT INTO parents(self_id, child_id, to_child_count, to_child_calls, to_child_paths, pct) VALUES(1884,1887,1168,292,10,0);
INSERT INTO parents(self_id, child_id, to_child_count, to_child_calls, to_child_paths, pct) VALUES(1884,1888,632,158,5,0);
INSERT INTO parents(self_id, child_id, to_child_count, to_child_calls, to_child_paths, pct) VALUES(1872,1889,0,0,0,0);
INSERT INTO parents(self_id, child_id, to_child_count, to_child_calls, to_child_paths, pct) VALUES(1889,1890,1888,472,10,0);
INSERT INTO parents(self_id, child_id, to_child_count, to_child_calls, to_child_paths, pct) VALUES(1889,1891,2224,556,10,0);
INSERT INTO parents(self_id, child_id, to_child_count, to_child_calls, to_child_paths, pct) VALUES(1889,1892,1168,292,10,0);
INSERT INTO parents(self_id, child_id, to_child_count, to_child_calls, to_child_paths, pct) VALUES(1889,1893,1168,292,10,0);
INSERT INTO parents(self_id, child_id, to_child_count, to_child_calls, to_child_paths, pct) VALUES(1872,1894,0,0,0,0);
INSERT INTO parents(self_id, child_id, to_child_count, to_child_calls, to_child_paths, pct) VALUES(1894,1895,1888,472,10,0);
INSERT INTO parents(self_id, child_id, to_child_count, to_child_calls, to_child_paths, pct) VALUES(1894,1896,2224,556,10,0);
INSERT INTO parents(self_id, child_id, to_child_count, to_child_calls, to_child_paths, pct) VALUES(1894,1897,1168,292,10,0);
INSERT INTO parents(self_id, child_id, to_child_count, to_child_calls, to_child_paths, pct) VALUES(1894,1898,1264,316,10,0);
INSERT INTO parents(self_id, child_id, to_child_count, to_child_calls, to_child_paths, pct) VALUES(1872,1899,0,0,0,0);
INSERT INTO parents(self_id, child_id, to_child_count, to_child_calls, to_child_paths, pct) VALUES(1899,1900,1888,472,10,0);
INSERT INTO parents(self_id, child_id, to_child_count, to_child_calls, to_child_paths, pct) VALUES(1899,1901,2224,556,10,0);
INSERT INTO parents(self_id, child_id, to_child_count, to_child_calls, to_child_paths, pct) VALUES(1899,1902,1168,292,10,0);
INSERT INTO parents(self_id, child_id, to_child_count, to_child_calls, to_child_paths, pct) VALUES(1899,1903,1264,316,10,0);
INSERT INTO parents(self_id, child_id, to_child_count, to_child_calls, to_child_paths, pct) VALUES(1872,1904,0,0,0,0);
INSERT INTO parents(self_id, child_id, to_child_count, to_child_calls, to_child_paths, pct) VALUES(1904,1905,1888,472,10,0);
INSERT INTO parents(self_id, child_id, to_child_count, to_child_calls, to_child_paths, pct) VALUES(1904,1906,2224,556,10,0);
INSERT INTO parents(self_id, child_id, to_child_count, to_child_calls, to_child_paths, pct) VALUES(1904,1907,1168,292,10,0);
INSERT INTO parents(self_id, child_id, to_child_count, to_child_calls, to_child_paths, pct) VALUES(1904,1908,2144,536,20,0);
INSERT INTO parents(self_id, child_id, to_child_count, to_child_calls, to_child_paths, pct) VALUES(1872,1909,0,0,0,0);
INSERT INTO parents(self_id, child_id, to_child_count, to_child_calls, to_child_paths, pct) VALUES(1909,1910,1888,472,10,0);
INSERT INTO parents(self_id, child_id, to_child_count, to_child_calls, to_child_paths, pct) VALUES(1909,1911,2224,556,10,0);
INSERT INTO parents(self_id, child_id, to_child_count, to_child_calls, to_child_paths, pct) VALUES(1909,1912,1168,292,10,0);
INSERT INTO parents(self_id, child_id, to_child_count, to_child_calls, to_child_paths, pct) VALUES(1909,1913,1264,316,10,0);
INSERT INTO parents(self_id, child_id, to_child_count, to_child_calls, to_child_paths, pct) VALUES(1872,1914,0,0,0,0);
INSERT INTO parents(self_id, child_id, to_child_count, to_child_calls, to_child_paths, pct) VALUES(1914,1915,1888,472,10,0);
INSERT INTO parents(self_id, child_id, to_child_count, to_child_calls, to_child_paths, pct) VALUES(1914,1916,2224,556,10,0);
INSERT INTO parents(self_id, child_id, to_child_count, to_child_calls, to_child_paths, pct) VALUES(1914,1917,1168,292,10,0);
INSERT INTO parents(self_id, child_id, to_child_count, to_child_calls, to_child_paths, pct) VALUES(1914,1918,1264,316,10,0);
INSERT INTO parents(self_id, child_id, to_child_count, to_child_calls, to_child_paths, pct) VALUES(1872,1919,0,0,0,0);
INSERT INTO parents(self_id, child_id, to_child_count, to_child_calls, to_child_paths, pct) VALUES(1919,1920,1888,472,10,0);
INSERT INTO parents(self_id, child_id, to_child_count, to_child_calls, to_child_paths, pct) VALUES(1919,1921,2224,556,10,0);
INSERT INTO parents(self_id, child_id, to_child_count, to_child_calls, to_child_paths, pct) VALUES(1919,1922,1168,292,10,0);
INSERT INTO parents(self_id, child_id, to_child_count, to_child_calls, to_child_paths, pct) VALUES(1919,1923,1264,316,10,0);
INSERT INTO parents(self_id, child_id, to_child_count, to_child_calls, to_child_paths, pct) VALUES(1872,1924,0,0,0,0);
INSERT INTO parents(self_id, child_id, to_child_count, to_child_calls, to_child_paths, pct) VALUES(1924,1925,1888,472,10,0);
INSERT INTO parents(self_id, child_id, to_child_count, to_child_calls, to_child_paths, pct) VALUES(1924,1926,2224,556,10,0);
INSERT INTO parents(self_id, child_id, to_child_count, to_child_calls, to_child_paths, pct) VALUES(1924,1927,1168,292,10,0);
INSERT INTO parents(self_id, child_id, to_child_count, to_child_calls, to_child_paths, pct) VALUES(1924,1928,1168,292,10,0);
INSERT INTO parents(self_id, child_id, to_child_count, to_child_calls, to_child_paths, pct) VALUES(1872,1929,0,0,0,0);
INSERT INTO parents(self_id, child_id, to_child_count, to_child_calls, to_child_paths, pct) VALUES(1929,1930,1888,472,10,0);
INSERT INTO parents(self_id, child_id, to_child_count, to_child_calls, to_child_paths, pct) VALUES(1929,1931,2224,556,10,0);
INSERT INTO parents(self_id, child_id, to_child_count, to_child_calls, to_child_paths, pct) VALUES(1929,1932,1168,292,10,0);
INSERT INTO parents(self_id, child_id, to_child_count, to_child_calls, to_child_paths, pct) VALUES(1929,1933,632,158,5,0);
INSERT INTO parents(self_id, child_id, to_child_count, to_child_calls, to_child_paths, pct) VALUES(1809,1934,0,0,0,0);
INSERT INTO parents(self_id, child_id, to_child_count, to_child_calls, to_child_paths, pct) VALUES(1934,1935,73440,18360,12,0);
INSERT INTO parents(self_id, child_id, to_child_count, to_child_calls, to_child_paths, pct) VALUES(1934,1936,0,0,0,0);
INSERT INTO parents(self_id, child_id, to_child_count, to_child_calls, to_child_paths, pct) VALUES(1936,1937,1888,472,10,0);
INSERT INTO parents(self_id, child_id, to_child_count, to_child_calls, to_child_paths, pct) VALUES(1936,1938,2248,562,10,0);
INSERT INTO parents(self_id, child_id, to_child_count, to_child_calls, to_child_paths, pct) VALUES(1936,1939,1168,292,10,0);
INSERT INTO parents(self_id, child_id, to_child_count, to_child_calls, to_child_paths, pct) VALUES(1936,1940,1264,316,10,0);
INSERT INTO parents(self_id, child_id, to_child_count, to_child_calls, to_child_paths, pct) VALUES(1934,1941,0,0,0,0);
INSERT INTO parents(self_id, child_id, to_child_count, to_child_calls, to_child_paths, pct) VALUES(1941,1942,1888,472,10,0);
INSERT INTO parents(self_id, child_id, to_child_count, to_child_calls, to_child_paths, pct) VALUES(1941,1943,2248,562,10,0);
INSERT INTO parents(self_id, child_id, to_child_count, to_child_calls, to_child_paths, pct) VALUES(1941,1944,1168,292,10,0);
INSERT INTO parents(self_id, child_id, to_child_count, to_child_calls, to_child_paths, pct) VALUES(1941,1945,1456,364,10,0);
INSERT INTO parents(self_id, child_id, to_child_count, to_child_calls, to_child_paths, pct) VALUES(1934,1946,0,0,0,0);
INSERT INTO parents(self_id, child_id, to_child_count, to_child_calls, to_child_paths, pct) VALUES(1946,1947,1888,472,10,0);
INSERT INTO parents(self_id, child_id, to_child_count, to_child_calls, to_child_paths, pct) VALUES(1946,1948,2248,562,10,0);
INSERT INTO parents(self_id, child_id, to_child_count, to_child_calls, to_child_paths, pct) VALUES(1946,1949,1168,292,10,0);
INSERT INTO parents(self_id, child_id, to_child_count, to_child_calls, to_child_paths, pct) VALUES(1946,1950,632,158,5,0);
INSERT INTO parents(self_id, child_id, to_child_count, to_child_calls, to_child_paths, pct) VALUES(1934,1951,0,0,0,0);
INSERT INTO parents(self_id, child_id, to_child_count, to_child_calls, to_child_paths, pct) VALUES(1951,1952,1888,472,10,0);
INSERT INTO parents(self_id, child_id, to_child_count, to_child_calls, to_child_paths, pct) VALUES(1951,1953,2248,562,10,0);
INSERT INTO parents(self_id, child_id, to_child_count, to_child_calls, to_child_paths, pct) VALUES(1951,1954,1168,292,10,0);
INSERT INTO parents(self_id, child_id, to_child_count, to_child_calls, to_child_paths, pct) VALUES(1951,1955,1168,292,10,0);
INSERT INTO parents(self_id, child_id, to_child_count, to_child_calls, to_child_paths, pct) VALUES(1934,1956,0,0,0,0);
INSERT INTO parents(self_id, child_id, to_child_count, to_child_calls, to_child_paths, pct) VALUES(1956,1957,1888,472,10,0);
INSERT INTO parents(self_id, child_id, to_child_count, to_child_calls, to_child_paths, pct) VALUES(1956,1958,2248,562,10,0);
INSERT INTO parents(self_id, child_id, to_child_count, to_child_calls, to_child_paths, pct) VALUES(1956,1959,1168,292,10,0);
INSERT INTO parents(self_id, child_id, to_child_count, to_child_calls, to_child_paths, pct) VALUES(1956,1960,1264,316,10,0);
INSERT INTO parents(self_id, child_id, to_child_count, to_child_calls, to_child_paths, pct) VALUES(1934,1961,0,0,0,0);
INSERT INTO parents(self_id, child_id, to_child_count, to_child_calls, to_child_paths, pct) VALUES(1961,1962,1888,472,10,0);
INSERT INTO parents(self_id, child_id, to_child_count, to_child_calls, to_child_paths, pct) VALUES(1961,1963,2248,562,10,0);
INSERT INTO parents(self_id, child_id, to_child_count, to_child_calls, to_child_paths, pct) VALUES(1961,1964,1168,292,10,0);
INSERT INTO parents(self_id, child_id, to_child_count, to_child_calls, to_child_paths, pct) VALUES(1961,1965,1264,316,10,0);
INSERT INTO parents(self_id, child_id, to_child_count, to_child_calls, to_child_paths, pct) VALUES(1934,1966,0,0,0,0);
INSERT INTO parents(self_id, child_id, to_child_count, to_child_calls, to_child_paths, pct) VALUES(1966,1967,1888,472,10,0);
INSERT INTO parents(self_id, child_id, to_child_count, to_child_calls, to_child_paths, pct) VALUES(1966,1968,2248,562,10,0);
INSERT INTO parents(self_id, child_id, to_child_count, to_child_calls, to_child_paths, pct) VALUES(1966,1969,1168,292,10,0);
INSERT INTO parents(self_id, child_id, to_child_count, to_child_calls, to_child_paths, pct) VALUES(1966,1970,2144,536,20,0);
INSERT INTO parents(self_id, child_id, to_child_count, to_child_calls, to_child_paths, pct) VALUES(1934,1971,0,0,0,0);
INSERT INTO parents(self_id, child_id, to_child_count, to_child_calls, to_child_paths, pct) VALUES(1971,1972,1888,472,10,0);
INSERT INTO parents(self_id, child_id, to_child_count, to_child_calls, to_child_paths, pct) VALUES(1971,1973,2248,562,10,0);
INSERT INTO parents(self_id, child_id, to_child_count, to_child_calls, to_child_paths, pct) VALUES(1971,1974,1168,292,10,0);
INSERT INTO parents(self_id, child_id, to_child_count, to_child_calls, to_child_paths, pct) VALUES(1971,1975,1264,316,10,0);
INSERT INTO parents(self_id, child_id, to_child_count, to_child_calls, to_child_paths, pct) VALUES(1934,1976,0,0,0,0);
INSERT INTO parents(self_id, child_id, to_child_count, to_child_calls, to_child_paths, pct) VALUES(1976,1977,1888,472,10,0);
INSERT INTO parents(self_id, child_id, to_child_count, to_child_calls, to_child_paths, pct) VALUES(1976,1978,2248,562,10,0);
INSERT INTO parents(self_id, child_id, to_child_count, to_child_calls, to_child_paths, pct) VALUES(1976,1979,1168,292,10,0);
INSERT INTO parents(self_id, child_id, to_child_count, to_child_calls, to_child_paths, pct) VALUES(1976,1980,1264,316,10,0);
INSERT INTO parents(self_id, child_id, to_child_count, to_child_calls, to_child_paths, pct) VALUES(1934,1981,0,0,0,0);
INSERT INTO parents(self_id, child_id, to_child_count, to_child_calls, to_child_paths, pct) VALUES(1981,1982,1888,472,10,0);
INSERT INTO parents(self_id, child_id, to_child_count, to_child_calls, to_child_paths, pct) VALUES(1981,1983,2248,562,10,0);
INSERT INTO parents(self_id, child_id, to_child_count, to_child_calls, to_child_paths, pct) VALUES(1981,1984,1168,292,10,0);
INSERT INTO parents(self_id, child_id, to_child_count, to_child_calls, to_child_paths, pct) VALUES(1981,1985,1264,316,10,0);
INSERT INTO parents(self_id, child_id, to_child_count, to_child_calls, to_child_paths, pct) VALUES(1934,1986,0,0,0,0);
INSERT INTO parents(self_id, child_id, to_child_count, to_child_calls, to_child_paths, pct) VALUES(1986,1987,1888,472,10,0);
INSERT INTO parents(self_id, child_id, to_child_count, to_child_calls, to_child_paths, pct) VALUES(1986,1988,2248,562,10,0);
INSERT INTO parents(self_id, child_id, to_child_count, to_child_calls, to_child_paths, pct) VALUES(1986,1989,1168,292,10,0);
INSERT INTO parents(self_id, child_id, to_child_count, to_child_calls, to_child_paths, pct) VALUES(1986,1990,1168,292,10,0);
INSERT INTO parents(self_id, child_id, to_child_count, to_child_calls, to_child_paths, pct) VALUES(1934,1991,0,0,0,0);
INSERT INTO parents(self_id, child_id, to_child_count, to_child_calls, to_child_paths, pct) VALUES(1991,1992,1888,472,10,0);
INSERT INTO parents(self_id, child_id, to_child_count, to_child_calls, to_child_paths, pct) VALUES(1991,1993,2248,562,10,0);
INSERT INTO parents(self_id, child_id, to_child_count, to_child_calls, to_child_paths, pct) VALUES(1991,1994,1168,292,10,0);
INSERT INTO parents(self_id, child_id, to_child_count, to_child_calls, to_child_paths, pct) VALUES(1991,1995,632,158,5,0);
INSERT INTO parents(self_id, child_id, to_child_count, to_child_calls, to_child_paths, pct) VALUES(1809,1996,0,0,0,0);
INSERT INTO parents(self_id, child_id, to_child_count, to_child_calls, to_child_paths, pct) VALUES(1996,1997,73440,18360,12,0);
INSERT INTO parents(self_id, child_id, to_child_count, to_child_calls, to_child_paths, pct) VALUES(1996,1998,0,0,0,0);
INSERT INTO parents(self_id, child_id, to_child_count, to_child_calls, to_child_paths, pct) VALUES(1998,1999,1888,472,10,0);
INSERT INTO parents(self_id, child_id, to_child_count, to_child_calls, to_child_paths, pct) VALUES(1998,2000,2248,562,10,0);
INSERT INTO parents(self_id, child_id, to_child_count, to_child_calls, to_child_paths, pct) VALUES(1998,2001,1168,292,10,0);
INSERT INTO parents(self_id, child_id, to_child_count, to_child_calls, to_child_paths, pct) VALUES(1998,2002,1264,316,10,0);
INSERT INTO parents(self_id, child_id, to_child_count, to_child_calls, to_child_paths, pct) VALUES(1996,2003,0,0,0,0);
INSERT INTO parents(self_id, child_id, to_child_count, to_child_calls, to_child_paths, pct) VALUES(2003,2004,1888,472,10,0);
INSERT INTO parents(self_id, child_id, to_child_count, to_child_calls, to_child_paths, pct) VALUES(2003,2005,2248,562,10,0);
INSERT INTO parents(self_id, child_id, to_child_count, to_child_calls, to_child_paths, pct) VALUES(2003,2006,1168,292,10,0);
INSERT INTO parents(self_id, child_id, to_child_count, to_child_calls, to_child_paths, pct) VALUES(2003,2007,1456,364,10,0);
INSERT INTO parents(self_id, child_id, to_child_count, to_child_calls, to_child_paths, pct) VALUES(1996,2008,0,0,0,0);
INSERT INTO parents(self_id, child_id, to_child_count, to_child_calls, to_child_paths, pct) VALUES(2008,2009,1888,472,10,0);
INSERT INTO parents(self_id, child_id, to_child_count, to_child_calls, to_child_paths, pct) VALUES(2008,2010,2248,562,10,0);
INSERT INTO parents(self_id, child_id, to_child_count, to_child_calls, to_child_paths, pct) VALUES(2008,2011,1168,292,10,0);
INSERT INTO parents(self_id, child_id, to_child_count, to_child_calls, to_child_paths, pct) VALUES(2008,2012,632,158,5,0);
INSERT INTO parents(self_id, child_id, to_child_count, to_child_calls, to_child_paths, pct) VALUES(1996,2013,0,0,0,0);
INSERT INTO parents(self_id, child_id, to_child_count, to_child_calls, to_child_paths, pct) VALUES(2013,2014,1888,472,10,0);
INSERT INTO parents(self_id, child_id, to_child_count, to_child_calls, to_child_paths, pct) VALUES(2013,2015,2248,562,10,0);
INSERT INTO parents(self_id, child_id, to_child_count, to_child_calls, to_child_paths, pct) VALUES(2013,2016,1168,292,10,0);
INSERT INTO parents(self_id, child_id, to_child_count, to_child_calls, to_child_paths, pct) VALUES(2013,2017,1168,292,10,0);
INSERT INTO parents(self_id, child_id, to_child_count, to_child_calls, to_child_paths, pct) VALUES(1996,2018,0,0,0,0);
INSERT INTO parents(self_id, child_id, to_child_count, to_child_calls, to_child_paths, pct) VALUES(2018,2019,1888,472,10,0);
INSERT INTO parents(self_id, child_id, to_child_count, to_child_calls, to_child_paths, pct) VALUES(2018,2020,2248,562,10,0);
INSERT INTO parents(self_id, child_id, to_child_count, to_child_calls, to_child_paths, pct) VALUES(2018,2021,1168,292,10,0);
INSERT INTO parents(self_id, child_id, to_child_count, to_child_calls, to_child_paths, pct) VALUES(2018,2022,1264,316,10,0);
INSERT INTO parents(self_id, child_id, to_child_count, to_child_calls, to_child_paths, pct) VALUES(1996,2023,0,0,0,0);
INSERT INTO parents(self_id, child_id, to_child_count, to_child_calls, to_child_paths, pct) VALUES(2023,2024,1888,472,10,0);
INSERT INTO parents(self_id, child_id, to_child_count, to_child_calls, to_child_paths, pct) VALUES(2023,2025,2248,562,10,0);
INSERT INTO parents(self_id, child_id, to_child_count, to_child_calls, to_child_paths, pct) VALUES(2023,2026,1168,292,10,0);
INSERT INTO parents(self_id, child_id, to_child_count, to_child_calls, to_child_paths, pct) VALUES(2023,2027,1264,316,10,0);
INSERT INTO parents(self_id, child_id, to_child_count, to_child_calls, to_child_paths, pct) VALUES(1996,2028,0,0,0,0);
INSERT INTO parents(self_id, child_id, to_child_count, to_child_calls, to_child_paths, pct) VALUES(2028,2029,1888,472,10,0);
INSERT INTO parents(self_id, child_id, to_child_count, to_child_calls, to_child_paths, pct) VALUES(2028,2030,2248,562,10,0);
INSERT INTO parents(self_id, child_id, to_child_count, to_child_calls, to_child_paths, pct) VALUES(2028,2031,1168,292,10,0);
INSERT INTO parents(self_id, child_id, to_child_count, to_child_calls, to_child_paths, pct) VALUES(2028,2032,2144,536,20,0);
INSERT INTO parents(self_id, child_id, to_child_count, to_child_calls, to_child_paths, pct) VALUES(1996,2033,0,0,0,0);
INSERT INTO parents(self_id, child_id, to_child_count, to_child_calls, to_child_paths, pct) VALUES(2033,2034,1888,472,10,0);
INSERT INTO parents(self_id, child_id, to_child_count, to_child_calls, to_child_paths, pct) VALUES(2033,2035,2248,562,10,0);
INSERT INTO parents(self_id, child_id, to_child_count, to_child_calls, to_child_paths, pct) VALUES(2033,2036,1168,292,10,0);
INSERT INTO parents(self_id, child_id, to_child_count, to_child_calls, to_child_paths, pct) VALUES(2033,2037,1264,316,10,0);
INSERT INTO parents(self_id, child_id, to_child_count, to_child_calls, to_child_paths, pct) VALUES(1996,2038,0,0,0,0);
INSERT INTO parents(self_id, child_id, to_child_count, to_child_calls, to_child_paths, pct) VALUES(2038,2039,1888,472,10,0);
INSERT INTO parents(self_id, child_id, to_child_count, to_child_calls, to_child_paths, pct) VALUES(2038,2040,2248,562,10,0);
INSERT INTO parents(self_id, child_id, to_child_count, to_child_calls, to_child_paths, pct) VALUES(2038,2041,1168,292,10,0);
INSERT INTO parents(self_id, child_id, to_child_count, to_child_calls, to_child_paths, pct) VALUES(2038,2042,1264,316,10,0);
INSERT INTO parents(self_id, child_id, to_child_count, to_child_calls, to_child_paths, pct) VALUES(1996,2043,0,0,0,0);
INSERT INTO parents(self_id, child_id, to_child_count, to_child_calls, to_child_paths, pct) VALUES(2043,2044,1888,472,10,0);
INSERT INTO parents(self_id, child_id, to_child_count, to_child_calls, to_child_paths, pct) VALUES(2043,2045,2248,562,10,0);
INSERT INTO parents(self_id, child_id, to_child_count, to_child_calls, to_child_paths, pct) VALUES(2043,2046,1168,292,10,0);
INSERT INTO parents(self_id, child_id, to_child_count, to_child_calls, to_child_paths, pct) VALUES(2043,2047,1264,316,10,0);
INSERT INTO parents(self_id, child_id, to_child_count, to_child_calls, to_child_paths, pct) VALUES(1996,2048,0,0,0,0);
INSERT INTO parents(self_id, child_id, to_child_count, to_child_calls, to_child_paths, pct) VALUES(2048,2049,1888,472,10,0);
INSERT INTO parents(self_id, child_id, to_child_count, to_child_calls, to_child_paths, pct) VALUES(2048,2050,2248,562,10,0);
INSERT INTO parents(self_id, child_id, to_child_count, to_child_calls, to_child_paths, pct) VALUES(2048,2051,1168,292,10,0);
INSERT INTO parents(self_id, child_id, to_child_count, to_child_calls, to_child_paths, pct) VALUES(2048,2052,1168,292,10,0);
INSERT INTO parents(self_id, child_id, to_child_count, to_child_calls, to_child_paths, pct) VALUES(1996,2053,0,0,0,0);
INSERT INTO parents(self_id, child_id, to_child_count, to_child_calls, to_child_paths, pct) VALUES(2053,2054,1888,472,10,0);
INSERT INTO parents(self_id, child_id, to_child_count, to_child_calls, to_child_paths, pct) VALUES(2053,2055,2248,562,10,0);
INSERT INTO parents(self_id, child_id, to_child_count, to_child_calls, to_child_paths, pct) VALUES(2053,2056,1168,292,10,0);
INSERT INTO parents(self_id, child_id, to_child_count, to_child_calls, to_child_paths, pct) VALUES(2053,2057,632,158,5,0);
INSERT INTO parents(self_id, child_id, to_child_count, to_child_calls, to_child_paths, pct) VALUES(1809,2058,0,0,0,0);
INSERT INTO parents(self_id, child_id, to_child_count, to_child_calls, to_child_paths, pct) VALUES(2058,2059,73440,18360,12,0);
INSERT INTO parents(self_id, child_id, to_child_count, to_child_calls, to_child_paths, pct) VALUES(2058,2060,0,0,0,0);
INSERT INTO parents(self_id, child_id, to_child_count, to_child_calls, to_child_paths, pct) VALUES(2060,2061,1888,472,10,0);
INSERT INTO parents(self_id, child_id, to_child_count, to_child_calls, to_child_paths, pct) VALUES(2060,2062,2224,556,10,0);
INSERT INTO parents(self_id, child_id, to_child_count, to_child_calls, to_child_paths, pct) VALUES(2060,2063,1168,292,10,0);
INSERT INTO parents(self_id, child_id, to_child_count, to_child_calls, to_child_paths, pct) VALUES(2060,2064,1264,316,10,0);
INSERT INTO parents(self_id, child_id, to_child_count, to_child_calls, to_child_paths, pct) VALUES(2058,2065,0,0,0,0);
INSERT INTO parents(self_id, child_id, to_child_count, to_child_calls, to_child_paths, pct) VALUES(2065,2066,1888,472,10,0);
INSERT INTO parents(self_id, child_id, to_child_count, to_child_calls, to_child_paths, pct) VALUES(2065,2067,2224,556,10,0);
INSERT INTO parents(self_id, child_id, to_child_count, to_child_calls, to_child_paths, pct) VALUES(2065,2068,1168,292,10,0);
INSERT INTO parents(self_id, child_id, to_child_count, to_child_calls, to_child_paths, pct) VALUES(2065,2069,1456,364,10,0);
INSERT INTO parents(self_id, child_id, to_child_count, to_child_calls, to_child_paths, pct) VALUES(2058,2070,0,0,0,0);
INSERT INTO parents(self_id, child_id, to_child_count, to_child_calls, to_child_paths, pct) VALUES(2070,2071,1888,472,10,0);
INSERT INTO parents(self_id, child_id, to_child_count, to_child_calls, to_child_paths, pct) VALUES(2070,2072,2224,556,10,0);
INSERT INTO parents(self_id, child_id, to_child_count, to_child_calls, to_child_paths, pct) VALUES(2070,2073,1168,292,10,0);
INSERT INTO parents(self_id, child_id, to_child_count, to_child_calls, to_child_paths, pct) VALUES(2070,2074,632,158,5,0);
INSERT INTO parents(self_id, child_id, to_child_count, to_child_calls, to_child_paths, pct) VALUES(2058,2075,0,0,0,0);
INSERT INTO parents(self_id, child_id, to_child_count, to_child_calls, to_child_paths, pct) VALUES(2075,2076,1888,472,10,0);
INSERT INTO parents(self_id, child_id, to_child_count, to_child_calls, to_child_paths, pct) VALUES(2075,2077,2224,556,10,0);
INSERT INTO parents(self_id, child_id, to_child_count, to_child_calls, to_child_paths, pct) VALUES(2075,2078,1168,292,10,0);
INSERT INTO parents(self_id, child_id, to_child_count, to_child_calls, to_child_paths, pct) VALUES(2075,2079,1168,292,10,0);
INSERT INTO parents(self_id, child_id, to_child_count, to_child_calls, to_child_paths, pct) VALUES(2058,2080,0,0,0,0);
INSERT INTO parents(self_id, child_id, to_child_count, to_child_calls, to_child_paths, pct) VALUES(2080,2081,1888,472,10,0);
INSERT INTO parents(self_id, child_id, to_child_count, to_child_calls, to_child_paths, pct) VALUES(2080,2082,2224,556,10,0);
INSERT INTO parents(self_id, child_id, to_child_count, to_child_calls, to_child_paths, pct) VALUES(2080,2083,1168,292,10,0);
INSERT INTO parents(self_id, child_id, to_child_count, to_child_calls, to_child_paths, pct) VALUES(2080,2084,1264,316,10,0);
INSERT INTO parents(self_id, child_id, to_child_count, to_child_calls, to_child_paths, pct) VALUES(2058,2085,0,0,0,0);
INSERT INTO parents(self_id, child_id, to_child_count, to_child_calls, to_child_paths, pct) VALUES(2085,2086,1888,472,10,0);
INSERT INTO parents(self_id, child_id, to_child_count, to_child_calls, to_child_paths, pct) VALUES(2085,2087,2224,556,10,0);
INSERT INTO parents(self_id, child_id, to_child_count, to_child_calls, to_child_paths, pct) VALUES(2085,2088,1168,292,10,0);
INSERT INTO parents(self_id, child_id, to_child_count, to_child_calls, to_child_paths, pct) VALUES(2085,2089,1264,316,10,0);
INSERT INTO parents(self_id, child_id, to_child_count, to_child_calls, to_child_paths, pct) VALUES(2058,2090,0,0,0,0);
INSERT INTO parents(self_id, child_id, to_child_count, to_child_calls, to_child_paths, pct) VALUES(2090,2091,1888,472,10,0);
INSERT INTO parents(self_id, child_id, to_child_count, to_child_calls, to_child_paths, pct) VALUES(2090,2092,2224,556,10,0);
INSERT INTO parents(self_id, child_id, to_child_count, to_child_calls, to_child_paths, pct) VALUES(2090,2093,1168,292,10,0);
INSERT INTO parents(self_id, child_id, to_child_count, to_child_calls, to_child_paths, pct) VALUES(2090,2094,2144,536,20,0);
INSERT INTO parents(self_id, child_id, to_child_count, to_child_calls, to_child_paths, pct) VALUES(2058,2095,0,0,0,0);
INSERT INTO parents(self_id, child_id, to_child_count, to_child_calls, to_child_paths, pct) VALUES(2095,2096,1888,472,10,0);
INSERT INTO parents(self_id, child_id, to_child_count, to_child_calls, to_child_paths, pct) VALUES(2095,2097,2224,556,10,0);
INSERT INTO parents(self_id, child_id, to_child_count, to_child_calls, to_child_paths, pct) VALUES(2095,2098,1168,292,10,0);
INSERT INTO parents(self_id, child_id, to_child_count, to_child_calls, to_child_paths, pct) VALUES(2095,2099,1264,316,10,0);
INSERT INTO parents(self_id, child_id, to_child_count, to_child_calls, to_child_paths, pct) VALUES(2058,2100,0,0,0,0);
INSERT INTO parents(self_id, child_id, to_child_count, to_child_calls, to_child_paths, pct) VALUES(2100,2101,1888,472,10,0);
INSERT INTO parents(self_id, child_id, to_child_count, to_child_calls, to_child_paths, pct) VALUES(2100,2102,2224,556,10,0);
INSERT INTO parents(self_id, child_id, to_child_count, to_child_calls, to_child_paths, pct) VALUES(2100,2103,1168,292,10,0);
INSERT INTO parents(self_id, child_id, to_child_count, to_child_calls, to_child_paths, pct) VALUES(2100,2104,1264,316,10,0);
INSERT INTO parents(self_id, child_id, to_child_count, to_child_calls, to_child_paths, pct) VALUES(2058,2105,0,0,0,0);
INSERT INTO parents(self_id, child_id, to_child_count, to_child_calls, to_child_paths, pct) VALUES(2105,2106,1888,472,10,0);
INSERT INTO parents(self_id, child_id, to_child_count, to_child_calls, to_child_paths, pct) VALUES(2105,2107,2224,556,10,0);
INSERT INTO parents(self_id, child_id, to_child_count, to_child_calls, to_child_paths, pct) VALUES(2105,2108,1168,292,10,0);
INSERT INTO parents(self_id, child_id, to_child_count, to_child_calls, to_child_paths, pct) VALUES(2105,2109,1264,316,10,0);
INSERT INTO parents(self_id, child_id, to_child_count, to_child_calls, to_child_paths, pct) VALUES(2058,2110,0,0,0,0);
INSERT INTO parents(self_id, child_id, to_child_count, to_child_calls, to_child_paths, pct) VALUES(2110,2111,1888,472,10,0);
INSERT INTO parents(self_id, child_id, to_child_count, to_child_calls, to_child_paths, pct) VALUES(2110,2112,2224,556,10,0);
INSERT INTO parents(self_id, child_id, to_child_count, to_child_calls, to_child_paths, pct) VALUES(2110,2113,1168,292,10,0);
INSERT INTO parents(self_id, child_id, to_child_count, to_child_calls, to_child_paths, pct) VALUES(2110,2114,1168,292,10,0);
INSERT INTO parents(self_id, child_id, to_child_count, to_child_calls, to_child_paths, pct) VALUES(2058,2115,0,0,0,0);
INSERT INTO parents(self_id, child_id, to_child_count, to_child_calls, to_child_paths, pct) VALUES(2115,2116,1888,472,10,0);
INSERT INTO parents(self_id, child_id, to_child_count, to_child_calls, to_child_paths, pct) VALUES(2115,2117,2224,556,10,0);
INSERT INTO parents(self_id, child_id, to_child_count, to_child_calls, to_child_paths, pct) VALUES(2115,2118,1168,292,10,0);
INSERT INTO parents(self_id, child_id, to_child_count, to_child_calls, to_child_paths, pct) VALUES(2115,2119,632,158,5,0);
INSERT INTO parents(self_id, child_id, to_child_count, to_child_calls, to_child_paths, pct) VALUES(1808,2120,0,0,0,0);
INSERT INTO parents(self_id, child_id, to_child_count, to_child_calls, to_child_paths, pct) VALUES(2120,2121,0,0,0,0);
INSERT INTO parents(self_id, child_id, to_child_count, to_child_calls, to_child_paths, pct) VALUES(2121,2122,27648,6912,4,0);
INSERT INTO parents(self_id, child_id, to_child_count, to_child_calls, to_child_paths, pct) VALUES(2121,2123,0,0,0,0);
INSERT INTO parents(self_id, child_id, to_child_count, to_child_calls, to_child_paths, pct) VALUES(2123,2124,3312,828,30,0);
INSERT INTO parents(self_id, child_id, to_child_count, to_child_calls, to_child_paths, pct) VALUES(2123,2125,3312,828,30,0);
INSERT INTO parents(self_id, child_id, to_child_count, to_child_calls, to_child_paths, pct) VALUES(2123,2126,3312,828,30,0);
INSERT INTO parents(self_id, child_id, to_child_count, to_child_calls, to_child_paths, pct) VALUES(2123,2127,3312,828,30,0);
INSERT INTO parents(self_id, child_id, to_child_count, to_child_calls, to_child_paths, pct) VALUES(2123,2128,3312,828,30,0);
INSERT INTO parents(self_id, child_id, to_child_count, to_child_calls, to_child_paths, pct) VALUES(2123,2129,3312,828,30,0);
INSERT INTO parents(self_id, child_id, to_child_count, to_child_calls, to_child_paths, pct) VALUES(2121,2130,0,0,0,0);
INSERT INTO parents(self_id, child_id, to_child_count, to_child_calls, to_child_paths, pct) VALUES(2130,2131,3312,828,30,0);
INSERT INTO parents(self_id, child_id, to_child_count, to_child_calls, to_child_paths, pct) VALUES(2130,2132,3312,828,30,0);
INSERT INTO parents(self_id, child_id, to_child_count, to_child_calls, to_child_paths, pct) VALUES(2130,2133,3312,828,30,0);
INSERT INTO parents(self_id, child_id, to_child_count, to_child_calls, to_child_paths, pct) VALUES(2130,2134,3312,828,30,0);
INSERT INTO parents(self_id, child_id, to_child_count, to_child_calls, to_child_paths, pct) VALUES(2130,2135,3312,828,30,0);
INSERT INTO parents(self_id, child_id, to_child_count, to_child_calls, to_child_paths, pct) VALUES(2130,2136,3312,828,30,0);
INSERT INTO parents(self_id, child_id, to_child_count, to_child_calls, to_child_paths, pct) VALUES(2120,2137,0,0,0,0);
INSERT INTO parents(self_id, child_id, to_child_count, to_child_calls, to_child_paths, pct) VALUES(2137,2138,27648,6912,4,0);
INSERT INTO parents(self_id, child_id, to_child_count, to_child_calls, to_child_paths, pct) VALUES(2137,2139,0,0,0,0);
INSERT INTO parents(self_id, child_id, to_child_count, to_child_calls, to_child_paths, pct) VALUES(2139,2140,3312,828,30,0);
INSERT INTO parents(self_id, child_id, to_child_count, to_child_calls, to_child_paths, pct) VALUES(2139,2141,3312,828,30,0);
INSERT INTO parents(self_id, child_id, to_child_count, to_child_calls, to_child_paths, pct) VALUES(2139,2142,3312,828,30,0);
INSERT INTO parents(self_id, child_id, to_child_count, to_child_calls, to_child_paths, pct) VALUES(2139,2143,3312,828,30,0);
INSERT INTO parents(self_id, child_id, to_child_count, to_child_calls, to_child_paths, pct) VALUES(2139,2144,3312,828,30,0);
INSERT INTO parents(self_id, child_id, to_child_count, to_child_calls, to_child_paths, pct) VALUES(2139,2145,3312,828,30,0);
INSERT INTO parents(self_id, child_id, to_child_count, to_child_calls, to_child_paths, pct) VALUES(2137,2146,0,0,0,0);
INSERT INTO parents(self_id, child_id, to_child_count, to_child_calls, to_child_paths, pct) VALUES(2146,2147,3312,828,30,0);
INSERT INTO parents(self_id, child_id, to_child_count, to_child_calls, to_child_paths, pct) VALUES(2146,2148,3312,828,30,0);
INSERT INTO parents(self_id, child_id, to_child_count, to_child_calls, to_child_paths, pct) VALUES(2146,2149,3312,828,30,0);
INSERT INTO parents(self_id, child_id, to_child_count, to_child_calls, to_child_paths, pct) VALUES(2146,2150,3312,828,30,0);
INSERT INTO parents(self_id, child_id, to_child_count, to_child_calls, to_child_paths, pct) VALUES(2146,2151,3312,828,30,0);
INSERT INTO parents(self_id, child_id, to_child_count, to_child_calls, to_child_paths, pct) VALUES(2146,2152,3312,828,30,0);
INSERT INTO parents(self_id, child_id, to_child_count, to_child_calls, to_child_paths, pct) VALUES(2120,2153,0,0,0,0);
INSERT INTO parents(self_id, child_id, to_child_count, to_child_calls, to_child_paths, pct) VALUES(2153,2154,27648,6912,4,0);
INSERT INTO parents(self_id, child_id, to_child_count, to_child_calls, to_child_paths, pct) VALUES(2153,2155,0,0,0,0);
INSERT INTO parents(self_id, child_id, to_child_count, to_child_calls, to_child_paths, pct) VALUES(2155,2156,3312,828,30,0);
INSERT INTO parents(self_id, child_id, to_child_count, to_child_calls, to_child_paths, pct) VALUES(2155,2157,3312,828,30,0);
INSERT INTO parents(self_id, child_id, to_child_count, to_child_calls, to_child_paths, pct) VALUES(2155,2158,3312,828,30,0);
INSERT INTO parents(self_id, child_id, to_child_count, to_child_calls, to_child_paths, pct) VALUES(2155,2159,3312,828,30,0);
INSERT INTO parents(self_id, child_id, to_child_count, to_child_calls, to_child_paths, pct) VALUES(2155,2160,3312,828,30,0);
INSERT INTO parents(self_id, child_id, to_child_count, to_child_calls, to_child_paths, pct) VALUES(2155,2161,3312,828,30,0);
INSERT INTO parents(self_id, child_id, to_child_count, to_child_calls, to_child_paths, pct) VALUES(2153,2162,0,0,0,0);
INSERT INTO parents(self_id, child_id, to_child_count, to_child_calls, to_child_paths, pct) VALUES(2162,2163,3312,828,30,0);
INSERT INTO parents(self_id, child_id, to_child_count, to_child_calls, to_child_paths, pct) VALUES(2162,2164,3312,828,30,0);
INSERT INTO parents(self_id, child_id, to_child_count, to_child_calls, to_child_paths, pct) VALUES(2162,2165,3312,828,30,0);
INSERT INTO parents(self_id, child_id, to_child_count, to_child_calls, to_child_paths, pct) VALUES(2162,2166,3312,828,30,0);
INSERT INTO parents(self_id, child_id, to_child_count, to_child_calls, to_child_paths, pct) VALUES(2162,2167,3312,828,30,0);
INSERT INTO parents(self_id, child_id, to_child_count, to_child_calls, to_child_paths, pct) VALUES(2162,2168,3312,828,30,0);
INSERT INTO parents(self_id, child_id, to_child_count, to_child_calls, to_child_paths, pct) VALUES(1808,2169,0,0,0,0);
INSERT INTO parents(self_id, child_id, to_child_count, to_child_calls, to_child_paths, pct) VALUES(2169,2170,0,0,0,0);
INSERT INTO parents(self_id, child_id, to_child_count, to_child_calls, to_child_paths, pct) VALUES(2170,2171,27648,6912,4,0);
INSERT INTO parents(self_id, child_id, to_child_count, to_child_calls, to_child_paths, pct) VALUES(2170,2172,0,0,0,0);
INSERT INTO parents(self_id, child_id, to_child_count, to_child_calls, to_child_paths, pct) VALUES(2172,2173,3312,828,30,0);
INSERT INTO parents(self_id, child_id, to_child_count, to_child_calls, to_child_paths, pct) VALUES(2172,2174,3312,828,30,0);
INSERT INTO parents(self_id, child_id, to_child_count, to_child_calls, to_child_paths, pct) VALUES(2172,2175,3312,828,30,0);
INSERT INTO parents(self_id, child_id, to_child_count, to_child_calls, to_child_paths, pct) VALUES(2172,2176,3312,828,30,0);
INSERT INTO parents(self_id, child_id, to_child_count, to_child_calls, to_child_paths, pct) VALUES(2172,2177,3312,828,30,0);
INSERT INTO parents(self_id, child_id, to_child_count, to_child_calls, to_child_paths, pct) VALUES(2172,2178,3312,828,30,0);
INSERT INTO parents(self_id, child_id, to_child_count, to_child_calls, to_child_paths, pct) VALUES(2170,2179,0,0,0,0);
INSERT INTO parents(self_id, child_id, to_child_count, to_child_calls, to_child_paths, pct) VALUES(2179,2180,3312,828,30,0);
INSERT INTO parents(self_id, child_id, to_child_count, to_child_calls, to_child_paths, pct) VALUES(2179,2181,3312,828,30,0);
INSERT INTO parents(self_id, child_id, to_child_count, to_child_calls, to_child_paths, pct) VALUES(2179,2182,3312,828,30,0);
INSERT INTO parents(self_id, child_id, to_child_count, to_child_calls, to_child_paths, pct) VALUES(2179,2183,3312,828,30,0);
INSERT INTO parents(self_id, child_id, to_child_count, to_child_calls, to_child_paths, pct) VALUES(2179,2184,3312,828,30,0);
INSERT INTO parents(self_id, child_id, to_child_count, to_child_calls, to_child_paths, pct) VALUES(2179,2185,3312,828,30,0);
INSERT INTO parents(self_id, child_id, to_child_count, to_child_calls, to_child_paths, pct) VALUES(2169,2186,0,0,0,0);
INSERT INTO parents(self_id, child_id, to_child_count, to_child_calls, to_child_paths, pct) VALUES(2186,2187,27648,6912,4,0);
INSERT INTO parents(self_id, child_id, to_child_count, to_child_calls, to_child_paths, pct) VALUES(2186,2188,0,0,0,0);
INSERT INTO parents(self_id, child_id, to_child_count, to_child_calls, to_child_paths, pct) VALUES(2188,2189,3312,828,30,0);
INSERT INTO parents(self_id, child_id, to_child_count, to_child_calls, to_child_paths, pct) VALUES(2188,2190,3312,828,30,0);
INSERT INTO parents(self_id, child_id, to_child_count, to_child_calls, to_child_paths, pct) VALUES(2188,2191,3312,828,30,0);
INSERT INTO parents(self_id, child_id, to_child_count, to_child_calls, to_child_paths, pct) VALUES(2188,2192,3312,828,30,0);
INSERT INTO parents(self_id, child_id, to_child_count, to_child_calls, to_child_paths, pct) VALUES(2188,2193,3312,828,30,0);
INSERT INTO parents(self_id, child_id, to_child_count, to_child_calls, to_child_paths, pct) VALUES(2188,2194,3312,828,30,0);
INSERT INTO parents(self_id, child_id, to_child_count, to_child_calls, to_child_paths, pct) VALUES(2186,2195,0,0,0,0);
INSERT INTO parents(self_id, child_id, to_child_count, to_child_calls, to_child_paths, pct) VALUES(2195,2196,3312,828,30,0);
INSERT INTO parents(self_id, child_id, to_child_count, to_child_calls, to_child_paths, pct) VALUES(2195,2197,3312,828,30,0);
INSERT INTO parents(self_id, child_id, to_child_count, to_child_calls, to_child_paths, pct) VALUES(2195,2198,3312,828,30,0);
INSERT INTO parents(self_id, child_id, to_child_count, to_child_calls, to_child_paths, pct) VALUES(2195,2199,3312,828,30,0);
INSERT INTO parents(self_id, child_id, to_child_count, to_child_calls, to_child_paths, pct) VALUES(2195,2200,3312,828,30,0);
INSERT INTO parents(self_id, child_id, to_child_count, to_child_calls, to_child_paths, pct) VALUES(2195,2201,3312,828,30,0);
INSERT INTO parents(self_id, child_id, to_child_count, to_child_calls, to_child_paths, pct) VALUES(2169,2202,0,0,0,0);
INSERT INTO parents(self_id, child_id, to_child_count, to_child_calls, to_child_paths, pct) VALUES(2202,2203,27648,6912,4,0);
INSERT INTO parents(self_id, child_id, to_child_count, to_child_calls, to_child_paths, pct) VALUES(2202,2204,0,0,0,0);
INSERT INTO parents(self_id, child_id, to_child_count, to_child_calls, to_child_paths, pct) VALUES(2204,2205,3312,828,30,0);
INSERT INTO parents(self_id, child_id, to_child_count, to_child_calls, to_child_paths, pct) VALUES(2204,2206,3312,828,30,0);
INSERT INTO parents(self_id, child_id, to_child_count, to_child_calls, to_child_paths, pct) VALUES(2204,2207,3312,828,30,0);
INSERT INTO parents(self_id, child_id, to_child_count, to_child_calls, to_child_paths, pct) VALUES(2204,2208,3312,828,30,0);
INSERT INTO parents(self_id, child_id, to_child_count, to_child_calls, to_child_paths, pct) VALUES(2204,2209,3312,828,30,0);
INSERT INTO parents(self_id, child_id, to_child_count, to_child_calls, to_child_paths, pct) VALUES(2204,2210,3312,828,30,0);
INSERT INTO parents(self_id, child_id, to_child_count, to_child_calls, to_child_paths, pct) VALUES(2202,2211,0,0,0,0);
INSERT INTO parents(self_id, child_id, to_child_count, to_child_calls, to_child_paths, pct) VALUES(2211,2212,3312,828,30,0);
INSERT INTO parents(self_id, child_id, to_child_count, to_child_calls, to_child_paths, pct) VALUES(2211,2213,3312,828,30,0);
INSERT INTO parents(self_id, child_id, to_child_count, to_child_calls, to_child_paths, pct) VALUES(2211,2214,3312,828,30,0);
INSERT INTO parents(self_id, child_id, to_child_count, to_child_calls, to_child_paths, pct) VALUES(2211,2215,3312,828,30,0);
INSERT INTO parents(self_id, child_id, to_child_count, to_child_calls, to_child_paths, pct) VALUES(2211,2216,3312,828,30,0);
INSERT INTO parents(self_id, child_id, to_child_count, to_child_calls, to_child_paths, pct) VALUES(2211,2217,3312,828,30,0);
INSERT INTO parents(self_id, child_id, to_child_count, to_child_calls, to_child_paths, pct) VALUES(1808,2218,99512,24878,200,0);
INSERT INTO parents(self_id, child_id, to_child_count, to_child_calls, to_child_paths, pct) VALUES(1807,2219,1392,348,2,0);
INSERT INTO parents(self_id, child_id, to_child_count, to_child_calls, to_child_paths, pct) VALUES(1807,2220,2880,720,4,0);
INSERT INTO parents(self_id, child_id, to_child_count, to_child_calls, to_child_paths, pct) VALUES(2220,2221,0,0,0,0);
INSERT INTO parents(self_id, child_id, to_child_count, to_child_calls, to_child_paths, pct) VALUES(2220,2222,0,0,0,0);
INSERT INTO parents(self_id, child_id, to_child_count, to_child_calls, to_child_paths, pct) VALUES(2220,2223,0,0,0,0);
INSERT INTO parents(self_id, child_id, to_child_count, to_child_calls, to_child_paths, pct) VALUES(2220,2224,0,0,0,0);
INSERT INTO parents(self_id, child_id, to_child_count, to_child_calls, to_child_paths, pct) VALUES(1807,2225,36,9,3,0);
INSERT INTO parents(self_id, child_id, to_child_count, to_child_calls, to_child_paths, pct) VALUES(1807,2226,80,20,3,0);
INSERT INTO parents(self_id, child_id, to_child_count, to_child_calls, to_child_paths, pct) VALUES(2226,2227,0,0,0,0);
INSERT INTO parents(self_id, child_id, to_child_count, to_child_calls, to_child_paths, pct) VALUES(2227,2228,0,0,0,0);
INSERT INTO parents(self_id, child_id, to_child_count, to_child_calls, to_child_paths, pct) VALUES(2228,2229,73440,18360,12,0);
INSERT INTO parents(self_id, child_id, to_child_count, to_child_calls, to_child_paths, pct) VALUES(2228,2230,0,0,0,0);
INSERT INTO parents(self_id, child_id, to_child_count, to_child_calls, to_child_paths, pct) VALUES(2230,2231,1888,472,10,0);
INSERT INTO parents(self_id, child_id, to_child_count, to_child_calls, to_child_paths, pct) VALUES(2230,2232,2248,562,10,0);
INSERT INTO parents(self_id, child_id, to_child_count, to_child_calls, to_child_paths, pct) VALUES(2230,2233,1168,292,10,0);
INSERT INTO parents(self_id, child_id, to_child_count, to_child_calls, to_child_paths, pct) VALUES(2230,2234,1264,316,10,0);
INSERT INTO parents(self_id, child_id, to_child_count, to_child_calls, to_child_paths, pct) VALUES(2228,2235,0,0,0,0);
INSERT INTO parents(self_id, child_id, to_child_count, to_child_calls, to_child_paths, pct) VALUES(2235,2236,1888,472,10,0);
INSERT INTO parents(self_id, child_id, to_child_count, to_child_calls, to_child_paths, pct) VALUES(2235,2237,2248,562,10,0);
INSERT INTO parents(self_id, child_id, to_child_count, to_child_calls, to_child_paths, pct) VALUES(2235,2238,1168,292,10,0);
INSERT INTO parents(self_id, child_id, to_child_count, to_child_calls, to_child_paths, pct) VALUES(2235,2239,1456,364,10,0);
INSERT INTO parents(self_id, child_id, to_child_count, to_child_calls, to_child_paths, pct) VALUES(2228,2240,0,0,0,0);
INSERT INTO parents(self_id, child_id, to_child_count, to_child_calls, to_child_paths, pct) VALUES(2240,2241,1888,472,10,0);
INSERT INTO parents(self_id, child_id, to_child_count, to_child_calls, to_child_paths, pct) VALUES(2240,2242,2248,562,10,0);
INSERT INTO parents(self_id, child_id, to_child_count, to_child_calls, to_child_paths, pct) VALUES(2240,2243,1168,292,10,0);
INSERT INTO parents(self_id, child_id, to_child_count, to_child_calls, to_child_paths, pct) VALUES(2240,2244,632,158,5,0);
INSERT INTO parents(self_id, child_id, to_child_count, to_child_calls, to_child_paths, pct) VALUES(2228,2245,0,0,0,0);
INSERT INTO parents(self_id, child_id, to_child_count, to_child_calls, to_child_paths, pct) VALUES(2245,2246,1888,472,10,0);
INSERT INTO parents(self_id, child_id, to_child_count, to_child_calls, to_child_paths, pct) VALUES(2245,2247,2248,562,10,0);
INSERT INTO parents(self_id, child_id, to_child_count, to_child_calls, to_child_paths, pct) VALUES(2245,2248,1168,292,10,0);
INSERT INTO parents(self_id, child_id, to_child_count, to_child_calls, to_child_paths, pct) VALUES(2245,2249,1168,292,10,0);
INSERT INTO parents(self_id, child_id, to_child_count, to_child_calls, to_child_paths, pct) VALUES(2228,2250,0,0,0,0);
INSERT INTO parents(self_id, child_id, to_child_count, to_child_calls, to_child_paths, pct) VALUES(2250,2251,1888,472,10,0);
INSERT INTO parents(self_id, child_id, to_child_count, to_child_calls, to_child_paths, pct) VALUES(2250,2252,2248,562,10,0);
INSERT INTO parents(self_id, child_id, to_child_count, to_child_calls, to_child_paths, pct) VALUES(2250,2253,1168,292,10,0);
INSERT INTO parents(self_id, child_id, to_child_count, to_child_calls, to_child_paths, pct) VALUES(2250,2254,1264,316,10,0);
INSERT INTO parents(self_id, child_id, to_child_count, to_child_calls, to_child_paths, pct) VALUES(2228,2255,0,0,0,0);
INSERT INTO parents(self_id, child_id, to_child_count, to_child_calls, to_child_paths, pct) VALUES(2255,2256,1888,472,10,0);
INSERT INTO parents(self_id, child_id, to_child_count, to_child_calls, to_child_paths, pct) VALUES(2255,2257,2248,562,10,0);
INSERT INTO parents(self_id, child_id, to_child_count, to_child_calls, to_child_paths, pct) VALUES(2255,2258,1168,292,10,0);
INSERT INTO parents(self_id, child_id, to_child_count, to_child_calls, to_child_paths, pct) VALUES(2255,2259,1264,316,10,0);
INSERT INTO parents(self_id, child_id, to_child_count, to_child_calls, to_child_paths, pct) VALUES(2228,2260,0,0,0,0);
INSERT INTO parents(self_id, child_id, to_child_count, to_child_calls, to_child_paths, pct) VALUES(2260,2261,1888,472,10,0);
INSERT INTO parents(self_id, child_id, to_child_count, to_child_calls, to_child_paths, pct) VALUES(2260,2262,2248,562,10,0);
INSERT INTO parents(self_id, child_id, to_child_count, to_child_calls, to_child_paths, pct) VALUES(2260,2263,1168,292,10,0);
INSERT INTO parents(self_id, child_id, to_child_count, to_child_calls, to_child_paths, pct) VALUES(2260,2264,2144,536,20,0);
INSERT INTO parents(self_id, child_id, to_child_count, to_child_calls, to_child_paths, pct) VALUES(2228,2265,0,0,0,0);
INSERT INTO parents(self_id, child_id, to_child_count, to_child_calls, to_child_paths, pct) VALUES(2265,2266,1888,472,10,0);
INSERT INTO parents(self_id, child_id, to_child_count, to_child_calls, to_child_paths, pct) VALUES(2265,2267,2248,562,10,0);
INSERT INTO parents(self_id, child_id, to_child_count, to_child_calls, to_child_paths, pct) VALUES(2265,2268,1168,292,10,0);
INSERT INTO parents(self_id, child_id, to_child_count, to_child_calls, to_child_paths, pct) VALUES(2265,2269,1264,316,10,0);
INSERT INTO parents(self_id, child_id, to_child_count, to_child_calls, to_child_paths, pct) VALUES(2228,2270,0,0,0,0);
INSERT INTO parents(self_id, child_id, to_child_count, to_child_calls, to_child_paths, pct) VALUES(2270,2271,1888,472,10,0);
INSERT INTO parents(self_id, child_id, to_child_count, to_child_calls, to_child_paths, pct) VALUES(2270,2272,2248,562,10,0);
INSERT INTO parents(self_id, child_id, to_child_count, to_child_calls, to_child_paths, pct) VALUES(2270,2273,1168,292,10,0);
INSERT INTO parents(self_id, child_id, to_child_count, to_child_calls, to_child_paths, pct) VALUES(2270,2274,1264,316,10,0);
INSERT INTO parents(self_id, child_id, to_child_count, to_child_calls, to_child_paths, pct) VALUES(2228,2275,0,0,0,0);
INSERT INTO parents(self_id, child_id, to_child_count, to_child_calls, to_child_paths, pct) VALUES(2275,2276,1888,472,10,0);
INSERT INTO parents(self_id, child_id, to_child_count, to_child_calls, to_child_paths, pct) VALUES(2275,2277,2248,562,10,0);
INSERT INTO parents(self_id, child_id, to_child_count, to_child_calls, to_child_paths, pct) VALUES(2275,2278,1168,292,10,0);
INSERT INTO parents(self_id, child_id, to_child_count, to_child_calls, to_child_paths, pct) VALUES(2275,2279,1264,316,10,0);
INSERT INTO parents(self_id, child_id, to_child_count, to_child_calls, to_child_paths, pct) VALUES(2228,2280,0,0,0,0);
INSERT INTO parents(self_id, child_id, to_child_count, to_child_calls, to_child_paths, pct) VALUES(2280,2281,1888,472,10,0);
INSERT INTO parents(self_id, child_id, to_child_count, to_child_calls, to_child_paths, pct) VALUES(2280,2282,2248,562,10,0);
INSERT INTO parents(self_id, child_id, to_child_count, to_child_calls, to_child_paths, pct) VALUES(2280,2283,1168,292,10,0);
INSERT INTO parents(self_id, child_id, to_child_count, to_child_calls, to_child_paths, pct) VALUES(2280,2284,1168,292,10,0);
INSERT INTO parents(self_id, child_id, to_child_count, to_child_calls, to_child_paths, pct) VALUES(2228,2285,0,0,0,0);
INSERT INTO parents(self_id, child_id, to_child_count, to_child_calls, to_child_paths, pct) VALUES(2285,2286,1888,472,10,0);
INSERT INTO parents(self_id, child_id, to_child_count, to_child_calls, to_child_paths, pct) VALUES(2285,2287,2248,562,10,0);
INSERT INTO parents(self_id, child_id, to_child_count, to_child_calls, to_child_paths, pct) VALUES(2285,2288,1168,292,10,0);
INSERT INTO parents(self_id, child_id, to_child_count, to_child_calls, to_child_paths, pct) VALUES(2285,2289,632,158,5,0);
INSERT INTO parents(self_id, child_id, to_child_count, to_child_calls, to_child_paths, pct) VALUES(2227,2290,0,0,0,0);
INSERT INTO parents(self_id, child_id, to_child_count, to_child_calls, to_child_paths, pct) VALUES(2290,2291,73440,18360,12,0);
INSERT INTO parents(self_id, child_id, to_child_count, to_child_calls, to_child_paths, pct) VALUES(2290,2292,0,0,0,0);
INSERT INTO parents(self_id, child_id, to_child_count, to_child_calls, to_child_paths, pct) VALUES(2292,2293,1888,472,10,0);
INSERT INTO parents(self_id, child_id, to_child_count, to_child_calls, to_child_paths, pct) VALUES(2292,2294,2224,556,10,0);
INSERT INTO parents(self_id, child_id, to_child_count, to_child_calls, to_child_paths, pct) VALUES(2292,2295,1168,292,10,0);
INSERT INTO parents(self_id, child_id, to_child_count, to_child_calls, to_child_paths, pct) VALUES(2292,2296,1264,316,10,0);
INSERT INTO parents(self_id, child_id, to_child_count, to_child_calls, to_child_paths, pct) VALUES(2290,2297,0,0,0,0);
INSERT INTO parents(self_id, child_id, to_child_count, to_child_calls, to_child_paths, pct) VALUES(2297,2298,1888,472,10,0);
INSERT INTO parents(self_id, child_id, to_child_count, to_child_calls, to_child_paths, pct) VALUES(2297,2299,2224,556,10,0);
INSERT INTO parents(self_id, child_id, to_child_count, to_child_calls, to_child_paths, pct) VALUES(2297,2300,1168,292,10,0);
INSERT INTO parents(self_id, child_id, to_child_count, to_child_calls, to_child_paths, pct) VALUES(2297,2301,1456,364,10,0);
INSERT INTO parents(self_id, child_id, to_child_count, to_child_calls, to_child_paths, pct) VALUES(2290,2302,0,0,0,0);
INSERT INTO parents(self_id, child_id, to_child_count, to_child_calls, to_child_paths, pct) VALUES(2302,2303,1888,472,10,0);
INSERT INTO parents(self_id, child_id, to_child_count, to_child_calls, to_child_paths, pct) VALUES(2302,2304,2224,556,10,0);
INSERT INTO parents(self_id, child_id, to_child_count, to_child_calls, to_child_paths, pct) VALUES(2302,2305,1168,292,10,0);
INSERT INTO parents(self_id, child_id, to_child_count, to_child_calls, to_child_paths, pct) VALUES(2302,2306,632,158,5,0);
INSERT INTO parents(self_id, child_id, to_child_count, to_child_calls, to_child_paths, pct) VALUES(2290,2307,0,0,0,0);
INSERT INTO parents(self_id, child_id, to_child_count, to_child_calls, to_child_paths, pct) VALUES(2307,2308,1888,472,10,0);
INSERT INTO parents(self_id, child_id, to_child_count, to_child_calls, to_child_paths, pct) VALUES(2307,2309,2224,556,10,0);
INSERT INTO parents(self_id, child_id, to_child_count, to_child_calls, to_child_paths, pct) VALUES(2307,2310,1168,292,10,0);
INSERT INTO parents(self_id, child_id, to_child_count, to_child_calls, to_child_paths, pct) VALUES(2307,2311,1168,292,10,0);
INSERT INTO parents(self_id, child_id, to_child_count, to_child_calls, to_child_paths, pct) VALUES(2290,2312,0,0,0,0);
INSERT INTO parents(self_id, child_id, to_child_count, to_child_calls, to_child_paths, pct) VALUES(2312,2313,1888,472,10,0);
INSERT INTO parents(self_id, child_id, to_child_count, to_child_calls, to_child_paths, pct) VALUES(2312,2314,2224,556,10,0);
INSERT INTO parents(self_id, child_id, to_child_count, to_child_calls, to_child_paths, pct) VALUES(2312,2315,1168,292,10,0);
INSERT INTO parents(self_id, child_id, to_child_count, to_child_calls, to_child_paths, pct) VALUES(2312,2316,1264,316,10,0);
INSERT INTO parents(self_id, child_id, to_child_count, to_child_calls, to_child_paths, pct) VALUES(2290,2317,0,0,0,0);
INSERT INTO parents(self_id, child_id, to_child_count, to_child_calls, to_child_paths, pct) VALUES(2317,2318,1888,472,10,0);
INSERT INTO parents(self_id, child_id, to_child_count, to_child_calls, to_child_paths, pct) VALUES(2317,2319,2224,556,10,0);
INSERT INTO parents(self_id, child_id, to_child_count, to_child_calls, to_child_paths, pct) VALUES(2317,2320,1168,292,10,0);
INSERT INTO parents(self_id, child_id, to_child_count, to_child_calls, to_child_paths, pct) VALUES(2317,2321,1264,316,10,0);
INSERT INTO parents(self_id, child_id, to_child_count, to_child_calls, to_child_paths, pct) VALUES(2290,2322,0,0,0,0);
INSERT INTO parents(self_id, child_id, to_child_count, to_child_calls, to_child_paths, pct) VALUES(2322,2323,1888,472,10,0);
INSERT INTO parents(self_id, child_id, to_child_count, to_child_calls, to_child_paths, pct) VALUES(2322,2324,2224,556,10,0);
INSERT INTO parents(self_id, child_id, to_child_count, to_child_calls, to_child_paths, pct) VALUES(2322,2325,1168,292,10,0);
INSERT INTO parents(self_id, child_id, to_child_count, to_child_calls, to_child_paths, pct) VALUES(2322,2326,2144,536,20,0);
INSERT INTO parents(self_id, child_id, to_child_count, to_child_calls, to_child_paths, pct) VALUES(2290,2327,0,0,0,0);
INSERT INTO parents(self_id, child_id, to_child_count, to_child_calls, to_child_paths, pct) VALUES(2327,2328,1888,472,10,0);
INSERT INTO parents(self_id, child_id, to_child_count, to_child_calls, to_child_paths, pct) VALUES(2327,2329,2224,556,10,0);
INSERT INTO parents(self_id, child_id, to_child_count, to_child_calls, to_child_paths, pct) VALUES(2327,2330,1168,292,10,0);
INSERT INTO parents(self_id, child_id, to_child_count, to_child_calls, to_child_paths, pct) VALUES(2327,2331,1264,316,10,0);
INSERT INTO parents(self_id, child_id, to_child_count, to_child_calls, to_child_paths, pct) VALUES(2290,2332,0,0,0,0);
INSERT INTO parents(self_id, child_id, to_child_count, to_child_calls, to_child_paths, pct) VALUES(2332,2333,1888,472,10,0);
INSERT INTO parents(self_id, child_id, to_child_count, to_child_calls, to_child_paths, pct) VALUES(2332,2334,2224,556,10,0);
INSERT INTO parents(self_id, child_id, to_child_count, to_child_calls, to_child_paths, pct) VALUES(2332,2335,1168,292,10,0);
INSERT INTO parents(self_id, child_id, to_child_count, to_child_calls, to_child_paths, pct) VALUES(2332,2336,1264,316,10,0);
INSERT INTO parents(self_id, child_id, to_child_count, to_child_calls, to_child_paths, pct) VALUES(2290,2337,0,0,0,0);
INSERT INTO parents(self_id, child_id, to_child_count, to_child_calls, to_child_paths, pct) VALUES(2337,2338,1888,472,10,0);
INSERT INTO parents(self_id, child_id, to_child_count, to_child_calls, to_child_paths, pct) VALUES(2337,2339,2224,556,10,0);
INSERT INTO parents(self_id, child_id, to_child_count, to_child_calls, to_child_paths, pct) VALUES(2337,2340,1168,292,10,0);
INSERT INTO parents(self_id, child_id, to_child_count, to_child_calls, to_child_paths, pct) VALUES(2337,2341,1264,316,10,0);
INSERT INTO parents(self_id, child_id, to_child_count, to_child_calls, to_child_paths, pct) VALUES(2290,2342,0,0,0,0);
INSERT INTO parents(self_id, child_id, to_child_count, to_child_calls, to_child_paths, pct) VALUES(2342,2343,1888,472,10,0);
INSERT INTO parents(self_id, child_id, to_child_count, to_child_calls, to_child_paths, pct) VALUES(2342,2344,2224,556,10,0);
INSERT INTO parents(self_id, child_id, to_child_count, to_child_calls, to_child_paths, pct) VALUES(2342,2345,1168,292,10,0);
INSERT INTO parents(self_id, child_id, to_child_count, to_child_calls, to_child_paths, pct) VALUES(2342,2346,1168,292,10,0);
INSERT INTO parents(self_id, child_id, to_child_count, to_child_calls, to_child_paths, pct) VALUES(2290,2347,0,0,0,0);
INSERT INTO parents(self_id, child_id, to_child_count, to_child_calls, to_child_paths, pct) VALUES(2347,2348,1888,472,10,0);
INSERT INTO parents(self_id, child_id, to_child_count, to_child_calls, to_child_paths, pct) VALUES(2347,2349,2224,556,10,0);
INSERT INTO parents(self_id, child_id, to_child_count, to_child_calls, to_child_paths, pct) VALUES(2347,2350,1168,292,10,0);
INSERT INTO parents(self_id, child_id, to_child_count, to_child_calls, to_child_paths, pct) VALUES(2347,2351,632,158,5,0);
INSERT INTO parents(self_id, child_id, to_child_count, to_child_calls, to_child_paths, pct) VALUES(2227,2352,0,0,0,0);
INSERT INTO parents(self_id, child_id, to_child_count, to_child_calls, to_child_paths, pct) VALUES(2352,2353,73440,18360,12,0);
INSERT INTO parents(self_id, child_id, to_child_count, to_child_calls, to_child_paths, pct) VALUES(2352,2354,0,0,0,0);
INSERT INTO parents(self_id, child_id, to_child_count, to_child_calls, to_child_paths, pct) VALUES(2354,2355,1888,472,10,0);
INSERT INTO parents(self_id, child_id, to_child_count, to_child_calls, to_child_paths, pct) VALUES(2354,2356,2248,562,10,0);
INSERT INTO parents(self_id, child_id, to_child_count, to_child_calls, to_child_paths, pct) VALUES(2354,2357,1168,292,10,0);
INSERT INTO parents(self_id, child_id, to_child_count, to_child_calls, to_child_paths, pct) VALUES(2354,2358,1264,316,10,0);
INSERT INTO parents(self_id, child_id, to_child_count, to_child_calls, to_child_paths, pct) VALUES(2352,2359,0,0,0,0);
INSERT INTO parents(self_id, child_id, to_child_count, to_child_calls, to_child_paths, pct) VALUES(2359,2360,1888,472,10,0);
INSERT INTO parents(self_id, child_id, to_child_count, to_child_calls, to_child_paths, pct) VALUES(2359,2361,2248,562,10,0);
INSERT INTO parents(self_id, child_id, to_child_count, to_child_calls, to_child_paths, pct) VALUES(2359,2362,1168,292,10,0);
INSERT INTO parents(self_id, child_id, to_child_count, to_child_calls, to_child_paths, pct) VALUES(2359,2363,1456,364,10,0);
INSERT INTO parents(self_id, child_id, to_child_count, to_child_calls, to_child_paths, pct) VALUES(2352,2364,0,0,0,0);
INSERT INTO parents(self_id, child_id, to_child_count, to_child_calls, to_child_paths, pct) VALUES(2364,2365,1888,472,10,0);
INSERT INTO parents(self_id, child_id, to_child_count, to_child_calls, to_child_paths, pct) VALUES(2364,2366,2248,562,10,0);
INSERT INTO parents(self_id, child_id, to_child_count, to_child_calls, to_child_paths, pct) VALUES(2364,2367,1168,292,10,0);
INSERT INTO parents(self_id, child_id, to_child_count, to_child_calls, to_child_paths, pct) VALUES(2364,2368,632,158,5,0);
INSERT INTO parents(self_id, child_id, to_child_count, to_child_calls, to_child_paths, pct) VALUES(2352,2369,0,0,0,0);
INSERT INTO parents(self_id, child_id, to_child_count, to_child_calls, to_child_paths, pct) VALUES(2369,2370,1888,472,10,0);
INSERT INTO parents(self_id, child_id, to_child_count, to_child_calls, to_child_paths, pct) VALUES(2369,2371,2248,562,10,0);
INSERT INTO parents(self_id, child_id, to_child_count, to_child_calls, to_child_paths, pct) VALUES(2369,2372,1168,292,10,0);
INSERT INTO parents(self_id, child_id, to_child_count, to_child_calls, to_child_paths, pct) VALUES(2369,2373,1168,292,10,0);
INSERT INTO parents(self_id, child_id, to_child_count, to_child_calls, to_child_paths, pct) VALUES(2352,2374,0,0,0,0);
INSERT INTO parents(self_id, child_id, to_child_count, to_child_calls, to_child_paths, pct) VALUES(2374,2375,1888,472,10,0);
INSERT INTO parents(self_id, child_id, to_child_count, to_child_calls, to_child_paths, pct) VALUES(2374,2376,2248,562,10,0);
INSERT INTO parents(self_id, child_id, to_child_count, to_child_calls, to_child_paths, pct) VALUES(2374,2377,1168,292,10,0);
INSERT INTO parents(self_id, child_id, to_child_count, to_child_calls, to_child_paths, pct) VALUES(2374,2378,1264,316,10,0);
INSERT INTO parents(self_id, child_id, to_child_count, to_child_calls, to_child_paths, pct) VALUES(2352,2379,0,0,0,0);
INSERT INTO parents(self_id, child_id, to_child_count, to_child_calls, to_child_paths, pct) VALUES(2379,2380,1888,472,10,0);
INSERT INTO parents(self_id, child_id, to_child_count, to_child_calls, to_child_paths, pct) VALUES(2379,2381,2248,562,10,0);
INSERT INTO parents(self_id, child_id, to_child_count, to_child_calls, to_child_paths, pct) VALUES(2379,2382,1168,292,10,0);
INSERT INTO parents(self_id, child_id, to_child_count, to_child_calls, to_child_paths, pct) VALUES(2379,2383,1264,316,10,0);
INSERT INTO parents(self_id, child_id, to_child_count, to_child_calls, to_child_paths, pct) VALUES(2352,2384,0,0,0,0);
INSERT INTO parents(self_id, child_id, to_child_count, to_child_calls, to_child_paths, pct) VALUES(2384,2385,1888,472,10,0);
INSERT INTO parents(self_id, child_id, to_child_count, to_child_calls, to_child_paths, pct) VALUES(2384,2386,2248,562,10,0);
INSERT INTO parents(self_id, child_id, to_child_count, to_child_calls, to_child_paths, pct) VALUES(2384,2387,1168,292,10,0);
INSERT INTO parents(self_id, child_id, to_child_count, to_child_calls, to_child_paths, pct) VALUES(2384,2388,2144,536,20,0);
INSERT INTO parents(self_id, child_id, to_child_count, to_child_calls, to_child_paths, pct) VALUES(2352,2389,0,0,0,0);
INSERT INTO parents(self_id, child_id, to_child_count, to_child_calls, to_child_paths, pct) VALUES(2389,2390,1888,472,10,0);
INSERT INTO parents(self_id, child_id, to_child_count, to_child_calls, to_child_paths, pct) VALUES(2389,2391,2248,562,10,0);
INSERT INTO parents(self_id, child_id, to_child_count, to_child_calls, to_child_paths, pct) VALUES(2389,2392,1168,292,10,0);
INSERT INTO parents(self_id, child_id, to_child_count, to_child_calls, to_child_paths, pct) VALUES(2389,2393,1264,316,10,0);
INSERT INTO parents(self_id, child_id, to_child_count, to_child_calls, to_child_paths, pct) VALUES(2352,2394,0,0,0,0);
INSERT INTO parents(self_id, child_id, to_child_count, to_child_calls, to_child_paths, pct) VALUES(2394,2395,1888,472,10,0);
INSERT INTO parents(self_id, child_id, to_child_count, to_child_calls, to_child_paths, pct) VALUES(2394,2396,2248,562,10,0);
INSERT INTO parents(self_id, child_id, to_child_count, to_child_calls, to_child_paths, pct) VALUES(2394,2397,1168,292,10,0);
INSERT INTO parents(self_id, child_id, to_child_count, to_child_calls, to_child_paths, pct) VALUES(2394,2398,1264,316,10,0);
INSERT INTO parents(self_id, child_id, to_child_count, to_child_calls, to_child_paths, pct) VALUES(2352,2399,0,0,0,0);
INSERT INTO parents(self_id, child_id, to_child_count, to_child_calls, to_child_paths, pct) VALUES(2399,2400,1888,472,10,0);
INSERT INTO parents(self_id, child_id, to_child_count, to_child_calls, to_child_paths, pct) VALUES(2399,2401,2248,562,10,0);
INSERT INTO parents(self_id, child_id, to_child_count, to_child_calls, to_child_paths, pct) VALUES(2399,2402,1168,292,10,0);
INSERT INTO parents(self_id, child_id, to_child_count, to_child_calls, to_child_paths, pct) VALUES(2399,2403,1264,316,10,0);
INSERT INTO parents(self_id, child_id, to_child_count, to_child_calls, to_child_paths, pct) VALUES(2352,2404,0,0,0,0);
INSERT INTO parents(self_id, child_id, to_child_count, to_child_calls, to_child_paths, pct) VALUES(2404,2405,1888,472,10,0);
INSERT INTO parents(self_id, child_id, to_child_count, to_child_calls, to_child_paths, pct) VALUES(2404,2406,2248,562,10,0);
INSERT INTO parents(self_id, child_id, to_child_count, to_child_calls, to_child_paths, pct) VALUES(2404,2407,1168,292,10,0);
INSERT INTO parents(self_id, child_id, to_child_count, to_child_calls, to_child_paths, pct) VALUES(2404,2408,1168,292,10,0);
INSERT INTO parents(self_id, child_id, to_child_count, to_child_calls, to_child_paths, pct) VALUES(2352,2409,0,0,0,0);
INSERT INTO parents(self_id, child_id, to_child_count, to_child_calls, to_child_paths, pct) VALUES(2409,2410,1888,472,10,0);
INSERT INTO parents(self_id, child_id, to_child_count, to_child_calls, to_child_paths, pct) VALUES(2409,2411,2248,562,10,0);
INSERT INTO parents(self_id, child_id, to_child_count, to_child_calls, to_child_paths, pct) VALUES(2409,2412,1168,292,10,0);
INSERT INTO parents(self_id, child_id, to_child_count, to_child_calls, to_child_paths, pct) VALUES(2409,2413,632,158,5,0);
INSERT INTO parents(self_id, child_id, to_child_count, to_child_calls, to_child_paths, pct) VALUES(2227,2414,0,0,0,0);
INSERT INTO parents(self_id, child_id, to_child_count, to_child_calls, to_child_paths, pct) VALUES(2414,2415,73440,18360,12,0);
INSERT INTO parents(self_id, child_id, to_child_count, to_child_calls, to_child_paths, pct) VALUES(2414,2416,0,0,0,0);
INSERT INTO parents(self_id, child_id, to_child_count, to_child_calls, to_child_paths, pct) VALUES(2416,2417,1888,472,10,0);
INSERT INTO parents(self_id, child_id, to_child_count, to_child_calls, to_child_paths, pct) VALUES(2416,2418,2248,562,10,0);
INSERT INTO parents(self_id, child_id, to_child_count, to_child_calls, to_child_paths, pct) VALUES(2416,2419,1168,292,10,0);
INSERT INTO parents(self_id, child_id, to_child_count, to_child_calls, to_child_paths, pct) VALUES(2416,2420,1264,316,10,0);
INSERT INTO parents(self_id, child_id, to_child_count, to_child_calls, to_child_paths, pct) VALUES(2414,2421,0,0,0,0);
INSERT INTO parents(self_id, child_id, to_child_count, to_child_calls, to_child_paths, pct) VALUES(2421,2422,1888,472,10,0);
INSERT INTO parents(self_id, child_id, to_child_count, to_child_calls, to_child_paths, pct) VALUES(2421,2423,2248,562,10,0);
INSERT INTO parents(self_id, child_id, to_child_count, to_child_calls, to_child_paths, pct) VALUES(2421,2424,1168,292,10,0);
INSERT INTO parents(self_id, child_id, to_child_count, to_child_calls, to_child_paths, pct) VALUES(2421,2425,1456,364,10,0);
INSERT INTO parents(self_id, child_id, to_child_count, to_child_calls, to_child_paths, pct) VALUES(2414,2426,0,0,0,0);
INSERT INTO parents(self_id, child_id, to_child_count, to_child_calls, to_child_paths, pct) VALUES(2426,2427,1888,472,10,0);
INSERT INTO parents(self_id, child_id, to_child_count, to_child_calls, to_child_paths, pct) VALUES(2426,2428,2248,562,10,0);
INSERT INTO parents(self_id, child_id, to_child_count, to_child_calls, to_child_paths, pct) VALUES(2426,2429,1168,292,10,0);
INSERT INTO parents(self_id, child_id, to_child_count, to_child_calls, to_child_paths, pct) VALUES(2426,2430,632,158,5,0);
INSERT INTO parents(self_id, child_id, to_child_count, to_child_calls, to_child_paths, pct) VALUES(2414,2431,0,0,0,0);
INSERT INTO parents(self_id, child_id, to_child_count, to_child_calls, to_child_paths, pct) VALUES(2431,2432,1888,472,10,0);
INSERT INTO parents(self_id, child_id, to_child_count, to_child_calls, to_child_paths, pct) VALUES(2431,2433,2248,562,10,0);
INSERT INTO parents(self_id, child_id, to_child_count, to_child_calls, to_child_paths, pct) VALUES(2431,2434,1168,292,10,0);
INSERT INTO parents(self_id, child_id, to_child_count, to_child_calls, to_child_paths, pct) VALUES(2431,2435,1168,292,10,0);
INSERT INTO parents(self_id, child_id, to_child_count, to_child_calls, to_child_paths, pct) VALUES(2414,2436,0,0,0,0);
INSERT INTO parents(self_id, child_id, to_child_count, to_child_calls, to_child_paths, pct) VALUES(2436,2437,1888,472,10,0);
INSERT INTO parents(self_id, child_id, to_child_count, to_child_calls, to_child_paths, pct) VALUES(2436,2438,2248,562,10,0);
INSERT INTO parents(self_id, child_id, to_child_count, to_child_calls, to_child_paths, pct) VALUES(2436,2439,1168,292,10,0);
INSERT INTO parents(self_id, child_id, to_child_count, to_child_calls, to_child_paths, pct) VALUES(2436,2440,1264,316,10,0);
INSERT INTO parents(self_id, child_id, to_child_count, to_child_calls, to_child_paths, pct) VALUES(2414,2441,0,0,0,0);
INSERT INTO parents(self_id, child_id, to_child_count, to_child_calls, to_child_paths, pct) VALUES(2441,2442,1888,472,10,0);
INSERT INTO parents(self_id, child_id, to_child_count, to_child_calls, to_child_paths, pct) VALUES(2441,2443,2248,562,10,0);
INSERT INTO parents(self_id, child_id, to_child_count, to_child_calls, to_child_paths, pct) VALUES(2441,2444,1168,292,10,0);
INSERT INTO parents(self_id, child_id, to_child_count, to_child_calls, to_child_paths, pct) VALUES(2441,2445,1264,316,10,0);
INSERT INTO parents(self_id, child_id, to_child_count, to_child_calls, to_child_paths, pct) VALUES(2414,2446,0,0,0,0);
INSERT INTO parents(self_id, child_id, to_child_count, to_child_calls, to_child_paths, pct) VALUES(2446,2447,1888,472,10,0);
INSERT INTO parents(self_id, child_id, to_child_count, to_child_calls, to_child_paths, pct) VALUES(2446,2448,2248,562,10,0);
INSERT INTO parents(self_id, child_id, to_child_count, to_child_calls, to_child_paths, pct) VALUES(2446,2449,1168,292,10,0);
INSERT INTO parents(self_id, child_id, to_child_count, to_child_calls, to_child_paths, pct) VALUES(2446,2450,2144,536,20,0);
INSERT INTO parents(self_id, child_id, to_child_count, to_child_calls, to_child_paths, pct) VALUES(2414,2451,0,0,0,0);
INSERT INTO parents(self_id, child_id, to_child_count, to_child_calls, to_child_paths, pct) VALUES(2451,2452,1888,472,10,0);
INSERT INTO parents(self_id, child_id, to_child_count, to_child_calls, to_child_paths, pct) VALUES(2451,2453,2248,562,10,0);
INSERT INTO parents(self_id, child_id, to_child_count, to_child_calls, to_child_paths, pct) VALUES(2451,2454,1168,292,10,0);
INSERT INTO parents(self_id, child_id, to_child_count, to_child_calls, to_child_paths, pct) VALUES(2451,2455,1264,316,10,0);
INSERT INTO parents(self_id, child_id, to_child_count, to_child_calls, to_child_paths, pct) VALUES(2414,2456,0,0,0,0);
INSERT INTO parents(self_id, child_id, to_child_count, to_child_calls, to_child_paths, pct) VALUES(2456,2457,1888,472,10,0);
INSERT INTO parents(self_id, child_id, to_child_count, to_child_calls, to_child_paths, pct) VALUES(2456,2458,2248,562,10,0);
INSERT INTO parents(self_id, child_id, to_child_count, to_child_calls, to_child_paths, pct) VALUES(2456,2459,1168,292,10,0);
INSERT INTO parents(self_id, child_id, to_child_count, to_child_calls, to_child_paths, pct) VALUES(2456,2460,1264,316,10,0);
INSERT INTO parents(self_id, child_id, to_child_count, to_child_calls, to_child_paths, pct) VALUES(2414,2461,0,0,0,0);
INSERT INTO parents(self_id, child_id, to_child_count, to_child_calls, to_child_paths, pct) VALUES(2461,2462,1888,472,10,0);
INSERT INTO parents(self_id, child_id, to_child_count, to_child_calls, to_child_paths, pct) VALUES(2461,2463,2248,562,10,0);
INSERT INTO parents(self_id, child_id, to_child_count, to_child_calls, to_child_paths, pct) VALUES(2461,2464,1168,292,10,0);
INSERT INTO parents(self_id, child_id, to_child_count, to_child_calls, to_child_paths, pct) VALUES(2461,2465,1264,316,10,0);
INSERT INTO parents(self_id, child_id, to_child_count, to_child_calls, to_child_paths, pct) VALUES(2414,2466,0,0,0,0);
INSERT INTO parents(self_id, child_id, to_child_count, to_child_calls, to_child_paths, pct) VALUES(2466,2467,1888,472,10,0);
INSERT INTO parents(self_id, child_id, to_child_count, to_child_calls, to_child_paths, pct) VALUES(2466,2468,2248,562,10,0);
INSERT INTO parents(self_id, child_id, to_child_count, to_child_calls, to_child_paths, pct) VALUES(2466,2469,1168,292,10,0);
INSERT INTO parents(self_id, child_id, to_child_count, to_child_calls, to_child_paths, pct) VALUES(2466,2470,1168,292,10,0);
INSERT INTO parents(self_id, child_id, to_child_count, to_child_calls, to_child_paths, pct) VALUES(2414,2471,0,0,0,0);
INSERT INTO parents(self_id, child_id, to_child_count, to_child_calls, to_child_paths, pct) VALUES(2471,2472,1888,472,10,0);
INSERT INTO parents(self_id, child_id, to_child_count, to_child_calls, to_child_paths, pct) VALUES(2471,2473,2248,562,10,0);
INSERT INTO parents(self_id, child_id, to_child_count, to_child_calls, to_child_paths, pct) VALUES(2471,2474,1168,292,10,0);
INSERT INTO parents(self_id, child_id, to_child_count, to_child_calls, to_child_paths, pct) VALUES(2471,2475,632,158,5,0);
INSERT INTO parents(self_id, child_id, to_child_count, to_child_calls, to_child_paths, pct) VALUES(2227,2476,0,0,0,0);
INSERT INTO parents(self_id, child_id, to_child_count, to_child_calls, to_child_paths, pct) VALUES(2476,2477,73440,18360,12,0);
INSERT INTO parents(self_id, child_id, to_child_count, to_child_calls, to_child_paths, pct) VALUES(2476,2478,0,0,0,0);
INSERT INTO parents(self_id, child_id, to_child_count, to_child_calls, to_child_paths, pct) VALUES(2478,2479,1888,472,10,0);
INSERT INTO parents(self_id, child_id, to_child_count, to_child_calls, to_child_paths, pct) VALUES(2478,2480,2224,556,10,0);
INSERT INTO parents(self_id, child_id, to_child_count, to_child_calls, to_child_paths, pct) VALUES(2478,2481,1168,292,10,0);
INSERT INTO parents(self_id, child_id, to_child_count, to_child_calls, to_child_paths, pct) VALUES(2478,2482,1264,316,10,0);
INSERT INTO parents(self_id, child_id, to_child_count, to_child_calls, to_child_paths, pct) VALUES(2476,2483,0,0,0,0);
INSERT INTO parents(self_id, child_id, to_child_count, to_child_calls, to_child_paths, pct) VALUES(2483,2484,1888,472,10,0);
INSERT INTO parents(self_id, child_id, to_child_count, to_child_calls, to_child_paths, pct) VALUES(2483,2485,2224,556,10,0);
INSERT INTO parents(self_id, child_id, to_child_count, to_child_calls, to_child_paths, pct) VALUES(2483,2486,1168,292,10,0);
INSERT INTO parents(self_id, child_id, to_child_count, to_child_calls, to_child_paths, pct) VALUES(2483,2487,1456,364,10,0);
INSERT INTO parents(self_id, child_id, to_child_count, to_child_calls, to_child_paths, pct) VALUES(2476,2488,0,0,0,0);
INSERT INTO parents(self_id, child_id, to_child_count, to_child_calls, to_child_paths, pct) VALUES(2488,2489,1888,472,10,0);
INSERT INTO parents(self_id, child_id, to_child_count, to_child_calls, to_child_paths, pct) VALUES(2488,2490,2224,556,10,0);
INSERT INTO parents(self_id, child_id, to_child_count, to_child_calls, to_child_paths, pct) VALUES(2488,2491,1168,292,10,0);
INSERT INTO parents(self_id, child_id, to_child_count, to_child_calls, to_child_paths, pct) VALUES(2488,2492,632,158,5,0);
INSERT INTO parents(self_id, child_id, to_child_count, to_child_calls, to_child_paths, pct) VALUES(2476,2493,0,0,0,0);
INSERT INTO parents(self_id, child_id, to_child_count, to_child_calls, to_child_paths, pct) VALUES(2493,2494,1888,472,10,0);
INSERT INTO parents(self_id, child_id, to_child_count, to_child_calls, to_child_paths, pct) VALUES(2493,2495,2224,556,10,0);
INSERT INTO parents(self_id, child_id, to_child_count, to_child_calls, to_child_paths, pct) VALUES(2493,2496,1168,292,10,0);
INSERT INTO parents(self_id, child_id, to_child_count, to_child_calls, to_child_paths, pct) VALUES(2493,2497,1168,292,10,0);
INSERT INTO parents(self_id, child_id, to_child_count, to_child_calls, to_child_paths, pct) VALUES(2476,2498,0,0,0,0);
INSERT INTO parents(self_id, child_id, to_child_count, to_child_calls, to_child_paths, pct) VALUES(2498,2499,1888,472,10,0);
INSERT INTO parents(self_id, child_id, to_child_count, to_child_calls, to_child_paths, pct) VALUES(2498,2500,2224,556,10,0);
INSERT INTO parents(self_id, child_id, to_child_count, to_child_calls, to_child_paths, pct) VALUES(2498,2501,1168,292,10,0);
INSERT INTO parents(self_id, child_id, to_child_count, to_child_calls, to_child_paths, pct) VALUES(2498,2502,1264,316,10,0);
INSERT INTO parents(self_id, child_id, to_child_count, to_child_calls, to_child_paths, pct) VALUES(2476,2503,0,0,0,0);
INSERT INTO parents(self_id, child_id, to_child_count, to_child_calls, to_child_paths, pct) VALUES(2503,2504,1888,472,10,0);
INSERT INTO parents(self_id, child_id, to_child_count, to_child_calls, to_child_paths, pct) VALUES(2503,2505,2224,556,10,0);
INSERT INTO parents(self_id, child_id, to_child_count, to_child_calls, to_child_paths, pct) VALUES(2503,2506,1168,292,10,0);
INSERT INTO parents(self_id, child_id, to_child_count, to_child_calls, to_child_paths, pct) VALUES(2503,2507,1264,316,10,0);
INSERT INTO parents(self_id, child_id, to_child_count, to_child_calls, to_child_paths, pct) VALUES(2476,2508,0,0,0,0);
INSERT INTO parents(self_id, child_id, to_child_count, to_child_calls, to_child_paths, pct) VALUES(2508,2509,1888,472,10,0);
INSERT INTO parents(self_id, child_id, to_child_count, to_child_calls, to_child_paths, pct) VALUES(2508,2510,2224,556,10,0);
INSERT INTO parents(self_id, child_id, to_child_count, to_child_calls, to_child_paths, pct) VALUES(2508,2511,1168,292,10,0);
INSERT INTO parents(self_id, child_id, to_child_count, to_child_calls, to_child_paths, pct) VALUES(2508,2512,2144,536,20,0);
INSERT INTO parents(self_id, child_id, to_child_count, to_child_calls, to_child_paths, pct) VALUES(2476,2513,0,0,0,0);
INSERT INTO parents(self_id, child_id, to_child_count, to_child_calls, to_child_paths, pct) VALUES(2513,2514,1888,472,10,0);
INSERT INTO parents(self_id, child_id, to_child_count, to_child_calls, to_child_paths, pct) VALUES(2513,2515,2224,556,10,0);
INSERT INTO parents(self_id, child_id, to_child_count, to_child_calls, to_child_paths, pct) VALUES(2513,2516,1168,292,10,0);
INSERT INTO parents(self_id, child_id, to_child_count, to_child_calls, to_child_paths, pct) VALUES(2513,2517,1264,316,10,0);
INSERT INTO parents(self_id, child_id, to_child_count, to_child_calls, to_child_paths, pct) VALUES(2476,2518,0,0,0,0);
INSERT INTO parents(self_id, child_id, to_child_count, to_child_calls, to_child_paths, pct) VALUES(2518,2519,1888,472,10,0);
INSERT INTO parents(self_id, child_id, to_child_count, to_child_calls, to_child_paths, pct) VALUES(2518,2520,2224,556,10,0);
INSERT INTO parents(self_id, child_id, to_child_count, to_child_calls, to_child_paths, pct) VALUES(2518,2521,1168,292,10,0);
INSERT INTO parents(self_id, child_id, to_child_count, to_child_calls, to_child_paths, pct) VALUES(2518,2522,1264,316,10,0);
INSERT INTO parents(self_id, child_id, to_child_count, to_child_calls, to_child_paths, pct) VALUES(2476,2523,0,0,0,0);
INSERT INTO parents(self_id, child_id, to_child_count, to_child_calls, to_child_paths, pct) VALUES(2523,2524,1888,472,10,0);
INSERT INTO parents(self_id, child_id, to_child_count, to_child_calls, to_child_paths, pct) VALUES(2523,2525,2224,556,10,0);
INSERT INTO parents(self_id, child_id, to_child_count, to_child_calls, to_child_paths, pct) VALUES(2523,2526,1168,292,10,0);
INSERT INTO parents(self_id, child_id, to_child_count, to_child_calls, to_child_paths, pct) VALUES(2523,2527,1264,316,10,0);
INSERT INTO parents(self_id, child_id, to_child_count, to_child_calls, to_child_paths, pct) VALUES(2476,2528,0,0,0,0);
INSERT INTO parents(self_id, child_id, to_child_count, to_child_calls, to_child_paths, pct) VALUES(2528,2529,1888,472,10,0);
INSERT INTO parents(self_id, child_id, to_child_count, to_child_calls, to_child_paths, pct) VALUES(2528,2530,2224,556,10,0);
INSERT INTO parents(self_id, child_id, to_child_count, to_child_calls, to_child_paths, pct) VALUES(2528,2531,1168,292,10,0);
INSERT INTO parents(self_id, child_id, to_child_count, to_child_calls, to_child_paths, pct) VALUES(2528,2532,1168,292,10,0);
INSERT INTO parents(self_id, child_id, to_child_count, to_child_calls, to_child_paths, pct) VALUES(2476,2533,0,0,0,0);
INSERT INTO parents(self_id, child_id, to_child_count, to_child_calls, to_child_paths, pct) VALUES(2533,2534,1888,472,10,0);
INSERT INTO parents(self_id, child_id, to_child_count, to_child_calls, to_child_paths, pct) VALUES(2533,2535,2224,556,10,0);
INSERT INTO parents(self_id, child_id, to_child_count, to_child_calls, to_child_paths, pct) VALUES(2533,2536,1168,292,10,0);
INSERT INTO parents(self_id, child_id, to_child_count, to_child_calls, to_child_paths, pct) VALUES(2533,2537,632,158,5,0);
INSERT INTO parents(self_id, child_id, to_child_count, to_child_calls, to_child_paths, pct) VALUES(2226,2538,0,0,0,0);
INSERT INTO parents(self_id, child_id, to_child_count, to_child_calls, to_child_paths, pct) VALUES(2538,2539,0,0,0,0);
INSERT INTO parents(self_id, child_id, to_child_count, to_child_calls, to_child_paths, pct) VALUES(2539,2540,27648,6912,4,0);
INSERT INTO parents(self_id, child_id, to_child_count, to_child_calls, to_child_paths, pct) VALUES(2539,2541,0,0,0,0);
INSERT INTO parents(self_id, child_id, to_child_count, to_child_calls, to_child_paths, pct) VALUES(2541,2542,3312,828,30,0);
INSERT INTO parents(self_id, child_id, to_child_count, to_child_calls, to_child_paths, pct) VALUES(2541,2543,3312,828,30,0);
INSERT INTO parents(self_id, child_id, to_child_count, to_child_calls, to_child_paths, pct) VALUES(2541,2544,3312,828,30,0);
INSERT INTO parents(self_id, child_id, to_child_count, to_child_calls, to_child_paths, pct) VALUES(2541,2545,3312,828,30,0);
INSERT INTO parents(self_id, child_id, to_child_count, to_child_calls, to_child_paths, pct) VALUES(2541,2546,3312,828,30,0);
INSERT INTO parents(self_id, child_id, to_child_count, to_child_calls, to_child_paths, pct) VALUES(2541,2547,3312,828,30,0);
INSERT INTO parents(self_id, child_id, to_child_count, to_child_calls, to_child_paths, pct) VALUES(2539,2548,0,0,0,0);
INSERT INTO parents(self_id, child_id, to_child_count, to_child_calls, to_child_paths, pct) VALUES(2548,2549,3312,828,30,0);
INSERT INTO parents(self_id, child_id, to_child_count, to_child_calls, to_child_paths, pct) VALUES(2548,2550,3312,828,30,0);
INSERT INTO parents(self_id, child_id, to_child_count, to_child_calls, to_child_paths, pct) VALUES(2548,2551,3312,828,30,0);
INSERT INTO parents(self_id, child_id, to_child_count, to_child_calls, to_child_paths, pct) VALUES(2548,2552,3312,828,30,0);
INSERT INTO parents(self_id, child_id, to_child_count, to_child_calls, to_child_paths, pct) VALUES(2548,2553,3312,828,30,0);
INSERT INTO parents(self_id, child_id, to_child_count, to_child_calls, to_child_paths, pct) VALUES(2548,2554,3312,828,30,0);
INSERT INTO parents(self_id, child_id, to_child_count, to_child_calls, to_child_paths, pct) VALUES(2538,2555,0,0,0,0);
INSERT INTO parents(self_id, child_id, to_child_count, to_child_calls, to_child_paths, pct) VALUES(2555,2556,27648,6912,4,0);
INSERT INTO parents(self_id, child_id, to_child_count, to_child_calls, to_child_paths, pct) VALUES(2555,2557,0,0,0,0);
INSERT INTO parents(self_id, child_id, to_child_count, to_child_calls, to_child_paths, pct) VALUES(2557,2558,3312,828,30,0);
INSERT INTO parents(self_id, child_id, to_child_count, to_child_calls, to_child_paths, pct) VALUES(2557,2559,3312,828,30,0);
INSERT INTO parents(self_id, child_id, to_child_count, to_child_calls, to_child_paths, pct) VALUES(2557,2560,3312,828,30,0);
INSERT INTO parents(self_id, child_id, to_child_count, to_child_calls, to_child_paths, pct) VALUES(2557,2561,3312,828,30,0);
INSERT INTO parents(self_id, child_id, to_child_count, to_child_calls, to_child_paths, pct) VALUES(2557,2562,3312,828,30,0);
INSERT INTO parents(self_id, child_id, to_child_count, to_child_calls, to_child_paths, pct) VALUES(2557,2563,3312,828,30,0);
INSERT INTO parents(self_id, child_id, to_child_count, to_child_calls, to_child_paths, pct) VALUES(2555,2564,0,0,0,0);
INSERT INTO parents(self_id, child_id, to_child_count, to_child_calls, to_child_paths, pct) VALUES(2564,2565,3312,828,30,0);
INSERT INTO parents(self_id, child_id, to_child_count, to_child_calls, to_child_paths, pct) VALUES(2564,2566,3312,828,30,0);
INSERT INTO parents(self_id, child_id, to_child_count, to_child_calls, to_child_paths, pct) VALUES(2564,2567,3312,828,30,0);
INSERT INTO parents(self_id, child_id, to_child_count, to_child_calls, to_child_paths, pct) VALUES(2564,2568,3312,828,30,0);
INSERT INTO parents(self_id, child_id, to_child_count, to_child_calls, to_child_paths, pct) VALUES(2564,2569,3312,828,30,0);
INSERT INTO parents(self_id, child_id, to_child_count, to_child_calls, to_child_paths, pct) VALUES(2564,2570,3312,828,30,0);
INSERT INTO parents(self_id, child_id, to_child_count, to_child_calls, to_child_paths, pct) VALUES(2538,2571,0,0,0,0);
INSERT INTO parents(self_id, child_id, to_child_count, to_child_calls, to_child_paths, pct) VALUES(2571,2572,27648,6912,4,0);
INSERT INTO parents(self_id, child_id, to_child_count, to_child_calls, to_child_paths, pct) VALUES(2571,2573,0,0,0,0);
INSERT INTO parents(self_id, child_id, to_child_count, to_child_calls, to_child_paths, pct) VALUES(2573,2574,3312,828,30,0);
INSERT INTO parents(self_id, child_id, to_child_count, to_child_calls, to_child_paths, pct) VALUES(2573,2575,3312,828,30,0);
INSERT INTO parents(self_id, child_id, to_child_count, to_child_calls, to_child_paths, pct) VALUES(2573,2576,3312,828,30,0);
INSERT INTO parents(self_id, child_id, to_child_count, to_child_calls, to_child_paths, pct) VALUES(2573,2577,3312,828,30,0);
INSERT INTO parents(self_id, child_id, to_child_count, to_child_calls, to_child_paths, pct) VALUES(2573,2578,3312,828,30,0);
INSERT INTO parents(self_id, child_id, to_child_count, to_child_calls, to_child_paths, pct) VALUES(2573,2579,3312,828,30,0);
INSERT INTO parents(self_id, child_id, to_child_count, to_child_calls, to_child_paths, pct) VALUES(2571,2580,0,0,0,0);
INSERT INTO parents(self_id, child_id, to_child_count, to_child_calls, to_child_paths, pct) VALUES(2580,2581,3312,828,30,0);
INSERT INTO parents(self_id, child_id, to_child_count, to_child_calls, to_child_paths, pct) VALUES(2580,2582,3312,828,30,0);
INSERT INTO parents(self_id, child_id, to_child_count, to_child_calls, to_child_paths, pct) VALUES(2580,2583,3312,828,30,0);
INSERT INTO parents(self_id, child_id, to_child_count, to_child_calls, to_child_paths, pct) VALUES(2580,2584,3312,828,30,0);
INSERT INTO parents(self_id, child_id, to_child_count, to_child_calls, to_child_paths, pct) VALUES(2580,2585,3312,828,30,0);
INSERT INTO parents(self_id, child_id, to_child_count, to_child_calls, to_child_paths, pct) VALUES(2580,2586,3312,828,30,0);
INSERT INTO parents(self_id, child_id, to_child_count, to_child_calls, to_child_paths, pct) VALUES(2226,2587,0,0,0,0);
INSERT INTO parents(self_id, child_id, to_child_count, to_child_calls, to_child_paths, pct) VALUES(2587,2588,0,0,0,0);
INSERT INTO parents(self_id, child_id, to_child_count, to_child_calls, to_child_paths, pct) VALUES(2588,2589,27648,6912,4,0);
INSERT INTO parents(self_id, child_id, to_child_count, to_child_calls, to_child_paths, pct) VALUES(2588,2590,0,0,0,0);
INSERT INTO parents(self_id, child_id, to_child_count, to_child_calls, to_child_paths, pct) VALUES(2590,2591,3312,828,30,0);
INSERT INTO parents(self_id, child_id, to_child_count, to_child_calls, to_child_paths, pct) VALUES(2590,2592,3312,828,30,0);
INSERT INTO parents(self_id, child_id, to_child_count, to_child_calls, to_child_paths, pct) VALUES(2590,2593,3312,828,30,0);
INSERT INTO parents(self_id, child_id, to_child_count, to_child_calls, to_child_paths, pct) VALUES(2590,2594,3312,828,30,0);
INSERT INTO parents(self_id, child_id, to_child_count, to_child_calls, to_child_paths, pct) VALUES(2590,2595,3312,828,30,0);
INSERT INTO parents(self_id, child_id, to_child_count, to_child_calls, to_child_paths, pct) VALUES(2590,2596,3312,828,30,0);
INSERT INTO parents(self_id, child_id, to_child_count, to_child_calls, to_child_paths, pct) VALUES(2588,2597,0,0,0,0);
INSERT INTO parents(self_id, child_id, to_child_count, to_child_calls, to_child_paths, pct) VALUES(2597,2598,3312,828,30,0);
INSERT INTO parents(self_id, child_id, to_child_count, to_child_calls, to_child_paths, pct) VALUES(2597,2599,3312,828,30,0);
INSERT INTO parents(self_id, child_id, to_child_count, to_child_calls, to_child_paths, pct) VALUES(2597,2600,3312,828,30,0);
INSERT INTO parents(self_id, child_id, to_child_count, to_child_calls, to_child_paths, pct) VALUES(2597,2601,3312,828,30,0);
INSERT INTO parents(self_id, child_id, to_child_count, to_child_calls, to_child_paths, pct) VALUES(2597,2602,3312,828,30,0);
INSERT INTO parents(self_id, child_id, to_child_count, to_child_calls, to_child_paths, pct) VALUES(2597,2603,3312,828,30,0);
INSERT INTO parents(self_id, child_id, to_child_count, to_child_calls, to_child_paths, pct) VALUES(2587,2604,0,0,0,0);
INSERT INTO parents(self_id, child_id, to_child_count, to_child_calls, to_child_paths, pct) VALUES(2604,2605,27648,6912,4,0);
INSERT INTO parents(self_id, child_id, to_child_count, to_child_calls, to_child_paths, pct) VALUES(2604,2606,0,0,0,0);
INSERT INTO parents(self_id, child_id, to_child_count, to_child_calls, to_child_paths, pct) VALUES(2606,2607,3312,828,30,0);
INSERT INTO parents(self_id, child_id, to_child_count, to_child_calls, to_child_paths, pct) VALUES(2606,2608,3312,828,30,0);
INSERT INTO parents(self_id, child_id, to_child_count, to_child_calls, to_child_paths, pct) VALUES(2606,2609,3312,828,30,0);
INSERT INTO parents(self_id, child_id, to_child_count, to_child_calls, to_child_paths, pct) VALUES(2606,2610,3312,828,30,0);
INSERT INTO parents(self_id, child_id, to_child_count, to_child_calls, to_child_paths, pct) VALUES(2606,2611,3312,828,30,0);
INSERT INTO parents(self_id, child_id, to_child_count, to_child_calls, to_child_paths, pct) VALUES(2606,2612,3312,828,30,0);
INSERT INTO parents(self_id, child_id, to_child_count, to_child_calls, to_child_paths, pct) VALUES(2604,2613,0,0,0,0);
INSERT INTO parents(self_id, child_id, to_child_count, to_child_calls, to_child_paths, pct) VALUES(2613,2614,3312,828,30,0);
INSERT INTO parents(self_id, child_id, to_child_count, to_child_calls, to_child_paths, pct) VALUES(2613,2615,3312,828,30,0);
INSERT INTO parents(self_id, child_id, to_child_count, to_child_calls, to_child_paths, pct) VALUES(2613,2616,3312,828,30,0);
INSERT INTO parents(self_id, child_id, to_child_count, to_child_calls, to_child_paths, pct) VALUES(2613,2617,3312,828,30,0);
INSERT INTO parents(self_id, child_id, to_child_count, to_child_calls, to_child_paths, pct) VALUES(2613,2618,3312,828,30,0);
INSERT INTO parents(self_id, child_id, to_child_count, to_child_calls, to_child_paths, pct) VALUES(2613,2619,3312,828,30,0);
INSERT INTO parents(self_id, child_id, to_child_count, to_child_calls, to_child_paths, pct) VALUES(2587,2620,0,0,0,0);
INSERT INTO parents(self_id, child_id, to_child_count, to_child_calls, to_child_paths, pct) VALUES(2620,2621,27648,6912,4,0);
INSERT INTO parents(self_id, child_id, to_child_count, to_child_calls, to_child_paths, pct) VALUES(2620,2622,0,0,0,0);
INSERT INTO parents(self_id, child_id, to_child_count, to_child_calls, to_child_paths, pct) VALUES(2622,2623,3312,828,30,0);
INSERT INTO parents(self_id, child_id, to_child_count, to_child_calls, to_child_paths, pct) VALUES(2622,2624,3312,828,30,0);
INSERT INTO parents(self_id, child_id, to_child_count, to_child_calls, to_child_paths, pct) VALUES(2622,2625,3312,828,30,0);
INSERT INTO parents(self_id, child_id, to_child_count, to_child_calls, to_child_paths, pct) VALUES(2622,2626,3312,828,30,0);
INSERT INTO parents(self_id, child_id, to_child_count, to_child_calls, to_child_paths, pct) VALUES(2622,2627,3312,828,30,0);
INSERT INTO parents(self_id, child_id, to_child_count, to_child_calls, to_child_paths, pct) VALUES(2622,2628,3312,828,30,0);
INSERT INTO parents(self_id, child_id, to_child_count, to_child_calls, to_child_paths, pct) VALUES(2620,2629,0,0,0,0);
INSERT INTO parents(self_id, child_id, to_child_count, to_child_calls, to_child_paths, pct) VALUES(2629,2630,3312,828,30,0);
INSERT INTO parents(self_id, child_id, to_child_count, to_child_calls, to_child_paths, pct) VALUES(2629,2631,3312,828,30,0);
INSERT INTO parents(self_id, child_id, to_child_count, to_child_calls, to_child_paths, pct) VALUES(2629,2632,3312,828,30,0);
INSERT INTO parents(self_id, child_id, to_child_count, to_child_calls, to_child_paths, pct) VALUES(2629,2633,3312,828,30,0);
INSERT INTO parents(self_id, child_id, to_child_count, to_child_calls, to_child_paths, pct) VALUES(2629,2634,3312,828,30,0);
INSERT INTO parents(self_id, child_id, to_child_count, to_child_calls, to_child_paths, pct) VALUES(2629,2635,3312,828,30,0);
INSERT INTO parents(self_id, child_id, to_child_count, to_child_calls, to_child_paths, pct) VALUES(2226,2636,99512,24878,200,0);
INSERT INTO parents(self_id, child_id, to_child_count, to_child_calls, to_child_paths, pct) VALUES(2636,2637,22372,5593,50,0);
INSERT INTO parents(self_id, child_id, to_child_count, to_child_calls, to_child_paths, pct) VALUES(1807,2638,13380,3345,20,0);
INSERT INTO parents(self_id, child_id, to_child_count, to_child_calls, to_child_paths, pct) VALUES(2638,2639,7632,1908,63,0);
INSERT INTO parents(self_id, child_id, to_child_count, to_child_calls, to_child_paths, pct) VALUES(2638,2640,240,60,10,0);
INSERT INTO parents(self_id, child_id, to_child_count, to_child_calls, to_child_paths, pct) VALUES(2638,2641,952,238,2,0);
INSERT INTO parents(self_id, child_id, to_child_count, to_child_calls, to_child_paths, pct) VALUES(2638,2642,952,238,2,0);
INSERT INTO parents(self_id, child_id, to_child_count, to_child_calls, to_child_paths, pct) VALUES(2638,2643,952,238,2,0);
INSERT INTO parents(self_id, child_id, to_child_count, to_child_calls, to_child_paths, pct) VALUES(2638,2644,952,238,2,0);
INSERT INTO parents(self_id, child_id, to_child_count, to_child_calls, to_child_paths, pct) VALUES(2638,2645,952,238,2,0);
INSERT INTO parents(self_id, child_id, to_child_count, to_child_calls, to_child_paths, pct) VALUES(2638,2646,952,238,2,0);
INSERT INTO parents(self_id, child_id, to_child_count, to_child_calls, to_child_paths, pct) VALUES(2638,2647,952,238,2,0);
INSERT INTO parents(self_id, child_id, to_child_count, to_child_calls, to_child_paths, pct) VALUES(2638,2648,952,238,2,0);
INSERT INTO parents(self_id, child_id, to_child_count, to_child_calls, to_child_paths, pct) VALUES(2638,2649,876864,219216,4632,0);
INSERT INTO parents(self_id, child_id, to_child_count, to_child_calls, to_child_paths, pct) VALUES(2649,2650,0,0,0,0);
INSERT INTO parents(self_id, child_id, to_child_count, to_child_calls, to_child_paths, pct) VALUES(2650,2651,7272,1818,18,0);
INSERT INTO parents(self_id, child_id, to_child_count, to_child_calls, to_child_paths, pct) VALUES(2650,2652,7272,1818,18,0);
INSERT INTO parents(self_id, child_id, to_child_count, to_child_calls, to_child_paths, pct) VALUES(2638,2653,904,226,2,0);
INSERT INTO parents(self_id, child_id, to_child_count, to_child_calls, to_child_paths, pct) VALUES(2638,2654,904,226,2,0);
INSERT INTO parents(self_id, child_id, to_child_count, to_child_calls, to_child_paths, pct) VALUES(2638,2655,904,226,2,0);
INSERT INTO parents(self_id, child_id, to_child_count, to_child_calls, to_child_paths, pct) VALUES(2638,2656,904,226,2,0);
INSERT INTO parents(self_id, child_id, to_child_count, to_child_calls, to_child_paths, pct) VALUES(2638,2657,904,226,2,0);
INSERT INTO children(self_id, parent_id, from_parent_count, from_parent_calls, from_parent_paths, pct) VALUES(1807,10,3476856,293628,0,0);
INSERT INTO children(self_id, parent_id, from_parent_count, from_parent_calls, from_parent_paths, pct) VALUES(1808,1807,1262652,145507,1,0);
INSERT INTO children(self_id, parent_id, from_parent_count, from_parent_calls, from_parent_paths, pct) VALUES(1809,1808,758784,86159,0,0);
INSERT INTO children(self_id, parent_id, from_parent_count, from_parent_calls, from_parent_paths, pct) VALUES(1810,1809,151872,17293,0,0);
INSERT INTO children(self_id, parent_id, from_parent_count, from_parent_calls, from_parent_paths, pct) VALUES(1811,1810,73440,17076,12,0);
INSERT INTO children(self_id, parent_id, from_parent_count, from_parent_calls, from_parent_paths, pct) VALUES(1812,1810,6568,0,0,0);
INSERT INTO children(self_id, parent_id, from_parent_count, from_parent_calls, from_parent_paths, pct) VALUES(1813,1812,1888,0,10,0);
INSERT INTO children(self_id, parent_id, from_parent_count, from_parent_calls, from_parent_paths, pct) VALUES(1814,1812,2248,0,10,0);
INSERT INTO children(self_id, parent_id, from_parent_count, from_parent_calls, from_parent_paths, pct) VALUES(1815,1812,1168,0,10,0);
INSERT INTO children(self_id, parent_id, from_parent_count, from_parent_calls, from_parent_paths, pct) VALUES(1816,1812,1264,0,10,0);
INSERT INTO children(self_id, parent_id, from_parent_count, from_parent_calls, from_parent_paths, pct) VALUES(1817,1810,6760,26,0,0);
INSERT INTO children(self_id, parent_id, from_parent_count, from_parent_calls, from_parent_paths, pct) VALUES(1818,1817,1888,12,10,0);
INSERT INTO children(self_id, parent_id, from_parent_count, from_parent_calls, from_parent_paths, pct) VALUES(1819,1817,2248,7,10,0);
INSERT INTO children(self_id, parent_id, from_parent_count, from_parent_calls, from_parent_paths, pct) VALUES(1820,1817,1168,0,10,0);
INSERT INTO children(self_id, parent_id, from_parent_count, from_parent_calls, from_parent_paths, pct) VALUES(1821,1817,1456,7,10,0);
INSERT INTO children(self_id, parent_id, from_parent_count, from_parent_calls, from_parent_paths, pct) VALUES(1822,1810,5936,11,0,0);
INSERT INTO children(self_id, parent_id, from_parent_count, from_parent_calls, from_parent_paths, pct) VALUES(1823,1822,1888,5,10,0);
INSERT INTO children(self_id, parent_id, from_parent_count, from_parent_calls, from_parent_paths, pct) VALUES(1824,1822,2248,0,10,0);
INSERT INTO children(self_id, parent_id, from_parent_count, from_parent_calls, from_parent_paths, pct) VALUES(1825,1822,1168,6,10,0);
INSERT INTO children(self_id, parent_id, from_parent_count, from_parent_calls, from_parent_paths, pct) VALUES(1826,1822,632,0,5,0);
INSERT INTO children(self_id, parent_id, from_parent_count, from_parent_calls, from_parent_paths, pct) VALUES(1827,1810,6472,0,0,0);
INSERT INTO children(self_id, parent_id, from_parent_count, from_parent_calls, from_parent_paths, pct) VALUES(1828,1827,1888,0,10,0);
INSERT INTO children(self_id, parent_id, from_parent_count, from_parent_calls, from_parent_paths, pct) VALUES(1829,1827,2248,0,10,0);
INSERT INTO children(self_id, parent_id, from_parent_count, from_parent_calls, from_parent_paths, pct) VALUES(1830,1827,1168,0,10,0);
INSERT INTO children(self_id, parent_id, from_parent_count, from_parent_calls, from_parent_paths, pct) VALUES(1831,1827,1168,0,10,0);
INSERT INTO children(self_id, parent_id, from_parent_count, from_parent_calls, from_parent_paths, pct) VALUES(1832,1810,6568,93,0,0);
INSERT INTO children(self_id, parent_id, from_parent_count, from_parent_calls, from_parent_paths, pct) VALUES(1833,1832,1888,6,10,0);
INSERT INTO children(self_id, parent_id, from_parent_count, from_parent_calls, from_parent_paths, pct) VALUES(1834,1832,2248,0,10,0);
INSERT INTO children(self_id, parent_id, from_parent_count, from_parent_calls, from_parent_paths, pct) VALUES(1835,1832,1168,0,10,0);
INSERT INTO children(self_id, parent_id, from_parent_count, from_parent_calls, from_parent_paths, pct) VALUES(1836,1832,1264,87,10,0);
INSERT INTO children(self_id, parent_id, from_parent_count, from_parent_calls, from_parent_paths, pct) VALUES(1837,1810,6568,6,0,0);
INSERT INTO children(self_id, parent_id, from_parent_count, from_parent_calls, from_parent_paths, pct) VALUES(1838,1837,1888,0,10,0);
INSERT INTO children(self_id, parent_id, from_parent_count, from_parent_calls, from_parent_paths, pct) VALUES(1839,1837,2248,0,10,0);
INSERT INTO children(self_id, parent_id, from_parent_count, from_parent_calls, from_parent_paths, pct) VALUES(1840,1837,1168,6,10,0);
INSERT INTO children(self_id, parent_id, from_parent_count, from_parent_calls, from_parent_paths, pct) VALUES(1841,1837,1264,0,10,0);
INSERT INTO children(self_id, parent_id, from_parent_count, from_parent_calls, from_parent_paths, pct) VALUES(1842,1810,7448,13,0,0);
INSERT INTO children(self_id, parent_id, from_parent_count, from_parent_calls, from_parent_paths, pct) VALUES(1843,1842,1888,0,10,0);
INSERT INTO children(self_id, parent_id, from_parent_count, from_parent_calls, from_parent_paths, pct) VALUES(1844,1842,2248,0,10,0);
INSERT INTO children(self_id, parent_id, from_parent_count, from_parent_calls, from_parent_paths, pct) VALUES(1845,1842,1168,0,10,0);
INSERT INTO children(self_id, parent_id, from_parent_count, from_parent_calls, from_parent_paths, pct) VALUES(1846,1842,2144,13,20,0);
INSERT INTO children(self_id, parent_id, from_parent_count, from_parent_calls, from_parent_paths, pct) VALUES(1847,1810,6568,38,0,0);
INSERT INTO children(self_id, parent_id, from_parent_count, from_parent_calls, from_parent_paths, pct) VALUES(1848,1847,1888,11,10,0);
INSERT INTO children(self_id, parent_id, from_parent_count, from_parent_calls, from_parent_paths, pct) VALUES(1849,1847,2248,10,10,0);
INSERT INTO children(self_id, parent_id, from_parent_count, from_parent_calls, from_parent_paths, pct) VALUES(1850,1847,1168,6,10,0);
INSERT INTO children(self_id, parent_id, from_parent_count, from_parent_calls, from_parent_paths, pct) VALUES(1851,1847,1264,11,10,0);
INSERT INTO children(self_id, parent_id, from_parent_count, from_parent_calls, from_parent_paths, pct) VALUES(1852,1810,6568,0,0,0);
INSERT INTO children(self_id, parent_id, from_parent_count, from_parent_calls, from_parent_paths, pct) VALUES(1853,1852,1888,0,10,0);
INSERT INTO children(self_id, parent_id, from_parent_count, from_parent_calls, from_parent_paths, pct) VALUES(1854,1852,2248,0,10,0);
INSERT INTO children(self_id, parent_id, from_parent_count, from_parent_calls, from_parent_paths, pct) VALUES(1855,1852,1168,0,10,0);
INSERT INTO children(self_id, parent_id, from_parent_count, from_parent_calls, from_parent_paths, pct) VALUES(1856,1852,1264,0,10,0);
INSERT INTO children(self_id, parent_id, from_parent_count, from_parent_calls, from_parent_paths, pct) VALUES(1857,1810,6568,12,0,0);
INSERT INTO children(self_id, parent_id, from_parent_count, from_parent_calls, from_parent_paths, pct) VALUES(1858,1857,1888,7,10,0);
INSERT INTO children(self_id, parent_id, from_parent_count, from_parent_calls, from_parent_paths, pct) VALUES(1859,1857,2248,0,10,0);
INSERT INTO children(self_id, parent_id, from_parent_count, from_parent_calls, from_parent_paths, pct) VALUES(1860,1857,1168,0,10,0);
INSERT INTO children(self_id, parent_id, from_parent_count, from_parent_calls, from_parent_paths, pct) VALUES(1861,1857,1264,5,10,0);
INSERT INTO children(self_id, parent_id, from_parent_count, from_parent_calls, from_parent_paths, pct) VALUES(1862,1810,6472,0,0,0);
INSERT INTO children(self_id, parent_id, from_parent_count, from_parent_calls, from_parent_paths, pct) VALUES(1863,1862,1888,0,10,0);
INSERT INTO children(self_id, parent_id, from_parent_count, from_parent_calls, from_parent_paths, pct) VALUES(1864,1862,2248,0,10,0);
INSERT INTO children(self_id, parent_id, from_parent_count, from_parent_calls, from_parent_paths, pct) VALUES(1865,1862,1168,0,10,0);
INSERT INTO children(self_id, parent_id, from_parent_count, from_parent_calls, from_parent_paths, pct) VALUES(1866,1862,1168,0,10,0);
INSERT INTO children(self_id, parent_id, from_parent_count, from_parent_calls, from_parent_paths, pct) VALUES(1867,1810,5936,18,0,0);
INSERT INTO children(self_id, parent_id, from_parent_count, from_parent_calls, from_parent_paths, pct) VALUES(1868,1867,1888,7,10,0);
INSERT INTO children(self_id, parent_id, from_parent_count, from_parent_calls, from_parent_paths, pct) VALUES(1869,1867,2248,11,10,0);
INSERT INTO children(self_id, parent_id, from_parent_count, from_parent_calls, from_parent_paths, pct) VALUES(1870,1867,1168,0,10,0);
INSERT INTO children(self_id, parent_id, from_parent_count, from_parent_calls, from_parent_paths, pct) VALUES(1871,1867,632,0,5,0);
INSERT INTO children(self_id, parent_id, from_parent_count, from_parent_calls, from_parent_paths, pct) VALUES(1872,1809,151584,17251,0,0);
INSERT INTO children(self_id, parent_id, from_parent_count, from_parent_calls, from_parent_paths, pct) VALUES(1873,1872,73440,17079,12,0);
INSERT INTO children(self_id, parent_id, from_parent_count, from_parent_calls, from_parent_paths, pct) VALUES(1874,1872,6544,27,0,0);
INSERT INTO children(self_id, parent_id, from_parent_count, from_parent_calls, from_parent_paths, pct) VALUES(1875,1874,1888,27,10,0);
INSERT INTO children(self_id, parent_id, from_parent_count, from_parent_calls, from_parent_paths, pct) VALUES(1876,1874,2224,0,10,0);
INSERT INTO children(self_id, parent_id, from_parent_count, from_parent_calls, from_parent_paths, pct) VALUES(1877,1874,1168,0,10,0);
INSERT INTO children(self_id, parent_id, from_parent_count, from_parent_calls, from_parent_paths, pct) VALUES(1878,1874,1264,0,10,0);
INSERT INTO children(self_id, parent_id, from_parent_count, from_parent_calls, from_parent_paths, pct) VALUES(1879,1872,6736,19,0,0);
INSERT INTO children(self_id, parent_id, from_parent_count, from_parent_calls, from_parent_paths, pct) VALUES(1880,1879,1888,12,10,0);
INSERT INTO children(self_id, parent_id, from_parent_count, from_parent_calls, from_parent_paths, pct) VALUES(1881,1879,2224,0,10,0);
INSERT INTO children(self_id, parent_id, from_parent_count, from_parent_calls, from_parent_paths, pct) VALUES(1882,1879,1168,7,10,0);
INSERT INTO children(self_id, parent_id, from_parent_count, from_parent_calls, from_parent_paths, pct) VALUES(1883,1879,1456,0,10,0);
INSERT INTO children(self_id, parent_id, from_parent_count, from_parent_calls, from_parent_paths, pct) VALUES(1884,1872,5912,21,0,0);
INSERT INTO children(self_id, parent_id, from_parent_count, from_parent_calls, from_parent_paths, pct) VALUES(1885,1884,1888,21,10,0);
INSERT INTO children(self_id, parent_id, from_parent_count, from_parent_calls, from_parent_paths, pct) VALUES(1886,1884,2224,0,10,0);
INSERT INTO children(self_id, parent_id, from_parent_count, from_parent_calls, from_parent_paths, pct) VALUES(1887,1884,1168,0,10,0);
INSERT INTO children(self_id, parent_id, from_parent_count, from_parent_calls, from_parent_paths, pct) VALUES(1888,1884,632,0,5,0);
INSERT INTO children(self_id, parent_id, from_parent_count, from_parent_calls, from_parent_paths, pct) VALUES(1889,1872,6448,5,0,0);
INSERT INTO children(self_id, parent_id, from_parent_count, from_parent_calls, from_parent_paths, pct) VALUES(1890,1889,1888,0,10,0);
INSERT INTO children(self_id, parent_id, from_parent_count, from_parent_calls, from_parent_paths, pct) VALUES(1891,1889,2224,0,10,0);
INSERT INTO children(self_id, parent_id, from_parent_count, from_parent_calls, from_parent_paths, pct) VALUES(1892,1889,1168,5,10,0);
INSERT INTO children(self_id, parent_id, from_parent_count, from_parent_calls, from_parent_paths, pct) VALUES(1893,1889,1168,0,10,0);
INSERT INTO children(self_id, parent_id, from_parent_count, from_parent_calls, from_parent_paths, pct) VALUES(1894,1872,6544,6,0,0);
INSERT INTO children(self_id, parent_id, from_parent_count, from_parent_calls, from_parent_paths, pct) VALUES(1895,1894,1888,0,10,0);
INSERT INTO children(self_id, parent_id, from_parent_count, from_parent_calls, from_parent_paths, pct) VALUES(1896,1894,2224,6,10,0);
INSERT INTO children(self_id, parent_id, from_parent_count, from_parent_calls, from_parent_paths, pct) VALUES(1897,1894,1168,0,10,0);
INSERT INTO children(self_id, parent_id, from_parent_count, from_parent_calls, from_parent_paths, pct) VALUES(1898,1894,1264,0,10,0);
INSERT INTO children(self_id, parent_id, from_parent_count, from_parent_calls, from_parent_paths, pct) VALUES(1899,1872,6544,57,0,0);
INSERT INTO children(self_id, parent_id, from_parent_count, from_parent_calls, from_parent_paths, pct) VALUES(1900,1899,1888,10,10,0);
INSERT INTO children(self_id, parent_id, from_parent_count, from_parent_calls, from_parent_paths, pct) VALUES(1901,1899,2224,0,10,0);
INSERT INTO children(self_id, parent_id, from_parent_count, from_parent_calls, from_parent_paths, pct) VALUES(1902,1899,1168,0,10,0);
INSERT INTO children(self_id, parent_id, from_parent_count, from_parent_calls, from_parent_paths, pct) VALUES(1903,1899,1264,47,10,0);
INSERT INTO children(self_id, parent_id, from_parent_count, from_parent_calls, from_parent_paths, pct) VALUES(1904,1872,7424,10,0,0);
INSERT INTO children(self_id, parent_id, from_parent_count, from_parent_calls, from_parent_paths, pct) VALUES(1905,1904,1888,0,10,0);
INSERT INTO children(self_id, parent_id, from_parent_count, from_parent_calls, from_parent_paths, pct) VALUES(1906,1904,2224,0,10,0);
INSERT INTO children(self_id, parent_id, from_parent_count, from_parent_calls, from_parent_paths, pct) VALUES(1907,1904,1168,0,10,0);
INSERT INTO children(self_id, parent_id, from_parent_count, from_parent_calls, from_parent_paths, pct) VALUES(1908,1904,2144,10,20,0);
INSERT INTO children(self_id, parent_id, from_parent_count, from_parent_calls, from_parent_paths, pct) VALUES(1909,1872,6544,11,0,0);
INSERT INTO children(self_id, parent_id, from_parent_count, from_parent_calls, from_parent_paths, pct) VALUES(1910,1909,1888,0,10,0);
INSERT INTO children(self_id, parent_id, from_parent_count, from_parent_calls, from_parent_paths, pct) VALUES(1911,1909,2224,0,10,0);
INSERT INTO children(self_id, parent_id, from_parent_count, from_parent_calls, from_parent_paths, pct) VALUES(1912,1909,1168,0,10,0);
INSERT INTO children(self_id, parent_id, from_parent_count, from_parent_calls, from_parent_paths, pct) VALUES(1913,1909,1264,11,10,0);
INSERT INTO children(self_id, parent_id, from_parent_count, from_parent_calls, from_parent_paths, pct) VALUES(1914,1872,6544,10,0,0);
INSERT INTO children(self_id, parent_id, from_parent_count, from_parent_calls, from_parent_paths, pct) VALUES(1915,1914,1888,10,10,0);
INSERT INTO children(self_id, parent_id, from_parent_count, from_parent_calls, from_parent_paths, pct) VALUES(1916,1914,2224,0,10,0);
INSERT INTO children(self_id, parent_id, from_parent_count, from_parent_calls, from_parent_paths, pct) VALUES(1917,1914,1168,0,10,0);
INSERT INTO children(self_id, parent_id, from_parent_count, from_parent_calls, from_parent_paths, pct) VALUES(1918,1914,1264,0,10,0);
INSERT INTO children(self_id, parent_id, from_parent_count, from_parent_calls, from_parent_paths, pct) VALUES(1919,1872,6544,6,0,0);
INSERT INTO children(self_id, parent_id, from_parent_count, from_parent_calls, from_parent_paths, pct) VALUES(1920,1919,1888,0,10,0);
INSERT INTO children(self_id, parent_id, from_parent_count, from_parent_calls, from_parent_paths, pct) VALUES(1921,1919,2224,6,10,0);
INSERT INTO children(self_id, parent_id, from_parent_count, from_parent_calls, from_parent_paths, pct) VALUES(1922,1919,1168,0,10,0);
INSERT INTO children(self_id, parent_id, from_parent_count, from_parent_calls, from_parent_paths, pct) VALUES(1923,1919,1264,0,10,0);
INSERT INTO children(self_id, parent_id, from_parent_count, from_parent_calls, from_parent_paths, pct) VALUES(1924,1872,6448,0,0,0);
INSERT INTO children(self_id, parent_id, from_parent_count, from_parent_calls, from_parent_paths, pct) VALUES(1925,1924,1888,0,10,0);
INSERT INTO children(self_id, parent_id, from_parent_count, from_parent_calls, from_parent_paths, pct) VALUES(1926,1924,2224,0,10,0);
INSERT INTO children(self_id, parent_id, from_parent_count, from_parent_calls, from_parent_paths, pct) VALUES(1927,1924,1168,0,10,0);
INSERT INTO children(self_id, parent_id, from_parent_count, from_parent_calls, from_parent_paths, pct) VALUES(1928,1924,1168,0,10,0);
INSERT INTO children(self_id, parent_id, from_parent_count, from_parent_calls, from_parent_paths, pct) VALUES(1929,1872,5912,0,0,0);
INSERT INTO children(self_id, parent_id, from_parent_count, from_parent_calls, from_parent_paths, pct) VALUES(1930,1929,1888,0,10,0);
INSERT INTO children(self_id, parent_id, from_parent_count, from_parent_calls, from_parent_paths, pct) VALUES(1931,1929,2224,0,10,0);
INSERT INTO children(self_id, parent_id, from_parent_count, from_parent_calls, from_parent_paths, pct) VALUES(1932,1929,1168,0,10,0);
INSERT INTO children(self_id, parent_id, from_parent_count, from_parent_calls, from_parent_paths, pct) VALUES(1933,1929,632,0,5,0);
INSERT INTO children(self_id, parent_id, from_parent_count, from_parent_calls, from_parent_paths, pct) VALUES(1934,1809,151872,17144,0,0);
INSERT INTO children(self_id, parent_id, from_parent_count, from_parent_calls, from_parent_paths, pct) VALUES(1935,1934,73440,17076,12,0);
INSERT INTO children(self_id, parent_id, from_parent_count, from_parent_calls, from_parent_paths, pct) VALUES(1936,1934,6568,5,0,0);
INSERT INTO children(self_id, parent_id, from_parent_count, from_parent_calls, from_parent_paths, pct) VALUES(1937,1936,1888,0,10,0);
INSERT INTO children(self_id, parent_id, from_parent_count, from_parent_calls, from_parent_paths, pct) VALUES(1938,1936,2248,0,10,0);
INSERT INTO children(self_id, parent_id, from_parent_count, from_parent_calls, from_parent_paths, pct) VALUES(1939,1936,1168,0,10,0);
INSERT INTO children(self_id, parent_id, from_parent_count, from_parent_calls, from_parent_paths, pct) VALUES(1940,1936,1264,5,10,0);
INSERT INTO children(self_id, parent_id, from_parent_count, from_parent_calls, from_parent_paths, pct) VALUES(1941,1934,6760,10,0,0);
INSERT INTO children(self_id, parent_id, from_parent_count, from_parent_calls, from_parent_paths, pct) VALUES(1942,1941,1888,0,10,0);
INSERT INTO children(self_id, parent_id, from_parent_count, from_parent_calls, from_parent_paths, pct) VALUES(1943,1941,2248,10,10,0);
INSERT INTO children(self_id, parent_id, from_parent_count, from_parent_calls, from_parent_paths, pct) VALUES(1944,1941,1168,0,10,0);
INSERT INTO children(self_id, parent_id, from_parent_count, from_parent_calls, from_parent_paths, pct) VALUES(1945,1941,1456,0,10,0);
INSERT INTO children(self_id, parent_id, from_parent_count, from_parent_calls, from_parent_paths, pct) VALUES(1946,1934,5936,12,0,0);
INSERT INTO children(self_id, parent_id, from_parent_count, from_parent_calls, from_parent_paths, pct) VALUES(1947,1946,1888,7,10,0);
INSERT INTO children(self_id, parent_id, from_parent_count, from_parent_calls, from_parent_paths, pct) VALUES(1948,1946,2248,0,10,0);
INSERT INTO children(self_id, parent_id, from_parent_count, from_parent_calls, from_parent_paths, pct) VALUES(1949,1946,1168,5,10,0);
INSERT INTO children(self_id, parent_id, from_parent_count, from_parent_calls, from_parent_paths, pct) VALUES(1950,1946,632,0,5,0);
INSERT INTO children(self_id, parent_id, from_parent_count, from_parent_calls, from_parent_paths, pct) VALUES(1951,1934,6472,5,0,0);
INSERT INTO children(self_id, parent_id, from_parent_count, from_parent_calls, from_parent_paths, pct) VALUES(1952,1951,1888,0,10,0);
INSERT INTO children(self_id, parent_id, from_parent_count, from_parent_calls, from_parent_paths, pct) VALUES(1953,1951,2248,0,10,0);
INSERT INTO children(self_id, parent_id, from_parent_count, from_parent_calls, from_parent_paths, pct) VALUES(1954,1951,1168,0,10,0);
INSERT INTO children(self_id, parent_id, from_parent_count, from_parent_calls, from_parent_paths, pct) VALUES(1955,1951,1168,5,10,0);
INSERT INTO children(self_id, parent_id, from_parent_count, from_parent_calls, from_parent_paths, pct) VALUES(1956,1934,6568,5,0,0);
INSERT INTO children(self_id, parent_id, from_parent_count, from_parent_calls, from_parent_paths, pct) VALUES(1957,1956,1888,0,10,0);
INSERT INTO children(self_id, parent_id, from_parent_count, from_parent_calls, from_parent_paths, pct) VALUES(1958,1956,2248,0,10,0);
INSERT INTO children(self_id, parent_id, from_parent_count, from_parent_calls, from_parent_paths, pct) VALUES(1959,1956,1168,0,10,0);
INSERT INTO children(self_id, parent_id, from_parent_count, from_parent_calls, from_parent_paths, pct) VALUES(1960,1956,1264,5,10,0);
INSERT INTO children(self_id, parent_id, from_parent_count, from_parent_calls, from_parent_paths, pct) VALUES(1961,1934,6568,0,0,0);
INSERT INTO children(self_id, parent_id, from_parent_count, from_parent_calls, from_parent_paths, pct) VALUES(1962,1961,1888,0,10,0);
INSERT INTO children(self_id, parent_id, from_parent_count, from_parent_calls, from_parent_paths, pct) VALUES(1963,1961,2248,0,10,0);
INSERT INTO children(self_id, parent_id, from_parent_count, from_parent_calls, from_parent_paths, pct) VALUES(1964,1961,1168,0,10,0);
INSERT INTO children(self_id, parent_id, from_parent_count, from_parent_calls, from_parent_paths, pct) VALUES(1965,1961,1264,0,10,0);
INSERT INTO children(self_id, parent_id, from_parent_count, from_parent_calls, from_parent_paths, pct) VALUES(1966,1934,7448,10,0,0);
INSERT INTO children(self_id, parent_id, from_parent_count, from_parent_calls, from_parent_paths, pct) VALUES(1967,1966,1888,0,10,0);
INSERT INTO children(self_id, parent_id, from_parent_count, from_parent_calls, from_parent_paths, pct) VALUES(1968,1966,2248,0,10,0);
INSERT INTO children(self_id, parent_id, from_parent_count, from_parent_calls, from_parent_paths, pct) VALUES(1969,1966,1168,0,10,0);
INSERT INTO children(self_id, parent_id, from_parent_count, from_parent_calls, from_parent_paths, pct) VALUES(1970,1966,2144,10,20,0);
INSERT INTO children(self_id, parent_id, from_parent_count, from_parent_calls, from_parent_paths, pct) VALUES(1971,1934,6568,0,0,0);
INSERT INTO children(self_id, parent_id, from_parent_count, from_parent_calls, from_parent_paths, pct) VALUES(1972,1971,1888,0,10,0);
INSERT INTO children(self_id, parent_id, from_parent_count, from_parent_calls, from_parent_paths, pct) VALUES(1973,1971,2248,0,10,0);
INSERT INTO children(self_id, parent_id, from_parent_count, from_parent_calls, from_parent_paths, pct) VALUES(1974,1971,1168,0,10,0);
INSERT INTO children(self_id, parent_id, from_parent_count, from_parent_calls, from_parent_paths, pct) VALUES(1975,1971,1264,0,10,0);
INSERT INTO children(self_id, parent_id, from_parent_count, from_parent_calls, from_parent_paths, pct) VALUES(1976,1934,6568,0,0,0);
INSERT INTO children(self_id, parent_id, from_parent_count, from_parent_calls, from_parent_paths, pct) VALUES(1977,1976,1888,0,10,0);
INSERT INTO children(self_id, parent_id, from_parent_count, from_parent_calls, from_parent_paths, pct) VALUES(1978,1976,2248,0,10,0);
INSERT INTO children(self_id, parent_id, from_parent_count, from_parent_calls, from_parent_paths, pct) VALUES(1979,1976,1168,0,10,0);
INSERT INTO children(self_id, parent_id, from_parent_count, from_parent_calls, from_parent_paths, pct) VALUES(1980,1976,1264,0,10,0);
INSERT INTO children(self_id, parent_id, from_parent_count, from_parent_calls, from_parent_paths, pct) VALUES(1981,1934,6568,0,0,0);
INSERT INTO children(self_id, parent_id, from_parent_count, from_parent_calls, from_parent_paths, pct) VALUES(1982,1981,1888,0,10,0);
INSERT INTO children(self_id, parent_id, from_parent_count, from_parent_calls, from_parent_paths, pct) VALUES(1983,1981,2248,0,10,0);
INSERT INTO children(self_id, parent_id, from_parent_count, from_parent_calls, from_parent_paths, pct) VALUES(1984,1981,1168,0,10,0);
INSERT INTO children(self_id, parent_id, from_parent_count, from_parent_calls, from_parent_paths, pct) VALUES(1985,1981,1264,0,10,0);
INSERT INTO children(self_id, parent_id, from_parent_count, from_parent_calls, from_parent_paths, pct) VALUES(1986,1934,6472,6,0,0);
INSERT INTO children(self_id, parent_id, from_parent_count, from_parent_calls, from_parent_paths, pct) VALUES(1987,1986,1888,0,10,0);
INSERT INTO children(self_id, parent_id, from_parent_count, from_parent_calls, from_parent_paths, pct) VALUES(1988,1986,2248,0,10,0);
INSERT INTO children(self_id, parent_id, from_parent_count, from_parent_calls, from_parent_paths, pct) VALUES(1989,1986,1168,0,10,0);
INSERT INTO children(self_id, parent_id, from_parent_count, from_parent_calls, from_parent_paths, pct) VALUES(1990,1986,1168,6,10,0);
INSERT INTO children(self_id, parent_id, from_parent_count, from_parent_calls, from_parent_paths, pct) VALUES(1991,1934,5936,15,0,0);
INSERT INTO children(self_id, parent_id, from_parent_count, from_parent_calls, from_parent_paths, pct) VALUES(1992,1991,1888,6,10,0);
INSERT INTO children(self_id, parent_id, from_parent_count, from_parent_calls, from_parent_paths, pct) VALUES(1993,1991,2248,0,10,0);
INSERT INTO children(self_id, parent_id, from_parent_count, from_parent_calls, from_parent_paths, pct) VALUES(1994,1991,1168,9,10,0);
INSERT INTO children(self_id, parent_id, from_parent_count, from_parent_calls, from_parent_paths, pct) VALUES(1995,1991,632,0,5,0);
INSERT INTO children(self_id, parent_id, from_parent_count, from_parent_calls, from_parent_paths, pct) VALUES(1996,1809,151872,17156,0,0);
INSERT INTO children(self_id, parent_id, from_parent_count, from_parent_calls, from_parent_paths, pct) VALUES(1997,1996,73440,17076,12,0);
INSERT INTO children(self_id, parent_id, from_parent_count, from_parent_calls, from_parent_paths, pct) VALUES(1998,1996,6568,0,0,0);
INSERT INTO children(self_id, parent_id, from_parent_count, from_parent_calls, from_parent_paths, pct) VALUES(1999,1998,1888,0,10,0);
INSERT INTO children(self_id, parent_id, from_parent_count, from_parent_calls, from_parent_paths, pct) VALUES(2000,1998,2248,0,10,0);
INSERT INTO children(self_id, parent_id, from_parent_count, from_parent_calls, from_parent_paths, pct) VALUES(2001,1998,1168,0,10,0);
INSERT INTO children(self_id, parent_id, from_parent_count, from_parent_calls, from_parent_paths, pct) VALUES(2002,1998,1264,0,10,0);
INSERT INTO children(self_id, parent_id, from_parent_count, from_parent_calls, from_parent_paths, pct) VALUES(2003,1996,6760,5,0,0);
INSERT INTO children(self_id, parent_id, from_parent_count, from_parent_calls, from_parent_paths, pct) VALUES(2004,2003,1888,0,10,0);
INSERT INTO children(self_id, parent_id, from_parent_count, from_parent_calls, from_parent_paths, pct) VALUES(2005,2003,2248,0,10,0);
INSERT INTO children(self_id, parent_id, from_parent_count, from_parent_calls, from_parent_paths, pct) VALUES(2006,2003,1168,0,10,0);
INSERT INTO children(self_id, parent_id, from_parent_count, from_parent_calls, from_parent_paths, pct) VALUES(2007,2003,1456,5,10,0);
INSERT INTO children(self_id, parent_id, from_parent_count, from_parent_calls, from_parent_paths, pct) VALUES(2008,1996,5936,0,0,0);
INSERT INTO children(self_id, parent_id, from_parent_count, from_parent_calls, from_parent_paths, pct) VALUES(2009,2008,1888,0,10,0);
INSERT INTO children(self_id, parent_id, from_parent_count, from_parent_calls, from_parent_paths, pct) VALUES(2010,2008,2248,0,10,0);
INSERT INTO children(self_id, parent_id, from_parent_count, from_parent_calls, from_parent_paths, pct) VALUES(2011,2008,1168,0,10,0);
INSERT INTO children(self_id, parent_id, from_parent_count, from_parent_calls, from_parent_paths, pct) VALUES(2012,2008,632,0,5,0);
INSERT INTO children(self_id, parent_id, from_parent_count, from_parent_calls, from_parent_paths, pct) VALUES(2013,1996,6472,7,0,0);
INSERT INTO children(self_id, parent_id, from_parent_count, from_parent_calls, from_parent_paths, pct) VALUES(2014,2013,1888,7,10,0);
INSERT INTO children(self_id, parent_id, from_parent_count, from_parent_calls, from_parent_paths, pct) VALUES(2015,2013,2248,0,10,0);
INSERT INTO children(self_id, parent_id, from_parent_count, from_parent_calls, from_parent_paths, pct) VALUES(2016,2013,1168,0,10,0);
INSERT INTO children(self_id, parent_id, from_parent_count, from_parent_calls, from_parent_paths, pct) VALUES(2017,2013,1168,0,10,0);
INSERT INTO children(self_id, parent_id, from_parent_count, from_parent_calls, from_parent_paths, pct) VALUES(2018,1996,6568,0,0,0);
INSERT INTO children(self_id, parent_id, from_parent_count, from_parent_calls, from_parent_paths, pct) VALUES(2019,2018,1888,0,10,0);
INSERT INTO children(self_id, parent_id, from_parent_count, from_parent_calls, from_parent_paths, pct) VALUES(2020,2018,2248,0,10,0);
INSERT INTO children(self_id, parent_id, from_parent_count, from_parent_calls, from_parent_paths, pct) VALUES(2021,2018,1168,0,10,0);
INSERT INTO children(self_id, parent_id, from_parent_count, from_parent_calls, from_parent_paths, pct) VALUES(2022,2018,1264,0,10,0);
INSERT INTO children(self_id, parent_id, from_parent_count, from_parent_calls, from_parent_paths, pct) VALUES(2023,1996,6568,10,0,0);
INSERT INTO children(self_id, parent_id, from_parent_count, from_parent_calls, from_parent_paths, pct) VALUES(2024,2023,1888,0,10,0);
INSERT INTO children(self_id, parent_id, from_parent_count, from_parent_calls, from_parent_paths, pct) VALUES(2025,2023,2248,0,10,0);
INSERT INTO children(self_id, parent_id, from_parent_count, from_parent_calls, from_parent_paths, pct) VALUES(2026,2023,1168,0,10,0);
INSERT INTO children(self_id, parent_id, from_parent_count, from_parent_calls, from_parent_paths, pct) VALUES(2027,2023,1264,10,10,0);
INSERT INTO children(self_id, parent_id, from_parent_count, from_parent_calls, from_parent_paths, pct) VALUES(2028,1996,7448,6,0,0);
INSERT INTO children(self_id, parent_id, from_parent_count, from_parent_calls, from_parent_paths, pct) VALUES(2029,2028,1888,0,10,0);
INSERT INTO children(self_id, parent_id, from_parent_count, from_parent_calls, from_parent_paths, pct) VALUES(2030,2028,2248,0,10,0);
INSERT INTO children(self_id, parent_id, from_parent_count, from_parent_calls, from_parent_paths, pct) VALUES(2031,2028,1168,0,10,0);
INSERT INTO children(self_id, parent_id, from_parent_count, from_parent_calls, from_parent_paths, pct) VALUES(2032,2028,2144,6,20,0);
INSERT INTO children(self_id, parent_id, from_parent_count, from_parent_calls, from_parent_paths, pct) VALUES(2033,1996,6568,21,0,0);
INSERT INTO children(self_id, parent_id, from_parent_count, from_parent_calls, from_parent_paths, pct) VALUES(2034,2033,1888,0,10,0);
INSERT INTO children(self_id, parent_id, from_parent_count, from_parent_calls, from_parent_paths, pct) VALUES(2035,2033,2248,0,10,0);
INSERT INTO children(self_id, parent_id, from_parent_count, from_parent_calls, from_parent_paths, pct) VALUES(2036,2033,1168,5,10,0);
INSERT INTO children(self_id, parent_id, from_parent_count, from_parent_calls, from_parent_paths, pct) VALUES(2037,2033,1264,16,10,0);
INSERT INTO children(self_id, parent_id, from_parent_count, from_parent_calls, from_parent_paths, pct) VALUES(2038,1996,6568,15,0,0);
INSERT INTO children(self_id, parent_id, from_parent_count, from_parent_calls, from_parent_paths, pct) VALUES(2039,2038,1888,5,10,0);
INSERT INTO children(self_id, parent_id, from_parent_count, from_parent_calls, from_parent_paths, pct) VALUES(2040,2038,2248,0,10,0);
INSERT INTO children(self_id, parent_id, from_parent_count, from_parent_calls, from_parent_paths, pct) VALUES(2041,2038,1168,0,10,0);
INSERT INTO children(self_id, parent_id, from_parent_count, from_parent_calls, from_parent_paths, pct) VALUES(2042,2038,1264,10,10,0);
INSERT INTO children(self_id, parent_id, from_parent_count, from_parent_calls, from_parent_paths, pct) VALUES(2043,1996,6568,6,0,0);
INSERT INTO children(self_id, parent_id, from_parent_count, from_parent_calls, from_parent_paths, pct) VALUES(2044,2043,1888,0,10,0);
INSERT INTO children(self_id, parent_id, from_parent_count, from_parent_calls, from_parent_paths, pct) VALUES(2045,2043,2248,6,10,0);
INSERT INTO children(self_id, parent_id, from_parent_count, from_parent_calls, from_parent_paths, pct) VALUES(2046,2043,1168,0,10,0);
INSERT INTO children(self_id, parent_id, from_parent_count, from_parent_calls, from_parent_paths, pct) VALUES(2047,2043,1264,0,10,0);
INSERT INTO children(self_id, parent_id, from_parent_count, from_parent_calls, from_parent_paths, pct) VALUES(2048,1996,6472,5,0,0);
INSERT INTO children(self_id, parent_id, from_parent_count, from_parent_calls, from_parent_paths, pct) VALUES(2049,2048,1888,5,10,0);
INSERT INTO children(self_id, parent_id, from_parent_count, from_parent_calls, from_parent_paths, pct) VALUES(2050,2048,2248,0,10,0);
INSERT INTO children(self_id, parent_id, from_parent_count, from_parent_calls, from_parent_paths, pct) VALUES(2051,2048,1168,0,10,0);
INSERT INTO children(self_id, parent_id, from_parent_count, from_parent_calls, from_parent_paths, pct) VALUES(2052,2048,1168,0,10,0);
INSERT INTO children(self_id, parent_id, from_parent_count, from_parent_calls, from_parent_paths, pct) VALUES(2053,1996,5936,5,0,0);
INSERT INTO children(self_id, parent_id, from_parent_count, from_parent_calls, from_parent_paths, pct) VALUES(2054,2053,1888,5,10,0);
INSERT INTO children(self_id, parent_id, from_parent_count, from_parent_calls, from_parent_paths, pct) VALUES(2055,2053,2248,0,10,0);
INSERT INTO children(self_id, parent_id, from_parent_count, from_parent_calls, from_parent_paths, pct) VALUES(2056,2053,1168,0,10,0);
INSERT INTO children(self_id, parent_id, from_parent_count, from_parent_calls, from_parent_paths, pct) VALUES(2057,2053,632,0,5,0);
INSERT INTO children(self_id, parent_id, from_parent_count, from_parent_calls, from_parent_paths, pct) VALUES(2058,1809,151584,17315,0,0);
INSERT INTO children(self_id, parent_id, from_parent_count, from_parent_calls, from_parent_paths, pct) VALUES(2059,2058,73440,17076,12,0);
INSERT INTO children(self_id, parent_id, from_parent_count, from_parent_calls, from_parent_paths, pct) VALUES(2060,2058,6544,29,0,0);
INSERT INTO children(self_id, parent_id, from_parent_count, from_parent_calls, from_parent_paths, pct) VALUES(2061,2060,1888,5,10,0);
INSERT INTO children(self_id, parent_id, from_parent_count, from_parent_calls, from_parent_paths, pct) VALUES(2062,2060,2224,12,10,0);
INSERT INTO children(self_id, parent_id, from_parent_count, from_parent_calls, from_parent_paths, pct) VALUES(2063,2060,1168,7,10,0);
INSERT INTO children(self_id, parent_id, from_parent_count, from_parent_calls, from_parent_paths, pct) VALUES(2064,2060,1264,5,10,0);
INSERT INTO children(self_id, parent_id, from_parent_count, from_parent_calls, from_parent_paths, pct) VALUES(2065,2058,6736,0,0,0);
INSERT INTO children(self_id, parent_id, from_parent_count, from_parent_calls, from_parent_paths, pct) VALUES(2066,2065,1888,0,10,0);
INSERT INTO children(self_id, parent_id, from_parent_count, from_parent_calls, from_parent_paths, pct) VALUES(2067,2065,2224,0,10,0);
INSERT INTO children(self_id, parent_id, from_parent_count, from_parent_calls, from_parent_paths, pct) VALUES(2068,2065,1168,0,10,0);
INSERT INTO children(self_id, parent_id, from_parent_count, from_parent_calls, from_parent_paths, pct) VALUES(2069,2065,1456,0,10,0);
INSERT INTO children(self_id, parent_id, from_parent_count, from_parent_calls, from_parent_paths, pct) VALUES(2070,2058,5912,25,0,0);
INSERT INTO children(self_id, parent_id, from_parent_count, from_parent_calls, from_parent_paths, pct) VALUES(2071,2070,1888,18,10,0);
INSERT INTO children(self_id, parent_id, from_parent_count, from_parent_calls, from_parent_paths, pct) VALUES(2072,2070,2224,0,10,0);
INSERT INTO children(self_id, parent_id, from_parent_count, from_parent_calls, from_parent_paths, pct) VALUES(2073,2070,1168,7,10,0);
INSERT INTO children(self_id, parent_id, from_parent_count, from_parent_calls, from_parent_paths, pct) VALUES(2074,2070,632,0,5,0);
INSERT INTO children(self_id, parent_id, from_parent_count, from_parent_calls, from_parent_paths, pct) VALUES(2075,2058,6448,5,0,0);
INSERT INTO children(self_id, parent_id, from_parent_count, from_parent_calls, from_parent_paths, pct) VALUES(2076,2075,1888,0,10,0);
INSERT INTO children(self_id, parent_id, from_parent_count, from_parent_calls, from_parent_paths, pct) VALUES(2077,2075,2224,5,10,0);
INSERT INTO children(self_id, parent_id, from_parent_count, from_parent_calls, from_parent_paths, pct) VALUES(2078,2075,1168,0,10,0);
INSERT INTO children(self_id, parent_id, from_parent_count, from_parent_calls, from_parent_paths, pct) VALUES(2079,2075,1168,0,10,0);
INSERT INTO children(self_id, parent_id, from_parent_count, from_parent_calls, from_parent_paths, pct) VALUES(2080,2058,6544,45,0,0);
INSERT INTO children(self_id, parent_id, from_parent_count, from_parent_calls, from_parent_paths, pct) VALUES(2081,2080,1888,45,10,0);
INSERT INTO children(self_id, parent_id, from_parent_count, from_parent_calls, from_parent_paths, pct) VALUES(2082,2080,2224,0,10,0);
INSERT INTO children(self_id, parent_id, from_parent_count, from_parent_calls, from_parent_paths, pct) VALUES(2083,2080,1168,0,10,0);
INSERT INTO children(self_id, parent_id, from_parent_count, from_parent_calls, from_parent_paths, pct) VALUES(2084,2080,1264,0,10,0);
INSERT INTO children(self_id, parent_id, from_parent_count, from_parent_calls, from_parent_paths, pct) VALUES(2085,2058,6544,6,0,0);
INSERT INTO children(self_id, parent_id, from_parent_count, from_parent_calls, from_parent_paths, pct) VALUES(2086,2085,1888,0,10,0);
INSERT INTO children(self_id, parent_id, from_parent_count, from_parent_calls, from_parent_paths, pct) VALUES(2087,2085,2224,0,10,0);
INSERT INTO children(self_id, parent_id, from_parent_count, from_parent_calls, from_parent_paths, pct) VALUES(2088,2085,1168,0,10,0);
INSERT INTO children(self_id, parent_id, from_parent_count, from_parent_calls, from_parent_paths, pct) VALUES(2089,2085,1264,6,10,0);
INSERT INTO children(self_id, parent_id, from_parent_count, from_parent_calls, from_parent_paths, pct) VALUES(2090,2058,7424,21,0,0);
INSERT INTO children(self_id, parent_id, from_parent_count, from_parent_calls, from_parent_paths, pct) VALUES(2091,2090,1888,16,10,0);
INSERT INTO children(self_id, parent_id, from_parent_count, from_parent_calls, from_parent_paths, pct) VALUES(2092,2090,2224,0,10,0);
INSERT INTO children(self_id, parent_id, from_parent_count, from_parent_calls, from_parent_paths, pct) VALUES(2093,2090,1168,0,10,0);
INSERT INTO children(self_id, parent_id, from_parent_count, from_parent_calls, from_parent_paths, pct) VALUES(2094,2090,2144,5,20,0);
INSERT INTO children(self_id, parent_id, from_parent_count, from_parent_calls, from_parent_paths, pct) VALUES(2095,2058,6544,82,0,0);
INSERT INTO children(self_id, parent_id, from_parent_count, from_parent_calls, from_parent_paths, pct) VALUES(2096,2095,1888,6,10,0);
INSERT INTO children(self_id, parent_id, from_parent_count, from_parent_calls, from_parent_paths, pct) VALUES(2097,2095,2224,0,10,0);
INSERT INTO children(self_id, parent_id, from_parent_count, from_parent_calls, from_parent_paths, pct) VALUES(2098,2095,1168,0,10,0);
INSERT INTO children(self_id, parent_id, from_parent_count, from_parent_calls, from_parent_paths, pct) VALUES(2099,2095,1264,76,10,0);
INSERT INTO children(self_id, parent_id, from_parent_count, from_parent_calls, from_parent_paths, pct) VALUES(2100,2058,6544,10,0,0);
INSERT INTO children(self_id, parent_id, from_parent_count, from_parent_calls, from_parent_paths, pct) VALUES(2101,2100,1888,10,10,0);
INSERT INTO children(self_id, parent_id, from_parent_count, from_parent_calls, from_parent_paths, pct) VALUES(2102,2100,2224,0,10,0);
INSERT INTO children(self_id, parent_id, from_parent_count, from_parent_calls, from_parent_paths, pct) VALUES(2103,2100,1168,0,10,0);
INSERT INTO children(self_id, parent_id, from_parent_count, from_parent_calls, from_parent_paths, pct) VALUES(2104,2100,1264,0,10,0);
INSERT INTO children(self_id, parent_id, from_parent_count, from_parent_calls, from_parent_paths, pct) VALUES(2105,2058,6544,5,0,0);
INSERT INTO children(self_id, parent_id, from_parent_count, from_parent_calls, from_parent_paths, pct) VALUES(2106,2105,1888,0,10,0);
INSERT INTO children(self_id, parent_id, from_parent_count, from_parent_calls, from_parent_paths, pct) VALUES(2107,2105,2224,0,10,0);
INSERT INTO children(self_id, parent_id, from_parent_count, from_parent_calls, from_parent_paths, pct) VALUES(2108,2105,1168,0,10,0);
INSERT INTO children(self_id, parent_id, from_parent_count, from_parent_calls, from_parent_paths, pct) VALUES(2109,2105,1264,5,10,0);
INSERT INTO children(self_id, parent_id, from_parent_count, from_parent_calls, from_parent_paths, pct) VALUES(2110,2058,6448,5,0,0);
INSERT INTO children(self_id, parent_id, from_parent_count, from_parent_calls, from_parent_paths, pct) VALUES(2111,2110,1888,0,10,0);
INSERT INTO children(self_id, parent_id, from_parent_count, from_parent_calls, from_parent_paths, pct) VALUES(2112,2110,2224,0,10,0);
INSERT INTO children(self_id, parent_id, from_parent_count, from_parent_calls, from_parent_paths, pct) VALUES(2113,2110,1168,5,10,0);
INSERT INTO children(self_id, parent_id, from_parent_count, from_parent_calls, from_parent_paths, pct) VALUES(2114,2110,1168,0,10,0);
INSERT INTO children(self_id, parent_id, from_parent_count, from_parent_calls, from_parent_paths, pct) VALUES(2115,2058,5912,6,0,0);
INSERT INTO children(self_id, parent_id, from_parent_count, from_parent_calls, from_parent_paths, pct) VALUES(2116,2115,1888,0,10,0);
INSERT INTO children(self_id, parent_id, from_parent_count, from_parent_calls, from_parent_paths, pct) VALUES(2117,2115,2224,0,10,0);
INSERT INTO children(self_id, parent_id, from_parent_count, from_parent_calls, from_parent_paths, pct) VALUES(2118,2115,1168,0,10,0);
INSERT INTO children(self_id, parent_id, from_parent_count, from_parent_calls, from_parent_paths, pct) VALUES(2119,2115,632,6,5,0);
INSERT INTO children(self_id, parent_id, from_parent_count, from_parent_calls, from_parent_paths, pct) VALUES(2120,1808,202176,19660,0,0);
INSERT INTO children(self_id, parent_id, from_parent_count, from_parent_calls, from_parent_paths, pct) VALUES(2121,2120,67392,6553,0,0);
INSERT INTO children(self_id, parent_id, from_parent_count, from_parent_calls, from_parent_paths, pct) VALUES(2122,2121,27648,6456,4,0);
INSERT INTO children(self_id, parent_id, from_parent_count, from_parent_calls, from_parent_paths, pct) VALUES(2123,2121,19872,79,0,0);
INSERT INTO children(self_id, parent_id, from_parent_count, from_parent_calls, from_parent_paths, pct) VALUES(2124,2123,3312,28,30,0);
INSERT INTO children(self_id, parent_id, from_parent_count, from_parent_calls, from_parent_paths, pct) VALUES(2125,2123,3312,12,30,0);
INSERT INTO children(self_id, parent_id, from_parent_count, from_parent_calls, from_parent_paths, pct) VALUES(2126,2123,3312,8,30,0);
INSERT INTO children(self_id, parent_id, from_parent_count, from_parent_calls, from_parent_paths, pct) VALUES(2127,2123,3312,5,30,0);
INSERT INTO children(self_id, parent_id, from_parent_count, from_parent_calls, from_parent_paths, pct) VALUES(2128,2123,3312,26,30,0);
INSERT INTO children(self_id, parent_id, from_parent_count, from_parent_calls, from_parent_paths, pct) VALUES(2129,2123,3312,0,30,0);
INSERT INTO children(self_id, parent_id, from_parent_count, from_parent_calls, from_parent_paths, pct) VALUES(2130,2121,19872,18,0,0);
INSERT INTO children(self_id, parent_id, from_parent_count, from_parent_calls, from_parent_paths, pct) VALUES(2131,2130,3312,5,30,0);
INSERT INTO children(self_id, parent_id, from_parent_count, from_parent_calls, from_parent_paths, pct) VALUES(2132,2130,3312,6,30,0);
INSERT INTO children(self_id, parent_id, from_parent_count, from_parent_calls, from_parent_paths, pct) VALUES(2133,2130,3312,0,30,0);
INSERT INTO children(self_id, parent_id, from_parent_count, from_parent_calls, from_parent_paths, pct) VALUES(2134,2130,3312,0,30,0);
INSERT INTO children(self_id, parent_id, from_parent_count, from_parent_calls, from_parent_paths, pct) VALUES(2135,2130,3312,7,30,0);
INSERT INTO children(self_id, parent_id, from_parent_count, from_parent_calls, from_parent_paths, pct) VALUES(2136,2130,3312,0,30,0);
INSERT INTO children(self_id, parent_id, from_parent_count, from_parent_calls, from_parent_paths, pct) VALUES(2137,2120,67392,6543,0,0);
INSERT INTO children(self_id, parent_id, from_parent_count, from_parent_calls, from_parent_paths, pct) VALUES(2138,2137,27648,6456,4,0);
INSERT INTO children(self_id, parent_id, from_parent_count, from_parent_calls, from_parent_paths, pct) VALUES(2139,2137,19872,62,0,0);
INSERT INTO children(self_id, parent_id, from_parent_count, from_parent_calls, from_parent_paths, pct) VALUES(2140,2139,3312,22,30,0);
INSERT INTO children(self_id, parent_id, from_parent_count, from_parent_calls, from_parent_paths, pct) VALUES(2141,2139,3312,8,30,0);
INSERT INTO children(self_id, parent_id, from_parent_count, from_parent_calls, from_parent_paths, pct) VALUES(2142,2139,3312,5,30,0);
INSERT INTO children(self_id, parent_id, from_parent_count, from_parent_calls, from_parent_paths, pct) VALUES(2143,2139,3312,6,30,0);
INSERT INTO children(self_id, parent_id, from_parent_count, from_parent_calls, from_parent_paths, pct) VALUES(2144,2139,3312,16,30,0);
INSERT INTO children(self_id, parent_id, from_parent_count, from_parent_calls, from_parent_paths, pct) VALUES(2145,2139,3312,5,30,0);
INSERT INTO children(self_id, parent_id, from_parent_count, from_parent_calls, from_parent_paths, pct) VALUES(2146,2137,19872,25,0,0);
INSERT INTO children(self_id, parent_id, from_parent_count, from_parent_calls, from_parent_paths, pct) VALUES(2147,2146,3312,10,30,0);
INSERT INTO children(self_id, parent_id, from_parent_count, from_parent_calls, from_parent_paths, pct) VALUES(2148,2146,3312,5,30,0);
INSERT INTO children(self_id, parent_id, from_parent_count, from_parent_calls, from_parent_paths, pct) VALUES(2149,2146,3312,5,30,0);
INSERT INTO children(self_id, parent_id, from_parent_count, from_parent_calls, from_parent_paths, pct) VALUES(2150,2146,3312,0,30,0);
INSERT INTO children(self_id, parent_id, from_parent_count, from_parent_calls, from_parent_paths, pct) VALUES(2151,2146,3312,5,30,0);
INSERT INTO children(self_id, parent_id, from_parent_count, from_parent_calls, from_parent_paths, pct) VALUES(2152,2146,3312,0,30,0);
INSERT INTO children(self_id, parent_id, from_parent_count, from_parent_calls, from_parent_paths, pct) VALUES(2153,2120,67392,6564,0,0);
INSERT INTO children(self_id, parent_id, from_parent_count, from_parent_calls, from_parent_paths, pct) VALUES(2154,2153,27648,6459,4,0);
INSERT INTO children(self_id, parent_id, from_parent_count, from_parent_calls, from_parent_paths, pct) VALUES(2155,2153,19872,63,0,0);
INSERT INTO children(self_id, parent_id, from_parent_count, from_parent_calls, from_parent_paths, pct) VALUES(2156,2155,3312,11,30,0);
INSERT INTO children(self_id, parent_id, from_parent_count, from_parent_calls, from_parent_paths, pct) VALUES(2157,2155,3312,6,30,0);
INSERT INTO children(self_id, parent_id, from_parent_count, from_parent_calls, from_parent_paths, pct) VALUES(2158,2155,3312,20,30,0);
INSERT INTO children(self_id, parent_id, from_parent_count, from_parent_calls, from_parent_paths, pct) VALUES(2159,2155,3312,12,30,0);
INSERT INTO children(self_id, parent_id, from_parent_count, from_parent_calls, from_parent_paths, pct) VALUES(2160,2155,3312,14,30,0);
INSERT INTO children(self_id, parent_id, from_parent_count, from_parent_calls, from_parent_paths, pct) VALUES(2161,2155,3312,0,30,0);
INSERT INTO children(self_id, parent_id, from_parent_count, from_parent_calls, from_parent_paths, pct) VALUES(2162,2153,19872,42,0,0);
INSERT INTO children(self_id, parent_id, from_parent_count, from_parent_calls, from_parent_paths, pct) VALUES(2163,2162,3312,24,30,0);
INSERT INTO children(self_id, parent_id, from_parent_count, from_parent_calls, from_parent_paths, pct) VALUES(2164,2162,3312,5,30,0);
INSERT INTO children(self_id, parent_id, from_parent_count, from_parent_calls, from_parent_paths, pct) VALUES(2165,2162,3312,6,30,0);
INSERT INTO children(self_id, parent_id, from_parent_count, from_parent_calls, from_parent_paths, pct) VALUES(2166,2162,3312,7,30,0);
INSERT INTO children(self_id, parent_id, from_parent_count, from_parent_calls, from_parent_paths, pct) VALUES(2167,2162,3312,0,30,0);
INSERT INTO children(self_id, parent_id, from_parent_count, from_parent_calls, from_parent_paths, pct) VALUES(2168,2162,3312,0,30,0);
INSERT INTO children(self_id, parent_id, from_parent_count, from_parent_calls, from_parent_paths, pct) VALUES(2169,1808,202176,19570,0,0);
INSERT INTO children(self_id, parent_id, from_parent_count, from_parent_calls, from_parent_paths, pct) VALUES(2170,2169,67392,6503,0,0);
INSERT INTO children(self_id, parent_id, from_parent_count, from_parent_calls, from_parent_paths, pct) VALUES(2171,2170,27648,6456,4,0);
INSERT INTO children(self_id, parent_id, from_parent_count, from_parent_calls, from_parent_paths, pct) VALUES(2172,2170,19872,22,0,0);
INSERT INTO children(self_id, parent_id, from_parent_count, from_parent_calls, from_parent_paths, pct) VALUES(2173,2172,3312,7,30,0);
INSERT INTO children(self_id, parent_id, from_parent_count, from_parent_calls, from_parent_paths, pct) VALUES(2174,2172,3312,0,30,0);
INSERT INTO children(self_id, parent_id, from_parent_count, from_parent_calls, from_parent_paths, pct) VALUES(2175,2172,3312,5,30,0);
INSERT INTO children(self_id, parent_id, from_parent_count, from_parent_calls, from_parent_paths, pct) VALUES(2176,2172,3312,0,30,0);
INSERT INTO children(self_id, parent_id, from_parent_count, from_parent_calls, from_parent_paths, pct) VALUES(2177,2172,3312,10,30,0);
INSERT INTO children(self_id, parent_id, from_parent_count, from_parent_calls, from_parent_paths, pct) VALUES(2178,2172,3312,0,30,0);
INSERT INTO children(self_id, parent_id, from_parent_count, from_parent_calls, from_parent_paths, pct) VALUES(2179,2170,19872,25,0,0);
INSERT INTO children(self_id, parent_id, from_parent_count, from_parent_calls, from_parent_paths, pct) VALUES(2180,2179,3312,10,30,0);
INSERT INTO children(self_id, parent_id, from_parent_count, from_parent_calls, from_parent_paths, pct) VALUES(2181,2179,3312,0,30,0);
INSERT INTO children(self_id, parent_id, from_parent_count, from_parent_calls, from_parent_paths, pct) VALUES(2182,2179,3312,5,30,0);
INSERT INTO children(self_id, parent_id, from_parent_count, from_parent_calls, from_parent_paths, pct) VALUES(2183,2179,3312,0,30,0);
INSERT INTO children(self_id, parent_id, from_parent_count, from_parent_calls, from_parent_paths, pct) VALUES(2184,2179,3312,10,30,0);
INSERT INTO children(self_id, parent_id, from_parent_count, from_parent_calls, from_parent_paths, pct) VALUES(2185,2179,3312,0,30,0);
INSERT INTO children(self_id, parent_id, from_parent_count, from_parent_calls, from_parent_paths, pct) VALUES(2186,2169,67392,6523,0,0);
INSERT INTO children(self_id, parent_id, from_parent_count, from_parent_calls, from_parent_paths, pct) VALUES(2187,2186,27648,6456,4,0);
INSERT INTO children(self_id, parent_id, from_parent_count, from_parent_calls, from_parent_paths, pct) VALUES(2188,2186,19872,30,0,0);
INSERT INTO children(self_id, parent_id, from_parent_count, from_parent_calls, from_parent_paths, pct) VALUES(2189,2188,3312,0,30,0);
INSERT INTO children(self_id, parent_id, from_parent_count, from_parent_calls, from_parent_paths, pct) VALUES(2190,2188,3312,0,30,0);
INSERT INTO children(self_id, parent_id, from_parent_count, from_parent_calls, from_parent_paths, pct) VALUES(2191,2188,3312,5,30,0);
INSERT INTO children(self_id, parent_id, from_parent_count, from_parent_calls, from_parent_paths, pct) VALUES(2192,2188,3312,7,30,0);
INSERT INTO children(self_id, parent_id, from_parent_count, from_parent_calls, from_parent_paths, pct) VALUES(2193,2188,3312,18,30,0);
INSERT INTO children(self_id, parent_id, from_parent_count, from_parent_calls, from_parent_paths, pct) VALUES(2194,2188,3312,0,30,0);
INSERT INTO children(self_id, parent_id, from_parent_count, from_parent_calls, from_parent_paths, pct) VALUES(2195,2186,19872,37,0,0);
INSERT INTO children(self_id, parent_id, from_parent_count, from_parent_calls, from_parent_paths, pct) VALUES(2196,2195,3312,5,30,0);
INSERT INTO children(self_id, parent_id, from_parent_count, from_parent_calls, from_parent_paths, pct) VALUES(2197,2195,3312,10,30,0);
INSERT INTO children(self_id, parent_id, from_parent_count, from_parent_calls, from_parent_paths, pct) VALUES(2198,2195,3312,17,30,0);
INSERT INTO children(self_id, parent_id, from_parent_count, from_parent_calls, from_parent_paths, pct) VALUES(2199,2195,3312,0,30,0);
INSERT INTO children(self_id, parent_id, from_parent_count, from_parent_calls, from_parent_paths, pct) VALUES(2200,2195,3312,5,30,0);
INSERT INTO children(self_id, parent_id, from_parent_count, from_parent_calls, from_parent_paths, pct) VALUES(2201,2195,3312,0,30,0);
INSERT INTO children(self_id, parent_id, from_parent_count, from_parent_calls, from_parent_paths, pct) VALUES(2202,2169,67392,6544,0,0);
INSERT INTO children(self_id, parent_id, from_parent_count, from_parent_calls, from_parent_paths, pct) VALUES(2203,2202,27648,6456,4,0);
INSERT INTO children(self_id, parent_id, from_parent_count, from_parent_calls, from_parent_paths, pct) VALUES(2204,2202,19872,58,0,0);
INSERT INTO children(self_id, parent_id, from_parent_count, from_parent_calls, from_parent_paths, pct) VALUES(2205,2204,3312,0,30,0);
INSERT INTO children(self_id, parent_id, from_parent_count, from_parent_calls, from_parent_paths, pct) VALUES(2206,2204,3312,10,30,0);
INSERT INTO children(self_id, parent_id, from_parent_count, from_parent_calls, from_parent_paths, pct) VALUES(2207,2204,3312,7,30,0);
INSERT INTO children(self_id, parent_id, from_parent_count, from_parent_calls, from_parent_paths, pct) VALUES(2208,2204,3312,15,30,0);
INSERT INTO children(self_id, parent_id, from_parent_count, from_parent_calls, from_parent_paths, pct) VALUES(2209,2204,3312,26,30,0);
INSERT INTO children(self_id, parent_id, from_parent_count, from_parent_calls, from_parent_paths, pct) VALUES(2210,2204,3312,0,30,0);
INSERT INTO children(self_id, parent_id, from_parent_count, from_parent_calls, from_parent_paths, pct) VALUES(2211,2202,19872,30,0,0);
INSERT INTO children(self_id, parent_id, from_parent_count, from_parent_calls, from_parent_paths, pct) VALUES(2212,2211,3312,0,30,0);
INSERT INTO children(self_id, parent_id, from_parent_count, from_parent_calls, from_parent_paths, pct) VALUES(2213,2211,3312,5,30,0);
INSERT INTO children(self_id, parent_id, from_parent_count, from_parent_calls, from_parent_paths, pct) VALUES(2214,2211,3312,12,30,0);
INSERT INTO children(self_id, parent_id, from_parent_count, from_parent_calls, from_parent_paths, pct) VALUES(2215,2211,3312,0,30,0);
INSERT INTO children(self_id, parent_id, from_parent_count, from_parent_calls, from_parent_paths, pct) VALUES(2216,2211,3312,6,30,0);
INSERT INTO children(self_id, parent_id, from_parent_count, from_parent_calls, from_parent_paths, pct) VALUES(2217,2211,3312,7,30,0);
INSERT INTO children(self_id, parent_id, from_parent_count, from_parent_calls, from_parent_paths, pct) VALUES(2218,1808,99512,20117,200,0);
INSERT INTO children(self_id, parent_id, from_parent_count, from_parent_calls, from_parent_paths, pct) VALUES(2219,1807,1392,4294967295,2,0);
INSERT INTO children(self_id, parent_id, from_parent_count, from_parent_calls, from_parent_paths, pct) VALUES(2220,1807,2880,648,4,0);
INSERT INTO children(self_id, parent_id, from_parent_count, from_parent_calls, from_parent_paths, pct) VALUES(2221,2220,0,0,0,0);
INSERT INTO children(self_id, parent_id, from_parent_count, from_parent_calls, from_parent_paths, pct) VALUES(2222,2220,0,0,0,0);
INSERT INTO children(self_id, parent_id, from_parent_count, from_parent_calls, from_parent_paths, pct) VALUES(2223,2220,0,0,0,0);
INSERT INTO children(self_id, parent_id, from_parent_count, from_parent_calls, from_parent_paths, pct) VALUES(2224,2220,0,0,0,0);
INSERT INTO children(self_id, parent_id, from_parent_count, from_parent_calls, from_parent_paths, pct) VALUES(2225,1807,36,3,3,0);
INSERT INTO children(self_id, parent_id, from_parent_count, from_parent_calls, from_parent_paths, pct) VALUES(2226,1807,1285100,144601,3,0);
INSERT INTO children(self_id, parent_id, from_parent_count, from_parent_calls, from_parent_paths, pct) VALUES(2227,2226,758784,85501,0,0);
INSERT INTO children(self_id, parent_id, from_parent_count, from_parent_calls, from_parent_paths, pct) VALUES(2228,2227,151872,17135,0,0);
INSERT INTO children(self_id, parent_id, from_parent_count, from_parent_calls, from_parent_paths, pct) VALUES(2229,2228,73440,17076,12,0);
INSERT INTO children(self_id, parent_id, from_parent_count, from_parent_calls, from_parent_paths, pct) VALUES(2230,2228,6568,0,0,0);
INSERT INTO children(self_id, parent_id, from_parent_count, from_parent_calls, from_parent_paths, pct) VALUES(2231,2230,1888,0,10,0);
INSERT INTO children(self_id, parent_id, from_parent_count, from_parent_calls, from_parent_paths, pct) VALUES(2232,2230,2248,0,10,0);
INSERT INTO children(self_id, parent_id, from_parent_count, from_parent_calls, from_parent_paths, pct) VALUES(2233,2230,1168,0,10,0);
INSERT INTO children(self_id, parent_id, from_parent_count, from_parent_calls, from_parent_paths, pct) VALUES(2234,2230,1264,0,10,0);
INSERT INTO children(self_id, parent_id, from_parent_count, from_parent_calls, from_parent_paths, pct) VALUES(2235,2228,6760,14,0,0);
INSERT INTO children(self_id, parent_id, from_parent_count, from_parent_calls, from_parent_paths, pct) VALUES(2236,2235,1888,0,10,0);
INSERT INTO children(self_id, parent_id, from_parent_count, from_parent_calls, from_parent_paths, pct) VALUES(2237,2235,2248,7,10,0);
INSERT INTO children(self_id, parent_id, from_parent_count, from_parent_calls, from_parent_paths, pct) VALUES(2238,2235,1168,0,10,0);
INSERT INTO children(self_id, parent_id, from_parent_count, from_parent_calls, from_parent_paths, pct) VALUES(2239,2235,1456,7,10,0);
INSERT INTO children(self_id, parent_id, from_parent_count, from_parent_calls, from_parent_paths, pct) VALUES(2240,2228,5936,0,0,0);
INSERT INTO children(self_id, parent_id, from_parent_count, from_parent_calls, from_parent_paths, pct) VALUES(2241,2240,1888,0,10,0);
INSERT INTO children(self_id, parent_id, from_parent_count, from_parent_calls, from_parent_paths, pct) VALUES(2242,2240,2248,0,10,0);
INSERT INTO children(self_id, parent_id, from_parent_count, from_parent_calls, from_parent_paths, pct) VALUES(2243,2240,1168,0,10,0);
INSERT INTO children(self_id, parent_id, from_parent_count, from_parent_calls, from_parent_paths, pct) VALUES(2244,2240,632,0,5,0);
INSERT INTO children(self_id, parent_id, from_parent_count, from_parent_calls, from_parent_paths, pct) VALUES(2245,2228,6472,0,0,0);
INSERT INTO children(self_id, parent_id, from_parent_count, from_parent_calls, from_parent_paths, pct) VALUES(2246,2245,1888,0,10,0);
INSERT INTO children(self_id, parent_id, from_parent_count, from_parent_calls, from_parent_paths, pct) VALUES(2247,2245,2248,0,10,0);
INSERT INTO children(self_id, parent_id, from_parent_count, from_parent_calls, from_parent_paths, pct) VALUES(2248,2245,1168,0,10,0);
INSERT INTO children(self_id, parent_id, from_parent_count, from_parent_calls, from_parent_paths, pct) VALUES(2249,2245,1168,0,10,0);
INSERT INTO children(self_id, parent_id, from_parent_count, from_parent_calls, from_parent_paths, pct) VALUES(2250,2228,6568,0,0,0);
INSERT INTO children(self_id, parent_id, from_parent_count, from_parent_calls, from_parent_paths, pct) VALUES(2251,2250,1888,0,10,0);
INSERT INTO children(self_id, parent_id, from_parent_count, from_parent_calls, from_parent_paths, pct) VALUES(2252,2250,2248,0,10,0);
INSERT INTO children(self_id, parent_id, from_parent_count, from_parent_calls, from_parent_paths, pct) VALUES(2253,2250,1168,0,10,0);
INSERT INTO children(self_id, parent_id, from_parent_count, from_parent_calls, from_parent_paths, pct) VALUES(2254,2250,1264,0,10,0);
INSERT INTO children(self_id, parent_id, from_parent_count, from_parent_calls, from_parent_paths, pct) VALUES(2255,2228,6568,0,0,0);
INSERT INTO children(self_id, parent_id, from_parent_count, from_parent_calls, from_parent_paths, pct) VALUES(2256,2255,1888,0,10,0);
INSERT INTO children(self_id, parent_id, from_parent_count, from_parent_calls, from_parent_paths, pct) VALUES(2257,2255,2248,0,10,0);
INSERT INTO children(self_id, parent_id, from_parent_count, from_parent_calls, from_parent_paths, pct) VALUES(2258,2255,1168,0,10,0);
INSERT INTO children(self_id, parent_id, from_parent_count, from_parent_calls, from_parent_paths, pct) VALUES(2259,2255,1264,0,10,0);
INSERT INTO children(self_id, parent_id, from_parent_count, from_parent_calls, from_parent_paths, pct) VALUES(2260,2228,7448,0,0,0);
INSERT INTO children(self_id, parent_id, from_parent_count, from_parent_calls, from_parent_paths, pct) VALUES(2261,2260,1888,0,10,0);
INSERT INTO children(self_id, parent_id, from_parent_count, from_parent_calls, from_parent_paths, pct) VALUES(2262,2260,2248,0,10,0);
INSERT INTO children(self_id, parent_id, from_parent_count, from_parent_calls, from_parent_paths, pct) VALUES(2263,2260,1168,0,10,0);
INSERT INTO children(self_id, parent_id, from_parent_count, from_parent_calls, from_parent_paths, pct) VALUES(2264,2260,2144,0,20,0);
INSERT INTO children(self_id, parent_id, from_parent_count, from_parent_calls, from_parent_paths, pct) VALUES(2265,2228,6568,27,0,0);
INSERT INTO children(self_id, parent_id, from_parent_count, from_parent_calls, from_parent_paths, pct) VALUES(2266,2265,1888,11,10,0);
INSERT INTO children(self_id, parent_id, from_parent_count, from_parent_calls, from_parent_paths, pct) VALUES(2267,2265,2248,10,10,0);
INSERT INTO children(self_id, parent_id, from_parent_count, from_parent_calls, from_parent_paths, pct) VALUES(2268,2265,1168,6,10,0);
INSERT INTO children(self_id, parent_id, from_parent_count, from_parent_calls, from_parent_paths, pct) VALUES(2269,2265,1264,0,10,0);
INSERT INTO children(self_id, parent_id, from_parent_count, from_parent_calls, from_parent_paths, pct) VALUES(2270,2228,6568,0,0,0);
INSERT INTO children(self_id, parent_id, from_parent_count, from_parent_calls, from_parent_paths, pct) VALUES(2271,2270,1888,0,10,0);
INSERT INTO children(self_id, parent_id, from_parent_count, from_parent_calls, from_parent_paths, pct) VALUES(2272,2270,2248,0,10,0);
INSERT INTO children(self_id, parent_id, from_parent_count, from_parent_calls, from_parent_paths, pct) VALUES(2273,2270,1168,0,10,0);
INSERT INTO children(self_id, parent_id, from_parent_count, from_parent_calls, from_parent_paths, pct) VALUES(2274,2270,1264,0,10,0);
INSERT INTO children(self_id, parent_id, from_parent_count, from_parent_calls, from_parent_paths, pct) VALUES(2275,2228,6568,0,0,0);
INSERT INTO children(self_id, parent_id, from_parent_count, from_parent_calls, from_parent_paths, pct) VALUES(2276,2275,1888,0,10,0);
INSERT INTO children(self_id, parent_id, from_parent_count, from_parent_calls, from_parent_paths, pct) VALUES(2277,2275,2248,0,10,0);
INSERT INTO children(self_id, parent_id, from_parent_count, from_parent_calls, from_parent_paths, pct) VALUES(2278,2275,1168,0,10,0);
INSERT INTO children(self_id, parent_id, from_parent_count, from_parent_calls, from_parent_paths, pct) VALUES(2279,2275,1264,0,10,0);
INSERT INTO children(self_id, parent_id, from_parent_count, from_parent_calls, from_parent_paths, pct) VALUES(2280,2228,6472,0,0,0);
INSERT INTO children(self_id, parent_id, from_parent_count, from_parent_calls, from_parent_paths, pct) VALUES(2281,2280,1888,0,10,0);
INSERT INTO children(self_id, parent_id, from_parent_count, from_parent_calls, from_parent_paths, pct) VALUES(2282,2280,2248,0,10,0);
INSERT INTO children(self_id, parent_id, from_parent_count, from_parent_calls, from_parent_paths, pct) VALUES(2283,2280,1168,0,10,0);
INSERT INTO children(self_id, parent_id, from_parent_count, from_parent_calls, from_parent_paths, pct) VALUES(2284,2280,1168,0,10,0);
INSERT INTO children(self_id, parent_id, from_parent_count, from_parent_calls, from_parent_paths, pct) VALUES(2285,2228,5936,18,0,0);
INSERT INTO children(self_id, parent_id, from_parent_count, from_parent_calls, from_parent_paths, pct) VALUES(2286,2285,1888,7,10,0);
INSERT INTO children(self_id, parent_id, from_parent_count, from_parent_calls, from_parent_paths, pct) VALUES(2287,2285,2248,11,10,0);
INSERT INTO children(self_id, parent_id, from_parent_count, from_parent_calls, from_parent_paths, pct) VALUES(2288,2285,1168,0,10,0);
INSERT INTO children(self_id, parent_id, from_parent_count, from_parent_calls, from_parent_paths, pct) VALUES(2289,2285,632,0,5,0);
INSERT INTO children(self_id, parent_id, from_parent_count, from_parent_calls, from_parent_paths, pct) VALUES(2290,2227,151584,17083,0,0);
INSERT INTO children(self_id, parent_id, from_parent_count, from_parent_calls, from_parent_paths, pct) VALUES(2291,2290,73440,17076,12,0);
INSERT INTO children(self_id, parent_id, from_parent_count, from_parent_calls, from_parent_paths, pct) VALUES(2292,2290,6544,0,0,0);
INSERT INTO children(self_id, parent_id, from_parent_count, from_parent_calls, from_parent_paths, pct) VALUES(2293,2292,1888,0,10,0);
INSERT INTO children(self_id, parent_id, from_parent_count, from_parent_calls, from_parent_paths, pct) VALUES(2294,2292,2224,0,10,0);
INSERT INTO children(self_id, parent_id, from_parent_count, from_parent_calls, from_parent_paths, pct) VALUES(2295,2292,1168,0,10,0);
INSERT INTO children(self_id, parent_id, from_parent_count, from_parent_calls, from_parent_paths, pct) VALUES(2296,2292,1264,0,10,0);
INSERT INTO children(self_id, parent_id, from_parent_count, from_parent_calls, from_parent_paths, pct) VALUES(2297,2290,6736,7,0,0);
INSERT INTO children(self_id, parent_id, from_parent_count, from_parent_calls, from_parent_paths, pct) VALUES(2298,2297,1888,7,10,0);
INSERT INTO children(self_id, parent_id, from_parent_count, from_parent_calls, from_parent_paths, pct) VALUES(2299,2297,2224,0,10,0);
INSERT INTO children(self_id, parent_id, from_parent_count, from_parent_calls, from_parent_paths, pct) VALUES(2300,2297,1168,0,10,0);
INSERT INTO children(self_id, parent_id, from_parent_count, from_parent_calls, from_parent_paths, pct) VALUES(2301,2297,1456,0,10,0);
INSERT INTO children(self_id, parent_id, from_parent_count, from_parent_calls, from_parent_paths, pct) VALUES(2302,2290,5912,0,0,0);
INSERT INTO children(self_id, parent_id, from_parent_count, from_parent_calls, from_parent_paths, pct) VALUES(2303,2302,1888,0,10,0);
INSERT INTO children(self_id, parent_id, from_parent_count, from_parent_calls, from_parent_paths, pct) VALUES(2304,2302,2224,0,10,0);
INSERT INTO children(self_id, parent_id, from_parent_count, from_parent_calls, from_parent_paths, pct) VALUES(2305,2302,1168,0,10,0);
INSERT INTO children(self_id, parent_id, from_parent_count, from_parent_calls, from_parent_paths, pct) VALUES(2306,2302,632,0,5,0);
INSERT INTO children(self_id, parent_id, from_parent_count, from_parent_calls, from_parent_paths, pct) VALUES(2307,2290,6448,0,0,0);
INSERT INTO children(self_id, parent_id, from_parent_count, from_parent_calls, from_parent_paths, pct) VALUES(2308,2307,1888,0,10,0);
INSERT INTO children(self_id, parent_id, from_parent_count, from_parent_calls, from_parent_paths, pct) VALUES(2309,2307,2224,0,10,0);
INSERT INTO children(self_id, parent_id, from_parent_count, from_parent_calls, from_parent_paths, pct) VALUES(2310,2307,1168,0,10,0);
INSERT INTO children(self_id, parent_id, from_parent_count, from_parent_calls, from_parent_paths, pct) VALUES(2311,2307,1168,0,10,0);
INSERT INTO children(self_id, parent_id, from_parent_count, from_parent_calls, from_parent_paths, pct) VALUES(2312,2290,6544,0,0,0);
INSERT INTO children(self_id, parent_id, from_parent_count, from_parent_calls, from_parent_paths, pct) VALUES(2313,2312,1888,0,10,0);
INSERT INTO children(self_id, parent_id, from_parent_count, from_parent_calls, from_parent_paths, pct) VALUES(2314,2312,2224,0,10,0);
INSERT INTO children(self_id, parent_id, from_parent_count, from_parent_calls, from_parent_paths, pct) VALUES(2315,2312,1168,0,10,0);
INSERT INTO children(self_id, parent_id, from_parent_count, from_parent_calls, from_parent_paths, pct) VALUES(2316,2312,1264,0,10,0);
INSERT INTO children(self_id, parent_id, from_parent_count, from_parent_calls, from_parent_paths, pct) VALUES(2317,2290,6544,0,0,0);
INSERT INTO children(self_id, parent_id, from_parent_count, from_parent_calls, from_parent_paths, pct) VALUES(2318,2317,1888,0,10,0);
INSERT INTO children(self_id, parent_id, from_parent_count, from_parent_calls, from_parent_paths, pct) VALUES(2319,2317,2224,0,10,0);
INSERT INTO children(self_id, parent_id, from_parent_count, from_parent_calls, from_parent_paths, pct) VALUES(2320,2317,1168,0,10,0);
INSERT INTO children(self_id, parent_id, from_parent_count, from_parent_calls, from_parent_paths, pct) VALUES(2321,2317,1264,0,10,0);
INSERT INTO children(self_id, parent_id, from_parent_count, from_parent_calls, from_parent_paths, pct) VALUES(2322,2290,7424,0,0,0);
INSERT INTO children(self_id, parent_id, from_parent_count, from_parent_calls, from_parent_paths, pct) VALUES(2323,2322,1888,0,10,0);
INSERT INTO children(self_id, parent_id, from_parent_count, from_parent_calls, from_parent_paths, pct) VALUES(2324,2322,2224,0,10,0);
INSERT INTO children(self_id, parent_id, from_parent_count, from_parent_calls, from_parent_paths, pct) VALUES(2325,2322,1168,0,10,0);
INSERT INTO children(self_id, parent_id, from_parent_count, from_parent_calls, from_parent_paths, pct) VALUES(2326,2322,2144,0,20,0);
INSERT INTO children(self_id, parent_id, from_parent_count, from_parent_calls, from_parent_paths, pct) VALUES(2327,2290,6544,0,0,0);
INSERT INTO children(self_id, parent_id, from_parent_count, from_parent_calls, from_parent_paths, pct) VALUES(2328,2327,1888,0,10,0);
INSERT INTO children(self_id, parent_id, from_parent_count, from_parent_calls, from_parent_paths, pct) VALUES(2329,2327,2224,0,10,0);
INSERT INTO children(self_id, parent_id, from_parent_count, from_parent_calls, from_parent_paths, pct) VALUES(2330,2327,1168,0,10,0);
INSERT INTO children(self_id, parent_id, from_parent_count, from_parent_calls, from_parent_paths, pct) VALUES(2331,2327,1264,0,10,0);
INSERT INTO children(self_id, parent_id, from_parent_count, from_parent_calls, from_parent_paths, pct) VALUES(2332,2290,6544,0,0,0);
INSERT INTO children(self_id, parent_id, from_parent_count, from_parent_calls, from_parent_paths, pct) VALUES(2333,2332,1888,0,10,0);
INSERT INTO children(self_id, parent_id, from_parent_count, from_parent_calls, from_parent_paths, pct) VALUES(2334,2332,2224,0,10,0);
INSERT INTO children(self_id, parent_id, from_parent_count, from_parent_calls, from_parent_paths, pct) VALUES(2335,2332,1168,0,10,0);
INSERT INTO children(self_id, parent_id, from_parent_count, from_parent_calls, from_parent_paths, pct) VALUES(2336,2332,1264,0,10,0);
INSERT INTO children(self_id, parent_id, from_parent_count, from_parent_calls, from_parent_paths, pct) VALUES(2337,2290,6544,0,0,0);
INSERT INTO children(self_id, parent_id, from_parent_count, from_parent_calls, from_parent_paths, pct) VALUES(2338,2337,1888,0,10,0);
INSERT INTO children(self_id, parent_id, from_parent_count, from_parent_calls, from_parent_paths, pct) VALUES(2339,2337,2224,0,10,0);
INSERT INTO children(self_id, parent_id, from_parent_count, from_parent_calls, from_parent_paths, pct) VALUES(2340,2337,1168,0,10,0);
INSERT INTO children(self_id, parent_id, from_parent_count, from_parent_calls, from_parent_paths, pct) VALUES(2341,2337,1264,0,10,0);
INSERT INTO children(self_id, parent_id, from_parent_count, from_parent_calls, from_parent_paths, pct) VALUES(2342,2290,6448,0,0,0);
INSERT INTO children(self_id, parent_id, from_parent_count, from_parent_calls, from_parent_paths, pct) VALUES(2343,2342,1888,0,10,0);
INSERT INTO children(self_id, parent_id, from_parent_count, from_parent_calls, from_parent_paths, pct) VALUES(2344,2342,2224,0,10,0);
INSERT INTO children(self_id, parent_id, from_parent_count, from_parent_calls, from_parent_paths, pct) VALUES(2345,2342,1168,0,10,0);
INSERT INTO children(self_id, parent_id, from_parent_count, from_parent_calls, from_parent_paths, pct) VALUES(2346,2342,1168,0,10,0);
INSERT INTO children(self_id, parent_id, from_parent_count, from_parent_calls, from_parent_paths, pct) VALUES(2347,2290,5912,0,0,0);
INSERT INTO children(self_id, parent_id, from_parent_count, from_parent_calls, from_parent_paths, pct) VALUES(2348,2347,1888,0,10,0);
INSERT INTO children(self_id, parent_id, from_parent_count, from_parent_calls, from_parent_paths, pct) VALUES(2349,2347,2224,0,10,0);
INSERT INTO children(self_id, parent_id, from_parent_count, from_parent_calls, from_parent_paths, pct) VALUES(2350,2347,1168,0,10,0);
INSERT INTO children(self_id, parent_id, from_parent_count, from_parent_calls, from_parent_paths, pct) VALUES(2351,2347,632,0,5,0);
INSERT INTO children(self_id, parent_id, from_parent_count, from_parent_calls, from_parent_paths, pct) VALUES(2352,2227,151872,17092,0,0);
INSERT INTO children(self_id, parent_id, from_parent_count, from_parent_calls, from_parent_paths, pct) VALUES(2353,2352,73440,17076,12,0);
INSERT INTO children(self_id, parent_id, from_parent_count, from_parent_calls, from_parent_paths, pct) VALUES(2354,2352,6568,0,0,0);
INSERT INTO children(self_id, parent_id, from_parent_count, from_parent_calls, from_parent_paths, pct) VALUES(2355,2354,1888,0,10,0);
INSERT INTO children(self_id, parent_id, from_parent_count, from_parent_calls, from_parent_paths, pct) VALUES(2356,2354,2248,0,10,0);
INSERT INTO children(self_id, parent_id, from_parent_count, from_parent_calls, from_parent_paths, pct) VALUES(2357,2354,1168,0,10,0);
INSERT INTO children(self_id, parent_id, from_parent_count, from_parent_calls, from_parent_paths, pct) VALUES(2358,2354,1264,0,10,0);
INSERT INTO children(self_id, parent_id, from_parent_count, from_parent_calls, from_parent_paths, pct) VALUES(2359,2352,6760,10,0,0);
INSERT INTO children(self_id, parent_id, from_parent_count, from_parent_calls, from_parent_paths, pct) VALUES(2360,2359,1888,0,10,0);
INSERT INTO children(self_id, parent_id, from_parent_count, from_parent_calls, from_parent_paths, pct) VALUES(2361,2359,2248,10,10,0);
INSERT INTO children(self_id, parent_id, from_parent_count, from_parent_calls, from_parent_paths, pct) VALUES(2362,2359,1168,0,10,0);
INSERT INTO children(self_id, parent_id, from_parent_count, from_parent_calls, from_parent_paths, pct) VALUES(2363,2359,1456,0,10,0);
INSERT INTO children(self_id, parent_id, from_parent_count, from_parent_calls, from_parent_paths, pct) VALUES(2364,2352,5936,0,0,0);
INSERT INTO children(self_id, parent_id, from_parent_count, from_parent_calls, from_parent_paths, pct) VALUES(2365,2364,1888,0,10,0);
INSERT INTO children(self_id, parent_id, from_parent_count, from_parent_calls, from_parent_paths, pct) VALUES(2366,2364,2248,0,10,0);
INSERT INTO children(self_id, parent_id, from_parent_count, from_parent_calls, from_parent_paths, pct) VALUES(2367,2364,1168,0,10,0);
INSERT INTO children(self_id, parent_id, from_parent_count, from_parent_calls, from_parent_paths, pct) VALUES(2368,2364,632,0,5,0);
INSERT INTO children(self_id, parent_id, from_parent_count, from_parent_calls, from_parent_paths, pct) VALUES(2369,2352,6472,0,0,0);
INSERT INTO children(self_id, parent_id, from_parent_count, from_parent_calls, from_parent_paths, pct) VALUES(2370,2369,1888,0,10,0);
INSERT INTO children(self_id, parent_id, from_parent_count, from_parent_calls, from_parent_paths, pct) VALUES(2371,2369,2248,0,10,0);
INSERT INTO children(self_id, parent_id, from_parent_count, from_parent_calls, from_parent_paths, pct) VALUES(2372,2369,1168,0,10,0);
INSERT INTO children(self_id, parent_id, from_parent_count, from_parent_calls, from_parent_paths, pct) VALUES(2373,2369,1168,0,10,0);
INSERT INTO children(self_id, parent_id, from_parent_count, from_parent_calls, from_parent_paths, pct) VALUES(2374,2352,6568,0,0,0);
INSERT INTO children(self_id, parent_id, from_parent_count, from_parent_calls, from_parent_paths, pct) VALUES(2375,2374,1888,0,10,0);
INSERT INTO children(self_id, parent_id, from_parent_count, from_parent_calls, from_parent_paths, pct) VALUES(2376,2374,2248,0,10,0);
INSERT INTO children(self_id, parent_id, from_parent_count, from_parent_calls, from_parent_paths, pct) VALUES(2377,2374,1168,0,10,0);
INSERT INTO children(self_id, parent_id, from_parent_count, from_parent_calls, from_parent_paths, pct) VALUES(2378,2374,1264,0,10,0);
INSERT INTO children(self_id, parent_id, from_parent_count, from_parent_calls, from_parent_paths, pct) VALUES(2379,2352,6568,0,0,0);
INSERT INTO children(self_id, parent_id, from_parent_count, from_parent_calls, from_parent_paths, pct) VALUES(2380,2379,1888,0,10,0);
INSERT INTO children(self_id, parent_id, from_parent_count, from_parent_calls, from_parent_paths, pct) VALUES(2381,2379,2248,0,10,0);
INSERT INTO children(self_id, parent_id, from_parent_count, from_parent_calls, from_parent_paths, pct) VALUES(2382,2379,1168,0,10,0);
INSERT INTO children(self_id, parent_id, from_parent_count, from_parent_calls, from_parent_paths, pct) VALUES(2383,2379,1264,0,10,0);
INSERT INTO children(self_id, parent_id, from_parent_count, from_parent_calls, from_parent_paths, pct) VALUES(2384,2352,7448,0,0,0);
INSERT INTO children(self_id, parent_id, from_parent_count, from_parent_calls, from_parent_paths, pct) VALUES(2385,2384,1888,0,10,0);
INSERT INTO children(self_id, parent_id, from_parent_count, from_parent_calls, from_parent_paths, pct) VALUES(2386,2384,2248,0,10,0);
INSERT INTO children(self_id, parent_id, from_parent_count, from_parent_calls, from_parent_paths, pct) VALUES(2387,2384,1168,0,10,0);
INSERT INTO children(self_id, parent_id, from_parent_count, from_parent_calls, from_parent_paths, pct) VALUES(2388,2384,2144,0,20,0);
INSERT INTO children(self_id, parent_id, from_parent_count, from_parent_calls, from_parent_paths, pct) VALUES(2389,2352,6568,0,0,0);
INSERT INTO children(self_id, parent_id, from_parent_count, from_parent_calls, from_parent_paths, pct) VALUES(2390,2389,1888,0,10,0);
INSERT INTO children(self_id, parent_id, from_parent_count, from_parent_calls, from_parent_paths, pct) VALUES(2391,2389,2248,0,10,0);
INSERT INTO children(self_id, parent_id, from_parent_count, from_parent_calls, from_parent_paths, pct) VALUES(2392,2389,1168,0,10,0);
INSERT INTO children(self_id, parent_id, from_parent_count, from_parent_calls, from_parent_paths, pct) VALUES(2393,2389,1264,0,10,0);
INSERT INTO children(self_id, parent_id, from_parent_count, from_parent_calls, from_parent_paths, pct) VALUES(2394,2352,6568,0,0,0);
INSERT INTO children(self_id, parent_id, from_parent_count, from_parent_calls, from_parent_paths, pct) VALUES(2395,2394,1888,0,10,0);
INSERT INTO children(self_id, parent_id, from_parent_count, from_parent_calls, from_parent_paths, pct) VALUES(2396,2394,2248,0,10,0);
INSERT INTO children(self_id, parent_id, from_parent_count, from_parent_calls, from_parent_paths, pct) VALUES(2397,2394,1168,0,10,0);
INSERT INTO children(self_id, parent_id, from_parent_count, from_parent_calls, from_parent_paths, pct) VALUES(2398,2394,1264,0,10,0);
INSERT INTO children(self_id, parent_id, from_parent_count, from_parent_calls, from_parent_paths, pct) VALUES(2399,2352,6568,0,0,0);
INSERT INTO children(self_id, parent_id, from_parent_count, from_parent_calls, from_parent_paths, pct) VALUES(2400,2399,1888,0,10,0);
INSERT INTO children(self_id, parent_id, from_parent_count, from_parent_calls, from_parent_paths, pct) VALUES(2401,2399,2248,0,10,0);
INSERT INTO children(self_id, parent_id, from_parent_count, from_parent_calls, from_parent_paths, pct) VALUES(2402,2399,1168,0,10,0);
INSERT INTO children(self_id, parent_id, from_parent_count, from_parent_calls, from_parent_paths, pct) VALUES(2403,2399,1264,0,10,0);
INSERT INTO children(self_id, parent_id, from_parent_count, from_parent_calls, from_parent_paths, pct) VALUES(2404,2352,6472,0,0,0);
INSERT INTO children(self_id, parent_id, from_parent_count, from_parent_calls, from_parent_paths, pct) VALUES(2405,2404,1888,0,10,0);
INSERT INTO children(self_id, parent_id, from_parent_count, from_parent_calls, from_parent_paths, pct) VALUES(2406,2404,2248,0,10,0);
INSERT INTO children(self_id, parent_id, from_parent_count, from_parent_calls, from_parent_paths, pct) VALUES(2407,2404,1168,0,10,0);
INSERT INTO children(self_id, parent_id, from_parent_count, from_parent_calls, from_parent_paths, pct) VALUES(2408,2404,1168,0,10,0);
INSERT INTO children(self_id, parent_id, from_parent_count, from_parent_calls, from_parent_paths, pct) VALUES(2409,2352,5936,6,0,0);
INSERT INTO children(self_id, parent_id, from_parent_count, from_parent_calls, from_parent_paths, pct) VALUES(2410,2409,1888,6,10,0);
INSERT INTO children(self_id, parent_id, from_parent_count, from_parent_calls, from_parent_paths, pct) VALUES(2411,2409,2248,0,10,0);
INSERT INTO children(self_id, parent_id, from_parent_count, from_parent_calls, from_parent_paths, pct) VALUES(2412,2409,1168,0,10,0);
INSERT INTO children(self_id, parent_id, from_parent_count, from_parent_calls, from_parent_paths, pct) VALUES(2413,2409,632,0,5,0);
INSERT INTO children(self_id, parent_id, from_parent_count, from_parent_calls, from_parent_paths, pct) VALUES(2414,2227,151872,17083,0,0);
INSERT INTO children(self_id, parent_id, from_parent_count, from_parent_calls, from_parent_paths, pct) VALUES(2415,2414,73440,17076,12,0);
INSERT INTO children(self_id, parent_id, from_parent_count, from_parent_calls, from_parent_paths, pct) VALUES(2416,2414,6568,0,0,0);
INSERT INTO children(self_id, parent_id, from_parent_count, from_parent_calls, from_parent_paths, pct) VALUES(2417,2416,1888,0,10,0);
INSERT INTO children(self_id, parent_id, from_parent_count, from_parent_calls, from_parent_paths, pct) VALUES(2418,2416,2248,0,10,0);
INSERT INTO children(self_id, parent_id, from_parent_count, from_parent_calls, from_parent_paths, pct) VALUES(2419,2416,1168,0,10,0);
INSERT INTO children(self_id, parent_id, from_parent_count, from_parent_calls, from_parent_paths, pct) VALUES(2420,2416,1264,0,10,0);
INSERT INTO children(self_id, parent_id, from_parent_count, from_parent_calls, from_parent_paths, pct) VALUES(2421,2414,6760,0,0,0);
INSERT INTO children(self_id, parent_id, from_parent_count, from_parent_calls, from_parent_paths, pct) VALUES(2422,2421,1888,0,10,0);
INSERT INTO children(self_id, parent_id, from_parent_count, from_parent_calls, from_parent_paths, pct) VALUES(2423,2421,2248,0,10,0);
INSERT INTO children(self_id, parent_id, from_parent_count, from_parent_calls, from_parent_paths, pct) VALUES(2424,2421,1168,0,10,0);
INSERT INTO children(self_id, parent_id, from_parent_count, from_parent_calls, from_parent_paths, pct) VALUES(2425,2421,1456,0,10,0);
INSERT INTO children(self_id, parent_id, from_parent_count, from_parent_calls, from_parent_paths, pct) VALUES(2426,2414,5936,0,0,0);
INSERT INTO children(self_id, parent_id, from_parent_count, from_parent_calls, from_parent_paths, pct) VALUES(2427,2426,1888,0,10,0);
INSERT INTO children(self_id, parent_id, from_parent_count, from_parent_calls, from_parent_paths, pct) VALUES(2428,2426,2248,0,10,0);
INSERT INTO children(self_id, parent_id, from_parent_count, from_parent_calls, from_parent_paths, pct) VALUES(2429,2426,1168,0,10,0);
INSERT INTO children(self_id, parent_id, from_parent_count, from_parent_calls, from_parent_paths, pct) VALUES(2430,2426,632,0,5,0);
INSERT INTO children(self_id, parent_id, from_parent_count, from_parent_calls, from_parent_paths, pct) VALUES(2431,2414,6472,7,0,0);
INSERT INTO children(self_id, parent_id, from_parent_count, from_parent_calls, from_parent_paths, pct) VALUES(2432,2431,1888,7,10,0);
INSERT INTO children(self_id, parent_id, from_parent_count, from_parent_calls, from_parent_paths, pct) VALUES(2433,2431,2248,0,10,0);
INSERT INTO children(self_id, parent_id, from_parent_count, from_parent_calls, from_parent_paths, pct) VALUES(2434,2431,1168,0,10,0);
INSERT INTO children(self_id, parent_id, from_parent_count, from_parent_calls, from_parent_paths, pct) VALUES(2435,2431,1168,0,10,0);
INSERT INTO children(self_id, parent_id, from_parent_count, from_parent_calls, from_parent_paths, pct) VALUES(2436,2414,6568,0,0,0);
INSERT INTO children(self_id, parent_id, from_parent_count, from_parent_calls, from_parent_paths, pct) VALUES(2437,2436,1888,0,10,0);
INSERT INTO children(self_id, parent_id, from_parent_count, from_parent_calls, from_parent_paths, pct) VALUES(2438,2436,2248,0,10,0);
INSERT INTO children(self_id, parent_id, from_parent_count, from_parent_calls, from_parent_paths, pct) VALUES(2439,2436,1168,0,10,0);
INSERT INTO children(self_id, parent_id, from_parent_count, from_parent_calls, from_parent_paths, pct) VALUES(2440,2436,1264,0,10,0);
INSERT INTO children(self_id, parent_id, from_parent_count, from_parent_calls, from_parent_paths, pct) VALUES(2441,2414,6568,0,0,0);
INSERT INTO children(self_id, parent_id, from_parent_count, from_parent_calls, from_parent_paths, pct) VALUES(2442,2441,1888,0,10,0);
INSERT INTO children(self_id, parent_id, from_parent_count, from_parent_calls, from_parent_paths, pct) VALUES(2443,2441,2248,0,10,0);
INSERT INTO children(self_id, parent_id, from_parent_count, from_parent_calls, from_parent_paths, pct) VALUES(2444,2441,1168,0,10,0);
INSERT INTO children(self_id, parent_id, from_parent_count, from_parent_calls, from_parent_paths, pct) VALUES(2445,2441,1264,0,10,0);
INSERT INTO children(self_id, parent_id, from_parent_count, from_parent_calls, from_parent_paths, pct) VALUES(2446,2414,7448,0,0,0);
INSERT INTO children(self_id, parent_id, from_parent_count, from_parent_calls, from_parent_paths, pct) VALUES(2447,2446,1888,0,10,0);
INSERT INTO children(self_id, parent_id, from_parent_count, from_parent_calls, from_parent_paths, pct) VALUES(2448,2446,2248,0,10,0);
INSERT INTO children(self_id, parent_id, from_parent_count, from_parent_calls, from_parent_paths, pct) VALUES(2449,2446,1168,0,10,0);
INSERT INTO children(self_id, parent_id, from_parent_count, from_parent_calls, from_parent_paths, pct) VALUES(2450,2446,2144,0,20,0);
INSERT INTO children(self_id, parent_id, from_parent_count, from_parent_calls, from_parent_paths, pct) VALUES(2451,2414,6568,0,0,0);
INSERT INTO children(self_id, parent_id, from_parent_count, from_parent_calls, from_parent_paths, pct) VALUES(2452,2451,1888,0,10,0);
INSERT INTO children(self_id, parent_id, from_parent_count, from_parent_calls, from_parent_paths, pct) VALUES(2453,2451,2248,0,10,0);
INSERT INTO children(self_id, parent_id, from_parent_count, from_parent_calls, from_parent_paths, pct) VALUES(2454,2451,1168,0,10,0);
INSERT INTO children(self_id, parent_id, from_parent_count, from_parent_calls, from_parent_paths, pct) VALUES(2455,2451,1264,0,10,0);
INSERT INTO children(self_id, parent_id, from_parent_count, from_parent_calls, from_parent_paths, pct) VALUES(2456,2414,6568,0,0,0);
INSERT INTO children(self_id, parent_id, from_parent_count, from_parent_calls, from_parent_paths, pct) VALUES(2457,2456,1888,0,10,0);
INSERT INTO children(self_id, parent_id, from_parent_count, from_parent_calls, from_parent_paths, pct) VALUES(2458,2456,2248,0,10,0);
INSERT INTO children(self_id, parent_id, from_parent_count, from_parent_calls, from_parent_paths, pct) VALUES(2459,2456,1168,0,10,0);
INSERT INTO children(self_id, parent_id, from_parent_count, from_parent_calls, from_parent_paths, pct) VALUES(2460,2456,1264,0,10,0);
INSERT INTO children(self_id, parent_id, from_parent_count, from_parent_calls, from_parent_paths, pct) VALUES(2461,2414,6568,0,0,0);
INSERT INTO children(self_id, parent_id, from_parent_count, from_parent_calls, from_parent_paths, pct) VALUES(2462,2461,1888,0,10,0);
INSERT INTO children(self_id, parent_id, from_parent_count, from_parent_calls, from_parent_paths, pct) VALUES(2463,2461,2248,0,10,0);
INSERT INTO children(self_id, parent_id, from_parent_count, from_parent_calls, from_parent_paths, pct) VALUES(2464,2461,1168,0,10,0);
INSERT INTO children(self_id, parent_id, from_parent_count, from_parent_calls, from_parent_paths, pct) VALUES(2465,2461,1264,0,10,0);
INSERT INTO children(self_id, parent_id, from_parent_count, from_parent_calls, from_parent_paths, pct) VALUES(2466,2414,6472,0,0,0);
INSERT INTO children(self_id, parent_id, from_parent_count, from_parent_calls, from_parent_paths, pct) VALUES(2467,2466,1888,0,10,0);
INSERT INTO children(self_id, parent_id, from_parent_count, from_parent_calls, from_parent_paths, pct) VALUES(2468,2466,2248,0,10,0);
INSERT INTO children(self_id, parent_id, from_parent_count, from_parent_calls, from_parent_paths, pct) VALUES(2469,2466,1168,0,10,0);
INSERT INTO children(self_id, parent_id, from_parent_count, from_parent_calls, from_parent_paths, pct) VALUES(2470,2466,1168,0,10,0);
INSERT INTO children(self_id, parent_id, from_parent_count, from_parent_calls, from_parent_paths, pct) VALUES(2471,2414,5936,0,0,0);
INSERT INTO children(self_id, parent_id, from_parent_count, from_parent_calls, from_parent_paths, pct) VALUES(2472,2471,1888,0,10,0);
INSERT INTO children(self_id, parent_id, from_parent_count, from_parent_calls, from_parent_paths, pct) VALUES(2473,2471,2248,0,10,0);
INSERT INTO children(self_id, parent_id, from_parent_count, from_parent_calls, from_parent_paths, pct) VALUES(2474,2471,1168,0,10,0);
INSERT INTO children(self_id, parent_id, from_parent_count, from_parent_calls, from_parent_paths, pct) VALUES(2475,2471,632,0,5,0);
INSERT INTO children(self_id, parent_id, from_parent_count, from_parent_calls, from_parent_paths, pct) VALUES(2476,2227,151584,17108,0,0);
INSERT INTO children(self_id, parent_id, from_parent_count, from_parent_calls, from_parent_paths, pct) VALUES(2477,2476,73440,17076,12,0);
INSERT INTO children(self_id, parent_id, from_parent_count, from_parent_calls, from_parent_paths, pct) VALUES(2478,2476,6544,27,0,0);
INSERT INTO children(self_id, parent_id, from_parent_count, from_parent_calls, from_parent_paths, pct) VALUES(2479,2478,1888,5,10,0);
INSERT INTO children(self_id, parent_id, from_parent_count, from_parent_calls, from_parent_paths, pct) VALUES(2480,2478,2224,10,10,0);
INSERT INTO children(self_id, parent_id, from_parent_count, from_parent_calls, from_parent_paths, pct) VALUES(2481,2478,1168,7,10,0);
INSERT INTO children(self_id, parent_id, from_parent_count, from_parent_calls, from_parent_paths, pct) VALUES(2482,2478,1264,5,10,0);
INSERT INTO children(self_id, parent_id, from_parent_count, from_parent_calls, from_parent_paths, pct) VALUES(2483,2476,6736,0,0,0);
INSERT INTO children(self_id, parent_id, from_parent_count, from_parent_calls, from_parent_paths, pct) VALUES(2484,2483,1888,0,10,0);
INSERT INTO children(self_id, parent_id, from_parent_count, from_parent_calls, from_parent_paths, pct) VALUES(2485,2483,2224,0,10,0);
INSERT INTO children(self_id, parent_id, from_parent_count, from_parent_calls, from_parent_paths, pct) VALUES(2486,2483,1168,0,10,0);
INSERT INTO children(self_id, parent_id, from_parent_count, from_parent_calls, from_parent_paths, pct) VALUES(2487,2483,1456,0,10,0);
INSERT INTO children(self_id, parent_id, from_parent_count, from_parent_calls, from_parent_paths, pct) VALUES(2488,2476,5912,0,0,0);
INSERT INTO children(self_id, parent_id, from_parent_count, from_parent_calls, from_parent_paths, pct) VALUES(2489,2488,1888,0,10,0);
INSERT INTO children(self_id, parent_id, from_parent_count, from_parent_calls, from_parent_paths, pct) VALUES(2490,2488,2224,0,10,0);
INSERT INTO children(self_id, parent_id, from_parent_count, from_parent_calls, from_parent_paths, pct) VALUES(2491,2488,1168,0,10,0);
INSERT INTO children(self_id, parent_id, from_parent_count, from_parent_calls, from_parent_paths, pct) VALUES(2492,2488,632,0,5,0);
INSERT INTO children(self_id, parent_id, from_parent_count, from_parent_calls, from_parent_paths, pct) VALUES(2493,2476,6448,0,0,0);
INSERT INTO children(self_id, parent_id, from_parent_count, from_parent_calls, from_parent_paths, pct) VALUES(2494,2493,1888,0,10,0);
INSERT INTO children(self_id, parent_id, from_parent_count, from_parent_calls, from_parent_paths, pct) VALUES(2495,2493,2224,0,10,0);
INSERT INTO children(self_id, parent_id, from_parent_count, from_parent_calls, from_parent_paths, pct) VALUES(2496,2493,1168,0,10,0);
INSERT INTO children(self_id, parent_id, from_parent_count, from_parent_calls, from_parent_paths, pct) VALUES(2497,2493,1168,0,10,0);
INSERT INTO children(self_id, parent_id, from_parent_count, from_parent_calls, from_parent_paths, pct) VALUES(2498,2476,6544,0,0,0);
INSERT INTO children(self_id, parent_id, from_parent_count, from_parent_calls, from_parent_paths, pct) VALUES(2499,2498,1888,0,10,0);
INSERT INTO children(self_id, parent_id, from_parent_count, from_parent_calls, from_parent_paths, pct) VALUES(2500,2498,2224,0,10,0);
INSERT INTO children(self_id, parent_id, from_parent_count, from_parent_calls, from_parent_paths, pct) VALUES(2501,2498,1168,0,10,0);
INSERT INTO children(self_id, parent_id, from_parent_count, from_parent_calls, from_parent_paths, pct) VALUES(2502,2498,1264,0,10,0);
INSERT INTO children(self_id, parent_id, from_parent_count, from_parent_calls, from_parent_paths, pct) VALUES(2503,2476,6544,0,0,0);
INSERT INTO children(self_id, parent_id, from_parent_count, from_parent_calls, from_parent_paths, pct) VALUES(2504,2503,1888,0,10,0);
INSERT INTO children(self_id, parent_id, from_parent_count, from_parent_calls, from_parent_paths, pct) VALUES(2505,2503,2224,0,10,0);
INSERT INTO children(self_id, parent_id, from_parent_count, from_parent_calls, from_parent_paths, pct) VALUES(2506,2503,1168,0,10,0);
INSERT INTO children(self_id, parent_id, from_parent_count, from_parent_calls, from_parent_paths, pct) VALUES(2507,2503,1264,0,10,0);
INSERT INTO children(self_id, parent_id, from_parent_count, from_parent_calls, from_parent_paths, pct) VALUES(2508,2476,7424,5,0,0);
INSERT INTO children(self_id, parent_id, from_parent_count, from_parent_calls, from_parent_paths, pct) VALUES(2509,2508,1888,5,10,0);
INSERT INTO children(self_id, parent_id, from_parent_count, from_parent_calls, from_parent_paths, pct) VALUES(2510,2508,2224,0,10,0);
INSERT INTO children(self_id, parent_id, from_parent_count, from_parent_calls, from_parent_paths, pct) VALUES(2511,2508,1168,0,10,0);
INSERT INTO children(self_id, parent_id, from_parent_count, from_parent_calls, from_parent_paths, pct) VALUES(2512,2508,2144,0,20,0);
INSERT INTO children(self_id, parent_id, from_parent_count, from_parent_calls, from_parent_paths, pct) VALUES(2513,2476,6544,0,0,0);
INSERT INTO children(self_id, parent_id, from_parent_count, from_parent_calls, from_parent_paths, pct) VALUES(2514,2513,1888,0,10,0);
INSERT INTO children(self_id, parent_id, from_parent_count, from_parent_calls, from_parent_paths, pct) VALUES(2515,2513,2224,0,10,0);
INSERT INTO children(self_id, parent_id, from_parent_count, from_parent_calls, from_parent_paths, pct) VALUES(2516,2513,1168,0,10,0);
INSERT INTO children(self_id, parent_id, from_parent_count, from_parent_calls, from_parent_paths, pct) VALUES(2517,2513,1264,0,10,0);
INSERT INTO children(self_id, parent_id, from_parent_count, from_parent_calls, from_parent_paths, pct) VALUES(2518,2476,6544,0,0,0);
INSERT INTO children(self_id, parent_id, from_parent_count, from_parent_calls, from_parent_paths, pct) VALUES(2519,2518,1888,0,10,0);
INSERT INTO children(self_id, parent_id, from_parent_count, from_parent_calls, from_parent_paths, pct) VALUES(2520,2518,2224,0,10,0);
INSERT INTO children(self_id, parent_id, from_parent_count, from_parent_calls, from_parent_paths, pct) VALUES(2521,2518,1168,0,10,0);
INSERT INTO children(self_id, parent_id, from_parent_count, from_parent_calls, from_parent_paths, pct) VALUES(2522,2518,1264,0,10,0);
INSERT INTO children(self_id, parent_id, from_parent_count, from_parent_calls, from_parent_paths, pct) VALUES(2523,2476,6544,0,0,0);
INSERT INTO children(self_id, parent_id, from_parent_count, from_parent_calls, from_parent_paths, pct) VALUES(2524,2523,1888,0,10,0);
INSERT INTO children(self_id, parent_id, from_parent_count, from_parent_calls, from_parent_paths, pct) VALUES(2525,2523,2224,0,10,0);
INSERT INTO children(self_id, parent_id, from_parent_count, from_parent_calls, from_parent_paths, pct) VALUES(2526,2523,1168,0,10,0);
INSERT INTO children(self_id, parent_id, from_parent_count, from_parent_calls, from_parent_paths, pct) VALUES(2527,2523,1264,0,10,0);
INSERT INTO children(self_id, parent_id, from_parent_count, from_parent_calls, from_parent_paths, pct) VALUES(2528,2476,6448,0,0,0);
INSERT INTO children(self_id, parent_id, from_parent_count, from_parent_calls, from_parent_paths, pct) VALUES(2529,2528,1888,0,10,0);
INSERT INTO children(self_id, parent_id, from_parent_count, from_parent_calls, from_parent_paths, pct) VALUES(2530,2528,2224,0,10,0);
INSERT INTO children(self_id, parent_id, from_parent_count, from_parent_calls, from_parent_paths, pct) VALUES(2531,2528,1168,0,10,0);
INSERT INTO children(self_id, parent_id, from_parent_count, from_parent_calls, from_parent_paths, pct) VALUES(2532,2528,1168,0,10,0);
INSERT INTO children(self_id, parent_id, from_parent_count, from_parent_calls, from_parent_paths, pct) VALUES(2533,2476,5912,0,0,0);
INSERT INTO children(self_id, parent_id, from_parent_count, from_parent_calls, from_parent_paths, pct) VALUES(2534,2533,1888,0,10,0);
INSERT INTO children(self_id, parent_id, from_parent_count, from_parent_calls, from_parent_paths, pct) VALUES(2535,2533,2224,0,10,0);
INSERT INTO children(self_id, parent_id, from_parent_count, from_parent_calls, from_parent_paths, pct) VALUES(2536,2533,1168,0,10,0);
INSERT INTO children(self_id, parent_id, from_parent_count, from_parent_calls, from_parent_paths, pct) VALUES(2537,2533,632,0,5,0);
INSERT INTO children(self_id, parent_id, from_parent_count, from_parent_calls, from_parent_paths, pct) VALUES(2538,2226,202176,19464,0,0);
INSERT INTO children(self_id, parent_id, from_parent_count, from_parent_calls, from_parent_paths, pct) VALUES(2539,2538,67392,6482,0,0);
INSERT INTO children(self_id, parent_id, from_parent_count, from_parent_calls, from_parent_paths, pct) VALUES(2540,2539,27648,6456,4,0);
INSERT INTO children(self_id, parent_id, from_parent_count, from_parent_calls, from_parent_paths, pct) VALUES(2541,2539,19872,26,0,0);
INSERT INTO children(self_id, parent_id, from_parent_count, from_parent_calls, from_parent_paths, pct) VALUES(2542,2541,3312,8,30,0);
INSERT INTO children(self_id, parent_id, from_parent_count, from_parent_calls, from_parent_paths, pct) VALUES(2543,2541,3312,0,30,0);
INSERT INTO children(self_id, parent_id, from_parent_count, from_parent_calls, from_parent_paths, pct) VALUES(2544,2541,3312,0,30,0);
INSERT INTO children(self_id, parent_id, from_parent_count, from_parent_calls, from_parent_paths, pct) VALUES(2545,2541,3312,5,30,0);
INSERT INTO children(self_id, parent_id, from_parent_count, from_parent_calls, from_parent_paths, pct) VALUES(2546,2541,3312,13,30,0);
INSERT INTO children(self_id, parent_id, from_parent_count, from_parent_calls, from_parent_paths, pct) VALUES(2547,2541,3312,0,30,0);
INSERT INTO children(self_id, parent_id, from_parent_count, from_parent_calls, from_parent_paths, pct) VALUES(2548,2539,19872,0,0,0);
INSERT INTO children(self_id, parent_id, from_parent_count, from_parent_calls, from_parent_paths, pct) VALUES(2549,2548,3312,0,30,0);
INSERT INTO children(self_id, parent_id, from_parent_count, from_parent_calls, from_parent_paths, pct) VALUES(2550,2548,3312,0,30,0);
INSERT INTO children(self_id, parent_id, from_parent_count, from_parent_calls, from_parent_paths, pct) VALUES(2551,2548,3312,0,30,0);
INSERT INTO children(self_id, parent_id, from_parent_count, from_parent_calls, from_parent_paths, pct) VALUES(2552,2548,3312,0,30,0);
INSERT INTO children(self_id, parent_id, from_parent_count, from_parent_calls, from_parent_paths, pct) VALUES(2553,2548,3312,0,30,0);
INSERT INTO children(self_id, parent_id, from_parent_count, from_parent_calls, from_parent_paths, pct) VALUES(2554,2548,3312,0,30,0);
INSERT INTO children(self_id, parent_id, from_parent_count, from_parent_calls, from_parent_paths, pct) VALUES(2555,2538,67392,6486,0,0);
INSERT INTO children(self_id, parent_id, from_parent_count, from_parent_calls, from_parent_paths, pct) VALUES(2556,2555,27648,6456,4,0);
INSERT INTO children(self_id, parent_id, from_parent_count, from_parent_calls, from_parent_paths, pct) VALUES(2557,2555,19872,15,0,0);
INSERT INTO children(self_id, parent_id, from_parent_count, from_parent_calls, from_parent_paths, pct) VALUES(2558,2557,3312,9,30,0);
INSERT INTO children(self_id, parent_id, from_parent_count, from_parent_calls, from_parent_paths, pct) VALUES(2559,2557,3312,0,30,0);
INSERT INTO children(self_id, parent_id, from_parent_count, from_parent_calls, from_parent_paths, pct) VALUES(2560,2557,3312,0,30,0);
INSERT INTO children(self_id, parent_id, from_parent_count, from_parent_calls, from_parent_paths, pct) VALUES(2561,2557,3312,0,30,0);
INSERT INTO children(self_id, parent_id, from_parent_count, from_parent_calls, from_parent_paths, pct) VALUES(2562,2557,3312,6,30,0);
INSERT INTO children(self_id, parent_id, from_parent_count, from_parent_calls, from_parent_paths, pct) VALUES(2563,2557,3312,0,30,0);
INSERT INTO children(self_id, parent_id, from_parent_count, from_parent_calls, from_parent_paths, pct) VALUES(2564,2555,19872,15,0,0);
INSERT INTO children(self_id, parent_id, from_parent_count, from_parent_calls, from_parent_paths, pct) VALUES(2565,2564,3312,5,30,0);
INSERT INTO children(self_id, parent_id, from_parent_count, from_parent_calls, from_parent_paths, pct) VALUES(2566,2564,3312,5,30,0);
INSERT INTO children(self_id, parent_id, from_parent_count, from_parent_calls, from_parent_paths, pct) VALUES(2567,2564,3312,5,30,0);
INSERT INTO children(self_id, parent_id, from_parent_count, from_parent_calls, from_parent_paths, pct) VALUES(2568,2564,3312,0,30,0);
INSERT INTO children(self_id, parent_id, from_parent_count, from_parent_calls, from_parent_paths, pct) VALUES(2569,2564,3312,0,30,0);
INSERT INTO children(self_id, parent_id, from_parent_count, from_parent_calls, from_parent_paths, pct) VALUES(2570,2564,3312,0,30,0);
INSERT INTO children(self_id, parent_id, from_parent_count, from_parent_calls, from_parent_paths, pct) VALUES(2571,2538,67392,6496,0,0);
INSERT INTO children(self_id, parent_id, from_parent_count, from_parent_calls, from_parent_paths, pct) VALUES(2572,2571,27648,6457,4,0);
INSERT INTO children(self_id, parent_id, from_parent_count, from_parent_calls, from_parent_paths, pct) VALUES(2573,2571,19872,23,0,0);
INSERT INTO children(self_id, parent_id, from_parent_count, from_parent_calls, from_parent_paths, pct) VALUES(2574,2573,3312,5,30,0);
INSERT INTO children(self_id, parent_id, from_parent_count, from_parent_calls, from_parent_paths, pct) VALUES(2575,2573,3312,0,30,0);
INSERT INTO children(self_id, parent_id, from_parent_count, from_parent_calls, from_parent_paths, pct) VALUES(2576,2573,3312,0,30,0);
INSERT INTO children(self_id, parent_id, from_parent_count, from_parent_calls, from_parent_paths, pct) VALUES(2577,2573,3312,6,30,0);
INSERT INTO children(self_id, parent_id, from_parent_count, from_parent_calls, from_parent_paths, pct) VALUES(2578,2573,3312,12,30,0);
INSERT INTO children(self_id, parent_id, from_parent_count, from_parent_calls, from_parent_paths, pct) VALUES(2579,2573,3312,0,30,0);
INSERT INTO children(self_id, parent_id, from_parent_count, from_parent_calls, from_parent_paths, pct) VALUES(2580,2571,19872,16,0,0);
INSERT INTO children(self_id, parent_id, from_parent_count, from_parent_calls, from_parent_paths, pct) VALUES(2581,2580,3312,11,30,0);
INSERT INTO children(self_id, parent_id, from_parent_count, from_parent_calls, from_parent_paths, pct) VALUES(2582,2580,3312,5,30,0);
INSERT INTO children(self_id, parent_id, from_parent_count, from_parent_calls, from_parent_paths, pct) VALUES(2583,2580,3312,0,30,0);
INSERT INTO children(self_id, parent_id, from_parent_count, from_parent_calls, from_parent_paths, pct) VALUES(2584,2580,3312,0,30,0);
INSERT INTO children(self_id, parent_id, from_parent_count, from_parent_calls, from_parent_paths, pct) VALUES(2585,2580,3312,0,30,0);
INSERT INTO children(self_id, parent_id, from_parent_count, from_parent_calls, from_parent_paths, pct) VALUES(2586,2580,3312,0,30,0);
INSERT INTO children(self_id, parent_id, from_parent_count, from_parent_calls, from_parent_paths, pct) VALUES(2587,2226,202176,19379,0,0);
INSERT INTO children(self_id, parent_id, from_parent_count, from_parent_calls, from_parent_paths, pct) VALUES(2588,2587,67392,6456,0,0);
INSERT INTO children(self_id, parent_id, from_parent_count, from_parent_calls, from_parent_paths, pct) VALUES(2589,2588,27648,6456,4,0);
INSERT INTO children(self_id, parent_id, from_parent_count, from_parent_calls, from_parent_paths, pct) VALUES(2590,2588,19872,0,0,0);
INSERT INTO children(self_id, parent_id, from_parent_count, from_parent_calls, from_parent_paths, pct) VALUES(2591,2590,3312,0,30,0);
INSERT INTO children(self_id, parent_id, from_parent_count, from_parent_calls, from_parent_paths, pct) VALUES(2592,2590,3312,0,30,0);
INSERT INTO children(self_id, parent_id, from_parent_count, from_parent_calls, from_parent_paths, pct) VALUES(2593,2590,3312,0,30,0);
INSERT INTO children(self_id, parent_id, from_parent_count, from_parent_calls, from_parent_paths, pct) VALUES(2594,2590,3312,0,30,0);
INSERT INTO children(self_id, parent_id, from_parent_count, from_parent_calls, from_parent_paths, pct) VALUES(2595,2590,3312,0,30,0);
INSERT INTO children(self_id, parent_id, from_parent_count, from_parent_calls, from_parent_paths, pct) VALUES(2596,2590,3312,0,30,0);
INSERT INTO children(self_id, parent_id, from_parent_count, from_parent_calls, from_parent_paths, pct) VALUES(2597,2588,19872,0,0,0);
INSERT INTO children(self_id, parent_id, from_parent_count, from_parent_calls, from_parent_paths, pct) VALUES(2598,2597,3312,0,30,0);
INSERT INTO children(self_id, parent_id, from_parent_count, from_parent_calls, from_parent_paths, pct) VALUES(2599,2597,3312,0,30,0);
INSERT INTO children(self_id, parent_id, from_parent_count, from_parent_calls, from_parent_paths, pct) VALUES(2600,2597,3312,0,30,0);
INSERT INTO children(self_id, parent_id, from_parent_count, from_parent_calls, from_parent_paths, pct) VALUES(2601,2597,3312,0,30,0);
INSERT INTO children(self_id, parent_id, from_parent_count, from_parent_calls, from_parent_paths, pct) VALUES(2602,2597,3312,0,30,0);
INSERT INTO children(self_id, parent_id, from_parent_count, from_parent_calls, from_parent_paths, pct) VALUES(2603,2597,3312,0,30,0);
INSERT INTO children(self_id, parent_id, from_parent_count, from_parent_calls, from_parent_paths, pct) VALUES(2604,2587,67392,6461,0,0);
INSERT INTO children(self_id, parent_id, from_parent_count, from_parent_calls, from_parent_paths, pct) VALUES(2605,2604,27648,6456,4,0);
INSERT INTO children(self_id, parent_id, from_parent_count, from_parent_calls, from_parent_paths, pct) VALUES(2606,2604,19872,0,0,0);
INSERT INTO children(self_id, parent_id, from_parent_count, from_parent_calls, from_parent_paths, pct) VALUES(2607,2606,3312,0,30,0);
INSERT INTO children(self_id, parent_id, from_parent_count, from_parent_calls, from_parent_paths, pct) VALUES(2608,2606,3312,0,30,0);
INSERT INTO children(self_id, parent_id, from_parent_count, from_parent_calls, from_parent_paths, pct) VALUES(2609,2606,3312,0,30,0);
INSERT INTO children(self_id, parent_id, from_parent_count, from_parent_calls, from_parent_paths, pct) VALUES(2610,2606,3312,0,30,0);
INSERT INTO children(self_id, parent_id, from_parent_count, from_parent_calls, from_parent_paths, pct) VALUES(2611,2606,3312,0,30,0);
INSERT INTO children(self_id, parent_id, from_parent_count, from_parent_calls, from_parent_paths, pct) VALUES(2612,2606,3312,0,30,0);
INSERT INTO children(self_id, parent_id, from_parent_count, from_parent_calls, from_parent_paths, pct) VALUES(2613,2604,19872,5,0,0);
INSERT INTO children(self_id, parent_id, from_parent_count, from_parent_calls, from_parent_paths, pct) VALUES(2614,2613,3312,0,30,0);
INSERT INTO children(self_id, parent_id, from_parent_count, from_parent_calls, from_parent_paths, pct) VALUES(2615,2613,3312,0,30,0);
INSERT INTO children(self_id, parent_id, from_parent_count, from_parent_calls, from_parent_paths, pct) VALUES(2616,2613,3312,0,30,0);
INSERT INTO children(self_id, parent_id, from_parent_count, from_parent_calls, from_parent_paths, pct) VALUES(2617,2613,3312,0,30,0);
INSERT INTO children(self_id, parent_id, from_parent_count, from_parent_calls, from_parent_paths, pct) VALUES(2618,2613,3312,5,30,0);
INSERT INTO children(self_id, parent_id, from_parent_count, from_parent_calls, from_parent_paths, pct) VALUES(2619,2613,3312,0,30,0);
INSERT INTO children(self_id, parent_id, from_parent_count, from_parent_calls, from_parent_paths, pct) VALUES(2620,2587,67392,6462,0,0);
INSERT INTO children(self_id, parent_id, from_parent_count, from_parent_calls, from_parent_paths, pct) VALUES(2621,2620,27648,6456,4,0);
INSERT INTO children(self_id, parent_id, from_parent_count, from_parent_calls, from_parent_paths, pct) VALUES(2622,2620,19872,0,0,0);
INSERT INTO children(self_id, parent_id, from_parent_count, from_parent_calls, from_parent_paths, pct) VALUES(2623,2622,3312,0,30,0);
INSERT INTO children(self_id, parent_id, from_parent_count, from_parent_calls, from_parent_paths, pct) VALUES(2624,2622,3312,0,30,0);
INSERT INTO children(self_id, parent_id, from_parent_count, from_parent_calls, from_parent_paths, pct) VALUES(2625,2622,3312,0,30,0);
INSERT INTO children(self_id, parent_id, from_parent_count, from_parent_calls, from_parent_paths, pct) VALUES(2626,2622,3312,0,30,0);
INSERT INTO children(self_id, parent_id, from_parent_count, from_parent_calls, from_parent_paths, pct) VALUES(2627,2622,3312,0,30,0);
INSERT INTO children(self_id, parent_id, from_parent_count, from_parent_calls, from_parent_paths, pct) VALUES(2628,2622,3312,0,30,0);
INSERT INTO children(self_id, parent_id, from_parent_count, from_parent_calls, from_parent_paths, pct) VALUES(2629,2620,19872,6,0,0);
INSERT INTO children(self_id, parent_id, from_parent_count, from_parent_calls, from_parent_paths, pct) VALUES(2630,2629,3312,0,30,0);
INSERT INTO children(self_id, parent_id, from_parent_count, from_parent_calls, from_parent_paths, pct) VALUES(2631,2629,3312,0,30,0);
INSERT INTO children(self_id, parent_id, from_parent_count, from_parent_calls, from_parent_paths, pct) VALUES(2632,2629,3312,0,30,0);
INSERT INTO children(self_id, parent_id, from_parent_count, from_parent_calls, from_parent_paths, pct) VALUES(2633,2629,3312,0,30,0);
INSERT INTO children(self_id, parent_id, from_parent_count, from_parent_calls, from_parent_paths, pct) VALUES(2634,2629,3312,6,30,0);
INSERT INTO children(self_id, parent_id, from_parent_count, from_parent_calls, from_parent_paths, pct) VALUES(2635,2629,3312,0,30,0);
INSERT INTO children(self_id, parent_id, from_parent_count, from_parent_calls, from_parent_paths, pct) VALUES(2636,2226,121884,20247,200,0);
INSERT INTO children(self_id, parent_id, from_parent_count, from_parent_calls, from_parent_paths, pct) VALUES(2637,2636,22372,366,50,0);
INSERT INTO children(self_id, parent_id, from_parent_count, from_parent_calls, from_parent_paths, pct) VALUES(2638,1807,924796,2870,20,0);
INSERT INTO children(self_id, parent_id, from_parent_count, from_parent_calls, from_parent_paths, pct) VALUES(2639,2638,7632,52,63,0);
INSERT INTO children(self_id, parent_id, from_parent_count, from_parent_calls, from_parent_paths, pct) VALUES(2640,2638,240,29,10,0);
INSERT INTO children(self_id, parent_id, from_parent_count, from_parent_calls, from_parent_paths, pct) VALUES(2641,2638,952,0,2,0);
INSERT INTO children(self_id, parent_id, from_parent_count, from_parent_calls, from_parent_paths, pct) VALUES(2642,2638,952,2,2,0);
INSERT INTO children(self_id, parent_id, from_parent_count, from_parent_calls, from_parent_paths, pct) VALUES(2643,2638,952,0,2,0);
INSERT INTO children(self_id, parent_id, from_parent_count, from_parent_calls, from_parent_paths, pct) VALUES(2644,2638,952,0,2,0);
INSERT INTO children(self_id, parent_id, from_parent_count, from_parent_calls, from_parent_paths, pct) VALUES(2645,2638,952,6,2,0);
INSERT INTO children(self_id, parent_id, from_parent_count, from_parent_calls, from_parent_paths, pct) VALUES(2646,2638,952,6,2,0);
INSERT INTO children(self_id, parent_id, from_parent_count, from_parent_calls, from_parent_paths, pct) VALUES(2647,2638,952,0,2,0);
INSERT INTO children(self_id, parent_id, from_parent_count, from_parent_calls, from_parent_paths, pct) VALUES(2648,2638,952,0,2,0);
INSERT INTO children(self_id, parent_id, from_parent_count, from_parent_calls, from_parent_paths, pct) VALUES(2649,2638,891408,93,4632,0);
INSERT INTO children(self_id, parent_id, from_parent_count, from_parent_calls, from_parent_paths, pct) VALUES(2650,2649,14544,28,0,0);
INSERT INTO children(self_id, parent_id, from_parent_count, from_parent_calls, from_parent_paths, pct) VALUES(2651,2650,7272,16,18,0);
INSERT INTO children(self_id, parent_id, from_parent_count, from_parent_calls, from_parent_paths, pct) VALUES(2652,2650,7272,12,18,0);
INSERT INTO children(self_id, parent_id, from_parent_count, from_parent_calls, from_parent_paths, pct) VALUES(2653,2638,904,11,2,0);
INSERT INTO children(self_id, parent_id, from_parent_count, from_parent_calls, from_parent_paths, pct) VALUES(2654,2638,904,0,2,0);
INSERT INTO children(self_id, parent_id, from_parent_count, from_parent_calls, from_parent_paths, pct) VALUES(2655,2638,904,4,2,0);
INSERT INTO children(self_id, parent_id, from_parent_count, from_parent_calls, from_parent_paths, pct) VALUES(2656,2638,904,0,2,0);
INSERT INTO children(self_id, parent_id, from_parent_count, from_parent_calls, from_parent_paths, pct) VALUES(2657,2638,904,6,2,0);
INSERT INTO mainrows(id, symbol_id, self_count, cumulative_count, kids, self_calls, total_calls, self_paths, total_paths, pct) VALUES(2658, 2658, 392724, 392724, 178, 0, 98181, 4824, 4824, 0.0);
INSERT INTO mainrows(id, symbol_id, self_count, cumulative_count, kids, self_calls, total_calls, self_paths, total_paths, pct) VALUES(2659, 2659, 0, 0, 0, 0, 0, 0, 0, 0.0);
INSERT INTO mainrows(id, symbol_id, self_count, cumulative_count, kids, self_calls, total_calls, self_paths, total_paths, pct) VALUES(2660, 2660, 408, 408, 0, 0, 102, 8, 8, 0.0);
INSERT INTO mainrows(id, symbol_id, self_count, cumulative_count, kids, self_calls, total_calls, self_paths, total_paths, pct) VALUES(2661, 2661, 204, 204, 0, 0, 51, 4, 4, 0.0);
INSERT INTO mainrows(id, symbol_id, self_count, cumulative_count, kids, self_calls, total_calls, self_paths, total_paths, pct) VALUES(2662, 2662, 2368, 2368, 0, 0, 592, 28, 28, 0.0);
INSERT INTO mainrows(id, symbol_id, self_count, cumulative_count, kids, self_calls, total_calls, self_paths, total_paths, pct) VALUES(2663, 2663, 2368, 2368, 0, 0, 592, 28, 28, 0.0);
INSERT INTO mainrows(id, symbol_id, self_count, cumulative_count, kids, self_calls, total_calls, self_paths, total_paths, pct) VALUES(2664, 2664, 2368, 2368, 0, 0, 592, 28, 28, 0.0);
INSERT INTO mainrows(id, symbol_id, self_count, cumulative_count, kids, self_calls, total_calls, self_paths, total_paths, pct) VALUES(2665, 2665, 2368, 2368, 0, 0, 592, 28, 28, 0.0);
INSERT INTO mainrows(id, symbol_id, self_count, cumulative_count, kids, self_calls, total_calls, self_paths, total_paths, pct) VALUES(2666, 2666, 2368, 2368, 0, 0, 592, 28, 28, 0.0);
INSERT INTO mainrows(id, symbol_id, self_count, cumulative_count, kids, self_calls, total_calls, self_paths, total_paths, pct) VALUES(2667, 2667, 2368, 2368, 0, 0, 592, 28, 28, 0.0);
INSERT INTO mainrows(id, symbol_id, self_count, cumulative_count, kids, self_calls, total_calls, self_paths, total_paths, pct) VALUES(2668, 2668, 2368, 2368, 0, 0, 592, 28, 28, 0.0);
INSERT INTO mainrows(id, symbol_id, self_count, cumulative_count, kids, self_calls, total_calls, self_paths, total_paths, pct) VALUES(2669, 2669, 2368, 2368, 0, 0, 592, 28, 28, 0.0);
INSERT INTO mainrows(id, symbol_id, self_count, cumulative_count, kids, self_calls, total_calls, self_paths, total_paths, pct) VALUES(2670, 2670, 2368, 2368, 0, 0, 592, 28, 28, 0.0);
INSERT INTO mainrows(id, symbol_id, self_count, cumulative_count, kids, self_calls, total_calls, self_paths, total_paths, pct) VALUES(2671, 2671, 2368, 2368, 0, 0, 592, 28, 28, 0.0);
INSERT INTO mainrows(id, symbol_id, self_count, cumulative_count, kids, self_calls, total_calls, self_paths, total_paths, pct) VALUES(2672, 2672, 2368, 2368, 0, 0, 592, 28, 28, 0.0);
INSERT INTO mainrows(id, symbol_id, self_count, cumulative_count, kids, self_calls, total_calls, self_paths, total_paths, pct) VALUES(2673, 2673, 2368, 2368, 0, 0, 592, 28, 28, 0.0);
INSERT INTO mainrows(id, symbol_id, self_count, cumulative_count, kids, self_calls, total_calls, self_paths, total_paths, pct) VALUES(2674, 2674, 2368, 2368, 0, 0, 592, 28, 28, 0.0);
INSERT INTO mainrows(id, symbol_id, self_count, cumulative_count, kids, self_calls, total_calls, self_paths, total_paths, pct) VALUES(2675, 2675, 2368, 2368, 0, 0, 592, 28, 28, 0.0);
INSERT INTO mainrows(id, symbol_id, self_count, cumulative_count, kids, self_calls, total_calls, self_paths, total_paths, pct) VALUES(2676, 2676, 2368, 2368, 0, 0, 592, 28, 28, 0.0);
INSERT INTO mainrows(id, symbol_id, self_count, cumulative_count, kids, self_calls, total_calls, self_paths, total_paths, pct) VALUES(2677, 2677, 2368, 2368, 0, 0, 592, 28, 28, 0.0);
INSERT INTO mainrows(id, symbol_id, self_count, cumulative_count, kids, self_calls, total_calls, self_paths, total_paths, pct) VALUES(2678, 2678, 2368, 2368, 0, 0, 592, 28, 28, 0.0);
INSERT INTO mainrows(id, symbol_id, self_count, cumulative_count, kids, self_calls, total_calls, self_paths, total_paths, pct) VALUES(2679, 2679, 2368, 2368, 0, 0, 592, 28, 28, 0.0);
INSERT INTO mainrows(id, symbol_id, self_count, cumulative_count, kids, self_calls, total_calls, self_paths, total_paths, pct) VALUES(2680, 2680, 2368, 2368, 0, 0, 592, 28, 28, 0.0);
INSERT INTO mainrows(id, symbol_id, self_count, cumulative_count, kids, self_calls, total_calls, self_paths, total_paths, pct) VALUES(2681, 2681, 2368, 2368, 0, 0, 592, 28, 28, 0.0);
INSERT INTO mainrows(id, symbol_id, self_count, cumulative_count, kids, self_calls, total_calls, self_paths, total_paths, pct) VALUES(2682, 2682, 2368, 2368, 0, 0, 592, 28, 28, 0.0);
INSERT INTO mainrows(id, symbol_id, self_count, cumulative_count, kids, self_calls, total_calls, self_paths, total_paths, pct) VALUES(2683, 2683, 2368, 2368, 0, 0, 592, 28, 28, 0.0);
INSERT INTO mainrows(id, symbol_id, self_count, cumulative_count, kids, self_calls, total_calls, self_paths, total_paths, pct) VALUES(2684, 2684, 2368, 2368, 0, 0, 592, 28, 28, 0.0);
INSERT INTO mainrows(id, symbol_id, self_count, cumulative_count, kids, self_calls, total_calls, self_paths, total_paths, pct) VALUES(2685, 2685, 2368, 2368, 0, 0, 592, 28, 28, 0.0);
INSERT INTO mainrows(id, symbol_id, self_count, cumulative_count, kids, self_calls, total_calls, self_paths, total_paths, pct) VALUES(2686, 2686, 2368, 2368, 0, 0, 592, 28, 28, 0.0);
INSERT INTO mainrows(id, symbol_id, self_count, cumulative_count, kids, self_calls, total_calls, self_paths, total_paths, pct) VALUES(2687, 2687, 2368, 2368, 0, 0, 592, 28, 28, 0.0);
INSERT INTO mainrows(id, symbol_id, self_count, cumulative_count, kids, self_calls, total_calls, self_paths, total_paths, pct) VALUES(2688, 2688, 2368, 2368, 0, 0, 592, 28, 28, 0.0);
INSERT INTO mainrows(id, symbol_id, self_count, cumulative_count, kids, self_calls, total_calls, self_paths, total_paths, pct) VALUES(2689, 2689, 2368, 2368, 0, 0, 592, 28, 28, 0.0);
INSERT INTO mainrows(id, symbol_id, self_count, cumulative_count, kids, self_calls, total_calls, self_paths, total_paths, pct) VALUES(2690, 2690, 2368, 2368, 0, 0, 592, 28, 28, 0.0);
INSERT INTO mainrows(id, symbol_id, self_count, cumulative_count, kids, self_calls, total_calls, self_paths, total_paths, pct) VALUES(2691, 2691, 2368, 2368, 0, 0, 592, 28, 28, 0.0);
INSERT INTO mainrows(id, symbol_id, self_count, cumulative_count, kids, self_calls, total_calls, self_paths, total_paths, pct) VALUES(2692, 2692, 2368, 2368, 0, 0, 592, 28, 28, 0.0);
INSERT INTO mainrows(id, symbol_id, self_count, cumulative_count, kids, self_calls, total_calls, self_paths, total_paths, pct) VALUES(2693, 2693, 2368, 2368, 0, 0, 592, 28, 28, 0.0);
INSERT INTO mainrows(id, symbol_id, self_count, cumulative_count, kids, self_calls, total_calls, self_paths, total_paths, pct) VALUES(2694, 2694, 2368, 2368, 0, 0, 592, 28, 28, 0.0);
INSERT INTO mainrows(id, symbol_id, self_count, cumulative_count, kids, self_calls, total_calls, self_paths, total_paths, pct) VALUES(2695, 2695, 2368, 2368, 0, 0, 592, 28, 28, 0.0);
INSERT INTO mainrows(id, symbol_id, self_count, cumulative_count, kids, self_calls, total_calls, self_paths, total_paths, pct) VALUES(2696, 2696, 2368, 2368, 0, 0, 592, 28, 28, 0.0);
INSERT INTO mainrows(id, symbol_id, self_count, cumulative_count, kids, self_calls, total_calls, self_paths, total_paths, pct) VALUES(2697, 2697, 2368, 2368, 0, 0, 592, 28, 28, 0.0);
INSERT INTO mainrows(id, symbol_id, self_count, cumulative_count, kids, self_calls, total_calls, self_paths, total_paths, pct) VALUES(2698, 2698, 2368, 2368, 0, 0, 592, 28, 28, 0.0);
INSERT INTO mainrows(id, symbol_id, self_count, cumulative_count, kids, self_calls, total_calls, self_paths, total_paths, pct) VALUES(2699, 2699, 2368, 2368, 0, 0, 592, 28, 28, 0.0);
INSERT INTO mainrows(id, symbol_id, self_count, cumulative_count, kids, self_calls, total_calls, self_paths, total_paths, pct) VALUES(2700, 2700, 2368, 2368, 0, 0, 592, 28, 28, 0.0);
INSERT INTO mainrows(id, symbol_id, self_count, cumulative_count, kids, self_calls, total_calls, self_paths, total_paths, pct) VALUES(2701, 2701, 2368, 2368, 0, 0, 592, 28, 28, 0.0);
INSERT INTO mainrows(id, symbol_id, self_count, cumulative_count, kids, self_calls, total_calls, self_paths, total_paths, pct) VALUES(2702, 2702, 2368, 2368, 0, 0, 592, 28, 28, 0.0);
INSERT INTO mainrows(id, symbol_id, self_count, cumulative_count, kids, self_calls, total_calls, self_paths, total_paths, pct) VALUES(2703, 2703, 2368, 2368, 0, 0, 592, 28, 28, 0.0);
INSERT INTO mainrows(id, symbol_id, self_count, cumulative_count, kids, self_calls, total_calls, self_paths, total_paths, pct) VALUES(2704, 2704, 2368, 2368, 0, 0, 592, 28, 28, 0.0);
INSERT INTO mainrows(id, symbol_id, self_count, cumulative_count, kids, self_calls, total_calls, self_paths, total_paths, pct) VALUES(2705, 2705, 2368, 2368, 0, 0, 592, 28, 28, 0.0);
INSERT INTO mainrows(id, symbol_id, self_count, cumulative_count, kids, self_calls, total_calls, self_paths, total_paths, pct) VALUES(2706, 2706, 2368, 2368, 0, 0, 592, 28, 28, 0.0);
INSERT INTO mainrows(id, symbol_id, self_count, cumulative_count, kids, self_calls, total_calls, self_paths, total_paths, pct) VALUES(2707, 2707, 2368, 2368, 0, 0, 592, 28, 28, 0.0);
INSERT INTO mainrows(id, symbol_id, self_count, cumulative_count, kids, self_calls, total_calls, self_paths, total_paths, pct) VALUES(2708, 2708, 2368, 2368, 0, 0, 592, 28, 28, 0.0);
INSERT INTO mainrows(id, symbol_id, self_count, cumulative_count, kids, self_calls, total_calls, self_paths, total_paths, pct) VALUES(2709, 2709, 2368, 2368, 0, 0, 592, 28, 28, 0.0);
INSERT INTO mainrows(id, symbol_id, self_count, cumulative_count, kids, self_calls, total_calls, self_paths, total_paths, pct) VALUES(2710, 2710, 2368, 2368, 0, 0, 592, 28, 28, 0.0);
INSERT INTO mainrows(id, symbol_id, self_count, cumulative_count, kids, self_calls, total_calls, self_paths, total_paths, pct) VALUES(2711, 2711, 2368, 2368, 0, 0, 592, 28, 28, 0.0);
INSERT INTO mainrows(id, symbol_id, self_count, cumulative_count, kids, self_calls, total_calls, self_paths, total_paths, pct) VALUES(2712, 2712, 2368, 2368, 0, 0, 592, 28, 28, 0.0);
INSERT INTO mainrows(id, symbol_id, self_count, cumulative_count, kids, self_calls, total_calls, self_paths, total_paths, pct) VALUES(2713, 2713, 2368, 2368, 0, 0, 592, 28, 28, 0.0);
INSERT INTO mainrows(id, symbol_id, self_count, cumulative_count, kids, self_calls, total_calls, self_paths, total_paths, pct) VALUES(2714, 2714, 2368, 2368, 0, 0, 592, 28, 28, 0.0);
INSERT INTO mainrows(id, symbol_id, self_count, cumulative_count, kids, self_calls, total_calls, self_paths, total_paths, pct) VALUES(2715, 2715, 2368, 2368, 0, 0, 592, 28, 28, 0.0);
INSERT INTO mainrows(id, symbol_id, self_count, cumulative_count, kids, self_calls, total_calls, self_paths, total_paths, pct) VALUES(2716, 2716, 2368, 2368, 0, 0, 592, 28, 28, 0.0);
INSERT INTO mainrows(id, symbol_id, self_count, cumulative_count, kids, self_calls, total_calls, self_paths, total_paths, pct) VALUES(2717, 2717, 2368, 2368, 0, 0, 592, 28, 28, 0.0);
INSERT INTO mainrows(id, symbol_id, self_count, cumulative_count, kids, self_calls, total_calls, self_paths, total_paths, pct) VALUES(2718, 2718, 2368, 2368, 0, 0, 592, 28, 28, 0.0);
INSERT INTO mainrows(id, symbol_id, self_count, cumulative_count, kids, self_calls, total_calls, self_paths, total_paths, pct) VALUES(2719, 2719, 288, 288, 0, 0, 72, 8, 8, 0.0);
INSERT INTO mainrows(id, symbol_id, self_count, cumulative_count, kids, self_calls, total_calls, self_paths, total_paths, pct) VALUES(2720, 2720, 144, 144, 0, 0, 36, 4, 4, 0.0);
INSERT INTO mainrows(id, symbol_id, self_count, cumulative_count, kids, self_calls, total_calls, self_paths, total_paths, pct) VALUES(2721, 2721, 2248, 2248, 0, 0, 562, 28, 28, 0.0);
INSERT INTO mainrows(id, symbol_id, self_count, cumulative_count, kids, self_calls, total_calls, self_paths, total_paths, pct) VALUES(2722, 2722, 2248, 2248, 0, 0, 562, 28, 28, 0.0);
INSERT INTO mainrows(id, symbol_id, self_count, cumulative_count, kids, self_calls, total_calls, self_paths, total_paths, pct) VALUES(2723, 2723, 2248, 2248, 0, 0, 562, 28, 28, 0.0);
INSERT INTO mainrows(id, symbol_id, self_count, cumulative_count, kids, self_calls, total_calls, self_paths, total_paths, pct) VALUES(2724, 2724, 2248, 2248, 0, 0, 562, 28, 28, 0.0);
INSERT INTO mainrows(id, symbol_id, self_count, cumulative_count, kids, self_calls, total_calls, self_paths, total_paths, pct) VALUES(2725, 2725, 2248, 2248, 0, 0, 562, 28, 28, 0.0);
INSERT INTO mainrows(id, symbol_id, self_count, cumulative_count, kids, self_calls, total_calls, self_paths, total_paths, pct) VALUES(2726, 2726, 2248, 2248, 0, 0, 562, 28, 28, 0.0);
INSERT INTO mainrows(id, symbol_id, self_count, cumulative_count, kids, self_calls, total_calls, self_paths, total_paths, pct) VALUES(2727, 2727, 2248, 2248, 0, 0, 562, 28, 28, 0.0);
INSERT INTO mainrows(id, symbol_id, self_count, cumulative_count, kids, self_calls, total_calls, self_paths, total_paths, pct) VALUES(2728, 2728, 2248, 2248, 0, 0, 562, 28, 28, 0.0);
INSERT INTO mainrows(id, symbol_id, self_count, cumulative_count, kids, self_calls, total_calls, self_paths, total_paths, pct) VALUES(2729, 2729, 2248, 2248, 0, 0, 562, 28, 28, 0.0);
INSERT INTO mainrows(id, symbol_id, self_count, cumulative_count, kids, self_calls, total_calls, self_paths, total_paths, pct) VALUES(2730, 2730, 2248, 2248, 0, 0, 562, 28, 28, 0.0);
INSERT INTO mainrows(id, symbol_id, self_count, cumulative_count, kids, self_calls, total_calls, self_paths, total_paths, pct) VALUES(2731, 2731, 2248, 2248, 0, 0, 562, 28, 28, 0.0);
INSERT INTO mainrows(id, symbol_id, self_count, cumulative_count, kids, self_calls, total_calls, self_paths, total_paths, pct) VALUES(2732, 2732, 2248, 2248, 0, 0, 562, 28, 28, 0.0);
INSERT INTO mainrows(id, symbol_id, self_count, cumulative_count, kids, self_calls, total_calls, self_paths, total_paths, pct) VALUES(2733, 2733, 2248, 2248, 0, 0, 562, 28, 28, 0.0);
INSERT INTO mainrows(id, symbol_id, self_count, cumulative_count, kids, self_calls, total_calls, self_paths, total_paths, pct) VALUES(2734, 2734, 2248, 2248, 0, 0, 562, 28, 28, 0.0);
INSERT INTO mainrows(id, symbol_id, self_count, cumulative_count, kids, self_calls, total_calls, self_paths, total_paths, pct) VALUES(2735, 2735, 2248, 2248, 0, 0, 562, 28, 28, 0.0);
INSERT INTO mainrows(id, symbol_id, self_count, cumulative_count, kids, self_calls, total_calls, self_paths, total_paths, pct) VALUES(2736, 2736, 2248, 2248, 0, 0, 562, 28, 28, 0.0);
INSERT INTO mainrows(id, symbol_id, self_count, cumulative_count, kids, self_calls, total_calls, self_paths, total_paths, pct) VALUES(2737, 2737, 2248, 2248, 0, 0, 562, 28, 28, 0.0);
INSERT INTO mainrows(id, symbol_id, self_count, cumulative_count, kids, self_calls, total_calls, self_paths, total_paths, pct) VALUES(2738, 2738, 2248, 2248, 0, 0, 562, 28, 28, 0.0);
INSERT INTO mainrows(id, symbol_id, self_count, cumulative_count, kids, self_calls, total_calls, self_paths, total_paths, pct) VALUES(2739, 2739, 2248, 2248, 0, 0, 562, 28, 28, 0.0);
INSERT INTO mainrows(id, symbol_id, self_count, cumulative_count, kids, self_calls, total_calls, self_paths, total_paths, pct) VALUES(2740, 2740, 2248, 2248, 0, 0, 562, 28, 28, 0.0);
INSERT INTO mainrows(id, symbol_id, self_count, cumulative_count, kids, self_calls, total_calls, self_paths, total_paths, pct) VALUES(2741, 2741, 2248, 2248, 0, 0, 562, 28, 28, 0.0);
INSERT INTO mainrows(id, symbol_id, self_count, cumulative_count, kids, self_calls, total_calls, self_paths, total_paths, pct) VALUES(2742, 2742, 2248, 2248, 0, 0, 562, 28, 28, 0.0);
INSERT INTO mainrows(id, symbol_id, self_count, cumulative_count, kids, self_calls, total_calls, self_paths, total_paths, pct) VALUES(2743, 2743, 2248, 2248, 0, 0, 562, 28, 28, 0.0);
INSERT INTO mainrows(id, symbol_id, self_count, cumulative_count, kids, self_calls, total_calls, self_paths, total_paths, pct) VALUES(2744, 2744, 2248, 2248, 0, 0, 562, 28, 28, 0.0);
INSERT INTO mainrows(id, symbol_id, self_count, cumulative_count, kids, self_calls, total_calls, self_paths, total_paths, pct) VALUES(2745, 2745, 2248, 2248, 0, 0, 562, 28, 28, 0.0);
INSERT INTO mainrows(id, symbol_id, self_count, cumulative_count, kids, self_calls, total_calls, self_paths, total_paths, pct) VALUES(2746, 2746, 2248, 2248, 0, 0, 562, 28, 28, 0.0);
INSERT INTO mainrows(id, symbol_id, self_count, cumulative_count, kids, self_calls, total_calls, self_paths, total_paths, pct) VALUES(2747, 2747, 2248, 2248, 0, 0, 562, 28, 28, 0.0);
INSERT INTO mainrows(id, symbol_id, self_count, cumulative_count, kids, self_calls, total_calls, self_paths, total_paths, pct) VALUES(2748, 2748, 2248, 2248, 0, 0, 562, 28, 28, 0.0);
INSERT INTO mainrows(id, symbol_id, self_count, cumulative_count, kids, self_calls, total_calls, self_paths, total_paths, pct) VALUES(2749, 2749, 2248, 2248, 0, 0, 562, 28, 28, 0.0);
INSERT INTO mainrows(id, symbol_id, self_count, cumulative_count, kids, self_calls, total_calls, self_paths, total_paths, pct) VALUES(2750, 2750, 2248, 2248, 0, 0, 562, 28, 28, 0.0);
INSERT INTO mainrows(id, symbol_id, self_count, cumulative_count, kids, self_calls, total_calls, self_paths, total_paths, pct) VALUES(2751, 2751, 2248, 2248, 0, 0, 562, 28, 28, 0.0);
INSERT INTO mainrows(id, symbol_id, self_count, cumulative_count, kids, self_calls, total_calls, self_paths, total_paths, pct) VALUES(2752, 2752, 2248, 2248, 0, 0, 562, 28, 28, 0.0);
INSERT INTO mainrows(id, symbol_id, self_count, cumulative_count, kids, self_calls, total_calls, self_paths, total_paths, pct) VALUES(2753, 2753, 2248, 2248, 0, 0, 562, 28, 28, 0.0);
INSERT INTO mainrows(id, symbol_id, self_count, cumulative_count, kids, self_calls, total_calls, self_paths, total_paths, pct) VALUES(2754, 2754, 2248, 2248, 0, 0, 562, 28, 28, 0.0);
INSERT INTO mainrows(id, symbol_id, self_count, cumulative_count, kids, self_calls, total_calls, self_paths, total_paths, pct) VALUES(2755, 2755, 2248, 2248, 0, 0, 562, 28, 28, 0.0);
INSERT INTO mainrows(id, symbol_id, self_count, cumulative_count, kids, self_calls, total_calls, self_paths, total_paths, pct) VALUES(2756, 2756, 2248, 2248, 0, 0, 562, 28, 28, 0.0);
INSERT INTO mainrows(id, symbol_id, self_count, cumulative_count, kids, self_calls, total_calls, self_paths, total_paths, pct) VALUES(2757, 2757, 2248, 2248, 0, 0, 562, 28, 28, 0.0);
INSERT INTO mainrows(id, symbol_id, self_count, cumulative_count, kids, self_calls, total_calls, self_paths, total_paths, pct) VALUES(2758, 2758, 2248, 2248, 0, 0, 562, 28, 28, 0.0);
INSERT INTO mainrows(id, symbol_id, self_count, cumulative_count, kids, self_calls, total_calls, self_paths, total_paths, pct) VALUES(2759, 2759, 2248, 2248, 0, 0, 562, 28, 28, 0.0);
INSERT INTO mainrows(id, symbol_id, self_count, cumulative_count, kids, self_calls, total_calls, self_paths, total_paths, pct) VALUES(2760, 2760, 2248, 2248, 0, 0, 562, 28, 28, 0.0);
INSERT INTO mainrows(id, symbol_id, self_count, cumulative_count, kids, self_calls, total_calls, self_paths, total_paths, pct) VALUES(2761, 2761, 2248, 2248, 0, 0, 562, 28, 28, 0.0);
INSERT INTO mainrows(id, symbol_id, self_count, cumulative_count, kids, self_calls, total_calls, self_paths, total_paths, pct) VALUES(2762, 2762, 2248, 2248, 0, 0, 562, 28, 28, 0.0);
INSERT INTO mainrows(id, symbol_id, self_count, cumulative_count, kids, self_calls, total_calls, self_paths, total_paths, pct) VALUES(2763, 2763, 2248, 2248, 0, 0, 562, 28, 28, 0.0);
INSERT INTO mainrows(id, symbol_id, self_count, cumulative_count, kids, self_calls, total_calls, self_paths, total_paths, pct) VALUES(2764, 2764, 2248, 2248, 0, 0, 562, 28, 28, 0.0);
INSERT INTO mainrows(id, symbol_id, self_count, cumulative_count, kids, self_calls, total_calls, self_paths, total_paths, pct) VALUES(2765, 2765, 2248, 2248, 0, 0, 562, 28, 28, 0.0);
INSERT INTO mainrows(id, symbol_id, self_count, cumulative_count, kids, self_calls, total_calls, self_paths, total_paths, pct) VALUES(2766, 2766, 2248, 2248, 0, 0, 562, 28, 28, 0.0);
INSERT INTO mainrows(id, symbol_id, self_count, cumulative_count, kids, self_calls, total_calls, self_paths, total_paths, pct) VALUES(2767, 2767, 2248, 2248, 0, 0, 562, 28, 28, 0.0);
INSERT INTO mainrows(id, symbol_id, self_count, cumulative_count, kids, self_calls, total_calls, self_paths, total_paths, pct) VALUES(2768, 2768, 2248, 2248, 0, 0, 562, 28, 28, 0.0);
INSERT INTO mainrows(id, symbol_id, self_count, cumulative_count, kids, self_calls, total_calls, self_paths, total_paths, pct) VALUES(2769, 2769, 2248, 2248, 0, 0, 562, 28, 28, 0.0);
INSERT INTO mainrows(id, symbol_id, self_count, cumulative_count, kids, self_calls, total_calls, self_paths, total_paths, pct) VALUES(2770, 2770, 2248, 2248, 0, 0, 562, 28, 28, 0.0);
INSERT INTO mainrows(id, symbol_id, self_count, cumulative_count, kids, self_calls, total_calls, self_paths, total_paths, pct) VALUES(2771, 2771, 2248, 2248, 0, 0, 562, 28, 28, 0.0);
INSERT INTO mainrows(id, symbol_id, self_count, cumulative_count, kids, self_calls, total_calls, self_paths, total_paths, pct) VALUES(2772, 2772, 2248, 2248, 0, 0, 562, 28, 28, 0.0);
INSERT INTO mainrows(id, symbol_id, self_count, cumulative_count, kids, self_calls, total_calls, self_paths, total_paths, pct) VALUES(2773, 2773, 2248, 2248, 0, 0, 562, 28, 28, 0.0);
INSERT INTO mainrows(id, symbol_id, self_count, cumulative_count, kids, self_calls, total_calls, self_paths, total_paths, pct) VALUES(2774, 2774, 2248, 2248, 0, 0, 562, 28, 28, 0.0);
INSERT INTO mainrows(id, symbol_id, self_count, cumulative_count, kids, self_calls, total_calls, self_paths, total_paths, pct) VALUES(2775, 2775, 2248, 2248, 0, 0, 562, 28, 28, 0.0);
INSERT INTO mainrows(id, symbol_id, self_count, cumulative_count, kids, self_calls, total_calls, self_paths, total_paths, pct) VALUES(2776, 2776, 2248, 2248, 0, 0, 562, 28, 28, 0.0);
INSERT INTO mainrows(id, symbol_id, self_count, cumulative_count, kids, self_calls, total_calls, self_paths, total_paths, pct) VALUES(2777, 2777, 2248, 2248, 0, 0, 562, 28, 28, 0.0);
INSERT INTO mainrows(id, symbol_id, self_count, cumulative_count, kids, self_calls, total_calls, self_paths, total_paths, pct) VALUES(2778, 2778, 288, 288, 0, 0, 72, 8, 8, 0.0);
INSERT INTO mainrows(id, symbol_id, self_count, cumulative_count, kids, self_calls, total_calls, self_paths, total_paths, pct) VALUES(2779, 2779, 144, 144, 0, 0, 36, 4, 4, 0.0);
INSERT INTO mainrows(id, symbol_id, self_count, cumulative_count, kids, self_calls, total_calls, self_paths, total_paths, pct) VALUES(2780, 2780, 2248, 2248, 0, 0, 562, 28, 28, 0.0);
INSERT INTO mainrows(id, symbol_id, self_count, cumulative_count, kids, self_calls, total_calls, self_paths, total_paths, pct) VALUES(2781, 2781, 2248, 2248, 0, 0, 562, 28, 28, 0.0);
INSERT INTO mainrows(id, symbol_id, self_count, cumulative_count, kids, self_calls, total_calls, self_paths, total_paths, pct) VALUES(2782, 2782, 2248, 2248, 0, 0, 562, 28, 28, 0.0);
INSERT INTO mainrows(id, symbol_id, self_count, cumulative_count, kids, self_calls, total_calls, self_paths, total_paths, pct) VALUES(2783, 2783, 2248, 2248, 0, 0, 562, 28, 28, 0.0);
INSERT INTO mainrows(id, symbol_id, self_count, cumulative_count, kids, self_calls, total_calls, self_paths, total_paths, pct) VALUES(2784, 2784, 2248, 2248, 0, 0, 562, 28, 28, 0.0);
INSERT INTO mainrows(id, symbol_id, self_count, cumulative_count, kids, self_calls, total_calls, self_paths, total_paths, pct) VALUES(2785, 2785, 2248, 2248, 0, 0, 562, 28, 28, 0.0);
INSERT INTO mainrows(id, symbol_id, self_count, cumulative_count, kids, self_calls, total_calls, self_paths, total_paths, pct) VALUES(2786, 2786, 2248, 2248, 0, 0, 562, 28, 28, 0.0);
INSERT INTO mainrows(id, symbol_id, self_count, cumulative_count, kids, self_calls, total_calls, self_paths, total_paths, pct) VALUES(2787, 2787, 2248, 2248, 0, 0, 562, 28, 28, 0.0);
INSERT INTO mainrows(id, symbol_id, self_count, cumulative_count, kids, self_calls, total_calls, self_paths, total_paths, pct) VALUES(2788, 2788, 2248, 2248, 0, 0, 562, 28, 28, 0.0);
INSERT INTO mainrows(id, symbol_id, self_count, cumulative_count, kids, self_calls, total_calls, self_paths, total_paths, pct) VALUES(2789, 2789, 2248, 2248, 0, 0, 562, 28, 28, 0.0);
INSERT INTO mainrows(id, symbol_id, self_count, cumulative_count, kids, self_calls, total_calls, self_paths, total_paths, pct) VALUES(2790, 2790, 2248, 2248, 0, 0, 562, 28, 28, 0.0);
INSERT INTO mainrows(id, symbol_id, self_count, cumulative_count, kids, self_calls, total_calls, self_paths, total_paths, pct) VALUES(2791, 2791, 2248, 2248, 0, 0, 562, 28, 28, 0.0);
INSERT INTO mainrows(id, symbol_id, self_count, cumulative_count, kids, self_calls, total_calls, self_paths, total_paths, pct) VALUES(2792, 2792, 2248, 2248, 0, 0, 562, 28, 28, 0.0);
INSERT INTO mainrows(id, symbol_id, self_count, cumulative_count, kids, self_calls, total_calls, self_paths, total_paths, pct) VALUES(2793, 2793, 2248, 2248, 0, 0, 562, 28, 28, 0.0);
INSERT INTO mainrows(id, symbol_id, self_count, cumulative_count, kids, self_calls, total_calls, self_paths, total_paths, pct) VALUES(2794, 2794, 2248, 2248, 0, 0, 562, 28, 28, 0.0);
INSERT INTO mainrows(id, symbol_id, self_count, cumulative_count, kids, self_calls, total_calls, self_paths, total_paths, pct) VALUES(2795, 2795, 2248, 2248, 0, 0, 562, 28, 28, 0.0);
INSERT INTO mainrows(id, symbol_id, self_count, cumulative_count, kids, self_calls, total_calls, self_paths, total_paths, pct) VALUES(2796, 2796, 2248, 2248, 0, 0, 562, 28, 28, 0.0);
INSERT INTO mainrows(id, symbol_id, self_count, cumulative_count, kids, self_calls, total_calls, self_paths, total_paths, pct) VALUES(2797, 2797, 2248, 2248, 0, 0, 562, 28, 28, 0.0);
INSERT INTO mainrows(id, symbol_id, self_count, cumulative_count, kids, self_calls, total_calls, self_paths, total_paths, pct) VALUES(2798, 2798, 2248, 2248, 0, 0, 562, 28, 28, 0.0);
INSERT INTO mainrows(id, symbol_id, self_count, cumulative_count, kids, self_calls, total_calls, self_paths, total_paths, pct) VALUES(2799, 2799, 2248, 2248, 0, 0, 562, 28, 28, 0.0);
INSERT INTO mainrows(id, symbol_id, self_count, cumulative_count, kids, self_calls, total_calls, self_paths, total_paths, pct) VALUES(2800, 2800, 2248, 2248, 0, 0, 562, 28, 28, 0.0);
INSERT INTO mainrows(id, symbol_id, self_count, cumulative_count, kids, self_calls, total_calls, self_paths, total_paths, pct) VALUES(2801, 2801, 2248, 2248, 0, 0, 562, 28, 28, 0.0);
INSERT INTO mainrows(id, symbol_id, self_count, cumulative_count, kids, self_calls, total_calls, self_paths, total_paths, pct) VALUES(2802, 2802, 2248, 2248, 0, 0, 562, 28, 28, 0.0);
INSERT INTO mainrows(id, symbol_id, self_count, cumulative_count, kids, self_calls, total_calls, self_paths, total_paths, pct) VALUES(2803, 2803, 2248, 2248, 0, 0, 562, 28, 28, 0.0);
INSERT INTO mainrows(id, symbol_id, self_count, cumulative_count, kids, self_calls, total_calls, self_paths, total_paths, pct) VALUES(2804, 2804, 2248, 2248, 0, 0, 562, 28, 28, 0.0);
INSERT INTO mainrows(id, symbol_id, self_count, cumulative_count, kids, self_calls, total_calls, self_paths, total_paths, pct) VALUES(2805, 2805, 2248, 2248, 0, 0, 562, 28, 28, 0.0);
INSERT INTO mainrows(id, symbol_id, self_count, cumulative_count, kids, self_calls, total_calls, self_paths, total_paths, pct) VALUES(2806, 2806, 2248, 2248, 0, 0, 562, 28, 28, 0.0);
INSERT INTO mainrows(id, symbol_id, self_count, cumulative_count, kids, self_calls, total_calls, self_paths, total_paths, pct) VALUES(2807, 2807, 2248, 2248, 0, 0, 562, 28, 28, 0.0);
INSERT INTO mainrows(id, symbol_id, self_count, cumulative_count, kids, self_calls, total_calls, self_paths, total_paths, pct) VALUES(2808, 2808, 2248, 2248, 0, 0, 562, 28, 28, 0.0);
INSERT INTO mainrows(id, symbol_id, self_count, cumulative_count, kids, self_calls, total_calls, self_paths, total_paths, pct) VALUES(2809, 2809, 2248, 2248, 0, 0, 562, 28, 28, 0.0);
INSERT INTO mainrows(id, symbol_id, self_count, cumulative_count, kids, self_calls, total_calls, self_paths, total_paths, pct) VALUES(2810, 2810, 2248, 2248, 0, 0, 562, 28, 28, 0.0);
INSERT INTO mainrows(id, symbol_id, self_count, cumulative_count, kids, self_calls, total_calls, self_paths, total_paths, pct) VALUES(2811, 2811, 2248, 2248, 0, 0, 562, 28, 28, 0.0);
INSERT INTO mainrows(id, symbol_id, self_count, cumulative_count, kids, self_calls, total_calls, self_paths, total_paths, pct) VALUES(2812, 2812, 2248, 2248, 0, 0, 562, 28, 28, 0.0);
INSERT INTO mainrows(id, symbol_id, self_count, cumulative_count, kids, self_calls, total_calls, self_paths, total_paths, pct) VALUES(2813, 2813, 2248, 2248, 0, 0, 562, 28, 28, 0.0);
INSERT INTO mainrows(id, symbol_id, self_count, cumulative_count, kids, self_calls, total_calls, self_paths, total_paths, pct) VALUES(2814, 2814, 2248, 2248, 0, 0, 562, 28, 28, 0.0);
INSERT INTO mainrows(id, symbol_id, self_count, cumulative_count, kids, self_calls, total_calls, self_paths, total_paths, pct) VALUES(2815, 2815, 2248, 2248, 0, 0, 562, 28, 28, 0.0);
INSERT INTO mainrows(id, symbol_id, self_count, cumulative_count, kids, self_calls, total_calls, self_paths, total_paths, pct) VALUES(2816, 2816, 2248, 2248, 0, 0, 562, 28, 28, 0.0);
INSERT INTO mainrows(id, symbol_id, self_count, cumulative_count, kids, self_calls, total_calls, self_paths, total_paths, pct) VALUES(2817, 2817, 2248, 2248, 0, 0, 562, 28, 28, 0.0);
INSERT INTO mainrows(id, symbol_id, self_count, cumulative_count, kids, self_calls, total_calls, self_paths, total_paths, pct) VALUES(2818, 2818, 2248, 2248, 0, 0, 562, 28, 28, 0.0);
INSERT INTO mainrows(id, symbol_id, self_count, cumulative_count, kids, self_calls, total_calls, self_paths, total_paths, pct) VALUES(2819, 2819, 2248, 2248, 0, 0, 562, 28, 28, 0.0);
INSERT INTO mainrows(id, symbol_id, self_count, cumulative_count, kids, self_calls, total_calls, self_paths, total_paths, pct) VALUES(2820, 2820, 2248, 2248, 0, 0, 562, 28, 28, 0.0);
INSERT INTO mainrows(id, symbol_id, self_count, cumulative_count, kids, self_calls, total_calls, self_paths, total_paths, pct) VALUES(2821, 2821, 2248, 2248, 0, 0, 562, 28, 28, 0.0);
INSERT INTO mainrows(id, symbol_id, self_count, cumulative_count, kids, self_calls, total_calls, self_paths, total_paths, pct) VALUES(2822, 2822, 2248, 2248, 0, 0, 562, 28, 28, 0.0);
INSERT INTO mainrows(id, symbol_id, self_count, cumulative_count, kids, self_calls, total_calls, self_paths, total_paths, pct) VALUES(2823, 2823, 2248, 2248, 0, 0, 562, 28, 28, 0.0);
INSERT INTO mainrows(id, symbol_id, self_count, cumulative_count, kids, self_calls, total_calls, self_paths, total_paths, pct) VALUES(2824, 2824, 2248, 2248, 0, 0, 562, 28, 28, 0.0);
INSERT INTO mainrows(id, symbol_id, self_count, cumulative_count, kids, self_calls, total_calls, self_paths, total_paths, pct) VALUES(2825, 2825, 2248, 2248, 0, 0, 562, 28, 28, 0.0);
INSERT INTO mainrows(id, symbol_id, self_count, cumulative_count, kids, self_calls, total_calls, self_paths, total_paths, pct) VALUES(2826, 2826, 2248, 2248, 0, 0, 562, 28, 28, 0.0);
INSERT INTO mainrows(id, symbol_id, self_count, cumulative_count, kids, self_calls, total_calls, self_paths, total_paths, pct) VALUES(2827, 2827, 2248, 2248, 0, 0, 562, 28, 28, 0.0);
INSERT INTO mainrows(id, symbol_id, self_count, cumulative_count, kids, self_calls, total_calls, self_paths, total_paths, pct) VALUES(2828, 2828, 2248, 2248, 0, 0, 562, 28, 28, 0.0);
INSERT INTO mainrows(id, symbol_id, self_count, cumulative_count, kids, self_calls, total_calls, self_paths, total_paths, pct) VALUES(2829, 2829, 2248, 2248, 0, 0, 562, 28, 28, 0.0);
INSERT INTO mainrows(id, symbol_id, self_count, cumulative_count, kids, self_calls, total_calls, self_paths, total_paths, pct) VALUES(2830, 2830, 2248, 2248, 0, 0, 562, 28, 28, 0.0);
INSERT INTO mainrows(id, symbol_id, self_count, cumulative_count, kids, self_calls, total_calls, self_paths, total_paths, pct) VALUES(2831, 2831, 2248, 2248, 0, 0, 562, 28, 28, 0.0);
INSERT INTO mainrows(id, symbol_id, self_count, cumulative_count, kids, self_calls, total_calls, self_paths, total_paths, pct) VALUES(2832, 2832, 2248, 2248, 0, 0, 562, 28, 28, 0.0);
INSERT INTO mainrows(id, symbol_id, self_count, cumulative_count, kids, self_calls, total_calls, self_paths, total_paths, pct) VALUES(2833, 2833, 2248, 2248, 0, 0, 562, 28, 28, 0.0);
INSERT INTO mainrows(id, symbol_id, self_count, cumulative_count, kids, self_calls, total_calls, self_paths, total_paths, pct) VALUES(2834, 2834, 2248, 2248, 0, 0, 562, 28, 28, 0.0);
INSERT INTO mainrows(id, symbol_id, self_count, cumulative_count, kids, self_calls, total_calls, self_paths, total_paths, pct) VALUES(2835, 2835, 2248, 2248, 0, 0, 562, 28, 28, 0.0);
INSERT INTO mainrows(id, symbol_id, self_count, cumulative_count, kids, self_calls, total_calls, self_paths, total_paths, pct) VALUES(2836, 2836, 2248, 2248, 0, 0, 562, 28, 28, 0.0);
INSERT INTO parents(self_id, child_id, to_child_count, to_child_calls, to_child_paths, pct) VALUES(10,2658,0,0,0,0);
INSERT INTO parents(self_id, child_id, to_child_count, to_child_calls, to_child_paths, pct) VALUES(2658,2659,0,0,0,0);
INSERT INTO parents(self_id, child_id, to_child_count, to_child_calls, to_child_paths, pct) VALUES(2658,2660,408,102,8,0);
INSERT INTO parents(self_id, child_id, to_child_count, to_child_calls, to_child_paths, pct) VALUES(2658,2661,204,51,4,0);
INSERT INTO parents(self_id, child_id, to_child_count, to_child_calls, to_child_paths, pct) VALUES(2658,2662,2368,592,28,0);
INSERT INTO parents(self_id, child_id, to_child_count, to_child_calls, to_child_paths, pct) VALUES(2658,2663,2368,592,28,0);
INSERT INTO parents(self_id, child_id, to_child_count, to_child_calls, to_child_paths, pct) VALUES(2658,2664,2368,592,28,0);
INSERT INTO parents(self_id, child_id, to_child_count, to_child_calls, to_child_paths, pct) VALUES(2658,2665,2368,592,28,0);
INSERT INTO parents(self_id, child_id, to_child_count, to_child_calls, to_child_paths, pct) VALUES(2658,2666,2368,592,28,0);
INSERT INTO parents(self_id, child_id, to_child_count, to_child_calls, to_child_paths, pct) VALUES(2658,2667,2368,592,28,0);
INSERT INTO parents(self_id, child_id, to_child_count, to_child_calls, to_child_paths, pct) VALUES(2658,2668,2368,592,28,0);
INSERT INTO parents(self_id, child_id, to_child_count, to_child_calls, to_child_paths, pct) VALUES(2658,2669,2368,592,28,0);
INSERT INTO parents(self_id, child_id, to_child_count, to_child_calls, to_child_paths, pct) VALUES(2658,2670,2368,592,28,0);
INSERT INTO parents(self_id, child_id, to_child_count, to_child_calls, to_child_paths, pct) VALUES(2658,2671,2368,592,28,0);
INSERT INTO parents(self_id, child_id, to_child_count, to_child_calls, to_child_paths, pct) VALUES(2658,2672,2368,592,28,0);
INSERT INTO parents(self_id, child_id, to_child_count, to_child_calls, to_child_paths, pct) VALUES(2658,2673,2368,592,28,0);
INSERT INTO parents(self_id, child_id, to_child_count, to_child_calls, to_child_paths, pct) VALUES(2658,2674,2368,592,28,0);
INSERT INTO parents(self_id, child_id, to_child_count, to_child_calls, to_child_paths, pct) VALUES(2658,2675,2368,592,28,0);
INSERT INTO parents(self_id, child_id, to_child_count, to_child_calls, to_child_paths, pct) VALUES(2658,2676,2368,592,28,0);
INSERT INTO parents(self_id, child_id, to_child_count, to_child_calls, to_child_paths, pct) VALUES(2658,2677,2368,592,28,0);
INSERT INTO parents(self_id, child_id, to_child_count, to_child_calls, to_child_paths, pct) VALUES(2658,2678,2368,592,28,0);
INSERT INTO parents(self_id, child_id, to_child_count, to_child_calls, to_child_paths, pct) VALUES(2658,2679,2368,592,28,0);
INSERT INTO parents(self_id, child_id, to_child_count, to_child_calls, to_child_paths, pct) VALUES(2658,2680,2368,592,28,0);
INSERT INTO parents(self_id, child_id, to_child_count, to_child_calls, to_child_paths, pct) VALUES(2658,2681,2368,592,28,0);
INSERT INTO parents(self_id, child_id, to_child_count, to_child_calls, to_child_paths, pct) VALUES(2658,2682,2368,592,28,0);
INSERT INTO parents(self_id, child_id, to_child_count, to_child_calls, to_child_paths, pct) VALUES(2658,2683,2368,592,28,0);
INSERT INTO parents(self_id, child_id, to_child_count, to_child_calls, to_child_paths, pct) VALUES(2658,2684,2368,592,28,0);
INSERT INTO parents(self_id, child_id, to_child_count, to_child_calls, to_child_paths, pct) VALUES(2658,2685,2368,592,28,0);
INSERT INTO parents(self_id, child_id, to_child_count, to_child_calls, to_child_paths, pct) VALUES(2658,2686,2368,592,28,0);
INSERT INTO parents(self_id, child_id, to_child_count, to_child_calls, to_child_paths, pct) VALUES(2658,2687,2368,592,28,0);
INSERT INTO parents(self_id, child_id, to_child_count, to_child_calls, to_child_paths, pct) VALUES(2658,2688,2368,592,28,0);
INSERT INTO parents(self_id, child_id, to_child_count, to_child_calls, to_child_paths, pct) VALUES(2658,2689,2368,592,28,0);
INSERT INTO parents(self_id, child_id, to_child_count, to_child_calls, to_child_paths, pct) VALUES(2658,2690,2368,592,28,0);
INSERT INTO parents(self_id, child_id, to_child_count, to_child_calls, to_child_paths, pct) VALUES(2658,2691,2368,592,28,0);
INSERT INTO parents(self_id, child_id, to_child_count, to_child_calls, to_child_paths, pct) VALUES(2658,2692,2368,592,28,0);
INSERT INTO parents(self_id, child_id, to_child_count, to_child_calls, to_child_paths, pct) VALUES(2658,2693,2368,592,28,0);
INSERT INTO parents(self_id, child_id, to_child_count, to_child_calls, to_child_paths, pct) VALUES(2658,2694,2368,592,28,0);
INSERT INTO parents(self_id, child_id, to_child_count, to_child_calls, to_child_paths, pct) VALUES(2658,2695,2368,592,28,0);
INSERT INTO parents(self_id, child_id, to_child_count, to_child_calls, to_child_paths, pct) VALUES(2658,2696,2368,592,28,0);
INSERT INTO parents(self_id, child_id, to_child_count, to_child_calls, to_child_paths, pct) VALUES(2658,2697,2368,592,28,0);
INSERT INTO parents(self_id, child_id, to_child_count, to_child_calls, to_child_paths, pct) VALUES(2658,2698,2368,592,28,0);
INSERT INTO parents(self_id, child_id, to_child_count, to_child_calls, to_child_paths, pct) VALUES(2658,2699,2368,592,28,0);
INSERT INTO parents(self_id, child_id, to_child_count, to_child_calls, to_child_paths, pct) VALUES(2658,2700,2368,592,28,0);
INSERT INTO parents(self_id, child_id, to_child_count, to_child_calls, to_child_paths, pct) VALUES(2658,2701,2368,592,28,0);
INSERT INTO parents(self_id, child_id, to_child_count, to_child_calls, to_child_paths, pct) VALUES(2658,2702,2368,592,28,0);
INSERT INTO parents(self_id, child_id, to_child_count, to_child_calls, to_child_paths, pct) VALUES(2658,2703,2368,592,28,0);
INSERT INTO parents(self_id, child_id, to_child_count, to_child_calls, to_child_paths, pct) VALUES(2658,2704,2368,592,28,0);
INSERT INTO parents(self_id, child_id, to_child_count, to_child_calls, to_child_paths, pct) VALUES(2658,2705,2368,592,28,0);
INSERT INTO parents(self_id, child_id, to_child_count, to_child_calls, to_child_paths, pct) VALUES(2658,2706,2368,592,28,0);
INSERT INTO parents(self_id, child_id, to_child_count, to_child_calls, to_child_paths, pct) VALUES(2658,2707,2368,592,28,0);
INSERT INTO parents(self_id, child_id, to_child_count, to_child_calls, to_child_paths, pct) VALUES(2658,2708,2368,592,28,0);
INSERT INTO parents(self_id, child_id, to_child_count, to_child_calls, to_child_paths, pct) VALUES(2658,2709,2368,592,28,0);
INSERT INTO parents(self_id, child_id, to_child_count, to_child_calls, to_child_paths, pct) VALUES(2658,2710,2368,592,28,0);
INSERT INTO parents(self_id, child_id, to_child_count, to_child_calls, to_child_paths, pct) VALUES(2658,2711,2368,592,28,0);
INSERT INTO parents(self_id, child_id, to_child_count, to_child_calls, to_child_paths, pct) VALUES(2658,2712,2368,592,28,0);
INSERT INTO parents(self_id, child_id, to_child_count, to_child_calls, to_child_paths, pct) VALUES(2658,2713,2368,592,28,0);
INSERT INTO parents(self_id, child_id, to_child_count, to_child_calls, to_child_paths, pct) VALUES(2658,2714,2368,592,28,0);
INSERT INTO parents(self_id, child_id, to_child_count, to_child_calls, to_child_paths, pct) VALUES(2658,2715,2368,592,28,0);
INSERT INTO parents(self_id, child_id, to_child_count, to_child_calls, to_child_paths, pct) VALUES(2658,2716,2368,592,28,0);
INSERT INTO parents(self_id, child_id, to_child_count, to_child_calls, to_child_paths, pct) VALUES(2658,2717,2368,592,28,0);
INSERT INTO parents(self_id, child_id, to_child_count, to_child_calls, to_child_paths, pct) VALUES(2658,2718,2368,592,28,0);
INSERT INTO parents(self_id, child_id, to_child_count, to_child_calls, to_child_paths, pct) VALUES(2658,2719,288,72,8,0);
INSERT INTO parents(self_id, child_id, to_child_count, to_child_calls, to_child_paths, pct) VALUES(2658,2720,144,36,4,0);
INSERT INTO parents(self_id, child_id, to_child_count, to_child_calls, to_child_paths, pct) VALUES(2658,2721,2248,562,28,0);
INSERT INTO parents(self_id, child_id, to_child_count, to_child_calls, to_child_paths, pct) VALUES(2658,2722,2248,562,28,0);
INSERT INTO parents(self_id, child_id, to_child_count, to_child_calls, to_child_paths, pct) VALUES(2658,2723,2248,562,28,0);
INSERT INTO parents(self_id, child_id, to_child_count, to_child_calls, to_child_paths, pct) VALUES(2658,2724,2248,562,28,0);
INSERT INTO parents(self_id, child_id, to_child_count, to_child_calls, to_child_paths, pct) VALUES(2658,2725,2248,562,28,0);
INSERT INTO parents(self_id, child_id, to_child_count, to_child_calls, to_child_paths, pct) VALUES(2658,2726,2248,562,28,0);
INSERT INTO parents(self_id, child_id, to_child_count, to_child_calls, to_child_paths, pct) VALUES(2658,2727,2248,562,28,0);
INSERT INTO parents(self_id, child_id, to_child_count, to_child_calls, to_child_paths, pct) VALUES(2658,2728,2248,562,28,0);
INSERT INTO parents(self_id, child_id, to_child_count, to_child_calls, to_child_paths, pct) VALUES(2658,2729,2248,562,28,0);
INSERT INTO parents(self_id, child_id, to_child_count, to_child_calls, to_child_paths, pct) VALUES(2658,2730,2248,562,28,0);
INSERT INTO parents(self_id, child_id, to_child_count, to_child_calls, to_child_paths, pct) VALUES(2658,2731,2248,562,28,0);
INSERT INTO parents(self_id, child_id, to_child_count, to_child_calls, to_child_paths, pct) VALUES(2658,2732,2248,562,28,0);
INSERT INTO parents(self_id, child_id, to_child_count, to_child_calls, to_child_paths, pct) VALUES(2658,2733,2248,562,28,0);
INSERT INTO parents(self_id, child_id, to_child_count, to_child_calls, to_child_paths, pct) VALUES(2658,2734,2248,562,28,0);
INSERT INTO parents(self_id, child_id, to_child_count, to_child_calls, to_child_paths, pct) VALUES(2658,2735,2248,562,28,0);
INSERT INTO parents(self_id, child_id, to_child_count, to_child_calls, to_child_paths, pct) VALUES(2658,2736,2248,562,28,0);
INSERT INTO parents(self_id, child_id, to_child_count, to_child_calls, to_child_paths, pct) VALUES(2658,2737,2248,562,28,0);
INSERT INTO parents(self_id, child_id, to_child_count, to_child_calls, to_child_paths, pct) VALUES(2658,2738,2248,562,28,0);
INSERT INTO parents(self_id, child_id, to_child_count, to_child_calls, to_child_paths, pct) VALUES(2658,2739,2248,562,28,0);
INSERT INTO parents(self_id, child_id, to_child_count, to_child_calls, to_child_paths, pct) VALUES(2658,2740,2248,562,28,0);
INSERT INTO parents(self_id, child_id, to_child_count, to_child_calls, to_child_paths, pct) VALUES(2658,2741,2248,562,28,0);
INSERT INTO parents(self_id, child_id, to_child_count, to_child_calls, to_child_paths, pct) VALUES(2658,2742,2248,562,28,0);
INSERT INTO parents(self_id, child_id, to_child_count, to_child_calls, to_child_paths, pct) VALUES(2658,2743,2248,562,28,0);
INSERT INTO parents(self_id, child_id, to_child_count, to_child_calls, to_child_paths, pct) VALUES(2658,2744,2248,562,28,0);
INSERT INTO parents(self_id, child_id, to_child_count, to_child_calls, to_child_paths, pct) VALUES(2658,2745,2248,562,28,0);
INSERT INTO parents(self_id, child_id, to_child_count, to_child_calls, to_child_paths, pct) VALUES(2658,2746,2248,562,28,0);
INSERT INTO parents(self_id, child_id, to_child_count, to_child_calls, to_child_paths, pct) VALUES(2658,2747,2248,562,28,0);
INSERT INTO parents(self_id, child_id, to_child_count, to_child_calls, to_child_paths, pct) VALUES(2658,2748,2248,562,28,0);
INSERT INTO parents(self_id, child_id, to_child_count, to_child_calls, to_child_paths, pct) VALUES(2658,2749,2248,562,28,0);
INSERT INTO parents(self_id, child_id, to_child_count, to_child_calls, to_child_paths, pct) VALUES(2658,2750,2248,562,28,0);
INSERT INTO parents(self_id, child_id, to_child_count, to_child_calls, to_child_paths, pct) VALUES(2658,2751,2248,562,28,0);
INSERT INTO parents(self_id, child_id, to_child_count, to_child_calls, to_child_paths, pct) VALUES(2658,2752,2248,562,28,0);
INSERT INTO parents(self_id, child_id, to_child_count, to_child_calls, to_child_paths, pct) VALUES(2658,2753,2248,562,28,0);
INSERT INTO parents(self_id, child_id, to_child_count, to_child_calls, to_child_paths, pct) VALUES(2658,2754,2248,562,28,0);
INSERT INTO parents(self_id, child_id, to_child_count, to_child_calls, to_child_paths, pct) VALUES(2658,2755,2248,562,28,0);
INSERT INTO parents(self_id, child_id, to_child_count, to_child_calls, to_child_paths, pct) VALUES(2658,2756,2248,562,28,0);
INSERT INTO parents(self_id, child_id, to_child_count, to_child_calls, to_child_paths, pct) VALUES(2658,2757,2248,562,28,0);
INSERT INTO parents(self_id, child_id, to_child_count, to_child_calls, to_child_paths, pct) VALUES(2658,2758,2248,562,28,0);
INSERT INTO parents(self_id, child_id, to_child_count, to_child_calls, to_child_paths, pct) VALUES(2658,2759,2248,562,28,0);
INSERT INTO parents(self_id, child_id, to_child_count, to_child_calls, to_child_paths, pct) VALUES(2658,2760,2248,562,28,0);
INSERT INTO parents(self_id, child_id, to_child_count, to_child_calls, to_child_paths, pct) VALUES(2658,2761,2248,562,28,0);
INSERT INTO parents(self_id, child_id, to_child_count, to_child_calls, to_child_paths, pct) VALUES(2658,2762,2248,562,28,0);
INSERT INTO parents(self_id, child_id, to_child_count, to_child_calls, to_child_paths, pct) VALUES(2658,2763,2248,562,28,0);
INSERT INTO parents(self_id, child_id, to_child_count, to_child_calls, to_child_paths, pct) VALUES(2658,2764,2248,562,28,0);
INSERT INTO parents(self_id, child_id, to_child_count, to_child_calls, to_child_paths, pct) VALUES(2658,2765,2248,562,28,0);
INSERT INTO parents(self_id, child_id, to_child_count, to_child_calls, to_child_paths, pct) VALUES(2658,2766,2248,562,28,0);
INSERT INTO parents(self_id, child_id, to_child_count, to_child_calls, to_child_paths, pct) VALUES(2658,2767,2248,562,28,0);
INSERT INTO parents(self_id, child_id, to_child_count, to_child_calls, to_child_paths, pct) VALUES(2658,2768,2248,562,28,0);
INSERT INTO parents(self_id, child_id, to_child_count, to_child_calls, to_child_paths, pct) VALUES(2658,2769,2248,562,28,0);
INSERT INTO parents(self_id, child_id, to_child_count, to_child_calls, to_child_paths, pct) VALUES(2658,2770,2248,562,28,0);
INSERT INTO parents(self_id, child_id, to_child_count, to_child_calls, to_child_paths, pct) VALUES(2658,2771,2248,562,28,0);
INSERT INTO parents(self_id, child_id, to_child_count, to_child_calls, to_child_paths, pct) VALUES(2658,2772,2248,562,28,0);
INSERT INTO parents(self_id, child_id, to_child_count, to_child_calls, to_child_paths, pct) VALUES(2658,2773,2248,562,28,0);
INSERT INTO parents(self_id, child_id, to_child_count, to_child_calls, to_child_paths, pct) VALUES(2658,2774,2248,562,28,0);
INSERT INTO parents(self_id, child_id, to_child_count, to_child_calls, to_child_paths, pct) VALUES(2658,2775,2248,562,28,0);
INSERT INTO parents(self_id, child_id, to_child_count, to_child_calls, to_child_paths, pct) VALUES(2658,2776,2248,562,28,0);
INSERT INTO parents(self_id, child_id, to_child_count, to_child_calls, to_child_paths, pct) VALUES(2658,2777,2248,562,28,0);
INSERT INTO parents(self_id, child_id, to_child_count, to_child_calls, to_child_paths, pct) VALUES(2658,2778,288,72,8,0);
INSERT INTO parents(self_id, child_id, to_child_count, to_child_calls, to_child_paths, pct) VALUES(2658,2779,144,36,4,0);
INSERT INTO parents(self_id, child_id, to_child_count, to_child_calls, to_child_paths, pct) VALUES(2658,2780,2248,562,28,0);
INSERT INTO parents(self_id, child_id, to_child_count, to_child_calls, to_child_paths, pct) VALUES(2658,2781,2248,562,28,0);
INSERT INTO parents(self_id, child_id, to_child_count, to_child_calls, to_child_paths, pct) VALUES(2658,2782,2248,562,28,0);
INSERT INTO parents(self_id, child_id, to_child_count, to_child_calls, to_child_paths, pct) VALUES(2658,2783,2248,562,28,0);
INSERT INTO parents(self_id, child_id, to_child_count, to_child_calls, to_child_paths, pct) VALUES(2658,2784,2248,562,28,0);
INSERT INTO parents(self_id, child_id, to_child_count, to_child_calls, to_child_paths, pct) VALUES(2658,2785,2248,562,28,0);
INSERT INTO parents(self_id, child_id, to_child_count, to_child_calls, to_child_paths, pct) VALUES(2658,2786,2248,562,28,0);
INSERT INTO parents(self_id, child_id, to_child_count, to_child_calls, to_child_paths, pct) VALUES(2658,2787,2248,562,28,0);
INSERT INTO parents(self_id, child_id, to_child_count, to_child_calls, to_child_paths, pct) VALUES(2658,2788,2248,562,28,0);
INSERT INTO parents(self_id, child_id, to_child_count, to_child_calls, to_child_paths, pct) VALUES(2658,2789,2248,562,28,0);
INSERT INTO parents(self_id, child_id, to_child_count, to_child_calls, to_child_paths, pct) VALUES(2658,2790,2248,562,28,0);
INSERT INTO parents(self_id, child_id, to_child_count, to_child_calls, to_child_paths, pct) VALUES(2658,2791,2248,562,28,0);
INSERT INTO parents(self_id, child_id, to_child_count, to_child_calls, to_child_paths, pct) VALUES(2658,2792,2248,562,28,0);
INSERT INTO parents(self_id, child_id, to_child_count, to_child_calls, to_child_paths, pct) VALUES(2658,2793,2248,562,28,0);
INSERT INTO parents(self_id, child_id, to_child_count, to_child_calls, to_child_paths, pct) VALUES(2658,2794,2248,562,28,0);
INSERT INTO parents(self_id, child_id, to_child_count, to_child_calls, to_child_paths, pct) VALUES(2658,2795,2248,562,28,0);
INSERT INTO parents(self_id, child_id, to_child_count, to_child_calls, to_child_paths, pct) VALUES(2658,2796,2248,562,28,0);
INSERT INTO parents(self_id, child_id, to_child_count, to_child_calls, to_child_paths, pct) VALUES(2658,2797,2248,562,28,0);
INSERT INTO parents(self_id, child_id, to_child_count, to_child_calls, to_child_paths, pct) VALUES(2658,2798,2248,562,28,0);
INSERT INTO parents(self_id, child_id, to_child_count, to_child_calls, to_child_paths, pct) VALUES(2658,2799,2248,562,28,0);
INSERT INTO parents(self_id, child_id, to_child_count, to_child_calls, to_child_paths, pct) VALUES(2658,2800,2248,562,28,0);
INSERT INTO parents(self_id, child_id, to_child_count, to_child_calls, to_child_paths, pct) VALUES(2658,2801,2248,562,28,0);
INSERT INTO parents(self_id, child_id, to_child_count, to_child_calls, to_child_paths, pct) VALUES(2658,2802,2248,562,28,0);
INSERT INTO parents(self_id, child_id, to_child_count, to_child_calls, to_child_paths, pct) VALUES(2658,2803,2248,562,28,0);
INSERT INTO parents(self_id, child_id, to_child_count, to_child_calls, to_child_paths, pct) VALUES(2658,2804,2248,562,28,0);
INSERT INTO parents(self_id, child_id, to_child_count, to_child_calls, to_child_paths, pct) VALUES(2658,2805,2248,562,28,0);
INSERT INTO parents(self_id, child_id, to_child_count, to_child_calls, to_child_paths, pct) VALUES(2658,2806,2248,562,28,0);
INSERT INTO parents(self_id, child_id, to_child_count, to_child_calls, to_child_paths, pct) VALUES(2658,2807,2248,562,28,0);
INSERT INTO parents(self_id, child_id, to_child_count, to_child_calls, to_child_paths, pct) VALUES(2658,2808,2248,562,28,0);
INSERT INTO parents(self_id, child_id, to_child_count, to_child_calls, to_child_paths, pct) VALUES(2658,2809,2248,562,28,0);
INSERT INTO parents(self_id, child_id, to_child_count, to_child_calls, to_child_paths, pct) VALUES(2658,2810,2248,562,28,0);
INSERT INTO parents(self_id, child_id, to_child_count, to_child_calls, to_child_paths, pct) VALUES(2658,2811,2248,562,28,0);
INSERT INTO parents(self_id, child_id, to_child_count, to_child_calls, to_child_paths, pct) VALUES(2658,2812,2248,562,28,0);
INSERT INTO parents(self_id, child_id, to_child_count, to_child_calls, to_child_paths, pct) VALUES(2658,2813,2248,562,28,0);
INSERT INTO parents(self_id, child_id, to_child_count, to_child_calls, to_child_paths, pct) VALUES(2658,2814,2248,562,28,0);
INSERT INTO parents(self_id, child_id, to_child_count, to_child_calls, to_child_paths, pct) VALUES(2658,2815,2248,562,28,0);
INSERT INTO parents(self_id, child_id, to_child_count, to_child_calls, to_child_paths, pct) VALUES(2658,2816,2248,562,28,0);
INSERT INTO parents(self_id, child_id, to_child_count, to_child_calls, to_child_paths, pct) VALUES(2658,2817,2248,562,28,0);
INSERT INTO parents(self_id, child_id, to_child_count, to_child_calls, to_child_paths, pct) VALUES(2658,2818,2248,562,28,0);
INSERT INTO parents(self_id, child_id, to_child_count, to_child_calls, to_child_paths, pct) VALUES(2658,2819,2248,562,28,0);
INSERT INTO parents(self_id, child_id, to_child_count, to_child_calls, to_child_paths, pct) VALUES(2658,2820,2248,562,28,0);
INSERT INTO parents(self_id, child_id, to_child_count, to_child_calls, to_child_paths, pct) VALUES(2658,2821,2248,562,28,0);
INSERT INTO parents(self_id, child_id, to_child_count, to_child_calls, to_child_paths, pct) VALUES(2658,2822,2248,562,28,0);
INSERT INTO parents(self_id, child_id, to_child_count, to_child_calls, to_child_paths, pct) VALUES(2658,2823,2248,562,28,0);
INSERT INTO parents(self_id, child_id, to_child_count, to_child_calls, to_child_paths, pct) VALUES(2658,2824,2248,562,28,0);
INSERT INTO parents(self_id, child_id, to_child_count, to_child_calls, to_child_paths, pct) VALUES(2658,2825,2248,562,28,0);
INSERT INTO parents(self_id, child_id, to_child_count, to_child_calls, to_child_paths, pct) VALUES(2658,2826,2248,562,28,0);
INSERT INTO parents(self_id, child_id, to_child_count, to_child_calls, to_child_paths, pct) VALUES(2658,2827,2248,562,28,0);
INSERT INTO parents(self_id, child_id, to_child_count, to_child_calls, to_child_paths, pct) VALUES(2658,2828,2248,562,28,0);
INSERT INTO parents(self_id, child_id, to_child_count, to_child_calls, to_child_paths, pct) VALUES(2658,2829,2248,562,28,0);
INSERT INTO parents(self_id, child_id, to_child_count, to_child_calls, to_child_paths, pct) VALUES(2658,2830,2248,562,28,0);
INSERT INTO parents(self_id, child_id, to_child_count, to_child_calls, to_child_paths, pct) VALUES(2658,2831,2248,562,28,0);
INSERT INTO parents(self_id, child_id, to_child_count, to_child_calls, to_child_paths, pct) VALUES(2658,2832,2248,562,28,0);
INSERT INTO parents(self_id, child_id, to_child_count, to_child_calls, to_child_paths, pct) VALUES(2658,2833,2248,562,28,0);
INSERT INTO parents(self_id, child_id, to_child_count, to_child_calls, to_child_paths, pct) VALUES(2658,2834,2248,562,28,0);
INSERT INTO parents(self_id, child_id, to_child_count, to_child_calls, to_child_paths, pct) VALUES(2658,2835,2248,562,28,0);
INSERT INTO parents(self_id, child_id, to_child_count, to_child_calls, to_child_paths, pct) VALUES(2658,2836,2248,562,28,0);
INSERT INTO children(self_id, parent_id, from_parent_count, from_parent_calls, from_parent_paths, pct) VALUES(2658,10,392724,0,0,0);
INSERT INTO children(self_id, parent_id, from_parent_count, from_parent_calls, from_parent_paths, pct) VALUES(2659,2658,0,0,0,0);
INSERT INTO children(self_id, parent_id, from_parent_count, from_parent_calls, from_parent_paths, pct) VALUES(2660,2658,408,0,8,0);
INSERT INTO children(self_id, parent_id, from_parent_count, from_parent_calls, from_parent_paths, pct) VALUES(2661,2658,204,0,4,0);
INSERT INTO children(self_id, parent_id, from_parent_count, from_parent_calls, from_parent_paths, pct) VALUES(2662,2658,2368,0,28,0);
INSERT INTO children(self_id, parent_id, from_parent_count, from_parent_calls, from_parent_paths, pct) VALUES(2663,2658,2368,0,28,0);
INSERT INTO children(self_id, parent_id, from_parent_count, from_parent_calls, from_parent_paths, pct) VALUES(2664,2658,2368,0,28,0);
INSERT INTO children(self_id, parent_id, from_parent_count, from_parent_calls, from_parent_paths, pct) VALUES(2665,2658,2368,0,28,0);
INSERT INTO children(self_id, parent_id, from_parent_count, from_parent_calls, from_parent_paths, pct) VALUES(2666,2658,2368,0,28,0);
INSERT INTO children(self_id, parent_id, from_parent_count, from_parent_calls, from_parent_paths, pct) VALUES(2667,2658,2368,0,28,0);
INSERT INTO children(self_id, parent_id, from_parent_count, from_parent_calls, from_parent_paths, pct) VALUES(2668,2658,2368,0,28,0);
INSERT INTO children(self_id, parent_id, from_parent_count, from_parent_calls, from_parent_paths, pct) VALUES(2669,2658,2368,0,28,0);
INSERT INTO children(self_id, parent_id, from_parent_count, from_parent_calls, from_parent_paths, pct) VALUES(2670,2658,2368,0,28,0);
INSERT INTO children(self_id, parent_id, from_parent_count, from_parent_calls, from_parent_paths, pct) VALUES(2671,2658,2368,0,28,0);
INSERT INTO children(self_id, parent_id, from_parent_count, from_parent_calls, from_parent_paths, pct) VALUES(2672,2658,2368,0,28,0);
INSERT INTO children(self_id, parent_id, from_parent_count, from_parent_calls, from_parent_paths, pct) VALUES(2673,2658,2368,0,28,0);
INSERT INTO children(self_id, parent_id, from_parent_count, from_parent_calls, from_parent_paths, pct) VALUES(2674,2658,2368,0,28,0);
INSERT INTO children(self_id, parent_id, from_parent_count, from_parent_calls, from_parent_paths, pct) VALUES(2675,2658,2368,0,28,0);
INSERT INTO children(self_id, parent_id, from_parent_count, from_parent_calls, from_parent_paths, pct) VALUES(2676,2658,2368,0,28,0);
INSERT INTO children(self_id, parent_id, from_parent_count, from_parent_calls, from_parent_paths, pct) VALUES(2677,2658,2368,0,28,0);
INSERT INTO children(self_id, parent_id, from_parent_count, from_parent_calls, from_parent_paths, pct) VALUES(2678,2658,2368,0,28,0);
INSERT INTO children(self_id, parent_id, from_parent_count, from_parent_calls, from_parent_paths, pct) VALUES(2679,2658,2368,0,28,0);
INSERT INTO children(self_id, parent_id, from_parent_count, from_parent_calls, from_parent_paths, pct) VALUES(2680,2658,2368,0,28,0);
INSERT INTO children(self_id, parent_id, from_parent_count, from_parent_calls, from_parent_paths, pct) VALUES(2681,2658,2368,0,28,0);
INSERT INTO children(self_id, parent_id, from_parent_count, from_parent_calls, from_parent_paths, pct) VALUES(2682,2658,2368,0,28,0);
INSERT INTO children(self_id, parent_id, from_parent_count, from_parent_calls, from_parent_paths, pct) VALUES(2683,2658,2368,0,28,0);
INSERT INTO children(self_id, parent_id, from_parent_count, from_parent_calls, from_parent_paths, pct) VALUES(2684,2658,2368,0,28,0);
INSERT INTO children(self_id, parent_id, from_parent_count, from_parent_calls, from_parent_paths, pct) VALUES(2685,2658,2368,0,28,0);
INSERT INTO children(self_id, parent_id, from_parent_count, from_parent_calls, from_parent_paths, pct) VALUES(2686,2658,2368,0,28,0);
INSERT INTO children(self_id, parent_id, from_parent_count, from_parent_calls, from_parent_paths, pct) VALUES(2687,2658,2368,0,28,0);
INSERT INTO children(self_id, parent_id, from_parent_count, from_parent_calls, from_parent_paths, pct) VALUES(2688,2658,2368,0,28,0);
INSERT INTO children(self_id, parent_id, from_parent_count, from_parent_calls, from_parent_paths, pct) VALUES(2689,2658,2368,0,28,0);
INSERT INTO children(self_id, parent_id, from_parent_count, from_parent_calls, from_parent_paths, pct) VALUES(2690,2658,2368,0,28,0);
INSERT INTO children(self_id, parent_id, from_parent_count, from_parent_calls, from_parent_paths, pct) VALUES(2691,2658,2368,0,28,0);
INSERT INTO children(self_id, parent_id, from_parent_count, from_parent_calls, from_parent_paths, pct) VALUES(2692,2658,2368,0,28,0);
INSERT INTO children(self_id, parent_id, from_parent_count, from_parent_calls, from_parent_paths, pct) VALUES(2693,2658,2368,0,28,0);
INSERT INTO children(self_id, parent_id, from_parent_count, from_parent_calls, from_parent_paths, pct) VALUES(2694,2658,2368,0,28,0);
INSERT INTO children(self_id, parent_id, from_parent_count, from_parent_calls, from_parent_paths, pct) VALUES(2695,2658,2368,0,28,0);
INSERT INTO children(self_id, parent_id, from_parent_count, from_parent_calls, from_parent_paths, pct) VALUES(2696,2658,2368,0,28,0);
INSERT INTO children(self_id, parent_id, from_parent_count, from_parent_calls, from_parent_paths, pct) VALUES(2697,2658,2368,0,28,0);
INSERT INTO children(self_id, parent_id, from_parent_count, from_parent_calls, from_parent_paths, pct) VALUES(2698,2658,2368,0,28,0);
INSERT INTO children(self_id, parent_id, from_parent_count, from_parent_calls, from_parent_paths, pct) VALUES(2699,2658,2368,0,28,0);
INSERT INTO children(self_id, parent_id, from_parent_count, from_parent_calls, from_parent_paths, pct) VALUES(2700,2658,2368,0,28,0);
INSERT INTO children(self_id, parent_id, from_parent_count, from_parent_calls, from_parent_paths, pct) VALUES(2701,2658,2368,0,28,0);
INSERT INTO children(self_id, parent_id, from_parent_count, from_parent_calls, from_parent_paths, pct) VALUES(2702,2658,2368,0,28,0);
INSERT INTO children(self_id, parent_id, from_parent_count, from_parent_calls, from_parent_paths, pct) VALUES(2703,2658,2368,0,28,0);
INSERT INTO children(self_id, parent_id, from_parent_count, from_parent_calls, from_parent_paths, pct) VALUES(2704,2658,2368,0,28,0);
INSERT INTO children(self_id, parent_id, from_parent_count, from_parent_calls, from_parent_paths, pct) VALUES(2705,2658,2368,0,28,0);
INSERT INTO children(self_id, parent_id, from_parent_count, from_parent_calls, from_parent_paths, pct) VALUES(2706,2658,2368,0,28,0);
INSERT INTO children(self_id, parent_id, from_parent_count, from_parent_calls, from_parent_paths, pct) VALUES(2707,2658,2368,0,28,0);
INSERT INTO children(self_id, parent_id, from_parent_count, from_parent_calls, from_parent_paths, pct) VALUES(2708,2658,2368,0,28,0);
INSERT INTO children(self_id, parent_id, from_parent_count, from_parent_calls, from_parent_paths, pct) VALUES(2709,2658,2368,0,28,0);
INSERT INTO children(self_id, parent_id, from_parent_count, from_parent_calls, from_parent_paths, pct) VALUES(2710,2658,2368,0,28,0);
INSERT INTO children(self_id, parent_id, from_parent_count, from_parent_calls, from_parent_paths, pct) VALUES(2711,2658,2368,0,28,0);
INSERT INTO children(self_id, parent_id, from_parent_count, from_parent_calls, from_parent_paths, pct) VALUES(2712,2658,2368,0,28,0);
INSERT INTO children(self_id, parent_id, from_parent_count, from_parent_calls, from_parent_paths, pct) VALUES(2713,2658,2368,0,28,0);
INSERT INTO children(self_id, parent_id, from_parent_count, from_parent_calls, from_parent_paths, pct) VALUES(2714,2658,2368,0,28,0);
INSERT INTO children(self_id, parent_id, from_parent_count, from_parent_calls, from_parent_paths, pct) VALUES(2715,2658,2368,0,28,0);
INSERT INTO children(self_id, parent_id, from_parent_count, from_parent_calls, from_parent_paths, pct) VALUES(2716,2658,2368,0,28,0);
INSERT INTO children(self_id, parent_id, from_parent_count, from_parent_calls, from_parent_paths, pct) VALUES(2717,2658,2368,0,28,0);
INSERT INTO children(self_id, parent_id, from_parent_count, from_parent_calls, from_parent_paths, pct) VALUES(2718,2658,2368,0,28,0);
INSERT INTO children(self_id, parent_id, from_parent_count, from_parent_calls, from_parent_paths, pct) VALUES(2719,2658,288,0,8,0);
INSERT INTO children(self_id, parent_id, from_parent_count, from_parent_calls, from_parent_paths, pct) VALUES(2720,2658,144,0,4,0);
INSERT INTO children(self_id, parent_id, from_parent_count, from_parent_calls, from_parent_paths, pct) VALUES(2721,2658,2248,0,28,0);
INSERT INTO children(self_id, parent_id, from_parent_count, from_parent_calls, from_parent_paths, pct) VALUES(2722,2658,2248,0,28,0);
INSERT INTO children(self_id, parent_id, from_parent_count, from_parent_calls, from_parent_paths, pct) VALUES(2723,2658,2248,0,28,0);
INSERT INTO children(self_id, parent_id, from_parent_count, from_parent_calls, from_parent_paths, pct) VALUES(2724,2658,2248,0,28,0);
INSERT INTO children(self_id, parent_id, from_parent_count, from_parent_calls, from_parent_paths, pct) VALUES(2725,2658,2248,0,28,0);
INSERT INTO children(self_id, parent_id, from_parent_count, from_parent_calls, from_parent_paths, pct) VALUES(2726,2658,2248,0,28,0);
INSERT INTO children(self_id, parent_id, from_parent_count, from_parent_calls, from_parent_paths, pct) VALUES(2727,2658,2248,0,28,0);
INSERT INTO children(self_id, parent_id, from_parent_count, from_parent_calls, from_parent_paths, pct) VALUES(2728,2658,2248,0,28,0);
INSERT INTO children(self_id, parent_id, from_parent_count, from_parent_calls, from_parent_paths, pct) VALUES(2729,2658,2248,0,28,0);
INSERT INTO children(self_id, parent_id, from_parent_count, from_parent_calls, from_parent_paths, pct) VALUES(2730,2658,2248,0,28,0);
INSERT INTO children(self_id, parent_id, from_parent_count, from_parent_calls, from_parent_paths, pct) VALUES(2731,2658,2248,0,28,0);
INSERT INTO children(self_id, parent_id, from_parent_count, from_parent_calls, from_parent_paths, pct) VALUES(2732,2658,2248,0,28,0);
INSERT INTO children(self_id, parent_id, from_parent_count, from_parent_calls, from_parent_paths, pct) VALUES(2733,2658,2248,0,28,0);
INSERT INTO children(self_id, parent_id, from_parent_count, from_parent_calls, from_parent_paths, pct) VALUES(2734,2658,2248,0,28,0);
INSERT INTO children(self_id, parent_id, from_parent_count, from_parent_calls, from_parent_paths, pct) VALUES(2735,2658,2248,0,28,0);
INSERT INTO children(self_id, parent_id, from_parent_count, from_parent_calls, from_parent_paths, pct) VALUES(2736,2658,2248,0,28,0);
INSERT INTO children(self_id, parent_id, from_parent_count, from_parent_calls, from_parent_paths, pct) VALUES(2737,2658,2248,0,28,0);
INSERT INTO children(self_id, parent_id, from_parent_count, from_parent_calls, from_parent_paths, pct) VALUES(2738,2658,2248,0,28,0);
INSERT INTO children(self_id, parent_id, from_parent_count, from_parent_calls, from_parent_paths, pct) VALUES(2739,2658,2248,0,28,0);
INSERT INTO children(self_id, parent_id, from_parent_count, from_parent_calls, from_parent_paths, pct) VALUES(2740,2658,2248,0,28,0);
INSERT INTO children(self_id, parent_id, from_parent_count, from_parent_calls, from_parent_paths, pct) VALUES(2741,2658,2248,0,28,0);
INSERT INTO children(self_id, parent_id, from_parent_count, from_parent_calls, from_parent_paths, pct) VALUES(2742,2658,2248,0,28,0);
INSERT INTO children(self_id, parent_id, from_parent_count, from_parent_calls, from_parent_paths, pct) VALUES(2743,2658,2248,0,28,0);
INSERT INTO children(self_id, parent_id, from_parent_count, from_parent_calls, from_parent_paths, pct) VALUES(2744,2658,2248,0,28,0);
INSERT INTO children(self_id, parent_id, from_parent_count, from_parent_calls, from_parent_paths, pct) VALUES(2745,2658,2248,0,28,0);
INSERT INTO children(self_id, parent_id, from_parent_count, from_parent_calls, from_parent_paths, pct) VALUES(2746,2658,2248,0,28,0);
INSERT INTO children(self_id, parent_id, from_parent_count, from_parent_calls, from_parent_paths, pct) VALUES(2747,2658,2248,0,28,0);
INSERT INTO children(self_id, parent_id, from_parent_count, from_parent_calls, from_parent_paths, pct) VALUES(2748,2658,2248,0,28,0);
INSERT INTO children(self_id, parent_id, from_parent_count, from_parent_calls, from_parent_paths, pct) VALUES(2749,2658,2248,0,28,0);
INSERT INTO children(self_id, parent_id, from_parent_count, from_parent_calls, from_parent_paths, pct) VALUES(2750,2658,2248,0,28,0);
INSERT INTO children(self_id, parent_id, from_parent_count, from_parent_calls, from_parent_paths, pct) VALUES(2751,2658,2248,0,28,0);
INSERT INTO children(self_id, parent_id, from_parent_count, from_parent_calls, from_parent_paths, pct) VALUES(2752,2658,2248,0,28,0);
INSERT INTO children(self_id, parent_id, from_parent_count, from_parent_calls, from_parent_paths, pct) VALUES(2753,2658,2248,0,28,0);
INSERT INTO children(self_id, parent_id, from_parent_count, from_parent_calls, from_parent_paths, pct) VALUES(2754,2658,2248,0,28,0);
INSERT INTO children(self_id, parent_id, from_parent_count, from_parent_calls, from_parent_paths, pct) VALUES(2755,2658,2248,0,28,0);
INSERT INTO children(self_id, parent_id, from_parent_count, from_parent_calls, from_parent_paths, pct) VALUES(2756,2658,2248,0,28,0);
INSERT INTO children(self_id, parent_id, from_parent_count, from_parent_calls, from_parent_paths, pct) VALUES(2757,2658,2248,0,28,0);
INSERT INTO children(self_id, parent_id, from_parent_count, from_parent_calls, from_parent_paths, pct) VALUES(2758,2658,2248,0,28,0);
INSERT INTO children(self_id, parent_id, from_parent_count, from_parent_calls, from_parent_paths, pct) VALUES(2759,2658,2248,0,28,0);
INSERT INTO children(self_id, parent_id, from_parent_count, from_parent_calls, from_parent_paths, pct) VALUES(2760,2658,2248,0,28,0);
INSERT INTO children(self_id, parent_id, from_parent_count, from_parent_calls, from_parent_paths, pct) VALUES(2761,2658,2248,0,28,0);
INSERT INTO children(self_id, parent_id, from_parent_count, from_parent_calls, from_parent_paths, pct) VALUES(2762,2658,2248,0,28,0);
INSERT INTO children(self_id, parent_id, from_parent_count, from_parent_calls, from_parent_paths, pct) VALUES(2763,2658,2248,0,28,0);
INSERT INTO children(self_id, parent_id, from_parent_count, from_parent_calls, from_parent_paths, pct) VALUES(2764,2658,2248,0,28,0);
INSERT INTO children(self_id, parent_id, from_parent_count, from_parent_calls, from_parent_paths, pct) VALUES(2765,2658,2248,0,28,0);
INSERT INTO children(self_id, parent_id, from_parent_count, from_parent_calls, from_parent_paths, pct) VALUES(2766,2658,2248,0,28,0);
INSERT INTO children(self_id, parent_id, from_parent_count, from_parent_calls, from_parent_paths, pct) VALUES(2767,2658,2248,0,28,0);
INSERT INTO children(self_id, parent_id, from_parent_count, from_parent_calls, from_parent_paths, pct) VALUES(2768,2658,2248,0,28,0);
INSERT INTO children(self_id, parent_id, from_parent_count, from_parent_calls, from_parent_paths, pct) VALUES(2769,2658,2248,0,28,0);
INSERT INTO children(self_id, parent_id, from_parent_count, from_parent_calls, from_parent_paths, pct) VALUES(2770,2658,2248,0,28,0);
INSERT INTO children(self_id, parent_id, from_parent_count, from_parent_calls, from_parent_paths, pct) VALUES(2771,2658,2248,0,28,0);
INSERT INTO children(self_id, parent_id, from_parent_count, from_parent_calls, from_parent_paths, pct) VALUES(2772,2658,2248,0,28,0);
INSERT INTO children(self_id, parent_id, from_parent_count, from_parent_calls, from_parent_paths, pct) VALUES(2773,2658,2248,0,28,0);
INSERT INTO children(self_id, parent_id, from_parent_count, from_parent_calls, from_parent_paths, pct) VALUES(2774,2658,2248,0,28,0);
INSERT INTO children(self_id, parent_id, from_parent_count, from_parent_calls, from_parent_paths, pct) VALUES(2775,2658,2248,0,28,0);
INSERT INTO children(self_id, parent_id, from_parent_count, from_parent_calls, from_parent_paths, pct) VALUES(2776,2658,2248,0,28,0);
INSERT INTO children(self_id, parent_id, from_parent_count, from_parent_calls, from_parent_paths, pct) VALUES(2777,2658,2248,0,28,0);
INSERT INTO children(self_id, parent_id, from_parent_count, from_parent_calls, from_parent_paths, pct) VALUES(2778,2658,288,0,8,0);
INSERT INTO children(self_id, parent_id, from_parent_count, from_parent_calls, from_parent_paths, pct) VALUES(2779,2658,144,0,4,0);
INSERT INTO children(self_id, parent_id, from_parent_count, from_parent_calls, from_parent_paths, pct) VALUES(2780,2658,2248,0,28,0);
INSERT INTO children(self_id, parent_id, from_parent_count, from_parent_calls, from_parent_paths, pct) VALUES(2781,2658,2248,0,28,0);
INSERT INTO children(self_id, parent_id, from_parent_count, from_parent_calls, from_parent_paths, pct) VALUES(2782,2658,2248,0,28,0);
INSERT INTO children(self_id, parent_id, from_parent_count, from_parent_calls, from_parent_paths, pct) VALUES(2783,2658,2248,0,28,0);
INSERT INTO children(self_id, parent_id, from_parent_count, from_parent_calls, from_parent_paths, pct) VALUES(2784,2658,2248,0,28,0);
INSERT INTO children(self_id, parent_id, from_parent_count, from_parent_calls, from_parent_paths, pct) VALUES(2785,2658,2248,0,28,0);
INSERT INTO children(self_id, parent_id, from_parent_count, from_parent_calls, from_parent_paths, pct) VALUES(2786,2658,2248,0,28,0);
INSERT INTO children(self_id, parent_id, from_parent_count, from_parent_calls, from_parent_paths, pct) VALUES(2787,2658,2248,0,28,0);
INSERT INTO children(self_id, parent_id, from_parent_count, from_parent_calls, from_parent_paths, pct) VALUES(2788,2658,2248,0,28,0);
INSERT INTO children(self_id, parent_id, from_parent_count, from_parent_calls, from_parent_paths, pct) VALUES(2789,2658,2248,0,28,0);
INSERT INTO children(self_id, parent_id, from_parent_count, from_parent_calls, from_parent_paths, pct) VALUES(2790,2658,2248,0,28,0);
INSERT INTO children(self_id, parent_id, from_parent_count, from_parent_calls, from_parent_paths, pct) VALUES(2791,2658,2248,0,28,0);
INSERT INTO children(self_id, parent_id, from_parent_count, from_parent_calls, from_parent_paths, pct) VALUES(2792,2658,2248,0,28,0);
INSERT INTO children(self_id, parent_id, from_parent_count, from_parent_calls, from_parent_paths, pct) VALUES(2793,2658,2248,0,28,0);
INSERT INTO children(self_id, parent_id, from_parent_count, from_parent_calls, from_parent_paths, pct) VALUES(2794,2658,2248,0,28,0);
INSERT INTO children(self_id, parent_id, from_parent_count, from_parent_calls, from_parent_paths, pct) VALUES(2795,2658,2248,0,28,0);
INSERT INTO children(self_id, parent_id, from_parent_count, from_parent_calls, from_parent_paths, pct) VALUES(2796,2658,2248,0,28,0);
INSERT INTO children(self_id, parent_id, from_parent_count, from_parent_calls, from_parent_paths, pct) VALUES(2797,2658,2248,0,28,0);
INSERT INTO children(self_id, parent_id, from_parent_count, from_parent_calls, from_parent_paths, pct) VALUES(2798,2658,2248,0,28,0);
INSERT INTO children(self_id, parent_id, from_parent_count, from_parent_calls, from_parent_paths, pct) VALUES(2799,2658,2248,0,28,0);
INSERT INTO children(self_id, parent_id, from_parent_count, from_parent_calls, from_parent_paths, pct) VALUES(2800,2658,2248,0,28,0);
INSERT INTO children(self_id, parent_id, from_parent_count, from_parent_calls, from_parent_paths, pct) VALUES(2801,2658,2248,0,28,0);
INSERT INTO children(self_id, parent_id, from_parent_count, from_parent_calls, from_parent_paths, pct) VALUES(2802,2658,2248,0,28,0);
INSERT INTO children(self_id, parent_id, from_parent_count, from_parent_calls, from_parent_paths, pct) VALUES(2803,2658,2248,0,28,0);
INSERT INTO children(self_id, parent_id, from_parent_count, from_parent_calls, from_parent_paths, pct) VALUES(2804,2658,2248,0,28,0);
INSERT INTO children(self_id, parent_id, from_parent_count, from_parent_calls, from_parent_paths, pct) VALUES(2805,2658,2248,0,28,0);
INSERT INTO children(self_id, parent_id, from_parent_count, from_parent_calls, from_parent_paths, pct) VALUES(2806,2658,2248,0,28,0);
INSERT INTO children(self_id, parent_id, from_parent_count, from_parent_calls, from_parent_paths, pct) VALUES(2807,2658,2248,0,28,0);
INSERT INTO children(self_id, parent_id, from_parent_count, from_parent_calls, from_parent_paths, pct) VALUES(2808,2658,2248,0,28,0);
INSERT INTO children(self_id, parent_id, from_parent_count, from_parent_calls, from_parent_paths, pct) VALUES(2809,2658,2248,0,28,0);
INSERT INTO children(self_id, parent_id, from_parent_count, from_parent_calls, from_parent_paths, pct) VALUES(2810,2658,2248,0,28,0);
INSERT INTO children(self_id, parent_id, from_parent_count, from_parent_calls, from_parent_paths, pct) VALUES(2811,2658,2248,0,28,0);
INSERT INTO children(self_id, parent_id, from_parent_count, from_parent_calls, from_parent_paths, pct) VALUES(2812,2658,2248,0,28,0);
INSERT INTO children(self_id, parent_id, from_parent_count, from_parent_calls, from_parent_paths, pct) VALUES(2813,2658,2248,0,28,0);
INSERT INTO children(self_id, parent_id, from_parent_count, from_parent_calls, from_parent_paths, pct) VALUES(2814,2658,2248,0,28,0);
INSERT INTO children(self_id, parent_id, from_parent_count, from_parent_calls, from_parent_paths, pct) VALUES(2815,2658,2248,0,28,0);
INSERT INTO children(self_id, parent_id, from_parent_count, from_parent_calls, from_parent_paths, pct) VALUES(2816,2658,2248,0,28,0);
INSERT INTO children(self_id, parent_id, from_parent_count, from_parent_calls, from_parent_paths, pct) VALUES(2817,2658,2248,0,28,0);
INSERT INTO children(self_id, parent_id, from_parent_count, from_parent_calls, from_parent_paths, pct) VALUES(2818,2658,2248,0,28,0);
INSERT INTO children(self_id, parent_id, from_parent_count, from_parent_calls, from_parent_paths, pct) VALUES(2819,2658,2248,0,28,0);
INSERT INTO children(self_id, parent_id, from_parent_count, from_parent_calls, from_parent_paths, pct) VALUES(2820,2658,2248,0,28,0);
INSERT INTO children(self_id, parent_id, from_parent_count, from_parent_calls, from_parent_paths, pct) VALUES(2821,2658,2248,0,28,0);
INSERT INTO children(self_id, parent_id, from_parent_count, from_parent_calls, from_parent_paths, pct) VALUES(2822,2658,2248,0,28,0);
INSERT INTO children(self_id, parent_id, from_parent_count, from_parent_calls, from_parent_paths, pct) VALUES(2823,2658,2248,0,28,0);
INSERT INTO children(self_id, parent_id, from_parent_count, from_parent_calls, from_parent_paths, pct) VALUES(2824,2658,2248,0,28,0);
INSERT INTO children(self_id, parent_id, from_parent_count, from_parent_calls, from_parent_paths, pct) VALUES(2825,2658,2248,0,28,0);
INSERT INTO children(self_id, parent_id, from_parent_count, from_parent_calls, from_parent_paths, pct) VALUES(2826,2658,2248,0,28,0);
INSERT INTO children(self_id, parent_id, from_parent_count, from_parent_calls, from_parent_paths, pct) VALUES(2827,2658,2248,0,28,0);
INSERT INTO children(self_id, parent_id, from_parent_count, from_parent_calls, from_parent_paths, pct) VALUES(2828,2658,2248,0,28,0);
INSERT INTO children(self_id, parent_id, from_parent_count, from_parent_calls, from_parent_paths, pct) VALUES(2829,2658,2248,0,28,0);
INSERT INTO children(self_id, parent_id, from_parent_count, from_parent_calls, from_parent_paths, pct) VALUES(2830,2658,2248,0,28,0);
INSERT INTO children(self_id, parent_id, from_parent_count, from_parent_calls, from_parent_paths, pct) VALUES(2831,2658,2248,0,28,0);
INSERT INTO children(self_id, parent_id, from_parent_count, from_parent_calls, from_parent_paths, pct) VALUES(2832,2658,2248,0,28,0);
INSERT INTO children(self_id, parent_id, from_parent_count, from_parent_calls, from_parent_paths, pct) VALUES(2833,2658,2248,0,28,0);
INSERT INTO children(self_id, parent_id, from_parent_count, from_parent_calls, from_parent_paths, pct) VALUES(2834,2658,2248,0,28,0);
INSERT INTO children(self_id, parent_id, from_parent_count, from_parent_calls, from_parent_paths, pct) VALUES(2835,2658,2248,0,28,0);
INSERT INTO children(self_id, parent_id, from_parent_count, from_parent_calls, from_parent_paths, pct) VALUES(2836,2658,2248,0,28,0);
INSERT INTO mainrows(id, symbol_id, self_count, cumulative_count, kids, self_calls, total_calls, self_paths, total_paths, pct) VALUES(2837, 2837, 3297504, 3297504, 4, 728207, 787776, 387, 387, 0.0);
INSERT INTO mainrows(id, symbol_id, self_count, cumulative_count, kids, self_calls, total_calls, self_paths, total_paths, pct) VALUES(2838, 2838, 3226096, 3226096, 1, 717098, 769924, 236, 236, 0.0);
INSERT INTO mainrows(id, symbol_id, self_count, cumulative_count, kids, self_calls, total_calls, self_paths, total_paths, pct) VALUES(2839, 2839, 3226096, 3226096, 5, 717098, 769924, 236, 236, 0.0);
INSERT INTO mainrows(id, symbol_id, self_count, cumulative_count, kids, self_calls, total_calls, self_paths, total_paths, pct) VALUES(2840, 2840, 2047896, 2047896, 1, 481907, 499774, 84, 84, 0.0);
INSERT INTO mainrows(id, symbol_id, self_count, cumulative_count, kids, self_calls, total_calls, self_paths, total_paths, pct) VALUES(2841, 2841, 2047896, 2047896, 0, 481907, 499774, 84, 84, 0.0);
INSERT INTO mainrows(id, symbol_id, self_count, cumulative_count, kids, self_calls, total_calls, self_paths, total_paths, pct) VALUES(2842, 2842, 575896, 575896, 1, 117321, 131774, 68, 68, 0.0);
INSERT INTO mainrows(id, symbol_id, self_count, cumulative_count, kids, self_calls, total_calls, self_paths, total_paths, pct) VALUES(2843, 2843, 575896, 575896, 0, 117321, 131774, 68, 68, 0.0);
INSERT INTO mainrows(id, symbol_id, self_count, cumulative_count, kids, self_calls, total_calls, self_paths, total_paths, pct) VALUES(2844, 2844, 16824, 16824, 0, 1476, 4206, 12, 12, 0.0);
INSERT INTO mainrows(id, symbol_id, self_count, cumulative_count, kids, self_calls, total_calls, self_paths, total_paths, pct) VALUES(2845, 2845, 575896, 575896, 1, 116394, 131774, 68, 68, 0.0);
INSERT INTO mainrows(id, symbol_id, self_count, cumulative_count, kids, self_calls, total_calls, self_paths, total_paths, pct) VALUES(2846, 2846, 575896, 575896, 0, 116394, 131774, 68, 68, 0.0);
INSERT INTO mainrows(id, symbol_id, self_count, cumulative_count, kids, self_calls, total_calls, self_paths, total_paths, pct) VALUES(2847, 2847, 9584, 9584, 0, 0, 2396, 4, 4, 0.0);
INSERT INTO mainrows(id, symbol_id, self_count, cumulative_count, kids, self_calls, total_calls, self_paths, total_paths, pct) VALUES(2848, 2848, 18384, 18384, 2, 1018, 4596, 79, 79, 0.0);
INSERT INTO mainrows(id, symbol_id, self_count, cumulative_count, kids, self_calls, total_calls, self_paths, total_paths, pct) VALUES(2849, 2849, 8656, 8656, 0, 521, 2164, 40, 40, 0.0);
INSERT INTO mainrows(id, symbol_id, self_count, cumulative_count, kids, self_calls, total_calls, self_paths, total_paths, pct) VALUES(2850, 2850, 9728, 9728, 0, 497, 2432, 39, 39, 0.0);
INSERT INTO mainrows(id, symbol_id, self_count, cumulative_count, kids, self_calls, total_calls, self_paths, total_paths, pct) VALUES(2851, 2851, 51000, 51000, 2, 9776, 12750, 66, 66, 0.0);
INSERT INTO mainrows(id, symbol_id, self_count, cumulative_count, kids, self_calls, total_calls, self_paths, total_paths, pct) VALUES(2852, 2852, 39200, 39200, 4, 9731, 9800, 58, 58, 0.0);
INSERT INTO mainrows(id, symbol_id, self_count, cumulative_count, kids, self_calls, total_calls, self_paths, total_paths, pct) VALUES(2853, 2853, 18400, 18400, 2, 4554, 4600, 26, 26, 0.0);
INSERT INTO mainrows(id, symbol_id, self_count, cumulative_count, kids, self_calls, total_calls, self_paths, total_paths, pct) VALUES(2854, 2854, 9200, 9200, 9, 2279, 2300, 13, 13, 0.0);
INSERT INTO mainrows(id, symbol_id, self_count, cumulative_count, kids, self_calls, total_calls, self_paths, total_paths, pct) VALUES(2855, 2855, 800, 800, 0, 198, 200, 1, 1, 0.0);
INSERT INTO mainrows(id, symbol_id, self_count, cumulative_count, kids, self_calls, total_calls, self_paths, total_paths, pct) VALUES(2856, 2856, 800, 800, 0, 198, 200, 1, 1, 0.0);
INSERT INTO mainrows(id, symbol_id, self_count, cumulative_count, kids, self_calls, total_calls, self_paths, total_paths, pct) VALUES(2857, 2857, 800, 800, 0, 197, 200, 1, 1, 0.0);
INSERT INTO mainrows(id, symbol_id, self_count, cumulative_count, kids, self_calls, total_calls, self_paths, total_paths, pct) VALUES(2858, 2858, 800, 800, 0, 198, 200, 1, 1, 0.0);
INSERT INTO mainrows(id, symbol_id, self_count, cumulative_count, kids, self_calls, total_calls, self_paths, total_paths, pct) VALUES(2859, 2859, 800, 800, 0, 198, 200, 1, 1, 0.0);
INSERT INTO mainrows(id, symbol_id, self_count, cumulative_count, kids, self_calls, total_calls, self_paths, total_paths, pct) VALUES(2860, 2860, 800, 800, 0, 198, 200, 1, 1, 0.0);
INSERT INTO mainrows(id, symbol_id, self_count, cumulative_count, kids, self_calls, total_calls, self_paths, total_paths, pct) VALUES(2861, 2861, 800, 800, 0, 198, 200, 1, 1, 0.0);
INSERT INTO mainrows(id, symbol_id, self_count, cumulative_count, kids, self_calls, total_calls, self_paths, total_paths, pct) VALUES(2862, 2862, 800, 800, 0, 198, 200, 1, 1, 0.0);
INSERT INTO mainrows(id, symbol_id, self_count, cumulative_count, kids, self_calls, total_calls, self_paths, total_paths, pct) VALUES(2863, 2863, 800, 800, 0, 198, 200, 1, 1, 0.0);
INSERT INTO mainrows(id, symbol_id, self_count, cumulative_count, kids, self_calls, total_calls, self_paths, total_paths, pct) VALUES(2864, 2864, 9200, 9200, 9, 2275, 2300, 13, 13, 0.0);
INSERT INTO mainrows(id, symbol_id, self_count, cumulative_count, kids, self_calls, total_calls, self_paths, total_paths, pct) VALUES(2865, 2865, 800, 800, 0, 197, 200, 1, 1, 0.0);
INSERT INTO mainrows(id, symbol_id, self_count, cumulative_count, kids, self_calls, total_calls, self_paths, total_paths, pct) VALUES(2866, 2866, 800, 800, 0, 198, 200, 1, 1, 0.0);
INSERT INTO mainrows(id, symbol_id, self_count, cumulative_count, kids, self_calls, total_calls, self_paths, total_paths, pct) VALUES(2867, 2867, 800, 800, 0, 198, 200, 1, 1, 0.0);
INSERT INTO mainrows(id, symbol_id, self_count, cumulative_count, kids, self_calls, total_calls, self_paths, total_paths, pct) VALUES(2868, 2868, 800, 800, 0, 198, 200, 1, 1, 0.0);
INSERT INTO mainrows(id, symbol_id, self_count, cumulative_count, kids, self_calls, total_calls, self_paths, total_paths, pct) VALUES(2869, 2869, 800, 800, 0, 197, 200, 1, 1, 0.0);
INSERT INTO mainrows(id, symbol_id, self_count, cumulative_count, kids, self_calls, total_calls, self_paths, total_paths, pct) VALUES(2870, 2870, 800, 800, 0, 197, 200, 1, 1, 0.0);
INSERT INTO mainrows(id, symbol_id, self_count, cumulative_count, kids, self_calls, total_calls, self_paths, total_paths, pct) VALUES(2871, 2871, 800, 800, 0, 198, 200, 1, 1, 0.0);
INSERT INTO mainrows(id, symbol_id, self_count, cumulative_count, kids, self_calls, total_calls, self_paths, total_paths, pct) VALUES(2872, 2872, 800, 800, 0, 197, 200, 1, 1, 0.0);
INSERT INTO mainrows(id, symbol_id, self_count, cumulative_count, kids, self_calls, total_calls, self_paths, total_paths, pct) VALUES(2873, 2873, 800, 800, 0, 197, 200, 1, 1, 0.0);
INSERT INTO mainrows(id, symbol_id, self_count, cumulative_count, kids, self_calls, total_calls, self_paths, total_paths, pct) VALUES(2874, 2874, 5200, 5200, 4, 1300, 1300, 8, 8, 0.0);
INSERT INTO mainrows(id, symbol_id, self_count, cumulative_count, kids, self_calls, total_calls, self_paths, total_paths, pct) VALUES(2875, 2875, 800, 800, 0, 200, 200, 1, 1, 0.0);
INSERT INTO mainrows(id, symbol_id, self_count, cumulative_count, kids, self_calls, total_calls, self_paths, total_paths, pct) VALUES(2876, 2876, 800, 800, 0, 200, 200, 1, 1, 0.0);
INSERT INTO mainrows(id, symbol_id, self_count, cumulative_count, kids, self_calls, total_calls, self_paths, total_paths, pct) VALUES(2877, 2877, 800, 800, 0, 200, 200, 1, 1, 0.0);
INSERT INTO mainrows(id, symbol_id, self_count, cumulative_count, kids, self_calls, total_calls, self_paths, total_paths, pct) VALUES(2878, 2878, 800, 800, 0, 200, 200, 1, 1, 0.0);
INSERT INTO mainrows(id, symbol_id, self_count, cumulative_count, kids, self_calls, total_calls, self_paths, total_paths, pct) VALUES(2879, 2879, 8800, 8800, 2, 2177, 2200, 14, 14, 0.0);
INSERT INTO mainrows(id, symbol_id, self_count, cumulative_count, kids, self_calls, total_calls, self_paths, total_paths, pct) VALUES(2880, 2880, 4400, 4400, 3, 1089, 1100, 7, 7, 0.0);
INSERT INTO mainrows(id, symbol_id, self_count, cumulative_count, kids, self_calls, total_calls, self_paths, total_paths, pct) VALUES(2881, 2881, 800, 800, 0, 198, 200, 1, 1, 0.0);
INSERT INTO mainrows(id, symbol_id, self_count, cumulative_count, kids, self_calls, total_calls, self_paths, total_paths, pct) VALUES(2882, 2882, 800, 800, 0, 197, 200, 1, 1, 0.0);
INSERT INTO mainrows(id, symbol_id, self_count, cumulative_count, kids, self_calls, total_calls, self_paths, total_paths, pct) VALUES(2883, 2883, 800, 800, 0, 197, 200, 1, 1, 0.0);
INSERT INTO mainrows(id, symbol_id, self_count, cumulative_count, kids, self_calls, total_calls, self_paths, total_paths, pct) VALUES(2884, 2884, 4400, 4400, 3, 1088, 1100, 7, 7, 0.0);
INSERT INTO mainrows(id, symbol_id, self_count, cumulative_count, kids, self_calls, total_calls, self_paths, total_paths, pct) VALUES(2885, 2885, 800, 800, 0, 197, 200, 1, 1, 0.0);
INSERT INTO mainrows(id, symbol_id, self_count, cumulative_count, kids, self_calls, total_calls, self_paths, total_paths, pct) VALUES(2886, 2886, 800, 800, 0, 197, 200, 1, 1, 0.0);
INSERT INTO mainrows(id, symbol_id, self_count, cumulative_count, kids, self_calls, total_calls, self_paths, total_paths, pct) VALUES(2887, 2887, 800, 800, 0, 197, 200, 1, 1, 0.0);
INSERT INTO mainrows(id, symbol_id, self_count, cumulative_count, kids, self_calls, total_calls, self_paths, total_paths, pct) VALUES(2888, 2888, 6800, 6800, 6, 1700, 1700, 10, 10, 0.0);
INSERT INTO mainrows(id, symbol_id, self_count, cumulative_count, kids, self_calls, total_calls, self_paths, total_paths, pct) VALUES(2889, 2889, 800, 800, 0, 200, 200, 1, 1, 0.0);
INSERT INTO mainrows(id, symbol_id, self_count, cumulative_count, kids, self_calls, total_calls, self_paths, total_paths, pct) VALUES(2890, 2890, 800, 800, 0, 200, 200, 1, 1, 0.0);
INSERT INTO mainrows(id, symbol_id, self_count, cumulative_count, kids, self_calls, total_calls, self_paths, total_paths, pct) VALUES(2891, 2891, 800, 800, 0, 200, 200, 1, 1, 0.0);
INSERT INTO mainrows(id, symbol_id, self_count, cumulative_count, kids, self_calls, total_calls, self_paths, total_paths, pct) VALUES(2892, 2892, 800, 800, 0, 200, 200, 1, 1, 0.0);
INSERT INTO mainrows(id, symbol_id, self_count, cumulative_count, kids, self_calls, total_calls, self_paths, total_paths, pct) VALUES(2893, 2893, 800, 800, 0, 200, 200, 1, 1, 0.0);
INSERT INTO mainrows(id, symbol_id, self_count, cumulative_count, kids, self_calls, total_calls, self_paths, total_paths, pct) VALUES(2894, 2894, 800, 800, 0, 200, 200, 1, 1, 0.0);
INSERT INTO mainrows(id, symbol_id, self_count, cumulative_count, kids, self_calls, total_calls, self_paths, total_paths, pct) VALUES(2895, 2895, 11800, 11800, 1, 45, 2950, 8, 8, 0.0);
INSERT INTO mainrows(id, symbol_id, self_count, cumulative_count, kids, self_calls, total_calls, self_paths, total_paths, pct) VALUES(2896, 2896, 11800, 11800, 0, 45, 2950, 8, 8, 0.0);
INSERT INTO mainrows(id, symbol_id, self_count, cumulative_count, kids, self_calls, total_calls, self_paths, total_paths, pct) VALUES(2897, 2897, 2024, 2024, 1, 315, 506, 6, 6, 0.0);
INSERT INTO mainrows(id, symbol_id, self_count, cumulative_count, kids, self_calls, total_calls, self_paths, total_paths, pct) VALUES(2898, 2898, 2024, 2024, 2, 315, 506, 6, 6, 0.0);
INSERT INTO mainrows(id, symbol_id, self_count, cumulative_count, kids, self_calls, total_calls, self_paths, total_paths, pct) VALUES(2899, 2899, 1864, 1864, 0, 284, 466, 5, 5, 0.0);
INSERT INTO mainrows(id, symbol_id, self_count, cumulative_count, kids, self_calls, total_calls, self_paths, total_paths, pct) VALUES(2900, 2900, 160, 160, 0, 31, 40, 1, 1, 0.0);
INSERT INTO parents(self_id, child_id, to_child_count, to_child_calls, to_child_paths, pct) VALUES(10,2837,0,0,0,0);
INSERT INTO parents(self_id, child_id, to_child_count, to_child_calls, to_child_paths, pct) VALUES(2837,2838,0,0,0,0);
INSERT INTO parents(self_id, child_id, to_child_count, to_child_calls, to_child_paths, pct) VALUES(2838,2839,0,0,0,0);
INSERT INTO parents(self_id, child_id, to_child_count, to_child_calls, to_child_paths, pct) VALUES(2839,2840,0,0,0,0);
INSERT INTO parents(self_id, child_id, to_child_count, to_child_calls, to_child_paths, pct) VALUES(2840,2841,2047896,499774,84,0);
INSERT INTO parents(self_id, child_id, to_child_count, to_child_calls, to_child_paths, pct) VALUES(2839,2842,0,0,0,0);
INSERT INTO parents(self_id, child_id, to_child_count, to_child_calls, to_child_paths, pct) VALUES(2842,2843,575896,131774,68,0);
INSERT INTO parents(self_id, child_id, to_child_count, to_child_calls, to_child_paths, pct) VALUES(2839,2844,16824,4206,12,0);
INSERT INTO parents(self_id, child_id, to_child_count, to_child_calls, to_child_paths, pct) VALUES(2839,2845,0,0,0,0);
INSERT INTO parents(self_id, child_id, to_child_count, to_child_calls, to_child_paths, pct) VALUES(2845,2846,575896,131774,68,0);
INSERT INTO parents(self_id, child_id, to_child_count, to_child_calls, to_child_paths, pct) VALUES(2839,2847,9584,2396,4,0);
INSERT INTO parents(self_id, child_id, to_child_count, to_child_calls, to_child_paths, pct) VALUES(2837,2848,0,0,0,0);
INSERT INTO parents(self_id, child_id, to_child_count, to_child_calls, to_child_paths, pct) VALUES(2848,2849,8656,2164,40,0);
INSERT INTO parents(self_id, child_id, to_child_count, to_child_calls, to_child_paths, pct) VALUES(2848,2850,9728,2432,39,0);
INSERT INTO parents(self_id, child_id, to_child_count, to_child_calls, to_child_paths, pct) VALUES(2837,2851,0,0,0,0);
INSERT INTO parents(self_id, child_id, to_child_count, to_child_calls, to_child_paths, pct) VALUES(2851,2852,0,0,0,0);
INSERT INTO parents(self_id, child_id, to_child_count, to_child_calls, to_child_paths, pct) VALUES(2852,2853,0,0,0,0);
INSERT INTO parents(self_id, child_id, to_child_count, to_child_calls, to_child_paths, pct) VALUES(2853,2854,2000,500,4,0);
INSERT INTO parents(self_id, child_id, to_child_count, to_child_calls, to_child_paths, pct) VALUES(2854,2855,800,200,1,0);
INSERT INTO parents(self_id, child_id, to_child_count, to_child_calls, to_child_paths, pct) VALUES(2854,2856,800,200,1,0);
INSERT INTO parents(self_id, child_id, to_child_count, to_child_calls, to_child_paths, pct) VALUES(2854,2857,800,200,1,0);
INSERT INTO parents(self_id, child_id, to_child_count, to_child_calls, to_child_paths, pct) VALUES(2854,2858,800,200,1,0);
INSERT INTO parents(self_id, child_id, to_child_count, to_child_calls, to_child_paths, pct) VALUES(2854,2859,800,200,1,0);
INSERT INTO parents(self_id, child_id, to_child_count, to_child_calls, to_child_paths, pct) VALUES(2854,2860,800,200,1,0);
INSERT INTO parents(self_id, child_id, to_child_count, to_child_calls, to_child_paths, pct) VALUES(2854,2861,800,200,1,0);
INSERT INTO parents(self_id, child_id, to_child_count, to_child_calls, to_child_paths, pct) VALUES(2854,2862,800,200,1,0);
INSERT INTO parents(self_id, child_id, to_child_count, to_child_calls, to_child_paths, pct) VALUES(2854,2863,800,200,1,0);
INSERT INTO parents(self_id, child_id, to_child_count, to_child_calls, to_child_paths, pct) VALUES(2853,2864,2000,500,4,0);
INSERT INTO parents(self_id, child_id, to_child_count, to_child_calls, to_child_paths, pct) VALUES(2864,2865,800,200,1,0);
INSERT INTO parents(self_id, child_id, to_child_count, to_child_calls, to_child_paths, pct) VALUES(2864,2866,800,200,1,0);
INSERT INTO parents(self_id, child_id, to_child_count, to_child_calls, to_child_paths, pct) VALUES(2864,2867,800,200,1,0);
INSERT INTO parents(self_id, child_id, to_child_count, to_child_calls, to_child_paths, pct) VALUES(2864,2868,800,200,1,0);
INSERT INTO parents(self_id, child_id, to_child_count, to_child_calls, to_child_paths, pct) VALUES(2864,2869,800,200,1,0);
INSERT INTO parents(self_id, child_id, to_child_count, to_child_calls, to_child_paths, pct) VALUES(2864,2870,800,200,1,0);
INSERT INTO parents(self_id, child_id, to_child_count, to_child_calls, to_child_paths, pct) VALUES(2864,2871,800,200,1,0);
INSERT INTO parents(self_id, child_id, to_child_count, to_child_calls, to_child_paths, pct) VALUES(2864,2872,800,200,1,0);
INSERT INTO parents(self_id, child_id, to_child_count, to_child_calls, to_child_paths, pct) VALUES(2864,2873,800,200,1,0);
INSERT INTO parents(self_id, child_id, to_child_count, to_child_calls, to_child_paths, pct) VALUES(2852,2874,2000,500,4,0);
INSERT INTO parents(self_id, child_id, to_child_count, to_child_calls, to_child_paths, pct) VALUES(2874,2875,800,200,1,0);
INSERT INTO parents(self_id, child_id, to_child_count, to_child_calls, to_child_paths, pct) VALUES(2874,2876,800,200,1,0);
INSERT INTO parents(self_id, child_id, to_child_count, to_child_calls, to_child_paths, pct) VALUES(2874,2877,800,200,1,0);
INSERT INTO parents(self_id, child_id, to_child_count, to_child_calls, to_child_paths, pct) VALUES(2874,2878,800,200,1,0);
INSERT INTO parents(self_id, child_id, to_child_count, to_child_calls, to_child_paths, pct) VALUES(2852,2879,0,0,0,0);
INSERT INTO parents(self_id, child_id, to_child_count, to_child_calls, to_child_paths, pct) VALUES(2879,2880,2000,500,4,0);
INSERT INTO parents(self_id, child_id, to_child_count, to_child_calls, to_child_paths, pct) VALUES(2880,2881,800,200,1,0);
INSERT INTO parents(self_id, child_id, to_child_count, to_child_calls, to_child_paths, pct) VALUES(2880,2882,800,200,1,0);
INSERT INTO parents(self_id, child_id, to_child_count, to_child_calls, to_child_paths, pct) VALUES(2880,2883,800,200,1,0);
INSERT INTO parents(self_id, child_id, to_child_count, to_child_calls, to_child_paths, pct) VALUES(2879,2884,2000,500,4,0);
INSERT INTO parents(self_id, child_id, to_child_count, to_child_calls, to_child_paths, pct) VALUES(2884,2885,800,200,1,0);
INSERT INTO parents(self_id, child_id, to_child_count, to_child_calls, to_child_paths, pct) VALUES(2884,2886,800,200,1,0);
INSERT INTO parents(self_id, child_id, to_child_count, to_child_calls, to_child_paths, pct) VALUES(2884,2887,800,200,1,0);
INSERT INTO parents(self_id, child_id, to_child_count, to_child_calls, to_child_paths, pct) VALUES(2852,2888,2000,500,4,0);
INSERT INTO parents(self_id, child_id, to_child_count, to_child_calls, to_child_paths, pct) VALUES(2888,2889,800,200,1,0);
INSERT INTO parents(self_id, child_id, to_child_count, to_child_calls, to_child_paths, pct) VALUES(2888,2890,800,200,1,0);
INSERT INTO parents(self_id, child_id, to_child_count, to_child_calls, to_child_paths, pct) VALUES(2888,2891,800,200,1,0);
INSERT INTO parents(self_id, child_id, to_child_count, to_child_calls, to_child_paths, pct) VALUES(2888,2892,800,200,1,0);
INSERT INTO parents(self_id, child_id, to_child_count, to_child_calls, to_child_paths, pct) VALUES(2888,2893,800,200,1,0);
INSERT INTO parents(self_id, child_id, to_child_count, to_child_calls, to_child_paths, pct) VALUES(2888,2894,800,200,1,0);
INSERT INTO parents(self_id, child_id, to_child_count, to_child_calls, to_child_paths, pct) VALUES(2851,2895,0,0,0,0);
INSERT INTO parents(self_id, child_id, to_child_count, to_child_calls, to_child_paths, pct) VALUES(2895,2896,11800,2950,8,0);
INSERT INTO parents(self_id, child_id, to_child_count, to_child_calls, to_child_paths, pct) VALUES(2837,2897,0,0,0,0);
INSERT INTO parents(self_id, child_id, to_child_count, to_child_calls, to_child_paths, pct) VALUES(2897,2898,0,0,0,0);
INSERT INTO parents(self_id, child_id, to_child_count, to_child_calls, to_child_paths, pct) VALUES(2898,2899,1864,466,5,0);
INSERT INTO parents(self_id, child_id, to_child_count, to_child_calls, to_child_paths, pct) VALUES(2898,2900,160,40,1,0);
INSERT INTO children(self_id, parent_id, from_parent_count, from_parent_calls, from_parent_paths, pct) VALUES(2837,10,3297504,728207,0,0);
INSERT INTO children(self_id, parent_id, from_parent_count, from_parent_calls, from_parent_paths, pct) VALUES(2838,2837,3226096,717098,0,0);
INSERT INTO children(self_id, parent_id, from_parent_count, from_parent_calls, from_parent_paths, pct) VALUES(2839,2838,3226096,717098,0,0);
INSERT INTO children(self_id, parent_id, from_parent_count, from_parent_calls, from_parent_paths, pct) VALUES(2840,2839,2047896,481907,0,0);
INSERT INTO children(self_id, parent_id, from_parent_count, from_parent_calls, from_parent_paths, pct) VALUES(2841,2840,2047896,481907,84,0);
INSERT INTO children(self_id, parent_id, from_parent_count, from_parent_calls, from_parent_paths, pct) VALUES(2842,2839,575896,117321,0,0);
INSERT INTO children(self_id, parent_id, from_parent_count, from_parent_calls, from_parent_paths, pct) VALUES(2843,2842,575896,117321,68,0);
INSERT INTO children(self_id, parent_id, from_parent_count, from_parent_calls, from_parent_paths, pct) VALUES(2844,2839,16824,1476,12,0);
INSERT INTO children(self_id, parent_id, from_parent_count, from_parent_calls, from_parent_paths, pct) VALUES(2845,2839,575896,116394,0,0);
INSERT INTO children(self_id, parent_id, from_parent_count, from_parent_calls, from_parent_paths, pct) VALUES(2846,2845,575896,116394,68,0);
INSERT INTO children(self_id, parent_id, from_parent_count, from_parent_calls, from_parent_paths, pct) VALUES(2847,2839,9584,0,4,0);
INSERT INTO children(self_id, parent_id, from_parent_count, from_parent_calls, from_parent_paths, pct) VALUES(2848,2837,18384,1018,0,0);
INSERT INTO children(self_id, parent_id, from_parent_count, from_parent_calls, from_parent_paths, pct) VALUES(2849,2848,8656,521,40,0);
INSERT INTO children(self_id, parent_id, from_parent_count, from_parent_calls, from_parent_paths, pct) VALUES(2850,2848,9728,497,39,0);
INSERT INTO children(self_id, parent_id, from_parent_count, from_parent_calls, from_parent_paths, pct) VALUES(2851,2837,51000,9776,0,0);
INSERT INTO children(self_id, parent_id, from_parent_count, from_parent_calls, from_parent_paths, pct) VALUES(2852,2851,39200,9731,0,0);
INSERT INTO children(self_id, parent_id, from_parent_count, from_parent_calls, from_parent_paths, pct) VALUES(2853,2852,18400,4554,0,0);
INSERT INTO children(self_id, parent_id, from_parent_count, from_parent_calls, from_parent_paths, pct) VALUES(2854,2853,9200,2279,4,0);
INSERT INTO children(self_id, parent_id, from_parent_count, from_parent_calls, from_parent_paths, pct) VALUES(2855,2854,800,198,1,0);
INSERT INTO children(self_id, parent_id, from_parent_count, from_parent_calls, from_parent_paths, pct) VALUES(2856,2854,800,198,1,0);
INSERT INTO children(self_id, parent_id, from_parent_count, from_parent_calls, from_parent_paths, pct) VALUES(2857,2854,800,197,1,0);
INSERT INTO children(self_id, parent_id, from_parent_count, from_parent_calls, from_parent_paths, pct) VALUES(2858,2854,800,198,1,0);
INSERT INTO children(self_id, parent_id, from_parent_count, from_parent_calls, from_parent_paths, pct) VALUES(2859,2854,800,198,1,0);
INSERT INTO children(self_id, parent_id, from_parent_count, from_parent_calls, from_parent_paths, pct) VALUES(2860,2854,800,198,1,0);
INSERT INTO children(self_id, parent_id, from_parent_count, from_parent_calls, from_parent_paths, pct) VALUES(2861,2854,800,198,1,0);
INSERT INTO children(self_id, parent_id, from_parent_count, from_parent_calls, from_parent_paths, pct) VALUES(2862,2854,800,198,1,0);
INSERT INTO children(self_id, parent_id, from_parent_count, from_parent_calls, from_parent_paths, pct) VALUES(2863,2854,800,198,1,0);
INSERT INTO children(self_id, parent_id, from_parent_count, from_parent_calls, from_parent_paths, pct) VALUES(2864,2853,9200,2275,4,0);
INSERT INTO children(self_id, parent_id, from_parent_count, from_parent_calls, from_parent_paths, pct) VALUES(2865,2864,800,197,1,0);
INSERT INTO children(self_id, parent_id, from_parent_count, from_parent_calls, from_parent_paths, pct) VALUES(2866,2864,800,198,1,0);
INSERT INTO children(self_id, parent_id, from_parent_count, from_parent_calls, from_parent_paths, pct) VALUES(2867,2864,800,198,1,0);
INSERT INTO children(self_id, parent_id, from_parent_count, from_parent_calls, from_parent_paths, pct) VALUES(2868,2864,800,198,1,0);
INSERT INTO children(self_id, parent_id, from_parent_count, from_parent_calls, from_parent_paths, pct) VALUES(2869,2864,800,197,1,0);
INSERT INTO children(self_id, parent_id, from_parent_count, from_parent_calls, from_parent_paths, pct) VALUES(2870,2864,800,197,1,0);
INSERT INTO children(self_id, parent_id, from_parent_count, from_parent_calls, from_parent_paths, pct) VALUES(2871,2864,800,198,1,0);
INSERT INTO children(self_id, parent_id, from_parent_count, from_parent_calls, from_parent_paths, pct) VALUES(2872,2864,800,197,1,0);
INSERT INTO children(self_id, parent_id, from_parent_count, from_parent_calls, from_parent_paths, pct) VALUES(2873,2864,800,197,1,0);
INSERT INTO children(self_id, parent_id, from_parent_count, from_parent_calls, from_parent_paths, pct) VALUES(2874,2852,5200,1300,4,0);
INSERT INTO children(self_id, parent_id, from_parent_count, from_parent_calls, from_parent_paths, pct) VALUES(2875,2874,800,200,1,0);
INSERT INTO children(self_id, parent_id, from_parent_count, from_parent_calls, from_parent_paths, pct) VALUES(2876,2874,800,200,1,0);
INSERT INTO children(self_id, parent_id, from_parent_count, from_parent_calls, from_parent_paths, pct) VALUES(2877,2874,800,200,1,0);
INSERT INTO children(self_id, parent_id, from_parent_count, from_parent_calls, from_parent_paths, pct) VALUES(2878,2874,800,200,1,0);
INSERT INTO children(self_id, parent_id, from_parent_count, from_parent_calls, from_parent_paths, pct) VALUES(2879,2852,8800,2177,0,0);
INSERT INTO children(self_id, parent_id, from_parent_count, from_parent_calls, from_parent_paths, pct) VALUES(2880,2879,4400,1089,4,0);
INSERT INTO children(self_id, parent_id, from_parent_count, from_parent_calls, from_parent_paths, pct) VALUES(2881,2880,800,198,1,0);
INSERT INTO children(self_id, parent_id, from_parent_count, from_parent_calls, from_parent_paths, pct) VALUES(2882,2880,800,197,1,0);
INSERT INTO children(self_id, parent_id, from_parent_count, from_parent_calls, from_parent_paths, pct) VALUES(2883,2880,800,197,1,0);
INSERT INTO children(self_id, parent_id, from_parent_count, from_parent_calls, from_parent_paths, pct) VALUES(2884,2879,4400,1088,4,0);
INSERT INTO children(self_id, parent_id, from_parent_count, from_parent_calls, from_parent_paths, pct) VALUES(2885,2884,800,197,1,0);
INSERT INTO children(self_id, parent_id, from_parent_count, from_parent_calls, from_parent_paths, pct) VALUES(2886,2884,800,197,1,0);
INSERT INTO children(self_id, parent_id, from_parent_count, from_parent_calls, from_parent_paths, pct) VALUES(2887,2884,800,197,1,0);
INSERT INTO children(self_id, parent_id, from_parent_count, from_parent_calls, from_parent_paths, pct) VALUES(2888,2852,6800,1700,4,0);
INSERT INTO children(self_id, parent_id, from_parent_count, from_parent_calls, from_parent_paths, pct) VALUES(2889,2888,800,200,1,0);
INSERT INTO children(self_id, parent_id, from_parent_count, from_parent_calls, from_parent_paths, pct) VALUES(2890,2888,800,200,1,0);
INSERT INTO children(self_id, parent_id, from_parent_count, from_parent_calls, from_parent_paths, pct) VALUES(2891,2888,800,200,1,0);
INSERT INTO children(self_id, parent_id, from_parent_count, from_parent_calls, from_parent_paths, pct) VALUES(2892,2888,800,200,1,0);
INSERT INTO children(self_id, parent_id, from_parent_count, from_parent_calls, from_parent_paths, pct) VALUES(2893,2888,800,200,1,0);
INSERT INTO children(self_id, parent_id, from_parent_count, from_parent_calls, from_parent_paths, pct) VALUES(2894,2888,800,200,1,0);
INSERT INTO children(self_id, parent_id, from_parent_count, from_parent_calls, from_parent_paths, pct) VALUES(2895,2851,11800,45,0,0);
INSERT INTO children(self_id, parent_id, from_parent_count, from_parent_calls, from_parent_paths, pct) VALUES(2896,2895,11800,45,8,0);
INSERT INTO children(self_id, parent_id, from_parent_count, from_parent_calls, from_parent_paths, pct) VALUES(2897,2837,2024,315,0,0);
INSERT INTO children(self_id, parent_id, from_parent_count, from_parent_calls, from_parent_paths, pct) VALUES(2898,2897,2024,315,0,0);
INSERT INTO children(self_id, parent_id, from_parent_count, from_parent_calls, from_parent_paths, pct) VALUES(2899,2898,1864,284,5,0);
INSERT INTO children(self_id, parent_id, from_parent_count, from_parent_calls, from_parent_paths, pct) VALUES(2900,2898,160,31,1,0);
INSERT INTO mainrows(id, symbol_id, self_count, cumulative_count, kids, self_calls, total_calls, self_paths, total_paths, pct) VALUES(2901, 2901, 3191668, 3191668, 4, 462579, 526111, 1008, 1008, 0.0);
INSERT INTO mainrows(id, symbol_id, self_count, cumulative_count, kids, self_calls, total_calls, self_paths, total_paths, pct) VALUES(2902, 2902, 432, 432, 4, 94, 108, 2, 2, 0.0);
INSERT INTO mainrows(id, symbol_id, self_count, cumulative_count, kids, self_calls, total_calls, self_paths, total_paths, pct) VALUES(2903, 2903, 0, 0, 0, 0, 0, 0, 0, 0.0);
INSERT INTO mainrows(id, symbol_id, self_count, cumulative_count, kids, self_calls, total_calls, self_paths, total_paths, pct) VALUES(2904, 2904, 0, 0, 0, 0, 0, 0, 0, 0.0);
INSERT INTO mainrows(id, symbol_id, self_count, cumulative_count, kids, self_calls, total_calls, self_paths, total_paths, pct) VALUES(2905, 2905, 0, 0, 0, 0, 0, 0, 0, 0.0);
INSERT INTO mainrows(id, symbol_id, self_count, cumulative_count, kids, self_calls, total_calls, self_paths, total_paths, pct) VALUES(2906, 2906, 0, 0, 0, 0, 0, 0, 0, 0.0);
INSERT INTO mainrows(id, symbol_id, self_count, cumulative_count, kids, self_calls, total_calls, self_paths, total_paths, pct) VALUES(2907, 2907, 5280, 5280, 0, 0, 1320, 3, 3, 0.0);
INSERT INTO mainrows(id, symbol_id, self_count, cumulative_count, kids, self_calls, total_calls, self_paths, total_paths, pct) VALUES(2908, 2908, 2767000, 2767000, 4, 378123, 424144, 962, 962, 0.0);
INSERT INTO mainrows(id, symbol_id, self_count, cumulative_count, kids, self_calls, total_calls, self_paths, total_paths, pct) VALUES(2909, 2909, 1552600, 1552600, 2, 196591, 218270, 482, 482, 0.0);
INSERT INTO mainrows(id, symbol_id, self_count, cumulative_count, kids, self_calls, total_calls, self_paths, total_paths, pct) VALUES(2910, 2910, 776300, 776300, 10, 98208, 109135, 241, 241, 0.0);
INSERT INTO mainrows(id, symbol_id, self_count, cumulative_count, kids, self_calls, total_calls, self_paths, total_paths, pct) VALUES(2911, 2911, 0, 0, 0, 0, 0, 0, 0, 0.0);
INSERT INTO mainrows(id, symbol_id, self_count, cumulative_count, kids, self_calls, total_calls, self_paths, total_paths, pct) VALUES(2912, 2912, 102288, 102288, 0, 13174, 14052, 25, 25, 0.0);
INSERT INTO mainrows(id, symbol_id, self_count, cumulative_count, kids, self_calls, total_calls, self_paths, total_paths, pct) VALUES(2913, 2913, 102288, 102288, 0, 13156, 14052, 25, 25, 0.0);
INSERT INTO mainrows(id, symbol_id, self_count, cumulative_count, kids, self_calls, total_calls, self_paths, total_paths, pct) VALUES(2914, 2914, 102288, 102288, 0, 13143, 14052, 25, 25, 0.0);
INSERT INTO mainrows(id, symbol_id, self_count, cumulative_count, kids, self_calls, total_calls, self_paths, total_paths, pct) VALUES(2915, 2915, 85008, 85008, 0, 10998, 11892, 25, 25, 0.0);
INSERT INTO mainrows(id, symbol_id, self_count, cumulative_count, kids, self_calls, total_calls, self_paths, total_paths, pct) VALUES(2916, 2916, 85008, 85008, 0, 10994, 11892, 25, 25, 0.0);
INSERT INTO mainrows(id, symbol_id, self_count, cumulative_count, kids, self_calls, total_calls, self_paths, total_paths, pct) VALUES(2917, 2917, 85008, 85008, 0, 10984, 11892, 25, 25, 0.0);
INSERT INTO mainrows(id, symbol_id, self_count, cumulative_count, kids, self_calls, total_calls, self_paths, total_paths, pct) VALUES(2918, 2918, 67728, 67728, 0, 8770, 9732, 25, 25, 0.0);
INSERT INTO mainrows(id, symbol_id, self_count, cumulative_count, kids, self_calls, total_calls, self_paths, total_paths, pct) VALUES(2919, 2919, 67728, 67728, 0, 8801, 9732, 25, 25, 0.0);
INSERT INTO mainrows(id, symbol_id, self_count, cumulative_count, kids, self_calls, total_calls, self_paths, total_paths, pct) VALUES(2920, 2920, 56208, 56208, 0, 7355, 8292, 25, 25, 0.0);
INSERT INTO mainrows(id, symbol_id, self_count, cumulative_count, kids, self_calls, total_calls, self_paths, total_paths, pct) VALUES(2921, 2921, 776300, 776300, 10, 98383, 109135, 241, 241, 0.0);
INSERT INTO mainrows(id, symbol_id, self_count, cumulative_count, kids, self_calls, total_calls, self_paths, total_paths, pct) VALUES(2922, 2922, 0, 0, 0, 0, 0, 0, 0, 0.0);
INSERT INTO mainrows(id, symbol_id, self_count, cumulative_count, kids, self_calls, total_calls, self_paths, total_paths, pct) VALUES(2923, 2923, 102288, 102288, 0, 13203, 14052, 25, 25, 0.0);
INSERT INTO mainrows(id, symbol_id, self_count, cumulative_count, kids, self_calls, total_calls, self_paths, total_paths, pct) VALUES(2924, 2924, 102288, 102288, 0, 13179, 14052, 25, 25, 0.0);
INSERT INTO mainrows(id, symbol_id, self_count, cumulative_count, kids, self_calls, total_calls, self_paths, total_paths, pct) VALUES(2925, 2925, 102288, 102288, 0, 13176, 14052, 25, 25, 0.0);
INSERT INTO mainrows(id, symbol_id, self_count, cumulative_count, kids, self_calls, total_calls, self_paths, total_paths, pct) VALUES(2926, 2926, 85008, 85008, 0, 11030, 11892, 25, 25, 0.0);
INSERT INTO mainrows(id, symbol_id, self_count, cumulative_count, kids, self_calls, total_calls, self_paths, total_paths, pct) VALUES(2927, 2927, 85008, 85008, 0, 11015, 11892, 25, 25, 0.0);
INSERT INTO mainrows(id, symbol_id, self_count, cumulative_count, kids, self_calls, total_calls, self_paths, total_paths, pct) VALUES(2928, 2928, 85008, 85008, 0, 10961, 11892, 25, 25, 0.0);
INSERT INTO mainrows(id, symbol_id, self_count, cumulative_count, kids, self_calls, total_calls, self_paths, total_paths, pct) VALUES(2929, 2929, 67728, 67728, 0, 8807, 9732, 25, 25, 0.0);
INSERT INTO mainrows(id, symbol_id, self_count, cumulative_count, kids, self_calls, total_calls, self_paths, total_paths, pct) VALUES(2930, 2930, 67728, 67728, 0, 8801, 9732, 25, 25, 0.0);
INSERT INTO mainrows(id, symbol_id, self_count, cumulative_count, kids, self_calls, total_calls, self_paths, total_paths, pct) VALUES(2931, 2931, 56208, 56208, 0, 7365, 8292, 25, 25, 0.0);
INSERT INTO mainrows(id, symbol_id, self_count, cumulative_count, kids, self_calls, total_calls, self_paths, total_paths, pct) VALUES(2932, 2932, 268252, 268252, 5, 33482, 38787, 116, 116, 0.0);
INSERT INTO mainrows(id, symbol_id, self_count, cumulative_count, kids, self_calls, total_calls, self_paths, total_paths, pct) VALUES(2933, 2933, 0, 0, 0, 0, 0, 0, 0, 0.0);
INSERT INTO mainrows(id, symbol_id, self_count, cumulative_count, kids, self_calls, total_calls, self_paths, total_paths, pct) VALUES(2934, 2934, 63696, 63696, 0, 8669, 9228, 25, 25, 0.0);
INSERT INTO mainrows(id, symbol_id, self_count, cumulative_count, kids, self_calls, total_calls, self_paths, total_paths, pct) VALUES(2935, 2935, 77520, 77520, 0, 10151, 10956, 25, 25, 0.0);
INSERT INTO mainrows(id, symbol_id, self_count, cumulative_count, kids, self_calls, total_calls, self_paths, total_paths, pct) VALUES(2936, 2936, 47824, 47824, 0, 6392, 6988, 25, 25, 0.0);
INSERT INTO mainrows(id, symbol_id, self_count, cumulative_count, kids, self_calls, total_calls, self_paths, total_paths, pct) VALUES(2937, 2937, 56464, 56464, 0, 7432, 8068, 25, 25, 0.0);
INSERT INTO mainrows(id, symbol_id, self_count, cumulative_count, kids, self_calls, total_calls, self_paths, total_paths, pct) VALUES(2938, 2938, 227224, 227224, 2, 28216, 37406, 182, 182, 0.0);
INSERT INTO mainrows(id, symbol_id, self_count, cumulative_count, kids, self_calls, total_calls, self_paths, total_paths, pct) VALUES(2939, 2939, 113612, 113612, 4, 14095, 18703, 91, 91, 0.0);
INSERT INTO mainrows(id, symbol_id, self_count, cumulative_count, kids, self_calls, total_calls, self_paths, total_paths, pct) VALUES(2940, 2940, 0, 0, 0, 0, 0, 0, 0, 0.0);
INSERT INTO mainrows(id, symbol_id, self_count, cumulative_count, kids, self_calls, total_calls, self_paths, total_paths, pct) VALUES(2941, 2941, 30288, 30288, 0, 4471, 5052, 25, 25, 0.0);
INSERT INTO mainrows(id, symbol_id, self_count, cumulative_count, kids, self_calls, total_calls, self_paths, total_paths, pct) VALUES(2942, 2942, 30288, 30288, 0, 4484, 5052, 25, 25, 0.0);
INSERT INTO mainrows(id, symbol_id, self_count, cumulative_count, kids, self_calls, total_calls, self_paths, total_paths, pct) VALUES(2943, 2943, 30288, 30288, 0, 4464, 5052, 25, 25, 0.0);
INSERT INTO mainrows(id, symbol_id, self_count, cumulative_count, kids, self_calls, total_calls, self_paths, total_paths, pct) VALUES(2944, 2944, 113612, 113612, 4, 14121, 18703, 91, 91, 0.0);
INSERT INTO mainrows(id, symbol_id, self_count, cumulative_count, kids, self_calls, total_calls, self_paths, total_paths, pct) VALUES(2945, 2945, 0, 0, 0, 0, 0, 0, 0, 0.0);
INSERT INTO mainrows(id, symbol_id, self_count, cumulative_count, kids, self_calls, total_calls, self_paths, total_paths, pct) VALUES(2946, 2946, 30288, 30288, 0, 4486, 5052, 25, 25, 0.0);
INSERT INTO mainrows(id, symbol_id, self_count, cumulative_count, kids, self_calls, total_calls, self_paths, total_paths, pct) VALUES(2947, 2947, 30288, 30288, 0, 4483, 5052, 25, 25, 0.0);
INSERT INTO mainrows(id, symbol_id, self_count, cumulative_count, kids, self_calls, total_calls, self_paths, total_paths, pct) VALUES(2948, 2948, 30288, 30288, 0, 4472, 5052, 25, 25, 0.0);
INSERT INTO mainrows(id, symbol_id, self_count, cumulative_count, kids, self_calls, total_calls, self_paths, total_paths, pct) VALUES(2949, 2949, 453756, 453756, 7, 57039, 63995, 166, 166, 0.0);
INSERT INTO mainrows(id, symbol_id, self_count, cumulative_count, kids, self_calls, total_calls, self_paths, total_paths, pct) VALUES(2950, 2950, 0, 0, 0, 0, 0, 0, 0, 0.0);
INSERT INTO mainrows(id, symbol_id, self_count, cumulative_count, kids, self_calls, total_calls, self_paths, total_paths, pct) VALUES(2951, 2951, 82384, 82384, 0, 10613, 11308, 25, 25, 0.0);
INSERT INTO mainrows(id, symbol_id, self_count, cumulative_count, kids, self_calls, total_calls, self_paths, total_paths, pct) VALUES(2952, 2952, 92752, 92752, 0, 11858, 12604, 25, 25, 0.0);
INSERT INTO mainrows(id, symbol_id, self_count, cumulative_count, kids, self_calls, total_calls, self_paths, total_paths, pct) VALUES(2953, 2953, 54736, 54736, 0, 7235, 7852, 25, 25, 0.0);
INSERT INTO mainrows(id, symbol_id, self_count, cumulative_count, kids, self_calls, total_calls, self_paths, total_paths, pct) VALUES(2954, 2954, 59920, 59920, 0, 7843, 8500, 25, 25, 0.0);
INSERT INTO mainrows(id, symbol_id, self_count, cumulative_count, kids, self_calls, total_calls, self_paths, total_paths, pct) VALUES(2955, 2955, 67152, 67152, 0, 8915, 9660, 25, 25, 0.0);
INSERT INTO mainrows(id, symbol_id, self_count, cumulative_count, kids, self_calls, total_calls, self_paths, total_paths, pct) VALUES(2956, 2956, 74064, 74064, 0, 9718, 10524, 25, 25, 0.0);
INSERT INTO mainrows(id, symbol_id, self_count, cumulative_count, kids, self_calls, total_calls, self_paths, total_paths, pct) VALUES(2957, 2957, 418956, 418956, 6, 84362, 100539, 41, 41, 0.0);
INSERT INTO mainrows(id, symbol_id, self_count, cumulative_count, kids, self_calls, total_calls, self_paths, total_paths, pct) VALUES(2958, 2958, 2000, 2000, 0, 4, 500, 2, 2, 0.0);
INSERT INTO mainrows(id, symbol_id, self_count, cumulative_count, kids, self_calls, total_calls, self_paths, total_paths, pct) VALUES(2959, 2959, 20796, 20796, 2, 7, 5199, 13, 13, 0.0);
INSERT INTO mainrows(id, symbol_id, self_count, cumulative_count, kids, self_calls, total_calls, self_paths, total_paths, pct) VALUES(2960, 2960, 8464, 8464, 0, 0, 2116, 6, 6, 0.0);
INSERT INTO mainrows(id, symbol_id, self_count, cumulative_count, kids, self_calls, total_calls, self_paths, total_paths, pct) VALUES(2961, 2961, 7040, 7040, 0, 4, 1760, 4, 4, 0.0);
INSERT INTO mainrows(id, symbol_id, self_count, cumulative_count, kids, self_calls, total_calls, self_paths, total_paths, pct) VALUES(2962, 2962, 12336, 12336, 1, 5, 3084, 7, 7, 0.0);
INSERT INTO mainrows(id, symbol_id, self_count, cumulative_count, kids, self_calls, total_calls, self_paths, total_paths, pct) VALUES(2963, 2963, 5280, 5280, 0, 1, 1320, 3, 3, 0.0);
INSERT INTO mainrows(id, symbol_id, self_count, cumulative_count, kids, self_calls, total_calls, self_paths, total_paths, pct) VALUES(2964, 2964, 8520, 8520, 1, 36, 2130, 7, 7, 0.0);
INSERT INTO mainrows(id, symbol_id, self_count, cumulative_count, kids, self_calls, total_calls, self_paths, total_paths, pct) VALUES(2965, 2965, 3520, 3520, 0, 28, 880, 2, 2, 0.0);
INSERT INTO mainrows(id, symbol_id, self_count, cumulative_count, kids, self_calls, total_calls, self_paths, total_paths, pct) VALUES(2966, 2966, 24, 24, 0, 5, 6, 1, 1, 0.0);
INSERT INTO mainrows(id, symbol_id, self_count, cumulative_count, kids, self_calls, total_calls, self_paths, total_paths, pct) VALUES(2967, 2967, 33600, 33600, 3, 12, 4200, 7, 7, 0.0);
INSERT INTO mainrows(id, symbol_id, self_count, cumulative_count, kids, self_calls, total_calls, self_paths, total_paths, pct) VALUES(2968, 2968, 9600, 9600, 0, 4, 1200, 2, 2, 0.0);
INSERT INTO mainrows(id, symbol_id, self_count, cumulative_count, kids, self_calls, total_calls, self_paths, total_paths, pct) VALUES(2969, 2969, 4800, 4800, 0, 2, 600, 1, 1, 0.0);
INSERT INTO mainrows(id, symbol_id, self_count, cumulative_count, kids, self_calls, total_calls, self_paths, total_paths, pct) VALUES(2970, 2970, 9600, 9600, 0, 2, 1200, 2, 2, 0.0);
INSERT INTO parents(self_id, child_id, to_child_count, to_child_calls, to_child_paths, pct) VALUES(10,2901,0,0,0,0);
INSERT INTO parents(self_id, child_id, to_child_count, to_child_calls, to_child_paths, pct) VALUES(2901,2902,432,108,2,0);
INSERT INTO parents(self_id, child_id, to_child_count, to_child_calls, to_child_paths, pct) VALUES(2902,2903,0,0,0,0);
INSERT INTO parents(self_id, child_id, to_child_count, to_child_calls, to_child_paths, pct) VALUES(2902,2904,0,0,0,0);
INSERT INTO parents(self_id, child_id, to_child_count, to_child_calls, to_child_paths, pct) VALUES(2902,2905,0,0,0,0);
INSERT INTO parents(self_id, child_id, to_child_count, to_child_calls, to_child_paths, pct) VALUES(2902,2906,0,0,0,0);
INSERT INTO parents(self_id, child_id, to_child_count, to_child_calls, to_child_paths, pct) VALUES(2901,2907,5280,1320,3,0);
INSERT INTO parents(self_id, child_id, to_child_count, to_child_calls, to_child_paths, pct) VALUES(2901,2908,265168,65686,16,0);
INSERT INTO parents(self_id, child_id, to_child_count, to_child_calls, to_child_paths, pct) VALUES(2908,2909,0,0,0,0);
INSERT INTO parents(self_id, child_id, to_child_count, to_child_calls, to_child_paths, pct) VALUES(2909,2910,22748,3547,16,0);
INSERT INTO parents(self_id, child_id, to_child_count, to_child_calls, to_child_paths, pct) VALUES(2910,2911,0,0,0,0);
INSERT INTO parents(self_id, child_id, to_child_count, to_child_calls, to_child_paths, pct) VALUES(2910,2912,102288,14052,25,0);
INSERT INTO parents(self_id, child_id, to_child_count, to_child_calls, to_child_paths, pct) VALUES(2910,2913,102288,14052,25,0);
INSERT INTO parents(self_id, child_id, to_child_count, to_child_calls, to_child_paths, pct) VALUES(2910,2914,102288,14052,25,0);
INSERT INTO parents(self_id, child_id, to_child_count, to_child_calls, to_child_paths, pct) VALUES(2910,2915,85008,11892,25,0);
INSERT INTO parents(self_id, child_id, to_child_count, to_child_calls, to_child_paths, pct) VALUES(2910,2916,85008,11892,25,0);
INSERT INTO parents(self_id, child_id, to_child_count, to_child_calls, to_child_paths, pct) VALUES(2910,2917,85008,11892,25,0);
INSERT INTO parents(self_id, child_id, to_child_count, to_child_calls, to_child_paths, pct) VALUES(2910,2918,67728,9732,25,0);
INSERT INTO parents(self_id, child_id, to_child_count, to_child_calls, to_child_paths, pct) VALUES(2910,2919,67728,9732,25,0);
INSERT INTO parents(self_id, child_id, to_child_count, to_child_calls, to_child_paths, pct) VALUES(2910,2920,56208,8292,25,0);
INSERT INTO parents(self_id, child_id, to_child_count, to_child_calls, to_child_paths, pct) VALUES(2909,2921,22748,3547,16,0);
INSERT INTO parents(self_id, child_id, to_child_count, to_child_calls, to_child_paths, pct) VALUES(2921,2922,0,0,0,0);
INSERT INTO parents(self_id, child_id, to_child_count, to_child_calls, to_child_paths, pct) VALUES(2921,2923,102288,14052,25,0);
INSERT INTO parents(self_id, child_id, to_child_count, to_child_calls, to_child_paths, pct) VALUES(2921,2924,102288,14052,25,0);
INSERT INTO parents(self_id, child_id, to_child_count, to_child_calls, to_child_paths, pct) VALUES(2921,2925,102288,14052,25,0);
INSERT INTO parents(self_id, child_id, to_child_count, to_child_calls, to_child_paths, pct) VALUES(2921,2926,85008,11892,25,0);
INSERT INTO parents(self_id, child_id, to_child_count, to_child_calls, to_child_paths, pct) VALUES(2921,2927,85008,11892,25,0);
INSERT INTO parents(self_id, child_id, to_child_count, to_child_calls, to_child_paths, pct) VALUES(2921,2928,85008,11892,25,0);
INSERT INTO parents(self_id, child_id, to_child_count, to_child_calls, to_child_paths, pct) VALUES(2921,2929,67728,9732,25,0);
INSERT INTO parents(self_id, child_id, to_child_count, to_child_calls, to_child_paths, pct) VALUES(2921,2930,67728,9732,25,0);
INSERT INTO parents(self_id, child_id, to_child_count, to_child_calls, to_child_paths, pct) VALUES(2921,2931,56208,8292,25,0);
INSERT INTO parents(self_id, child_id, to_child_count, to_child_calls, to_child_paths, pct) VALUES(2908,2932,22748,3547,16,0);
INSERT INTO parents(self_id, child_id, to_child_count, to_child_calls, to_child_paths, pct) VALUES(2932,2933,0,0,0,0);
INSERT INTO parents(self_id, child_id, to_child_count, to_child_calls, to_child_paths, pct) VALUES(2932,2934,63696,9228,25,0);
INSERT INTO parents(self_id, child_id, to_child_count, to_child_calls, to_child_paths, pct) VALUES(2932,2935,77520,10956,25,0);
INSERT INTO parents(self_id, child_id, to_child_count, to_child_calls, to_child_paths, pct) VALUES(2932,2936,47824,6988,25,0);
INSERT INTO parents(self_id, child_id, to_child_count, to_child_calls, to_child_paths, pct) VALUES(2932,2937,56464,8068,25,0);
INSERT INTO parents(self_id, child_id, to_child_count, to_child_calls, to_child_paths, pct) VALUES(2908,2938,0,0,0,0);
INSERT INTO parents(self_id, child_id, to_child_count, to_child_calls, to_child_paths, pct) VALUES(2938,2939,22748,3547,16,0);
INSERT INTO parents(self_id, child_id, to_child_count, to_child_calls, to_child_paths, pct) VALUES(2939,2940,0,0,0,0);
INSERT INTO parents(self_id, child_id, to_child_count, to_child_calls, to_child_paths, pct) VALUES(2939,2941,30288,5052,25,0);
INSERT INTO parents(self_id, child_id, to_child_count, to_child_calls, to_child_paths, pct) VALUES(2939,2942,30288,5052,25,0);
INSERT INTO parents(self_id, child_id, to_child_count, to_child_calls, to_child_paths, pct) VALUES(2939,2943,30288,5052,25,0);
INSERT INTO parents(self_id, child_id, to_child_count, to_child_calls, to_child_paths, pct) VALUES(2938,2944,22748,3547,16,0);
INSERT INTO parents(self_id, child_id, to_child_count, to_child_calls, to_child_paths, pct) VALUES(2944,2945,0,0,0,0);
INSERT INTO parents(self_id, child_id, to_child_count, to_child_calls, to_child_paths, pct) VALUES(2944,2946,30288,5052,25,0);
INSERT INTO parents(self_id, child_id, to_child_count, to_child_calls, to_child_paths, pct) VALUES(2944,2947,30288,5052,25,0);
INSERT INTO parents(self_id, child_id, to_child_count, to_child_calls, to_child_paths, pct) VALUES(2944,2948,30288,5052,25,0);
INSERT INTO parents(self_id, child_id, to_child_count, to_child_calls, to_child_paths, pct) VALUES(2908,2949,22748,3547,16,0);
INSERT INTO parents(self_id, child_id, to_child_count, to_child_calls, to_child_paths, pct) VALUES(2949,2950,0,0,0,0);
INSERT INTO parents(self_id, child_id, to_child_count, to_child_calls, to_child_paths, pct) VALUES(2949,2951,82384,11308,25,0);
INSERT INTO parents(self_id, child_id, to_child_count, to_child_calls, to_child_paths, pct) VALUES(2949,2952,92752,12604,25,0);
INSERT INTO parents(self_id, child_id, to_child_count, to_child_calls, to_child_paths, pct) VALUES(2949,2953,54736,7852,25,0);
INSERT INTO parents(self_id, child_id, to_child_count, to_child_calls, to_child_paths, pct) VALUES(2949,2954,59920,8500,25,0);
INSERT INTO parents(self_id, child_id, to_child_count, to_child_calls, to_child_paths, pct) VALUES(2949,2955,67152,9660,25,0);
INSERT INTO parents(self_id, child_id, to_child_count, to_child_calls, to_child_paths, pct) VALUES(2949,2956,74064,10524,25,0);
INSERT INTO parents(self_id, child_id, to_child_count, to_child_calls, to_child_paths, pct) VALUES(2901,2957,341680,85420,4,0);
INSERT INTO parents(self_id, child_id, to_child_count, to_child_calls, to_child_paths, pct) VALUES(2957,2958,2000,500,2,0);
INSERT INTO parents(self_id, child_id, to_child_count, to_child_calls, to_child_paths, pct) VALUES(2957,2959,5292,1323,3,0);
INSERT INTO parents(self_id, child_id, to_child_count, to_child_calls, to_child_paths, pct) VALUES(2959,2960,8464,2116,6,0);
INSERT INTO parents(self_id, child_id, to_child_count, to_child_calls, to_child_paths, pct) VALUES(2959,2961,7040,1760,4,0);
INSERT INTO parents(self_id, child_id, to_child_count, to_child_calls, to_child_paths, pct) VALUES(2957,2962,7056,1764,4,0);
INSERT INTO parents(self_id, child_id, to_child_count, to_child_calls, to_child_paths, pct) VALUES(2962,2963,5280,1320,3,0);
INSERT INTO parents(self_id, child_id, to_child_count, to_child_calls, to_child_paths, pct) VALUES(2957,2964,5000,1250,5,0);
INSERT INTO parents(self_id, child_id, to_child_count, to_child_calls, to_child_paths, pct) VALUES(2964,2965,3520,880,2,0);
INSERT INTO parents(self_id, child_id, to_child_count, to_child_calls, to_child_paths, pct) VALUES(2957,2966,24,6,1,0);
INSERT INTO parents(self_id, child_id, to_child_count, to_child_calls, to_child_paths, pct) VALUES(2957,2967,9600,1200,2,0);
INSERT INTO parents(self_id, child_id, to_child_count, to_child_calls, to_child_paths, pct) VALUES(2967,2968,9600,1200,2,0);
INSERT INTO parents(self_id, child_id, to_child_count, to_child_calls, to_child_paths, pct) VALUES(2967,2969,4800,600,1,0);
INSERT INTO parents(self_id, child_id, to_child_count, to_child_calls, to_child_paths, pct) VALUES(2967,2970,9600,1200,2,0);
INSERT INTO children(self_id, parent_id, from_parent_count, from_parent_calls, from_parent_paths, pct) VALUES(2901,10,3191668,462579,0,0);
INSERT INTO children(self_id, parent_id, from_parent_count, from_parent_calls, from_parent_paths, pct) VALUES(2902,2901,432,94,2,0);
INSERT INTO children(self_id, parent_id, from_parent_count, from_parent_calls, from_parent_paths, pct) VALUES(2903,2902,0,0,0,0);
INSERT INTO children(self_id, parent_id, from_parent_count, from_parent_calls, from_parent_paths, pct) VALUES(2904,2902,0,0,0,0);
INSERT INTO children(self_id, parent_id, from_parent_count, from_parent_calls, from_parent_paths, pct) VALUES(2905,2902,0,0,0,0);
INSERT INTO children(self_id, parent_id, from_parent_count, from_parent_calls, from_parent_paths, pct) VALUES(2906,2902,0,0,0,0);
INSERT INTO children(self_id, parent_id, from_parent_count, from_parent_calls, from_parent_paths, pct) VALUES(2907,2901,5280,0,3,0);
INSERT INTO children(self_id, parent_id, from_parent_count, from_parent_calls, from_parent_paths, pct) VALUES(2908,2901,2767000,378123,16,0);
INSERT INTO children(self_id, parent_id, from_parent_count, from_parent_calls, from_parent_paths, pct) VALUES(2909,2908,1552600,196591,0,0);
INSERT INTO children(self_id, parent_id, from_parent_count, from_parent_calls, from_parent_paths, pct) VALUES(2910,2909,776300,98208,16,0);
INSERT INTO children(self_id, parent_id, from_parent_count, from_parent_calls, from_parent_paths, pct) VALUES(2911,2910,0,0,0,0);
INSERT INTO children(self_id, parent_id, from_parent_count, from_parent_calls, from_parent_paths, pct) VALUES(2912,2910,102288,13174,25,0);
INSERT INTO children(self_id, parent_id, from_parent_count, from_parent_calls, from_parent_paths, pct) VALUES(2913,2910,102288,13156,25,0);
INSERT INTO children(self_id, parent_id, from_parent_count, from_parent_calls, from_parent_paths, pct) VALUES(2914,2910,102288,13143,25,0);
INSERT INTO children(self_id, parent_id, from_parent_count, from_parent_calls, from_parent_paths, pct) VALUES(2915,2910,85008,10998,25,0);
INSERT INTO children(self_id, parent_id, from_parent_count, from_parent_calls, from_parent_paths, pct) VALUES(2916,2910,85008,10994,25,0);
INSERT INTO children(self_id, parent_id, from_parent_count, from_parent_calls, from_parent_paths, pct) VALUES(2917,2910,85008,10984,25,0);
INSERT INTO children(self_id, parent_id, from_parent_count, from_parent_calls, from_parent_paths, pct) VALUES(2918,2910,67728,8770,25,0);
INSERT INTO children(self_id, parent_id, from_parent_count, from_parent_calls, from_parent_paths, pct) VALUES(2919,2910,67728,8801,25,0);
INSERT INTO children(self_id, parent_id, from_parent_count, from_parent_calls, from_parent_paths, pct) VALUES(2920,2910,56208,7355,25,0);
INSERT INTO children(self_id, parent_id, from_parent_count, from_parent_calls, from_parent_paths, pct) VALUES(2921,2909,776300,98383,16,0);
INSERT INTO children(self_id, parent_id, from_parent_count, from_parent_calls, from_parent_paths, pct) VALUES(2922,2921,0,0,0,0);
INSERT INTO children(self_id, parent_id, from_parent_count, from_parent_calls, from_parent_paths, pct) VALUES(2923,2921,102288,13203,25,0);
INSERT INTO children(self_id, parent_id, from_parent_count, from_parent_calls, from_parent_paths, pct) VALUES(2924,2921,102288,13179,25,0);
INSERT INTO children(self_id, parent_id, from_parent_count, from_parent_calls, from_parent_paths, pct) VALUES(2925,2921,102288,13176,25,0);
INSERT INTO children(self_id, parent_id, from_parent_count, from_parent_calls, from_parent_paths, pct) VALUES(2926,2921,85008,11030,25,0);
INSERT INTO children(self_id, parent_id, from_parent_count, from_parent_calls, from_parent_paths, pct) VALUES(2927,2921,85008,11015,25,0);
INSERT INTO children(self_id, parent_id, from_parent_count, from_parent_calls, from_parent_paths, pct) VALUES(2928,2921,85008,10961,25,0);
INSERT INTO children(self_id, parent_id, from_parent_count, from_parent_calls, from_parent_paths, pct) VALUES(2929,2921,67728,8807,25,0);
INSERT INTO children(self_id, parent_id, from_parent_count, from_parent_calls, from_parent_paths, pct) VALUES(2930,2921,67728,8801,25,0);
INSERT INTO children(self_id, parent_id, from_parent_count, from_parent_calls, from_parent_paths, pct) VALUES(2931,2921,56208,7365,25,0);
INSERT INTO children(self_id, parent_id, from_parent_count, from_parent_calls, from_parent_paths, pct) VALUES(2932,2908,268252,33482,16,0);
INSERT INTO children(self_id, parent_id, from_parent_count, from_parent_calls, from_parent_paths, pct) VALUES(2933,2932,0,0,0,0);
INSERT INTO children(self_id, parent_id, from_parent_count, from_parent_calls, from_parent_paths, pct) VALUES(2934,2932,63696,8669,25,0);
INSERT INTO children(self_id, parent_id, from_parent_count, from_parent_calls, from_parent_paths, pct) VALUES(2935,2932,77520,10151,25,0);
INSERT INTO children(self_id, parent_id, from_parent_count, from_parent_calls, from_parent_paths, pct) VALUES(2936,2932,47824,6392,25,0);
INSERT INTO children(self_id, parent_id, from_parent_count, from_parent_calls, from_parent_paths, pct) VALUES(2937,2932,56464,7432,25,0);
INSERT INTO children(self_id, parent_id, from_parent_count, from_parent_calls, from_parent_paths, pct) VALUES(2938,2908,227224,28216,0,0);
INSERT INTO children(self_id, parent_id, from_parent_count, from_parent_calls, from_parent_paths, pct) VALUES(2939,2938,113612,14095,16,0);
INSERT INTO children(self_id, parent_id, from_parent_count, from_parent_calls, from_parent_paths, pct) VALUES(2940,2939,0,0,0,0);
INSERT INTO children(self_id, parent_id, from_parent_count, from_parent_calls, from_parent_paths, pct) VALUES(2941,2939,30288,4471,25,0);
INSERT INTO children(self_id, parent_id, from_parent_count, from_parent_calls, from_parent_paths, pct) VALUES(2942,2939,30288,4484,25,0);
INSERT INTO children(self_id, parent_id, from_parent_count, from_parent_calls, from_parent_paths, pct) VALUES(2943,2939,30288,4464,25,0);
INSERT INTO children(self_id, parent_id, from_parent_count, from_parent_calls, from_parent_paths, pct) VALUES(2944,2938,113612,14121,16,0);
INSERT INTO children(self_id, parent_id, from_parent_count, from_parent_calls, from_parent_paths, pct) VALUES(2945,2944,0,0,0,0);
INSERT INTO children(self_id, parent_id, from_parent_count, from_parent_calls, from_parent_paths, pct) VALUES(2946,2944,30288,4486,25,0);
INSERT INTO children(self_id, parent_id, from_parent_count, from_parent_calls, from_parent_paths, pct) VALUES(2947,2944,30288,4483,25,0);
INSERT INTO children(self_id, parent_id, from_parent_count, from_parent_calls, from_parent_paths, pct) VALUES(2948,2944,30288,4472,25,0);
INSERT INTO children(self_id, parent_id, from_parent_count, from_parent_calls, from_parent_paths, pct) VALUES(2949,2908,453756,57039,16,0);
INSERT INTO children(self_id, parent_id, from_parent_count, from_parent_calls, from_parent_paths, pct) VALUES(2950,2949,0,0,0,0);
INSERT INTO children(self_id, parent_id, from_parent_count, from_parent_calls, from_parent_paths, pct) VALUES(2951,2949,82384,10613,25,0);
INSERT INTO children(self_id, parent_id, from_parent_count, from_parent_calls, from_parent_paths, pct) VALUES(2952,2949,92752,11858,25,0);
INSERT INTO children(self_id, parent_id, from_parent_count, from_parent_calls, from_parent_paths, pct) VALUES(2953,2949,54736,7235,25,0);
INSERT INTO children(self_id, parent_id, from_parent_count, from_parent_calls, from_parent_paths, pct) VALUES(2954,2949,59920,7843,25,0);
INSERT INTO children(self_id, parent_id, from_parent_count, from_parent_calls, from_parent_paths, pct) VALUES(2955,2949,67152,8915,25,0);
INSERT INTO children(self_id, parent_id, from_parent_count, from_parent_calls, from_parent_paths, pct) VALUES(2956,2949,74064,9718,25,0);
INSERT INTO children(self_id, parent_id, from_parent_count, from_parent_calls, from_parent_paths, pct) VALUES(2957,2901,418956,84362,4,0);
INSERT INTO children(self_id, parent_id, from_parent_count, from_parent_calls, from_parent_paths, pct) VALUES(2958,2957,2000,4,2,0);
INSERT INTO children(self_id, parent_id, from_parent_count, from_parent_calls, from_parent_paths, pct) VALUES(2959,2957,20796,7,3,0);
INSERT INTO children(self_id, parent_id, from_parent_count, from_parent_calls, from_parent_paths, pct) VALUES(2960,2959,8464,0,6,0);
INSERT INTO children(self_id, parent_id, from_parent_count, from_parent_calls, from_parent_paths, pct) VALUES(2961,2959,7040,4,4,0);
INSERT INTO children(self_id, parent_id, from_parent_count, from_parent_calls, from_parent_paths, pct) VALUES(2962,2957,12336,5,4,0);
INSERT INTO children(self_id, parent_id, from_parent_count, from_parent_calls, from_parent_paths, pct) VALUES(2963,2962,5280,1,3,0);
INSERT INTO children(self_id, parent_id, from_parent_count, from_parent_calls, from_parent_paths, pct) VALUES(2964,2957,8520,36,5,0);
INSERT INTO children(self_id, parent_id, from_parent_count, from_parent_calls, from_parent_paths, pct) VALUES(2965,2964,3520,28,2,0);
INSERT INTO children(self_id, parent_id, from_parent_count, from_parent_calls, from_parent_paths, pct) VALUES(2966,2957,24,5,1,0);
INSERT INTO children(self_id, parent_id, from_parent_count, from_parent_calls, from_parent_paths, pct) VALUES(2967,2957,33600,12,2,0);
INSERT INTO children(self_id, parent_id, from_parent_count, from_parent_calls, from_parent_paths, pct) VALUES(2968,2967,9600,4,2,0);
INSERT INTO children(self_id, parent_id, from_parent_count, from_parent_calls, from_parent_paths, pct) VALUES(2969,2967,4800,2,1,0);
INSERT INTO children(self_id, parent_id, from_parent_count, from_parent_calls, from_parent_paths, pct) VALUES(2970,2967,9600,2,2,0);
INSERT INTO mainrows(id, symbol_id, self_count, cumulative_count, kids, self_calls, total_calls, self_paths, total_paths, pct) VALUES(2971, 2971, 3432800, 3432800, 4, 814364, 841662, 264, 264, 0.0);
INSERT INTO mainrows(id, symbol_id, self_count, cumulative_count, kids, self_calls, total_calls, self_paths, total_paths, pct) VALUES(2972, 2972, 32, 32, 2, 0, 8, 2, 2, 0.0);
INSERT INTO mainrows(id, symbol_id, self_count, cumulative_count, kids, self_calls, total_calls, self_paths, total_paths, pct) VALUES(2973, 2973, 0, 0, 0, 0, 0, 0, 0, 0.0);
INSERT INTO mainrows(id, symbol_id, self_count, cumulative_count, kids, self_calls, total_calls, self_paths, total_paths, pct) VALUES(2974, 2974, 0, 0, 0, 0, 0, 0, 0, 0.0);
INSERT INTO mainrows(id, symbol_id, self_count, cumulative_count, kids, self_calls, total_calls, self_paths, total_paths, pct) VALUES(2975, 2975, 424, 424, 0, 56, 106, 5, 5, 0.0);
INSERT INTO mainrows(id, symbol_id, self_count, cumulative_count, kids, self_calls, total_calls, self_paths, total_paths, pct) VALUES(2976, 2976, 3428252, 3428252, 2, 813863, 840525, 242, 242, 0.0);
INSERT INTO mainrows(id, symbol_id, self_count, cumulative_count, kids, self_calls, total_calls, self_paths, total_paths, pct) VALUES(2977, 2977, 3098544, 3098544, 4, 751032, 767532, 145, 145, 0.0);
INSERT INTO mainrows(id, symbol_id, self_count, cumulative_count, kids, self_calls, total_calls, self_paths, total_paths, pct) VALUES(2978, 2978, 44164, 44164, 0, 1285, 6297, 34, 34, 0.0);
INSERT INTO mainrows(id, symbol_id, self_count, cumulative_count, kids, self_calls, total_calls, self_paths, total_paths, pct) VALUES(2979, 2979, 260540, 260540, 6, 61160, 62775, 45, 45, 0.0);
INSERT INTO mainrows(id, symbol_id, self_count, cumulative_count, kids, self_calls, total_calls, self_paths, total_paths, pct) VALUES(2980, 2980, 1128, 1128, 0, 133, 166, 6, 6, 0.0);
INSERT INTO mainrows(id, symbol_id, self_count, cumulative_count, kids, self_calls, total_calls, self_paths, total_paths, pct) VALUES(2981, 2981, 1128, 1128, 0, 117, 166, 6, 6, 0.0);
INSERT INTO mainrows(id, symbol_id, self_count, cumulative_count, kids, self_calls, total_calls, self_paths, total_paths, pct) VALUES(2982, 2982, 1128, 1128, 0, 145, 166, 6, 6, 0.0);
INSERT INTO mainrows(id, symbol_id, self_count, cumulative_count, kids, self_calls, total_calls, self_paths, total_paths, pct) VALUES(2983, 2983, 1128, 1128, 0, 134, 166, 6, 6, 0.0);
INSERT INTO mainrows(id, symbol_id, self_count, cumulative_count, kids, self_calls, total_calls, self_paths, total_paths, pct) VALUES(2984, 2984, 1128, 1128, 0, 127, 166, 6, 6, 0.0);
INSERT INTO mainrows(id, symbol_id, self_count, cumulative_count, kids, self_calls, total_calls, self_paths, total_paths, pct) VALUES(2985, 2985, 1128, 1128, 0, 129, 166, 6, 6, 0.0);
INSERT INTO mainrows(id, symbol_id, self_count, cumulative_count, kids, self_calls, total_calls, self_paths, total_paths, pct) VALUES(2986, 2986, 10480, 10480, 0, 153, 2620, 12, 12, 0.0);
INSERT INTO mainrows(id, symbol_id, self_count, cumulative_count, kids, self_calls, total_calls, self_paths, total_paths, pct) VALUES(2987, 2987, 2783360, 2783360, 0, 688434, 695840, 54, 54, 0.0);
INSERT INTO mainrows(id, symbol_id, self_count, cumulative_count, kids, self_calls, total_calls, self_paths, total_paths, pct) VALUES(2988, 2988, 329708, 329708, 1, 62831, 72993, 97, 97, 0.0);
INSERT INTO mainrows(id, symbol_id, self_count, cumulative_count, kids, self_calls, total_calls, self_paths, total_paths, pct) VALUES(2989, 2989, 329708, 329708, 3, 62831, 72993, 97, 97, 0.0);
INSERT INTO mainrows(id, symbol_id, self_count, cumulative_count, kids, self_calls, total_calls, self_paths, total_paths, pct) VALUES(2990, 2990, 66408, 66408, 0, 1652, 9528, 49, 49, 0.0);
INSERT INTO mainrows(id, symbol_id, self_count, cumulative_count, kids, self_calls, total_calls, self_paths, total_paths, pct) VALUES(2991, 2991, 260540, 260540, 6, 61116, 62775, 45, 45, 0.0);
INSERT INTO mainrows(id, symbol_id, self_count, cumulative_count, kids, self_calls, total_calls, self_paths, total_paths, pct) VALUES(2992, 2992, 1128, 1128, 0, 127, 166, 6, 6, 0.0);
INSERT INTO mainrows(id, symbol_id, self_count, cumulative_count, kids, self_calls, total_calls, self_paths, total_paths, pct) VALUES(2993, 2993, 1128, 1128, 0, 103, 166, 6, 6, 0.0);
INSERT INTO mainrows(id, symbol_id, self_count, cumulative_count, kids, self_calls, total_calls, self_paths, total_paths, pct) VALUES(2994, 2994, 1128, 1128, 0, 131, 166, 6, 6, 0.0);
INSERT INTO mainrows(id, symbol_id, self_count, cumulative_count, kids, self_calls, total_calls, self_paths, total_paths, pct) VALUES(2995, 2995, 1128, 1128, 0, 121, 166, 6, 6, 0.0);
INSERT INTO mainrows(id, symbol_id, self_count, cumulative_count, kids, self_calls, total_calls, self_paths, total_paths, pct) VALUES(2996, 2996, 1128, 1128, 0, 112, 166, 6, 6, 0.0);
INSERT INTO mainrows(id, symbol_id, self_count, cumulative_count, kids, self_calls, total_calls, self_paths, total_paths, pct) VALUES(2997, 2997, 1128, 1128, 0, 119, 166, 6, 6, 0.0);
INSERT INTO mainrows(id, symbol_id, self_count, cumulative_count, kids, self_calls, total_calls, self_paths, total_paths, pct) VALUES(2998, 2998, 2760, 2760, 0, 63, 690, 3, 3, 0.0);
INSERT INTO mainrows(id, symbol_id, self_count, cumulative_count, kids, self_calls, total_calls, self_paths, total_paths, pct) VALUES(2999, 2999, 4092, 4092, 3, 445, 1023, 15, 15, 0.0);
INSERT INTO mainrows(id, symbol_id, self_count, cumulative_count, kids, self_calls, total_calls, self_paths, total_paths, pct) VALUES(3000, 3000, 1364, 1364, 0, 138, 341, 5, 5, 0.0);
INSERT INTO mainrows(id, symbol_id, self_count, cumulative_count, kids, self_calls, total_calls, self_paths, total_paths, pct) VALUES(3001, 3001, 1364, 1364, 0, 154, 341, 5, 5, 0.0);
INSERT INTO mainrows(id, symbol_id, self_count, cumulative_count, kids, self_calls, total_calls, self_paths, total_paths, pct) VALUES(3002, 3002, 1364, 1364, 0, 153, 341, 5, 5, 0.0);
INSERT INTO parents(self_id, child_id, to_child_count, to_child_calls, to_child_paths, pct) VALUES(10,2971,0,0,0,0);
INSERT INTO parents(self_id, child_id, to_child_count, to_child_calls, to_child_paths, pct) VALUES(2971,2972,32,8,2,0);
INSERT INTO parents(self_id, child_id, to_child_count, to_child_calls, to_child_paths, pct) VALUES(2972,2973,0,0,0,0);
INSERT INTO parents(self_id, child_id, to_child_count, to_child_calls, to_child_paths, pct) VALUES(2972,2974,0,0,0,0);
INSERT INTO parents(self_id, child_id, to_child_count, to_child_calls, to_child_paths, pct) VALUES(2971,2975,424,106,5,0);
INSERT INTO parents(self_id, child_id, to_child_count, to_child_calls, to_child_paths, pct) VALUES(2971,2976,0,0,0,0);
INSERT INTO parents(self_id, child_id, to_child_count, to_child_calls, to_child_paths, pct) VALUES(2976,2977,0,0,0,0);
INSERT INTO parents(self_id, child_id, to_child_count, to_child_calls, to_child_paths, pct) VALUES(2977,2978,44164,6297,34,0);
INSERT INTO parents(self_id, child_id, to_child_count, to_child_calls, to_child_paths, pct) VALUES(2977,2979,253772,61779,9,0);
INSERT INTO parents(self_id, child_id, to_child_count, to_child_calls, to_child_paths, pct) VALUES(2979,2980,1128,166,6,0);
INSERT INTO parents(self_id, child_id, to_child_count, to_child_calls, to_child_paths, pct) VALUES(2979,2981,1128,166,6,0);
INSERT INTO parents(self_id, child_id, to_child_count, to_child_calls, to_child_paths, pct) VALUES(2979,2982,1128,166,6,0);
INSERT INTO parents(self_id, child_id, to_child_count, to_child_calls, to_child_paths, pct) VALUES(2979,2983,1128,166,6,0);
INSERT INTO parents(self_id, child_id, to_child_count, to_child_calls, to_child_paths, pct) VALUES(2979,2984,1128,166,6,0);
INSERT INTO parents(self_id, child_id, to_child_count, to_child_calls, to_child_paths, pct) VALUES(2979,2985,1128,166,6,0);
INSERT INTO parents(self_id, child_id, to_child_count, to_child_calls, to_child_paths, pct) VALUES(2977,2986,10480,2620,12,0);
INSERT INTO parents(self_id, child_id, to_child_count, to_child_calls, to_child_paths, pct) VALUES(2977,2987,2783360,695840,54,0);
INSERT INTO parents(self_id, child_id, to_child_count, to_child_calls, to_child_paths, pct) VALUES(2976,2988,0,0,0,0);
INSERT INTO parents(self_id, child_id, to_child_count, to_child_calls, to_child_paths, pct) VALUES(2988,2989,0,0,0,0);
INSERT INTO parents(self_id, child_id, to_child_count, to_child_calls, to_child_paths, pct) VALUES(2989,2990,66408,9528,49,0);
INSERT INTO parents(self_id, child_id, to_child_count, to_child_calls, to_child_paths, pct) VALUES(2989,2991,253772,61779,9,0);
INSERT INTO parents(self_id, child_id, to_child_count, to_child_calls, to_child_paths, pct) VALUES(2991,2992,1128,166,6,0);
INSERT INTO parents(self_id, child_id, to_child_count, to_child_calls, to_child_paths, pct) VALUES(2991,2993,1128,166,6,0);
INSERT INTO parents(self_id, child_id, to_child_count, to_child_calls, to_child_paths, pct) VALUES(2991,2994,1128,166,6,0);
INSERT INTO parents(self_id, child_id, to_child_count, to_child_calls, to_child_paths, pct) VALUES(2991,2995,1128,166,6,0);
INSERT INTO parents(self_id, child_id, to_child_count, to_child_calls, to_child_paths, pct) VALUES(2991,2996,1128,166,6,0);
INSERT INTO parents(self_id, child_id, to_child_count, to_child_calls, to_child_paths, pct) VALUES(2991,2997,1128,166,6,0);
INSERT INTO parents(self_id, child_id, to_child_count, to_child_calls, to_child_paths, pct) VALUES(2989,2998,2760,690,3,0);
INSERT INTO parents(self_id, child_id, to_child_count, to_child_calls, to_child_paths, pct) VALUES(2971,2999,0,0,0,0);
INSERT INTO parents(self_id, child_id, to_child_count, to_child_calls, to_child_paths, pct) VALUES(2999,3000,1364,341,5,0);
INSERT INTO parents(self_id, child_id, to_child_count, to_child_calls, to_child_paths, pct) VALUES(2999,3001,1364,341,5,0);
INSERT INTO parents(self_id, child_id, to_child_count, to_child_calls, to_child_paths, pct) VALUES(2999,3002,1364,341,5,0);
INSERT INTO children(self_id, parent_id, from_parent_count, from_parent_calls, from_parent_paths, pct) VALUES(2971,10,3432800,814364,0,0);
INSERT INTO children(self_id, parent_id, from_parent_count, from_parent_calls, from_parent_paths, pct) VALUES(2972,2971,32,0,2,0);
INSERT INTO children(self_id, parent_id, from_parent_count, from_parent_calls, from_parent_paths, pct) VALUES(2973,2972,0,0,0,0);
INSERT INTO children(self_id, parent_id, from_parent_count, from_parent_calls, from_parent_paths, pct) VALUES(2974,2972,0,0,0,0);
INSERT INTO children(self_id, parent_id, from_parent_count, from_parent_calls, from_parent_paths, pct) VALUES(2975,2971,424,56,5,0);
INSERT INTO children(self_id, parent_id, from_parent_count, from_parent_calls, from_parent_paths, pct) VALUES(2976,2971,3428252,813863,0,0);
INSERT INTO children(self_id, parent_id, from_parent_count, from_parent_calls, from_parent_paths, pct) VALUES(2977,2976,3098544,751032,0,0);
INSERT INTO children(self_id, parent_id, from_parent_count, from_parent_calls, from_parent_paths, pct) VALUES(2978,2977,44164,1285,34,0);
INSERT INTO children(self_id, parent_id, from_parent_count, from_parent_calls, from_parent_paths, pct) VALUES(2979,2977,260540,61160,9,0);
INSERT INTO children(self_id, parent_id, from_parent_count, from_parent_calls, from_parent_paths, pct) VALUES(2980,2979,1128,133,6,0);
INSERT INTO children(self_id, parent_id, from_parent_count, from_parent_calls, from_parent_paths, pct) VALUES(2981,2979,1128,117,6,0);
INSERT INTO children(self_id, parent_id, from_parent_count, from_parent_calls, from_parent_paths, pct) VALUES(2982,2979,1128,145,6,0);
INSERT INTO children(self_id, parent_id, from_parent_count, from_parent_calls, from_parent_paths, pct) VALUES(2983,2979,1128,134,6,0);
INSERT INTO children(self_id, parent_id, from_parent_count, from_parent_calls, from_parent_paths, pct) VALUES(2984,2979,1128,127,6,0);
INSERT INTO children(self_id, parent_id, from_parent_count, from_parent_calls, from_parent_paths, pct) VALUES(2985,2979,1128,129,6,0);
INSERT INTO children(self_id, parent_id, from_parent_count, from_parent_calls, from_parent_paths, pct) VALUES(2986,2977,10480,153,12,0);
INSERT INTO children(self_id, parent_id, from_parent_count, from_parent_calls, from_parent_paths, pct) VALUES(2987,2977,2783360,688434,54,0);
INSERT INTO children(self_id, parent_id, from_parent_count, from_parent_calls, from_parent_paths, pct) VALUES(2988,2976,329708,62831,0,0);
INSERT INTO children(self_id, parent_id, from_parent_count, from_parent_calls, from_parent_paths, pct) VALUES(2989,2988,329708,62831,0,0);
INSERT INTO children(self_id, parent_id, from_parent_count, from_parent_calls, from_parent_paths, pct) VALUES(2990,2989,66408,1652,49,0);
INSERT INTO children(self_id, parent_id, from_parent_count, from_parent_calls, from_parent_paths, pct) VALUES(2991,2989,260540,61116,9,0);
INSERT INTO children(self_id, parent_id, from_parent_count, from_parent_calls, from_parent_paths, pct) VALUES(2992,2991,1128,127,6,0);
INSERT INTO children(self_id, parent_id, from_parent_count, from_parent_calls, from_parent_paths, pct) VALUES(2993,2991,1128,103,6,0);
INSERT INTO children(self_id, parent_id, from_parent_count, from_parent_calls, from_parent_paths, pct) VALUES(2994,2991,1128,131,6,0);
INSERT INTO children(self_id, parent_id, from_parent_count, from_parent_calls, from_parent_paths, pct) VALUES(2995,2991,1128,121,6,0);
INSERT INTO children(self_id, parent_id, from_parent_count, from_parent_calls, from_parent_paths, pct) VALUES(2996,2991,1128,112,6,0);
INSERT INTO children(self_id, parent_id, from_parent_count, from_parent_calls, from_parent_paths, pct) VALUES(2997,2991,1128,119,6,0);
INSERT INTO children(self_id, parent_id, from_parent_count, from_parent_calls, from_parent_paths, pct) VALUES(2998,2989,2760,63,3,0);
INSERT INTO children(self_id, parent_id, from_parent_count, from_parent_calls, from_parent_paths, pct) VALUES(2999,2971,4092,445,0,0);
INSERT INTO children(self_id, parent_id, from_parent_count, from_parent_calls, from_parent_paths, pct) VALUES(3000,2999,1364,138,5,0);
INSERT INTO children(self_id, parent_id, from_parent_count, from_parent_calls, from_parent_paths, pct) VALUES(3001,2999,1364,154,5,0);
INSERT INTO children(self_id, parent_id, from_parent_count, from_parent_calls, from_parent_paths, pct) VALUES(3002,2999,1364,153,5,0);

