    PRAGMA journal_mode=OFF;    PRAGMA count_changes=OFF;    DROP TABLE IF EXISTS files;    DROP TABLE IF EXISTS symbols;    DROP TABLE IF EXISTS mainrows;    DROP TABLE IF EXISTS children;    DROP TABLE IF EXISTS parents;    DROP TABLE IF EXISTS summary;    CREATE TABLE children (        self_id INTEGER CONSTRAINT self_exists REFERENCES mainrows(id),        parent_id INTEGER CONSTRAINT parent_exists REFERENCES mainrows(id),        from_parent_count INTEGER,        from_parent_calls INTEGER,        from_parent_paths INTEGER,        pct REAL    );    CREATE TABLE files (        id,        name TEXT    );    CREATE TABLE mainrows (        id INTEGER PRIMARY KEY,        symbol_id INTEGER CONSTRAINT symbol_id_exists REFERENCES symbols(id),        self_count INTEGER,        cumulative_count INTEGER,        kids INTEGER,        self_calls INTEGER,        total_calls INTEGER,        self_paths INTEGER,        total_paths INTEGER,        pct REAL    );    CREATE TABLE parents (        self_id INTEGER CONSTRAINT self_exists REFERENCES mainrows(id),        child_id INTEGER CONSTRAINT child_exists REFERENCES mainrows(id),        to_child_count INTEGER,        to_child_calls INTEGER,        to_child_paths INTEGER,        pct REAL    );    CREATE TABLE summary (        counter TEXT,        total_count INTEGER,        total_freq INTEGER,        tick_period REAL    );    CREATE TABLE symbols (        id,        name TEXT,        filename_id INTEGER CONSTRAINT file_id_exists REFERENCES files(id)    );    CREATE UNIQUE INDEX fileIndex ON files (id);    CREATE INDEX selfCountIndex ON mainrows(self_count);    CREATE UNIQUE INDEX symbolsIndex ON symbols (id);    CREATE INDEX totalCountIndex ON mainrows(cumulative_count);
INSERT INTO files(id, name) VALUES(10,"root");
INSERT INTO symbols(id, name, filename_id) VALUES (10,"root", 10);
INSERT INTO symbols(id, name, filename_id) VALUES (11,"Btag", 10);
INSERT INTO symbols(id, name, filename_id) VALUES (12,"CSVTag_GLOBAL", 11);
INSERT INTO symbols(id, name, filename_id) VALUES (13,"CSV_GLOBAL", 11);
INSERT INTO symbols(id, name, filename_id) VALUES (14,"GhTrk_GLOBAL", 11);
INSERT INTO symbols(id, name, filename_id) VALUES (15,"IPTag_GLOBAL", 11);
INSERT INTO symbols(id, name, filename_id) VALUES (16,"JBP_GLOBAL", 11);
INSERT INTO symbols(id, name, filename_id) VALUES (17,"JP_GLOBAL", 11);
INSERT INTO symbols(id, name, filename_id) VALUES (18,"SET_GLOBAL", 11);
INSERT INTO symbols(id, name, filename_id) VALUES (19,"SMT_GLOBAL", 11);
INSERT INTO symbols(id, name, filename_id) VALUES (20,"SSVHE_GLOBAL", 11);
INSERT INTO symbols(id, name, filename_id) VALUES (21,"SSVHP_GLOBAL", 11);
INSERT INTO symbols(id, name, filename_id) VALUES (22,"TCHE_GLOBAL", 11);
INSERT INTO symbols(id, name, filename_id) VALUES (23,"TCHP_GLOBAL", 11);
INSERT INTO symbols(id, name, filename_id) VALUES (24,"EgammaV", 10);
INSERT INTO symbols(id, name, filename_id) VALUES (25,"ElectronMcFakeValidator", 24);
INSERT INTO symbols(id, name, filename_id) VALUES (26,"ElectronMcSignalValidator", 24);
INSERT INTO symbols(id, name, filename_id) VALUES (27,"PhotonValidator", 24);
INSERT INTO symbols(id, name, filename_id) VALUES (28,"Background", 27);
INSERT INTO symbols(id, name, filename_id) VALUES (29,"ConversionInfo", 27);
INSERT INTO symbols(id, name, filename_id) VALUES (30,"Photons", 27);
INSERT INTO symbols(id, name, filename_id) VALUES (31,"SimulationInfo", 27);
INSERT INTO symbols(id, name, filename_id) VALUES (32,"pfPhotonValidator", 24);
INSERT INTO symbols(id, name, filename_id) VALUES (33,"Background", 32);
INSERT INTO symbols(id, name, filename_id) VALUES (34,"ConversionInfo", 32);
INSERT INTO symbols(id, name, filename_id) VALUES (35,"Photons", 32);
INSERT INTO symbols(id, name, filename_id) VALUES (36,"SimulationInfo", 32);
INSERT INTO symbols(id, name, filename_id) VALUES (37,"Generator", 10);
INSERT INTO symbols(id, name, filename_id) VALUES (38,"GenParticles", 37);
INSERT INTO symbols(id, name, filename_id) VALUES (39,"Particles", 37);
INSERT INTO symbols(id, name, filename_id) VALUES (40,"HLT", 10);
INSERT INTO symbols(id, name, filename_id) VALUES (41,"B2GHLTValidation", 40);
INSERT INTO symbols(id, name, filename_id) VALUES (42,"B2G", 41);
INSERT INTO symbols(id, name, filename_id) VALUES (43,"SemiElectronic", 42);
INSERT INTO symbols(id, name, filename_id) VALUES (44,"SemiMuonic", 42);
INSERT INTO symbols(id, name, filename_id) VALUES (45,"SingleJet", 42);
INSERT INTO symbols(id, name, filename_id) VALUES (46,"BTag", 40);
INSERT INTO symbols(id, name, filename_id) VALUES (47,"HLT_PFMET120_NoiseCleaned_BTagCSV07_v1", 46);
INSERT INTO symbols(id, name, filename_id) VALUES (48,"HLTEgammaValidation", 40);
INSERT INTO symbols(id, name, filename_id) VALUES (49,"HLT_DoubleEle33_CaloIdL_GsfTrkIdVL_DQM", 48);
INSERT INTO symbols(id, name, filename_id) VALUES (50,"HLT_DoubleEle33_CaloIdL_GsfTrkIdVL_MW_DQM", 48);
INSERT INTO symbols(id, name, filename_id) VALUES (51,"HLT_DoublePhoton85_DQM", 48);
INSERT INTO symbols(id, name, filename_id) VALUES (52,"HLT_Ele17_Ele12_Ele10_CaloId_TrackId_DQM", 48);
INSERT INTO symbols(id, name, filename_id) VALUES (53,"HLT_Ele20WP60_Ele8_Mass55_DQM", 48);
INSERT INTO symbols(id, name, filename_id) VALUES (54,"HLT_Ele22_eta2p1_WP85_Gsf_LooseIsoPFTau20_DQM", 48);
INSERT INTO symbols(id, name, filename_id) VALUES (55,"HLT_Ele23_Ele12_CaloId_TrackId_Iso_DQM", 48);
INSERT INTO symbols(id, name, filename_id) VALUES (56,"HLT_Ele25WP60_SC4_Mass55_DQM", 48);
INSERT INTO symbols(id, name, filename_id) VALUES (57,"HLT_Ele27_eta2p1_WP85_Gsf_CentralPFJet30_BTagCSV_DQM", 48);
INSERT INTO symbols(id, name, filename_id) VALUES (58,"HLT_Ele27_eta2p1_WP85_Gsf_DQM", 48);
INSERT INTO symbols(id, name, filename_id) VALUES (59,"HLT_Ele27_eta2p1_WP85_Gsf_TriCentralPFJet40_DQM", 48);
INSERT INTO symbols(id, name, filename_id) VALUES (60,"HLT_Ele27_eta2p1_WP85_Gsf_TriCentralPFJet60_50_35_DQM", 48);
INSERT INTO symbols(id, name, filename_id) VALUES (61,"HLT_Ele45_CaloIdVT_GsfTrkIdT_PFJet200_PFJet50_DQM", 48);
INSERT INTO symbols(id, name, filename_id) VALUES (62,"HLT_Ele95_CaloIdVT_GsfTrkIdT_DQM", 48);
INSERT INTO symbols(id, name, filename_id) VALUES (63,"HLT_Mu23_TrkIsoVVL_Ele12_Gsf_CaloId_TrackId_Iso_MediumWP_DQM", 48);
INSERT INTO symbols(id, name, filename_id) VALUES (64,"HLT_Mu8_TrkIsoVVL_Ele23_Gsf_CaloId_TrackId_Iso_MediumWP_DQM", 48);
INSERT INTO symbols(id, name, filename_id) VALUES (65,"HLT_Photon135_PFMET40_DQM", 48);
INSERT INTO symbols(id, name, filename_id) VALUES (66,"HLT_Photon135_VBF_DQM", 48);
INSERT INTO symbols(id, name, filename_id) VALUES (67,"HLT_Photon150_PFMET40_DQM", 48);
INSERT INTO symbols(id, name, filename_id) VALUES (68,"HLT_Photon150_VBF_DQM", 48);
INSERT INTO symbols(id, name, filename_id) VALUES (69,"HLT_Photon155_DQM", 48);
INSERT INTO symbols(id, name, filename_id) VALUES (70,"HLT_Photon160_PFMET40_DQM", 48);
INSERT INTO symbols(id, name, filename_id) VALUES (71,"HLT_Photon160_VBF_DQM", 48);
INSERT INTO symbols(id, name, filename_id) VALUES (72,"HLT_Photon22_R9Id90_HE10_Iso40_EBOnly_PFMET40_DQM", 48);
INSERT INTO symbols(id, name, filename_id) VALUES (73,"HLT_Photon22_R9Id90_HE10_Iso40_EBOnly_VBF_DQM", 48);
INSERT INTO symbols(id, name, filename_id) VALUES (74,"HLT_Photon250_NoHE_PFMET40_DQM", 48);
INSERT INTO symbols(id, name, filename_id) VALUES (75,"HLT_Photon250_NoHE_VBF_DQM", 48);
INSERT INTO symbols(id, name, filename_id) VALUES (76,"HLT_Photon300_NoHE_PFMET40_DQM", 48);
INSERT INTO symbols(id, name, filename_id) VALUES (77,"HLT_Photon300_NoHE_VBF_DQM", 48);
INSERT INTO symbols(id, name, filename_id) VALUES (78,"HLT_Photon36_R9Id85_OR_CaloId24b40e_Iso50T80L_Photon18_AND_HE10_R9Id65_Mass95_DQM", 48);
INSERT INTO symbols(id, name, filename_id) VALUES (79,"HLT_Photon36_R9Id90_HE10_Iso40_EBOnly_PFMET40_DQM", 48);
INSERT INTO symbols(id, name, filename_id) VALUES (80,"HLT_Photon36_R9Id90_HE10_Iso40_EBOnly_VBF_DQM", 48);
INSERT INTO symbols(id, name, filename_id) VALUES (81,"HLT_Photon42_R9Id85_OR_CaloId24b40e_Iso50T80L_Photon22_AND_HE10_R9Id65_DQM", 48);
INSERT INTO symbols(id, name, filename_id) VALUES (82,"HLT_Photon50_R9Id90_HE10_Iso40_EBOnly_PFMET40_DQM", 48);
INSERT INTO symbols(id, name, filename_id) VALUES (83,"HLT_Photon50_R9Id90_HE10_Iso40_EBOnly_VBF_DQM", 48);
INSERT INTO symbols(id, name, filename_id) VALUES (84,"HLT_Photon75_R9Id90_HE10_Iso40_EBOnly_PFMET40_DQM", 48);
INSERT INTO symbols(id, name, filename_id) VALUES (85,"HLT_Photon75_R9Id90_HE10_Iso40_EBOnly_VBF_DQM", 48);
INSERT INTO symbols(id, name, filename_id) VALUES (86,"HLT_Photon90_R9Id90_HE10_Iso40_EBOnly_PFMET40_DQM", 48);
INSERT INTO symbols(id, name, filename_id) VALUES (87,"HLT_Photon90_R9Id90_HE10_Iso40_EBOnly_VBF_DQM", 48);
INSERT INTO symbols(id, name, filename_id) VALUES (88,"HLTJETMET", 40);
INSERT INTO symbols(id, name, filename_id) VALUES (89,"HLT_PFJet260", 88);
INSERT INTO symbols(id, name, filename_id) VALUES (90,"HLT_PFMET170_NoiseCleaned", 88);
INSERT INTO symbols(id, name, filename_id) VALUES (91,"Higgs", 40);
INSERT INTO symbols(id, name, filename_id) VALUES (92,"H2tau", 91);
INSERT INTO symbols(id, name, filename_id) VALUES (93,"HWW", 91);
INSERT INTO symbols(id, name, filename_id) VALUES (94,"HZZ", 91);
INSERT INTO symbols(id, name, filename_id) VALUES (95,"Hgg", 91);
INSERT INTO symbols(id, name, filename_id) VALUES (96,"Htaunu", 91);
INSERT INTO symbols(id, name, filename_id) VALUES (97,"Muon", 40);
INSERT INTO symbols(id, name, filename_id) VALUES (98,"Distributions", 97);
INSERT INTO symbols(id, name, filename_id) VALUES (99,"HLT_IsoMu24_IterTrk02", 98);
INSERT INTO symbols(id, name, filename_id) VALUES (100,"HLT_IsoTkMu24_IterTrk02", 98);
INSERT INTO symbols(id, name, filename_id) VALUES (101,"HLT_L2DoubleMu23_NoVertex", 98);
INSERT INTO symbols(id, name, filename_id) VALUES (102,"HLT_Mu40", 98);
INSERT INTO symbols(id, name, filename_id) VALUES (103,"MultiTrack", 97);
INSERT INTO symbols(id, name, filename_id) VALUES (104,"hltL2Muons", 103);
INSERT INTO symbols(id, name, filename_id) VALUES (105,"simulation", 104);
INSERT INTO symbols(id, name, filename_id) VALUES (106,"hltL2Muons_UpdAtVtx", 103);
INSERT INTO symbols(id, name, filename_id) VALUES (107,"simulation", 106);
INSERT INTO symbols(id, name, filename_id) VALUES (108,"hltL3Muons", 103);
INSERT INTO symbols(id, name, filename_id) VALUES (109,"simulation", 108);
INSERT INTO symbols(id, name, filename_id) VALUES (110,"hltL3TkTrksFromL2", 103);
INSERT INTO symbols(id, name, filename_id) VALUES (111,"simulation", 110);
INSERT INTO symbols(id, name, filename_id) VALUES (112,"SusyExo", 40);
INSERT INTO symbols(id, name, filename_id) VALUES (113,"By_Event", 112);
INSERT INTO symbols(id, name, filename_id) VALUES (114,"By_Muon", 112);
INSERT INTO symbols(id, name, filename_id) VALUES (115,"McSelection", 112);
INSERT INTO symbols(id, name, filename_id) VALUES (116,"RA1", 115);
INSERT INTO symbols(id, name, filename_id) VALUES (117,"RA2", 115);
INSERT INTO symbols(id, name, filename_id) VALUES (118,"RA3", 115);
INSERT INTO symbols(id, name, filename_id) VALUES (119,"RA4_e", 115);
INSERT INTO symbols(id, name, filename_id) VALUES (120,"RA4_m", 115);
INSERT INTO symbols(id, name, filename_id) VALUES (121,"RA5RA6_1e1m", 115);
INSERT INTO symbols(id, name, filename_id) VALUES (122,"RA5RA6_2e", 115);
INSERT INTO symbols(id, name, filename_id) VALUES (123,"RA5RA6_2m", 115);
INSERT INTO symbols(id, name, filename_id) VALUES (124,"RA7_1e2m", 115);
INSERT INTO symbols(id, name, filename_id) VALUES (125,"RA7_2e1m", 115);
INSERT INTO symbols(id, name, filename_id) VALUES (126,"RA7_3e", 115);
INSERT INTO symbols(id, name, filename_id) VALUES (127,"RA7_3m", 115);
INSERT INTO symbols(id, name, filename_id) VALUES (128,"RecoSelection", 112);
INSERT INTO symbols(id, name, filename_id) VALUES (129,"Reco1", 128);
INSERT INTO symbols(id, name, filename_id) VALUES (130,"TriggerBits", 112);
INSERT INTO symbols(id, name, filename_id) VALUES (131,"TauRelVal", 40);
INSERT INTO symbols(id, name, filename_id) VALUES (132,"MC", 131);
INSERT INTO symbols(id, name, filename_id) VALUES (133,"HLT_DoubleMediumIsoPFTau40_Trk1_eta2p1_Reg", 132);
INSERT INTO symbols(id, name, filename_id) VALUES (134,"helpers", 133);
INSERT INTO symbols(id, name, filename_id) VALUES (135,"HLT_Ele22_eta2p1_WP85_Gsf_LooseIsoPFTau20", 132);
INSERT INTO symbols(id, name, filename_id) VALUES (136,"helpers", 135);
INSERT INTO symbols(id, name, filename_id) VALUES (137,"HLT_IsoMu17_eta2p1_LooseIsoPFTau20", 132);
INSERT INTO symbols(id, name, filename_id) VALUES (138,"helpers", 137);
INSERT INTO symbols(id, name, filename_id) VALUES (139,"HLT_LooseIsoPFTau50_Trk30_eta2p1_MET120", 132);
INSERT INTO symbols(id, name, filename_id) VALUES (140,"helpers", 139);
INSERT INTO symbols(id, name, filename_id) VALUES (141,"L1", 132);
INSERT INTO symbols(id, name, filename_id) VALUES (142,"helpers", 141);
INSERT INTO symbols(id, name, filename_id) VALUES (143,"Summary", 132);
INSERT INTO symbols(id, name, filename_id) VALUES (144,"helpers", 143);
INSERT INTO symbols(id, name, filename_id) VALUES (145,"PF", 131);
INSERT INTO symbols(id, name, filename_id) VALUES (146,"HLT_DoubleMediumIsoPFTau40_Trk1_eta2p1_Reg", 145);
INSERT INTO symbols(id, name, filename_id) VALUES (147,"helpers", 146);
INSERT INTO symbols(id, name, filename_id) VALUES (148,"HLT_Ele22_eta2p1_WP85_Gsf_LooseIsoPFTau20", 145);
INSERT INTO symbols(id, name, filename_id) VALUES (149,"helpers", 148);
INSERT INTO symbols(id, name, filename_id) VALUES (150,"HLT_IsoMu17_eta2p1_LooseIsoPFTau20", 145);
INSERT INTO symbols(id, name, filename_id) VALUES (151,"helpers", 150);
INSERT INTO symbols(id, name, filename_id) VALUES (152,"HLT_LooseIsoPFTau50_Trk30_eta2p1_MET120", 145);
INSERT INTO symbols(id, name, filename_id) VALUES (153,"helpers", 152);
INSERT INTO symbols(id, name, filename_id) VALUES (154,"L1", 145);
INSERT INTO symbols(id, name, filename_id) VALUES (155,"helpers", 154);
INSERT INTO symbols(id, name, filename_id) VALUES (156,"Summary", 145);
INSERT INTO symbols(id, name, filename_id) VALUES (157,"helpers", 156);
INSERT INTO symbols(id, name, filename_id) VALUES (158,"TopHLTOffline", 40);
INSERT INTO symbols(id, name, filename_id) VALUES (159,"SingleTop", 158);
INSERT INTO symbols(id, name, filename_id) VALUES (160,"SingleElectron", 159);
INSERT INTO symbols(id, name, filename_id) VALUES (161,"step0", 160);
INSERT INTO symbols(id, name, filename_id) VALUES (162,"step1", 160);
INSERT INTO symbols(id, name, filename_id) VALUES (163,"step2", 160);
INSERT INTO symbols(id, name, filename_id) VALUES (164,"SingleMuon", 159);
INSERT INTO symbols(id, name, filename_id) VALUES (165,"step0", 164);
INSERT INTO symbols(id, name, filename_id) VALUES (166,"step1", 164);
INSERT INTO symbols(id, name, filename_id) VALUES (167,"step2", 164);
INSERT INTO symbols(id, name, filename_id) VALUES (168,"Top", 158);
INSERT INTO symbols(id, name, filename_id) VALUES (169,"DiElectron", 168);
INSERT INTO symbols(id, name, filename_id) VALUES (170,"step0", 169);
INSERT INTO symbols(id, name, filename_id) VALUES (171,"step1", 169);
INSERT INTO symbols(id, name, filename_id) VALUES (172,"step2", 169);
INSERT INTO symbols(id, name, filename_id) VALUES (173,"DiMuon", 168);
INSERT INTO symbols(id, name, filename_id) VALUES (174,"step0", 173);
INSERT INTO symbols(id, name, filename_id) VALUES (175,"step1", 173);
INSERT INTO symbols(id, name, filename_id) VALUES (176,"step2", 173);
INSERT INTO symbols(id, name, filename_id) VALUES (177,"ElecMuon", 168);
INSERT INTO symbols(id, name, filename_id) VALUES (178,"step0", 177);
INSERT INTO symbols(id, name, filename_id) VALUES (179,"step1", 177);
INSERT INTO symbols(id, name, filename_id) VALUES (180,"step2", 177);
INSERT INTO symbols(id, name, filename_id) VALUES (181,"step3", 177);
INSERT INTO symbols(id, name, filename_id) VALUES (182,"SemiElectronic", 168);
INSERT INTO symbols(id, name, filename_id) VALUES (183,"step0", 182);
INSERT INTO symbols(id, name, filename_id) VALUES (184,"step1", 182);
INSERT INTO symbols(id, name, filename_id) VALUES (185,"step2", 182);
INSERT INTO symbols(id, name, filename_id) VALUES (186,"SemiMuonic", 168);
INSERT INTO symbols(id, name, filename_id) VALUES (187,"step0", 186);
INSERT INTO symbols(id, name, filename_id) VALUES (188,"step1", 186);
INSERT INTO symbols(id, name, filename_id) VALUES (189,"step2", 186);
INSERT INTO symbols(id, name, filename_id) VALUES (190,"TopHLTValidation", 40);
INSERT INTO symbols(id, name, filename_id) VALUES (191,"SingleTop", 190);
INSERT INTO symbols(id, name, filename_id) VALUES (192,"SingleElectron", 191);
INSERT INTO symbols(id, name, filename_id) VALUES (193,"SingleMuon", 191);
INSERT INTO symbols(id, name, filename_id) VALUES (194,"Top", 190);
INSERT INTO symbols(id, name, filename_id) VALUES (195,"DiElectron", 194);
INSERT INTO symbols(id, name, filename_id) VALUES (196,"DiMuon", 194);
INSERT INTO symbols(id, name, filename_id) VALUES (197,"ElecMuon", 194);
INSERT INTO symbols(id, name, filename_id) VALUES (198,"SemiElectronic", 194);
INSERT INTO symbols(id, name, filename_id) VALUES (199,"SemiMuonic", 194);
INSERT INTO symbols(id, name, filename_id) VALUES (200,"Vertex", 40);
INSERT INTO symbols(id, name, filename_id) VALUES (201,"HLT_PFMET120_NoiseCleaned_BTagCSV07_v1", 200);
INSERT INTO symbols(id, name, filename_id) VALUES (202,"JetMET", 10);
INSERT INTO symbols(id, name, filename_id) VALUES (203,"JetValidation", 202);
INSERT INTO symbols(id, name, filename_id) VALUES (204,"ak4CaloJets", 203);
INSERT INTO symbols(id, name, filename_id) VALUES (205,"ak4PFJets", 203);
INSERT INTO symbols(id, name, filename_id) VALUES (206,"ak4PFJetsCHS", 203);
INSERT INTO symbols(id, name, filename_id) VALUES (207,"METValidation", 202);
INSERT INTO symbols(id, name, filename_id) VALUES (208,"caloMet", 207);
INSERT INTO symbols(id, name, filename_id) VALUES (209,"genMetTrue", 207);
INSERT INTO symbols(id, name, filename_id) VALUES (210,"pfMet", 207);
INSERT INTO symbols(id, name, filename_id) VALUES (211,"pfMetT0pc", 207);
INSERT INTO symbols(id, name, filename_id) VALUES (212,"pfMetT0pcT1", 207);
INSERT INTO symbols(id, name, filename_id) VALUES (213,"pfMetT1", 207);
INSERT INTO symbols(id, name, filename_id) VALUES (214,"Muons", 10);
INSERT INTO symbols(id, name, filename_id) VALUES (215,"MuonIdentificationV", 214);
INSERT INTO symbols(id, name, filename_id) VALUES (216,"GlobalMuons", 215);
INSERT INTO symbols(id, name, filename_id) VALUES (217,"GlobalMuonsNotTrackerMuons", 215);
INSERT INTO symbols(id, name, filename_id) VALUES (218,"TrackerMuons", 215);
INSERT INTO symbols(id, name, filename_id) VALUES (219,"TrackerMuonsNotGlobalMuons", 215);
INSERT INTO symbols(id, name, filename_id) VALUES (220,"MuonIsolationV_global", 214);
INSERT INTO symbols(id, name, filename_id) VALUES (221,"MuonIsolationV_inc", 214);
INSERT INTO symbols(id, name, filename_id) VALUES (222,"RecoMuonV", 214);
INSERT INTO symbols(id, name, filename_id) VALUES (223,"MultiTrack", 222);
INSERT INTO symbols(id, name, filename_id) VALUES (224,"extractedGlobalMuons", 223);
INSERT INTO symbols(id, name, filename_id) VALUES (225,"simulation", 224);
INSERT INTO symbols(id, name, filename_id) VALUES (226,"probeTrks", 223);
INSERT INTO symbols(id, name, filename_id) VALUES (227,"simulation", 226);
INSERT INTO symbols(id, name, filename_id) VALUES (228,"probeTrks_TkAsso", 223);
INSERT INTO symbols(id, name, filename_id) VALUES (229,"simulation", 228);
INSERT INTO symbols(id, name, filename_id) VALUES (230,"refittedStandAloneMuons", 223);
INSERT INTO symbols(id, name, filename_id) VALUES (231,"simulation", 230);
INSERT INTO symbols(id, name, filename_id) VALUES (232,"refittedStandAloneMuons_UpdAtVtx", 223);
INSERT INTO symbols(id, name, filename_id) VALUES (233,"simulation", 232);
INSERT INTO symbols(id, name, filename_id) VALUES (234,"seedsOfSTAmuons", 223);
INSERT INTO symbols(id, name, filename_id) VALUES (235,"simulation", 234);
INSERT INTO symbols(id, name, filename_id) VALUES (236,"standAloneMuons", 223);
INSERT INTO symbols(id, name, filename_id) VALUES (237,"simulation", 236);
INSERT INTO symbols(id, name, filename_id) VALUES (238,"standAloneMuons_UpdAtVtx", 223);
INSERT INTO symbols(id, name, filename_id) VALUES (239,"simulation", 238);
INSERT INTO symbols(id, name, filename_id) VALUES (240,"tevMuons_dyt", 223);
INSERT INTO symbols(id, name, filename_id) VALUES (241,"simulation", 240);
INSERT INTO symbols(id, name, filename_id) VALUES (242,"tevMuons_firstHit", 223);
INSERT INTO symbols(id, name, filename_id) VALUES (243,"simulation", 242);
INSERT INTO symbols(id, name, filename_id) VALUES (244,"tevMuons_picky", 223);
INSERT INTO symbols(id, name, filename_id) VALUES (245,"simulation", 244);
INSERT INTO symbols(id, name, filename_id) VALUES (246,"RecoMuon_MuonAssoc_Glb", 222);
INSERT INTO symbols(id, name, filename_id) VALUES (247,"RecoMuon_MuonAssoc_GlbPF", 222);
INSERT INTO symbols(id, name, filename_id) VALUES (248,"RecoMuon_MuonAssoc_Sta", 222);
INSERT INTO symbols(id, name, filename_id) VALUES (249,"RecoMuon_MuonAssoc_StaPF", 222);
INSERT INTO symbols(id, name, filename_id) VALUES (250,"RecoMuon_MuonAssoc_Tgt", 222);
INSERT INTO symbols(id, name, filename_id) VALUES (251,"RecoMuon_MuonAssoc_Trk", 222);
INSERT INTO symbols(id, name, filename_id) VALUES (252,"RecoMuon_MuonAssoc_TrkPF", 222);
INSERT INTO symbols(id, name, filename_id) VALUES (253,"Physics", 10);
INSERT INTO symbols(id, name, filename_id) VALUES (254,"B2G", 253);
INSERT INTO symbols(id, name, filename_id) VALUES (255,"AllHad", 254);
INSERT INTO symbols(id, name, filename_id) VALUES (256,"MET", 254);
INSERT INTO symbols(id, name, filename_id) VALUES (257,"SemiE", 254);
INSERT INTO symbols(id, name, filename_id) VALUES (258,"SemiMu", 254);
INSERT INTO symbols(id, name, filename_id) VALUES (259,"ak4PFJets", 254);
INSERT INTO symbols(id, name, filename_id) VALUES (260,"ak4PFJetsCHS", 254);
INSERT INTO symbols(id, name, filename_id) VALUES (261,"ca8PFJetsCHS", 254);
INSERT INTO symbols(id, name, filename_id) VALUES (262,"ca8PFJetsCHSPruned", 254);
INSERT INTO symbols(id, name, filename_id) VALUES (263,"cmsTopTagPFJetsCHS", 254);
INSERT INTO symbols(id, name, filename_id) VALUES (264,"BPhysics", 253);
INSERT INTO symbols(id, name, filename_id) VALUES (265,"EwkElecDQM", 253);
INSERT INTO symbols(id, name, filename_id) VALUES (266,"EwkMuDQM", 253);
INSERT INTO symbols(id, name, filename_id) VALUES (267,"EwkMuLumiMonitorDQM", 253);
INSERT INTO symbols(id, name, filename_id) VALUES (268,"Exotica", 253);
INSERT INTO symbols(id, name, filename_id) VALUES (269,"EIComparison", 268);
INSERT INTO symbols(id, name, filename_id) VALUES (270,"LongLived", 268);
INSERT INTO symbols(id, name, filename_id) VALUES (271,"MultiJets", 268);
INSERT INTO symbols(id, name, filename_id) VALUES (272,"Higgs", 253);
INSERT INTO symbols(id, name, filename_id) VALUES (273,"QcdPhotons", 253);
INSERT INTO symbols(id, name, filename_id) VALUES (274,"Susy", 253);
INSERT INTO symbols(id, name, filename_id) VALUES (275,"Top", 253);
INSERT INTO symbols(id, name, filename_id) VALUES (276,"SingleTopElectronMediumDQM", 275);
INSERT INTO symbols(id, name, filename_id) VALUES (277,"presel", 276);
INSERT INTO symbols(id, name, filename_id) VALUES (278,"step0", 276);
INSERT INTO symbols(id, name, filename_id) VALUES (279,"step1", 276);
INSERT INTO symbols(id, name, filename_id) VALUES (280,"step2", 276);
INSERT INTO symbols(id, name, filename_id) VALUES (281,"SingleTopMuonMediumDQM", 275);
INSERT INTO symbols(id, name, filename_id) VALUES (282,"presel", 281);
INSERT INTO symbols(id, name, filename_id) VALUES (283,"step0", 281);
INSERT INTO symbols(id, name, filename_id) VALUES (284,"step1", 281);
INSERT INTO symbols(id, name, filename_id) VALUES (285,"step2", 281);
INSERT INTO symbols(id, name, filename_id) VALUES (286,"TopDiElectronDQM", 275);
INSERT INTO symbols(id, name, filename_id) VALUES (287,"step0", 286);
INSERT INTO symbols(id, name, filename_id) VALUES (288,"step1", 286);
INSERT INTO symbols(id, name, filename_id) VALUES (289,"TopDiMuonDQM", 275);
INSERT INTO symbols(id, name, filename_id) VALUES (290,"step0", 289);
INSERT INTO symbols(id, name, filename_id) VALUES (291,"step1", 289);
INSERT INTO symbols(id, name, filename_id) VALUES (292,"TopElecMuonDQM", 275);
INSERT INTO symbols(id, name, filename_id) VALUES (293,"step0", 292);
INSERT INTO symbols(id, name, filename_id) VALUES (294,"step1", 292);
INSERT INTO symbols(id, name, filename_id) VALUES (295,"step2", 292);
INSERT INTO symbols(id, name, filename_id) VALUES (296,"TopSingleElectronMediumDQM", 275);
INSERT INTO symbols(id, name, filename_id) VALUES (297,"step0", 296);
INSERT INTO symbols(id, name, filename_id) VALUES (298,"step1", 296);
INSERT INTO symbols(id, name, filename_id) VALUES (299,"step2", 296);
INSERT INTO symbols(id, name, filename_id) VALUES (300,"step3", 296);
INSERT INTO symbols(id, name, filename_id) VALUES (301,"step4", 296);
INSERT INTO symbols(id, name, filename_id) VALUES (302,"TopSingleMuonMediumDQM", 275);
INSERT INTO symbols(id, name, filename_id) VALUES (303,"step0", 302);
INSERT INTO symbols(id, name, filename_id) VALUES (304,"step1", 302);
INSERT INTO symbols(id, name, filename_id) VALUES (305,"step2", 302);
INSERT INTO symbols(id, name, filename_id) VALUES (306,"step3", 302);
INSERT INTO symbols(id, name, filename_id) VALUES (307,"step4", 302);
INSERT INTO symbols(id, name, filename_id) VALUES (308,"PhysicsHWW", 10);
INSERT INTO symbols(id, name, filename_id) VALUES (309,"Tracking", 10);
INSERT INTO symbols(id, name, filename_id) VALUES (310,"Track", 309);
INSERT INTO symbols(id, name, filename_id) VALUES (311,"cutsRecoFifthHp_AssociatorByHitsRecoDenom", 310);
INSERT INTO symbols(id, name, filename_id) VALUES (312,"simulation", 311);
INSERT INTO symbols(id, name, filename_id) VALUES (313,"cutsRecoFifth_AssociatorByHitsRecoDenom", 310);
INSERT INTO symbols(id, name, filename_id) VALUES (314,"simulation", 313);
INSERT INTO symbols(id, name, filename_id) VALUES (315,"cutsRecoFirstHp_AssociatorByHitsRecoDenom", 310);
INSERT INTO symbols(id, name, filename_id) VALUES (316,"simulation", 315);
INSERT INTO symbols(id, name, filename_id) VALUES (317,"cutsRecoFirst_AssociatorByHitsRecoDenom", 310);
INSERT INTO symbols(id, name, filename_id) VALUES (318,"simulation", 317);
INSERT INTO symbols(id, name, filename_id) VALUES (319,"cutsRecoFourthHp_AssociatorByHitsRecoDenom", 310);
INSERT INTO symbols(id, name, filename_id) VALUES (320,"simulation", 319);
INSERT INTO symbols(id, name, filename_id) VALUES (321,"cutsRecoFourth_AssociatorByHitsRecoDenom", 310);
INSERT INTO symbols(id, name, filename_id) VALUES (322,"simulation", 321);
INSERT INTO symbols(id, name, filename_id) VALUES (323,"cutsRecoHp_AssociatorByHitsRecoDenom", 310);
INSERT INTO symbols(id, name, filename_id) VALUES (324,"simulation", 323);
INSERT INTO symbols(id, name, filename_id) VALUES (325,"cutsRecoNinthHp_AssociatorByHitsRecoDenom", 310);
INSERT INTO symbols(id, name, filename_id) VALUES (326,"simulation", 325);
INSERT INTO symbols(id, name, filename_id) VALUES (327,"cutsRecoNinth_AssociatorByHitsRecoDenom", 310);
INSERT INTO symbols(id, name, filename_id) VALUES (328,"simulation", 327);
INSERT INTO symbols(id, name, filename_id) VALUES (329,"cutsRecoSecondHp_AssociatorByHitsRecoDenom", 310);
INSERT INTO symbols(id, name, filename_id) VALUES (330,"simulation", 329);
INSERT INTO symbols(id, name, filename_id) VALUES (331,"cutsRecoSecond_AssociatorByHitsRecoDenom", 310);
INSERT INTO symbols(id, name, filename_id) VALUES (332,"simulation", 331);
INSERT INTO symbols(id, name, filename_id) VALUES (333,"cutsRecoSeventhHp_AssociatorByHitsRecoDenom", 310);
INSERT INTO symbols(id, name, filename_id) VALUES (334,"simulation", 333);
INSERT INTO symbols(id, name, filename_id) VALUES (335,"cutsRecoSeventh_AssociatorByHitsRecoDenom", 310);
INSERT INTO symbols(id, name, filename_id) VALUES (336,"simulation", 335);
INSERT INTO symbols(id, name, filename_id) VALUES (337,"cutsRecoSixthHp_AssociatorByHitsRecoDenom", 310);
INSERT INTO symbols(id, name, filename_id) VALUES (338,"simulation", 337);
INSERT INTO symbols(id, name, filename_id) VALUES (339,"cutsRecoSixth_AssociatorByHitsRecoDenom", 310);
INSERT INTO symbols(id, name, filename_id) VALUES (340,"simulation", 339);
INSERT INTO symbols(id, name, filename_id) VALUES (341,"cutsRecoTenthHp_AssociatorByHitsRecoDenom", 310);
INSERT INTO symbols(id, name, filename_id) VALUES (342,"simulation", 341);
INSERT INTO symbols(id, name, filename_id) VALUES (343,"cutsRecoTenth_AssociatorByHitsRecoDenom", 310);
INSERT INTO symbols(id, name, filename_id) VALUES (344,"simulation", 343);
INSERT INTO symbols(id, name, filename_id) VALUES (345,"cutsRecoThirdHp_AssociatorByHitsRecoDenom", 310);
INSERT INTO symbols(id, name, filename_id) VALUES (346,"simulation", 345);
INSERT INTO symbols(id, name, filename_id) VALUES (347,"cutsRecoThird_AssociatorByHitsRecoDenom", 310);
INSERT INTO symbols(id, name, filename_id) VALUES (348,"simulation", 347);
INSERT INTO symbols(id, name, filename_id) VALUES (349,"cutsRecoZeroHp_AssociatorByHitsRecoDenom", 310);
INSERT INTO symbols(id, name, filename_id) VALUES (350,"simulation", 349);
INSERT INTO symbols(id, name, filename_id) VALUES (351,"cutsRecoZero_AssociatorByHitsRecoDenom", 310);
INSERT INTO symbols(id, name, filename_id) VALUES (352,"simulation", 351);
INSERT INTO symbols(id, name, filename_id) VALUES (353,"general_AssociatorByHitsRecoDenom", 310);
INSERT INTO symbols(id, name, filename_id) VALUES (354,"simulation", 353);
INSERT INTO symbols(id, name, filename_id) VALUES (355,"TrackingMCTruth", 309);
INSERT INTO symbols(id, name, filename_id) VALUES (356,"TrackingParticle", 355);
INSERT INTO mainrows(id, symbol_id, self_count, cumulative_count, kids, self_calls, total_calls, self_paths, total_paths, pct) VALUES(10,10,0,59554376, 0,12955468,14716495, 0, 15390, 0);
INSERT INTO summary(counter, total_count, total_freq, tick_period) VALUES ("BINS_LIVE",59554376,14716495, 1);
INSERT INTO mainrows(id, symbol_id, self_count, cumulative_count, kids, self_calls, total_calls, self_paths, total_paths, pct) VALUES(11, 11, 767112, 767112, 12, 11748, 191178, 2610, 2610, 0.0);
INSERT INTO mainrows(id, symbol_id, self_count, cumulative_count, kids, self_calls, total_calls, self_paths, total_paths, pct) VALUES(12, 12, 310728, 310728, 0, 0, 77682, 1500, 1500, 0.0);
INSERT INTO mainrows(id, symbol_id, self_count, cumulative_count, kids, self_calls, total_calls, self_paths, total_paths, pct) VALUES(13, 13, 24840, 24840, 0, 0, 6210, 42, 42, 0.0);
INSERT INTO mainrows(id, symbol_id, self_count, cumulative_count, kids, self_calls, total_calls, self_paths, total_paths, pct) VALUES(14, 14, 24840, 24840, 0, 0, 6210, 42, 42, 0.0);
INSERT INTO mainrows(id, symbol_id, self_count, cumulative_count, kids, self_calls, total_calls, self_paths, total_paths, pct) VALUES(15, 15, 207984, 207984, 0, 11748, 51396, 690, 690, 0.0);
INSERT INTO mainrows(id, symbol_id, self_count, cumulative_count, kids, self_calls, total_calls, self_paths, total_paths, pct) VALUES(16, 16, 24840, 24840, 0, 0, 6210, 42, 42, 0.0);
INSERT INTO mainrows(id, symbol_id, self_count, cumulative_count, kids, self_calls, total_calls, self_paths, total_paths, pct) VALUES(17, 17, 24840, 24840, 0, 0, 6210, 42, 42, 0.0);
INSERT INTO mainrows(id, symbol_id, self_count, cumulative_count, kids, self_calls, total_calls, self_paths, total_paths, pct) VALUES(18, 18, 24840, 24840, 0, 0, 6210, 42, 42, 0.0);
INSERT INTO mainrows(id, symbol_id, self_count, cumulative_count, kids, self_calls, total_calls, self_paths, total_paths, pct) VALUES(19, 19, 24840, 24840, 0, 0, 6210, 42, 42, 0.0);
INSERT INTO mainrows(id, symbol_id, self_count, cumulative_count, kids, self_calls, total_calls, self_paths, total_paths, pct) VALUES(20, 20, 24840, 24840, 0, 0, 6210, 42, 42, 0.0);
INSERT INTO mainrows(id, symbol_id, self_count, cumulative_count, kids, self_calls, total_calls, self_paths, total_paths, pct) VALUES(21, 21, 24840, 24840, 0, 0, 6210, 42, 42, 0.0);
INSERT INTO mainrows(id, symbol_id, self_count, cumulative_count, kids, self_calls, total_calls, self_paths, total_paths, pct) VALUES(22, 22, 24840, 24840, 0, 0, 6210, 42, 42, 0.0);
INSERT INTO mainrows(id, symbol_id, self_count, cumulative_count, kids, self_calls, total_calls, self_paths, total_paths, pct) VALUES(23, 23, 24840, 24840, 0, 0, 6210, 42, 42, 0.0);
INSERT INTO parents(self_id, child_id, to_child_count, to_child_calls, to_child_paths, pct) VALUES(10,11,0,0,0,0);
INSERT INTO parents(self_id, child_id, to_child_count, to_child_calls, to_child_paths, pct) VALUES(11,12,310728,77682,1500,0);
INSERT INTO parents(self_id, child_id, to_child_count, to_child_calls, to_child_paths, pct) VALUES(11,13,24840,6210,42,0);
INSERT INTO parents(self_id, child_id, to_child_count, to_child_calls, to_child_paths, pct) VALUES(11,14,24840,6210,42,0);
INSERT INTO parents(self_id, child_id, to_child_count, to_child_calls, to_child_paths, pct) VALUES(11,15,207984,51396,690,0);
INSERT INTO parents(self_id, child_id, to_child_count, to_child_calls, to_child_paths, pct) VALUES(11,16,24840,6210,42,0);
INSERT INTO parents(self_id, child_id, to_child_count, to_child_calls, to_child_paths, pct) VALUES(11,17,24840,6210,42,0);
INSERT INTO parents(self_id, child_id, to_child_count, to_child_calls, to_child_paths, pct) VALUES(11,18,24840,6210,42,0);
INSERT INTO parents(self_id, child_id, to_child_count, to_child_calls, to_child_paths, pct) VALUES(11,19,24840,6210,42,0);
INSERT INTO parents(self_id, child_id, to_child_count, to_child_calls, to_child_paths, pct) VALUES(11,20,24840,6210,42,0);
INSERT INTO parents(self_id, child_id, to_child_count, to_child_calls, to_child_paths, pct) VALUES(11,21,24840,6210,42,0);
INSERT INTO parents(self_id, child_id, to_child_count, to_child_calls, to_child_paths, pct) VALUES(11,22,24840,6210,42,0);
INSERT INTO parents(self_id, child_id, to_child_count, to_child_calls, to_child_paths, pct) VALUES(11,23,24840,6210,42,0);
INSERT INTO children(self_id, parent_id, from_parent_count, from_parent_calls, from_parent_paths, pct) VALUES(11,10,767112,11748,0,0);
INSERT INTO children(self_id, parent_id, from_parent_count, from_parent_calls, from_parent_paths, pct) VALUES(12,11,310728,0,1500,0);
INSERT INTO children(self_id, parent_id, from_parent_count, from_parent_calls, from_parent_paths, pct) VALUES(13,11,24840,0,42,0);
INSERT INTO children(self_id, parent_id, from_parent_count, from_parent_calls, from_parent_paths, pct) VALUES(14,11,24840,0,42,0);
INSERT INTO children(self_id, parent_id, from_parent_count, from_parent_calls, from_parent_paths, pct) VALUES(15,11,207984,11748,690,0);
INSERT INTO children(self_id, parent_id, from_parent_count, from_parent_calls, from_parent_paths, pct) VALUES(16,11,24840,0,42,0);
INSERT INTO children(self_id, parent_id, from_parent_count, from_parent_calls, from_parent_paths, pct) VALUES(17,11,24840,0,42,0);
INSERT INTO children(self_id, parent_id, from_parent_count, from_parent_calls, from_parent_paths, pct) VALUES(18,11,24840,0,42,0);
INSERT INTO children(self_id, parent_id, from_parent_count, from_parent_calls, from_parent_paths, pct) VALUES(19,11,24840,0,42,0);
INSERT INTO children(self_id, parent_id, from_parent_count, from_parent_calls, from_parent_paths, pct) VALUES(20,11,24840,0,42,0);
INSERT INTO children(self_id, parent_id, from_parent_count, from_parent_calls, from_parent_paths, pct) VALUES(21,11,24840,0,42,0);
INSERT INTO children(self_id, parent_id, from_parent_count, from_parent_calls, from_parent_paths, pct) VALUES(22,11,24840,0,42,0);
INSERT INTO children(self_id, parent_id, from_parent_count, from_parent_calls, from_parent_paths, pct) VALUES(23,11,24840,0,42,0);
INSERT INTO mainrows(id, symbol_id, self_count, cumulative_count, kids, self_calls, total_calls, self_paths, total_paths, pct) VALUES(24, 24, 4774264, 4774264, 4, 1012870, 1179164, 1781, 1781, 0.0);
INSERT INTO mainrows(id, symbol_id, self_count, cumulative_count, kids, self_calls, total_calls, self_paths, total_paths, pct) VALUES(25, 25, 864944, 864944, 0, 190207, 216136, 337, 337, 0.0);
INSERT INTO mainrows(id, symbol_id, self_count, cumulative_count, kids, self_calls, total_calls, self_paths, total_paths, pct) VALUES(26, 26, 935032, 935032, 0, 200485, 233658, 440, 440, 0.0);
INSERT INTO mainrows(id, symbol_id, self_count, cumulative_count, kids, self_calls, total_calls, self_paths, total_paths, pct) VALUES(27, 27, 1487144, 1487144, 4, 311089, 364685, 502, 502, 0.0);
INSERT INTO mainrows(id, symbol_id, self_count, cumulative_count, kids, self_calls, total_calls, self_paths, total_paths, pct) VALUES(28, 28, 27520, 27520, 0, 0, 6880, 63, 63, 0.0);
INSERT INTO mainrows(id, symbol_id, self_count, cumulative_count, kids, self_calls, total_calls, self_paths, total_paths, pct) VALUES(29, 29, 1315568, 1315568, 0, 311089, 327326, 149, 149, 0.0);
INSERT INTO mainrows(id, symbol_id, self_count, cumulative_count, kids, self_calls, total_calls, self_paths, total_paths, pct) VALUES(30, 30, 124840, 124840, 0, 0, 25675, 231, 231, 0.0);
INSERT INTO mainrows(id, symbol_id, self_count, cumulative_count, kids, self_calls, total_calls, self_paths, total_paths, pct) VALUES(31, 31, 19216, 19216, 0, 0, 4804, 59, 59, 0.0);
INSERT INTO mainrows(id, symbol_id, self_count, cumulative_count, kids, self_calls, total_calls, self_paths, total_paths, pct) VALUES(32, 32, 1487144, 1487144, 4, 311089, 364685, 502, 502, 0.0);
INSERT INTO mainrows(id, symbol_id, self_count, cumulative_count, kids, self_calls, total_calls, self_paths, total_paths, pct) VALUES(33, 33, 27520, 27520, 0, 0, 6880, 63, 63, 0.0);
INSERT INTO mainrows(id, symbol_id, self_count, cumulative_count, kids, self_calls, total_calls, self_paths, total_paths, pct) VALUES(34, 34, 1315568, 1315568, 0, 311089, 327326, 149, 149, 0.0);
INSERT INTO mainrows(id, symbol_id, self_count, cumulative_count, kids, self_calls, total_calls, self_paths, total_paths, pct) VALUES(35, 35, 124840, 124840, 0, 0, 25675, 231, 231, 0.0);
INSERT INTO mainrows(id, symbol_id, self_count, cumulative_count, kids, self_calls, total_calls, self_paths, total_paths, pct) VALUES(36, 36, 19216, 19216, 0, 0, 4804, 59, 59, 0.0);
INSERT INTO parents(self_id, child_id, to_child_count, to_child_calls, to_child_paths, pct) VALUES(10,24,0,0,0,0);
INSERT INTO parents(self_id, child_id, to_child_count, to_child_calls, to_child_paths, pct) VALUES(24,25,864944,216136,337,0);
INSERT INTO parents(self_id, child_id, to_child_count, to_child_calls, to_child_paths, pct) VALUES(24,26,935032,233658,440,0);
INSERT INTO parents(self_id, child_id, to_child_count, to_child_calls, to_child_paths, pct) VALUES(24,27,0,0,0,0);
INSERT INTO parents(self_id, child_id, to_child_count, to_child_calls, to_child_paths, pct) VALUES(27,28,27520,6880,63,0);
INSERT INTO parents(self_id, child_id, to_child_count, to_child_calls, to_child_paths, pct) VALUES(27,29,1315568,327326,149,0);
INSERT INTO parents(self_id, child_id, to_child_count, to_child_calls, to_child_paths, pct) VALUES(27,30,124840,25675,231,0);
INSERT INTO parents(self_id, child_id, to_child_count, to_child_calls, to_child_paths, pct) VALUES(27,31,19216,4804,59,0);
INSERT INTO parents(self_id, child_id, to_child_count, to_child_calls, to_child_paths, pct) VALUES(24,32,0,0,0,0);
INSERT INTO parents(self_id, child_id, to_child_count, to_child_calls, to_child_paths, pct) VALUES(32,33,27520,6880,63,0);
INSERT INTO parents(self_id, child_id, to_child_count, to_child_calls, to_child_paths, pct) VALUES(32,34,1315568,327326,149,0);
INSERT INTO parents(self_id, child_id, to_child_count, to_child_calls, to_child_paths, pct) VALUES(32,35,124840,25675,231,0);
INSERT INTO parents(self_id, child_id, to_child_count, to_child_calls, to_child_paths, pct) VALUES(32,36,19216,4804,59,0);
INSERT INTO children(self_id, parent_id, from_parent_count, from_parent_calls, from_parent_paths, pct) VALUES(24,10,4774264,1012870,0,0);
INSERT INTO children(self_id, parent_id, from_parent_count, from_parent_calls, from_parent_paths, pct) VALUES(25,24,864944,190207,337,0);
INSERT INTO children(self_id, parent_id, from_parent_count, from_parent_calls, from_parent_paths, pct) VALUES(26,24,935032,200485,440,0);
INSERT INTO children(self_id, parent_id, from_parent_count, from_parent_calls, from_parent_paths, pct) VALUES(27,24,1487144,311089,0,0);
INSERT INTO children(self_id, parent_id, from_parent_count, from_parent_calls, from_parent_paths, pct) VALUES(28,27,27520,0,63,0);
INSERT INTO children(self_id, parent_id, from_parent_count, from_parent_calls, from_parent_paths, pct) VALUES(29,27,1315568,311089,149,0);
INSERT INTO children(self_id, parent_id, from_parent_count, from_parent_calls, from_parent_paths, pct) VALUES(30,27,124840,0,231,0);
INSERT INTO children(self_id, parent_id, from_parent_count, from_parent_calls, from_parent_paths, pct) VALUES(31,27,19216,0,59,0);
INSERT INTO children(self_id, parent_id, from_parent_count, from_parent_calls, from_parent_paths, pct) VALUES(32,24,1487144,311089,0,0);
INSERT INTO children(self_id, parent_id, from_parent_count, from_parent_calls, from_parent_paths, pct) VALUES(33,32,27520,0,63,0);
INSERT INTO children(self_id, parent_id, from_parent_count, from_parent_calls, from_parent_paths, pct) VALUES(34,32,1315568,311089,149,0);
INSERT INTO children(self_id, parent_id, from_parent_count, from_parent_calls, from_parent_paths, pct) VALUES(35,32,124840,0,231,0);
INSERT INTO children(self_id, parent_id, from_parent_count, from_parent_calls, from_parent_paths, pct) VALUES(36,32,19216,0,59,0);
INSERT INTO mainrows(id, symbol_id, self_count, cumulative_count, kids, self_calls, total_calls, self_paths, total_paths, pct) VALUES(37, 37, 38232, 38232, 2, 0, 9558, 136, 136, 0.0);
INSERT INTO mainrows(id, symbol_id, self_count, cumulative_count, kids, self_calls, total_calls, self_paths, total_paths, pct) VALUES(38, 38, 5204, 5204, 0, 0, 1301, 16, 16, 0.0);
INSERT INTO mainrows(id, symbol_id, self_count, cumulative_count, kids, self_calls, total_calls, self_paths, total_paths, pct) VALUES(39, 39, 33028, 33028, 0, 0, 8257, 120, 120, 0.0);
INSERT INTO parents(self_id, child_id, to_child_count, to_child_calls, to_child_paths, pct) VALUES(10,37,0,0,0,0);
INSERT INTO parents(self_id, child_id, to_child_count, to_child_calls, to_child_paths, pct) VALUES(37,38,5204,1301,16,0);
INSERT INTO parents(self_id, child_id, to_child_count, to_child_calls, to_child_paths, pct) VALUES(37,39,33028,8257,120,0);
INSERT INTO children(self_id, parent_id, from_parent_count, from_parent_calls, from_parent_paths, pct) VALUES(37,10,38232,0,0,0);
INSERT INTO children(self_id, parent_id, from_parent_count, from_parent_calls, from_parent_paths, pct) VALUES(38,37,5204,0,16,0);
INSERT INTO children(self_id, parent_id, from_parent_count, from_parent_calls, from_parent_paths, pct) VALUES(39,37,33028,0,120,0);
INSERT INTO mainrows(id, symbol_id, self_count, cumulative_count, kids, self_calls, total_calls, self_paths, total_paths, pct) VALUES(40, 40, 3306892, 3306892, 11, 664216, 810735, 2451, 2451, 0.0);
INSERT INTO mainrows(id, symbol_id, self_count, cumulative_count, kids, self_calls, total_calls, self_paths, total_paths, pct) VALUES(41, 41, 3464, 3464, 1, 0, 866, 26, 26, 0.0);
INSERT INTO mainrows(id, symbol_id, self_count, cumulative_count, kids, self_calls, total_calls, self_paths, total_paths, pct) VALUES(42, 42, 3464, 3464, 3, 0, 866, 26, 26, 0.0);
INSERT INTO mainrows(id, symbol_id, self_count, cumulative_count, kids, self_calls, total_calls, self_paths, total_paths, pct) VALUES(43, 43, 1368, 1368, 0, 0, 342, 10, 10, 0.0);
INSERT INTO mainrows(id, symbol_id, self_count, cumulative_count, kids, self_calls, total_calls, self_paths, total_paths, pct) VALUES(44, 44, 1368, 1368, 0, 0, 342, 10, 10, 0.0);
INSERT INTO mainrows(id, symbol_id, self_count, cumulative_count, kids, self_calls, total_calls, self_paths, total_paths, pct) VALUES(45, 45, 728, 728, 0, 0, 182, 6, 6, 0.0);
INSERT INTO mainrows(id, symbol_id, self_count, cumulative_count, kids, self_calls, total_calls, self_paths, total_paths, pct) VALUES(46, 46, 122400, 122400, 1, 29200, 30600, 11, 11, 0.0);
INSERT INTO mainrows(id, symbol_id, self_count, cumulative_count, kids, self_calls, total_calls, self_paths, total_paths, pct) VALUES(47, 47, 122400, 122400, 0, 29200, 30600, 11, 11, 0.0);
INSERT INTO mainrows(id, symbol_id, self_count, cumulative_count, kids, self_calls, total_calls, self_paths, total_paths, pct) VALUES(48, 48, 124572, 124572, 39, 0, 31143, 807, 807, 0.0);
INSERT INTO mainrows(id, symbol_id, self_count, cumulative_count, kids, self_calls, total_calls, self_paths, total_paths, pct) VALUES(49, 49, 4216, 4216, 0, 0, 1054, 27, 27, 0.0);
INSERT INTO mainrows(id, symbol_id, self_count, cumulative_count, kids, self_calls, total_calls, self_paths, total_paths, pct) VALUES(50, 50, 5512, 5512, 0, 0, 1378, 35, 35, 0.0);
INSERT INTO mainrows(id, symbol_id, self_count, cumulative_count, kids, self_calls, total_calls, self_paths, total_paths, pct) VALUES(51, 51, 2272, 2272, 0, 0, 568, 15, 15, 0.0);
INSERT INTO mainrows(id, symbol_id, self_count, cumulative_count, kids, self_calls, total_calls, self_paths, total_paths, pct) VALUES(52, 52, 7780, 7780, 0, 0, 1945, 49, 49, 0.0);
INSERT INTO mainrows(id, symbol_id, self_count, cumulative_count, kids, self_calls, total_calls, self_paths, total_paths, pct) VALUES(53, 53, 4864, 4864, 0, 0, 1216, 31, 31, 0.0);
INSERT INTO mainrows(id, symbol_id, self_count, cumulative_count, kids, self_calls, total_calls, self_paths, total_paths, pct) VALUES(54, 54, 4540, 4540, 0, 0, 1135, 29, 29, 0.0);
INSERT INTO mainrows(id, symbol_id, self_count, cumulative_count, kids, self_calls, total_calls, self_paths, total_paths, pct) VALUES(55, 55, 7456, 7456, 0, 0, 1864, 47, 47, 0.0);
INSERT INTO mainrows(id, symbol_id, self_count, cumulative_count, kids, self_calls, total_calls, self_paths, total_paths, pct) VALUES(56, 56, 4540, 4540, 0, 0, 1135, 29, 29, 0.0);
INSERT INTO mainrows(id, symbol_id, self_count, cumulative_count, kids, self_calls, total_calls, self_paths, total_paths, pct) VALUES(57, 57, 4540, 4540, 0, 0, 1135, 29, 29, 0.0);
INSERT INTO mainrows(id, symbol_id, self_count, cumulative_count, kids, self_calls, total_calls, self_paths, total_paths, pct) VALUES(58, 58, 4540, 4540, 0, 0, 1135, 29, 29, 0.0);
INSERT INTO mainrows(id, symbol_id, self_count, cumulative_count, kids, self_calls, total_calls, self_paths, total_paths, pct) VALUES(59, 59, 4540, 4540, 0, 0, 1135, 29, 29, 0.0);
INSERT INTO mainrows(id, symbol_id, self_count, cumulative_count, kids, self_calls, total_calls, self_paths, total_paths, pct) VALUES(60, 60, 4540, 4540, 0, 0, 1135, 29, 29, 0.0);
INSERT INTO mainrows(id, symbol_id, self_count, cumulative_count, kids, self_calls, total_calls, self_paths, total_paths, pct) VALUES(61, 61, 2920, 2920, 0, 0, 730, 19, 19, 0.0);
INSERT INTO mainrows(id, symbol_id, self_count, cumulative_count, kids, self_calls, total_calls, self_paths, total_paths, pct) VALUES(62, 62, 2920, 2920, 0, 0, 730, 19, 19, 0.0);
INSERT INTO mainrows(id, symbol_id, self_count, cumulative_count, kids, self_calls, total_calls, self_paths, total_paths, pct) VALUES(63, 63, 3892, 3892, 0, 0, 973, 25, 25, 0.0);
INSERT INTO mainrows(id, symbol_id, self_count, cumulative_count, kids, self_calls, total_calls, self_paths, total_paths, pct) VALUES(64, 64, 3892, 3892, 0, 0, 973, 25, 25, 0.0);
INSERT INTO mainrows(id, symbol_id, self_count, cumulative_count, kids, self_calls, total_calls, self_paths, total_paths, pct) VALUES(65, 65, 1624, 1624, 0, 0, 406, 11, 11, 0.0);
INSERT INTO mainrows(id, symbol_id, self_count, cumulative_count, kids, self_calls, total_calls, self_paths, total_paths, pct) VALUES(66, 66, 1624, 1624, 0, 0, 406, 11, 11, 0.0);
INSERT INTO mainrows(id, symbol_id, self_count, cumulative_count, kids, self_calls, total_calls, self_paths, total_paths, pct) VALUES(67, 67, 1624, 1624, 0, 0, 406, 11, 11, 0.0);
INSERT INTO mainrows(id, symbol_id, self_count, cumulative_count, kids, self_calls, total_calls, self_paths, total_paths, pct) VALUES(68, 68, 1624, 1624, 0, 0, 406, 11, 11, 0.0);
INSERT INTO mainrows(id, symbol_id, self_count, cumulative_count, kids, self_calls, total_calls, self_paths, total_paths, pct) VALUES(69, 69, 1624, 1624, 0, 0, 406, 11, 11, 0.0);
INSERT INTO mainrows(id, symbol_id, self_count, cumulative_count, kids, self_calls, total_calls, self_paths, total_paths, pct) VALUES(70, 70, 1624, 1624, 0, 0, 406, 11, 11, 0.0);
INSERT INTO mainrows(id, symbol_id, self_count, cumulative_count, kids, self_calls, total_calls, self_paths, total_paths, pct) VALUES(71, 71, 1624, 1624, 0, 0, 406, 11, 11, 0.0);
INSERT INTO mainrows(id, symbol_id, self_count, cumulative_count, kids, self_calls, total_calls, self_paths, total_paths, pct) VALUES(72, 72, 2920, 2920, 0, 0, 730, 19, 19, 0.0);
INSERT INTO mainrows(id, symbol_id, self_count, cumulative_count, kids, self_calls, total_calls, self_paths, total_paths, pct) VALUES(73, 73, 2920, 2920, 0, 0, 730, 19, 19, 0.0);
INSERT INTO mainrows(id, symbol_id, self_count, cumulative_count, kids, self_calls, total_calls, self_paths, total_paths, pct) VALUES(74, 74, 1300, 1300, 0, 0, 325, 9, 9, 0.0);
INSERT INTO mainrows(id, symbol_id, self_count, cumulative_count, kids, self_calls, total_calls, self_paths, total_paths, pct) VALUES(75, 75, 1300, 1300, 0, 0, 325, 9, 9, 0.0);
INSERT INTO mainrows(id, symbol_id, self_count, cumulative_count, kids, self_calls, total_calls, self_paths, total_paths, pct) VALUES(76, 76, 1300, 1300, 0, 0, 325, 9, 9, 0.0);
INSERT INTO mainrows(id, symbol_id, self_count, cumulative_count, kids, self_calls, total_calls, self_paths, total_paths, pct) VALUES(77, 77, 1300, 1300, 0, 0, 325, 9, 9, 0.0);
INSERT INTO mainrows(id, symbol_id, self_count, cumulative_count, kids, self_calls, total_calls, self_paths, total_paths, pct) VALUES(78, 78, 2920, 2920, 0, 0, 730, 19, 19, 0.0);
INSERT INTO mainrows(id, symbol_id, self_count, cumulative_count, kids, self_calls, total_calls, self_paths, total_paths, pct) VALUES(79, 79, 2920, 2920, 0, 0, 730, 19, 19, 0.0);
INSERT INTO mainrows(id, symbol_id, self_count, cumulative_count, kids, self_calls, total_calls, self_paths, total_paths, pct) VALUES(80, 80, 2920, 2920, 0, 0, 730, 19, 19, 0.0);
INSERT INTO mainrows(id, symbol_id, self_count, cumulative_count, kids, self_calls, total_calls, self_paths, total_paths, pct) VALUES(81, 81, 2920, 2920, 0, 0, 730, 19, 19, 0.0);
INSERT INTO mainrows(id, symbol_id, self_count, cumulative_count, kids, self_calls, total_calls, self_paths, total_paths, pct) VALUES(82, 82, 2920, 2920, 0, 0, 730, 19, 19, 0.0);
INSERT INTO mainrows(id, symbol_id, self_count, cumulative_count, kids, self_calls, total_calls, self_paths, total_paths, pct) VALUES(83, 83, 2920, 2920, 0, 0, 730, 19, 19, 0.0);
INSERT INTO mainrows(id, symbol_id, self_count, cumulative_count, kids, self_calls, total_calls, self_paths, total_paths, pct) VALUES(84, 84, 2920, 2920, 0, 0, 730, 19, 19, 0.0);
INSERT INTO mainrows(id, symbol_id, self_count, cumulative_count, kids, self_calls, total_calls, self_paths, total_paths, pct) VALUES(85, 85, 2920, 2920, 0, 0, 730, 19, 19, 0.0);
INSERT INTO mainrows(id, symbol_id, self_count, cumulative_count, kids, self_calls, total_calls, self_paths, total_paths, pct) VALUES(86, 86, 2920, 2920, 0, 0, 730, 19, 19, 0.0);
INSERT INTO mainrows(id, symbol_id, self_count, cumulative_count, kids, self_calls, total_calls, self_paths, total_paths, pct) VALUES(87, 87, 2920, 2920, 0, 0, 730, 19, 19, 0.0);
INSERT INTO mainrows(id, symbol_id, self_count, cumulative_count, kids, self_calls, total_calls, self_paths, total_paths, pct) VALUES(88, 88, 12800, 12800, 2, 0, 3200, 32, 32, 0.0);
INSERT INTO mainrows(id, symbol_id, self_count, cumulative_count, kids, self_calls, total_calls, self_paths, total_paths, pct) VALUES(89, 89, 9600, 9600, 0, 0, 2400, 24, 24, 0.0);
INSERT INTO mainrows(id, symbol_id, self_count, cumulative_count, kids, self_calls, total_calls, self_paths, total_paths, pct) VALUES(90, 90, 3200, 3200, 0, 0, 800, 8, 8, 0.0);
INSERT INTO mainrows(id, symbol_id, self_count, cumulative_count, kids, self_calls, total_calls, self_paths, total_paths, pct) VALUES(91, 91, 39088, 39088, 5, 0, 9772, 304, 304, 0.0);
INSERT INTO mainrows(id, symbol_id, self_count, cumulative_count, kids, self_calls, total_calls, self_paths, total_paths, pct) VALUES(92, 92, 8240, 8240, 0, 0, 2060, 62, 62, 0.0);
INSERT INTO mainrows(id, symbol_id, self_count, cumulative_count, kids, self_calls, total_calls, self_paths, total_paths, pct) VALUES(93, 93, 15296, 15296, 0, 0, 3824, 114, 114, 0.0);
INSERT INTO mainrows(id, symbol_id, self_count, cumulative_count, kids, self_calls, total_calls, self_paths, total_paths, pct) VALUES(94, 94, 5552, 5552, 0, 0, 1388, 44, 44, 0.0);
INSERT INTO mainrows(id, symbol_id, self_count, cumulative_count, kids, self_calls, total_calls, self_paths, total_paths, pct) VALUES(95, 95, 4448, 4448, 0, 0, 1112, 40, 40, 0.0);
INSERT INTO mainrows(id, symbol_id, self_count, cumulative_count, kids, self_calls, total_calls, self_paths, total_paths, pct) VALUES(96, 96, 5552, 5552, 0, 0, 1388, 44, 44, 0.0);
INSERT INTO mainrows(id, symbol_id, self_count, cumulative_count, kids, self_calls, total_calls, self_paths, total_paths, pct) VALUES(97, 97, 2856464, 2856464, 2, 624184, 698128, 516, 516, 0.0);
INSERT INTO mainrows(id, symbol_id, self_count, cumulative_count, kids, self_calls, total_calls, self_paths, total_paths, pct) VALUES(98, 98, 23296, 23296, 4, 0, 5824, 128, 128, 0.0);
INSERT INTO mainrows(id, symbol_id, self_count, cumulative_count, kids, self_calls, total_calls, self_paths, total_paths, pct) VALUES(99, 99, 7280, 7280, 0, 0, 1820, 40, 40, 0.0);
INSERT INTO mainrows(id, symbol_id, self_count, cumulative_count, kids, self_calls, total_calls, self_paths, total_paths, pct) VALUES(100, 100, 5824, 5824, 0, 0, 1456, 32, 32, 0.0);
INSERT INTO mainrows(id, symbol_id, self_count, cumulative_count, kids, self_calls, total_calls, self_paths, total_paths, pct) VALUES(101, 101, 4368, 4368, 0, 0, 1092, 24, 24, 0.0);
INSERT INTO mainrows(id, symbol_id, self_count, cumulative_count, kids, self_calls, total_calls, self_paths, total_paths, pct) VALUES(102, 102, 5824, 5824, 0, 0, 1456, 32, 32, 0.0);
INSERT INTO mainrows(id, symbol_id, self_count, cumulative_count, kids, self_calls, total_calls, self_paths, total_paths, pct) VALUES(103, 103, 2833168, 2833168, 4, 624184, 692304, 388, 388, 0.0);
INSERT INTO mainrows(id, symbol_id, self_count, cumulative_count, kids, self_calls, total_calls, self_paths, total_paths, pct) VALUES(104, 104, 708292, 708292, 1, 156046, 173076, 97, 97, 0.0);
INSERT INTO mainrows(id, symbol_id, self_count, cumulative_count, kids, self_calls, total_calls, self_paths, total_paths, pct) VALUES(105, 105, 25200, 25200, 0, 0, 6300, 4, 4, 0.0);
INSERT INTO mainrows(id, symbol_id, self_count, cumulative_count, kids, self_calls, total_calls, self_paths, total_paths, pct) VALUES(106, 106, 708292, 708292, 1, 156046, 173076, 97, 97, 0.0);
INSERT INTO mainrows(id, symbol_id, self_count, cumulative_count, kids, self_calls, total_calls, self_paths, total_paths, pct) VALUES(107, 107, 25200, 25200, 0, 0, 6300, 4, 4, 0.0);
INSERT INTO mainrows(id, symbol_id, self_count, cumulative_count, kids, self_calls, total_calls, self_paths, total_paths, pct) VALUES(108, 108, 708292, 708292, 1, 156046, 173076, 97, 97, 0.0);
INSERT INTO mainrows(id, symbol_id, self_count, cumulative_count, kids, self_calls, total_calls, self_paths, total_paths, pct) VALUES(109, 109, 25200, 25200, 0, 0, 6300, 4, 4, 0.0);
INSERT INTO mainrows(id, symbol_id, self_count, cumulative_count, kids, self_calls, total_calls, self_paths, total_paths, pct) VALUES(110, 110, 708292, 708292, 1, 156046, 173076, 97, 97, 0.0);
INSERT INTO mainrows(id, symbol_id, self_count, cumulative_count, kids, self_calls, total_calls, self_paths, total_paths, pct) VALUES(111, 111, 25200, 25200, 0, 0, 6300, 4, 4, 0.0);
INSERT INTO mainrows(id, symbol_id, self_count, cumulative_count, kids, self_calls, total_calls, self_paths, total_paths, pct) VALUES(112, 112, 24720, 24720, 5, 0, 6180, 80, 80, 0.0);
INSERT INTO mainrows(id, symbol_id, self_count, cumulative_count, kids, self_calls, total_calls, self_paths, total_paths, pct) VALUES(113, 113, 4800, 4800, 0, 0, 1200, 12, 12, 0.0);
INSERT INTO mainrows(id, symbol_id, self_count, cumulative_count, kids, self_calls, total_calls, self_paths, total_paths, pct) VALUES(114, 114, 4800, 4800, 0, 0, 1200, 12, 12, 0.0);
INSERT INTO mainrows(id, symbol_id, self_count, cumulative_count, kids, self_calls, total_calls, self_paths, total_paths, pct) VALUES(115, 115, 12960, 12960, 12, 0, 3240, 48, 48, 0.0);
INSERT INTO mainrows(id, symbol_id, self_count, cumulative_count, kids, self_calls, total_calls, self_paths, total_paths, pct) VALUES(116, 116, 1080, 1080, 0, 0, 270, 4, 4, 0.0);
INSERT INTO mainrows(id, symbol_id, self_count, cumulative_count, kids, self_calls, total_calls, self_paths, total_paths, pct) VALUES(117, 117, 1080, 1080, 0, 0, 270, 4, 4, 0.0);
INSERT INTO mainrows(id, symbol_id, self_count, cumulative_count, kids, self_calls, total_calls, self_paths, total_paths, pct) VALUES(118, 118, 1080, 1080, 0, 0, 270, 4, 4, 0.0);
INSERT INTO mainrows(id, symbol_id, self_count, cumulative_count, kids, self_calls, total_calls, self_paths, total_paths, pct) VALUES(119, 119, 1080, 1080, 0, 0, 270, 4, 4, 0.0);
INSERT INTO mainrows(id, symbol_id, self_count, cumulative_count, kids, self_calls, total_calls, self_paths, total_paths, pct) VALUES(120, 120, 1080, 1080, 0, 0, 270, 4, 4, 0.0);
INSERT INTO mainrows(id, symbol_id, self_count, cumulative_count, kids, self_calls, total_calls, self_paths, total_paths, pct) VALUES(121, 121, 1080, 1080, 0, 0, 270, 4, 4, 0.0);
INSERT INTO mainrows(id, symbol_id, self_count, cumulative_count, kids, self_calls, total_calls, self_paths, total_paths, pct) VALUES(122, 122, 1080, 1080, 0, 0, 270, 4, 4, 0.0);
INSERT INTO mainrows(id, symbol_id, self_count, cumulative_count, kids, self_calls, total_calls, self_paths, total_paths, pct) VALUES(123, 123, 1080, 1080, 0, 0, 270, 4, 4, 0.0);
INSERT INTO mainrows(id, symbol_id, self_count, cumulative_count, kids, self_calls, total_calls, self_paths, total_paths, pct) VALUES(124, 124, 1080, 1080, 0, 0, 270, 4, 4, 0.0);
INSERT INTO mainrows(id, symbol_id, self_count, cumulative_count, kids, self_calls, total_calls, self_paths, total_paths, pct) VALUES(125, 125, 1080, 1080, 0, 0, 270, 4, 4, 0.0);
INSERT INTO mainrows(id, symbol_id, self_count, cumulative_count, kids, self_calls, total_calls, self_paths, total_paths, pct) VALUES(126, 126, 1080, 1080, 0, 0, 270, 4, 4, 0.0);
INSERT INTO mainrows(id, symbol_id, self_count, cumulative_count, kids, self_calls, total_calls, self_paths, total_paths, pct) VALUES(127, 127, 1080, 1080, 0, 0, 270, 4, 4, 0.0);
INSERT INTO mainrows(id, symbol_id, self_count, cumulative_count, kids, self_calls, total_calls, self_paths, total_paths, pct) VALUES(128, 128, 1080, 1080, 1, 0, 270, 4, 4, 0.0);
INSERT INTO mainrows(id, symbol_id, self_count, cumulative_count, kids, self_calls, total_calls, self_paths, total_paths, pct) VALUES(129, 129, 1080, 1080, 0, 0, 270, 4, 4, 0.0);
INSERT INTO mainrows(id, symbol_id, self_count, cumulative_count, kids, self_calls, total_calls, self_paths, total_paths, pct) VALUES(130, 130, 1080, 1080, 0, 0, 270, 4, 4, 0.0);
INSERT INTO mainrows(id, symbol_id, self_count, cumulative_count, kids, self_calls, total_calls, self_paths, total_paths, pct) VALUES(131, 131, 15600, 15600, 2, 0, 3900, 196, 196, 0.0);
INSERT INTO mainrows(id, symbol_id, self_count, cumulative_count, kids, self_calls, total_calls, self_paths, total_paths, pct) VALUES(132, 132, 7800, 7800, 6, 0, 1950, 98, 98, 0.0);
INSERT INTO mainrows(id, symbol_id, self_count, cumulative_count, kids, self_calls, total_calls, self_paths, total_paths, pct) VALUES(133, 133, 1760, 1760, 1, 0, 440, 21, 21, 0.0);
INSERT INTO mainrows(id, symbol_id, self_count, cumulative_count, kids, self_calls, total_calls, self_paths, total_paths, pct) VALUES(134, 134, 1120, 1120, 0, 0, 280, 16, 16, 0.0);
INSERT INTO mainrows(id, symbol_id, self_count, cumulative_count, kids, self_calls, total_calls, self_paths, total_paths, pct) VALUES(135, 135, 772, 772, 1, 0, 193, 12, 12, 0.0);
INSERT INTO mainrows(id, symbol_id, self_count, cumulative_count, kids, self_calls, total_calls, self_paths, total_paths, pct) VALUES(136, 136, 560, 560, 0, 0, 140, 8, 8, 0.0);
INSERT INTO mainrows(id, symbol_id, self_count, cumulative_count, kids, self_calls, total_calls, self_paths, total_paths, pct) VALUES(137, 137, 1180, 1180, 1, 0, 295, 13, 13, 0.0);
INSERT INTO mainrows(id, symbol_id, self_count, cumulative_count, kids, self_calls, total_calls, self_paths, total_paths, pct) VALUES(138, 138, 560, 560, 0, 0, 140, 8, 8, 0.0);
INSERT INTO mainrows(id, symbol_id, self_count, cumulative_count, kids, self_calls, total_calls, self_paths, total_paths, pct) VALUES(139, 139, 1352, 1352, 1, 0, 338, 20, 20, 0.0);
INSERT INTO mainrows(id, symbol_id, self_count, cumulative_count, kids, self_calls, total_calls, self_paths, total_paths, pct) VALUES(140, 140, 1120, 1120, 0, 0, 280, 16, 16, 0.0);
INSERT INTO mainrows(id, symbol_id, self_count, cumulative_count, kids, self_calls, total_calls, self_paths, total_paths, pct) VALUES(141, 141, 2704, 2704, 1, 0, 676, 30, 30, 0.0);
INSERT INTO mainrows(id, symbol_id, self_count, cumulative_count, kids, self_calls, total_calls, self_paths, total_paths, pct) VALUES(142, 142, 1312, 1312, 0, 0, 328, 16, 16, 0.0);
INSERT INTO mainrows(id, symbol_id, self_count, cumulative_count, kids, self_calls, total_calls, self_paths, total_paths, pct) VALUES(143, 143, 32, 32, 1, 0, 8, 2, 2, 0.0);
INSERT INTO mainrows(id, symbol_id, self_count, cumulative_count, kids, self_calls, total_calls, self_paths, total_paths, pct) VALUES(144, 144, 32, 32, 0, 0, 8, 2, 2, 0.0);
INSERT INTO mainrows(id, symbol_id, self_count, cumulative_count, kids, self_calls, total_calls, self_paths, total_paths, pct) VALUES(145, 145, 7800, 7800, 6, 0, 1950, 98, 98, 0.0);
INSERT INTO mainrows(id, symbol_id, self_count, cumulative_count, kids, self_calls, total_calls, self_paths, total_paths, pct) VALUES(146, 146, 1760, 1760, 1, 0, 440, 21, 21, 0.0);
INSERT INTO mainrows(id, symbol_id, self_count, cumulative_count, kids, self_calls, total_calls, self_paths, total_paths, pct) VALUES(147, 147, 1120, 1120, 0, 0, 280, 16, 16, 0.0);
INSERT INTO mainrows(id, symbol_id, self_count, cumulative_count, kids, self_calls, total_calls, self_paths, total_paths, pct) VALUES(148, 148, 772, 772, 1, 0, 193, 12, 12, 0.0);
INSERT INTO mainrows(id, symbol_id, self_count, cumulative_count, kids, self_calls, total_calls, self_paths, total_paths, pct) VALUES(149, 149, 560, 560, 0, 0, 140, 8, 8, 0.0);
INSERT INTO mainrows(id, symbol_id, self_count, cumulative_count, kids, self_calls, total_calls, self_paths, total_paths, pct) VALUES(150, 150, 1180, 1180, 1, 0, 295, 13, 13, 0.0);
INSERT INTO mainrows(id, symbol_id, self_count, cumulative_count, kids, self_calls, total_calls, self_paths, total_paths, pct) VALUES(151, 151, 560, 560, 0, 0, 140, 8, 8, 0.0);
INSERT INTO mainrows(id, symbol_id, self_count, cumulative_count, kids, self_calls, total_calls, self_paths, total_paths, pct) VALUES(152, 152, 1352, 1352, 1, 0, 338, 20, 20, 0.0);
INSERT INTO mainrows(id, symbol_id, self_count, cumulative_count, kids, self_calls, total_calls, self_paths, total_paths, pct) VALUES(153, 153, 1120, 1120, 0, 0, 280, 16, 16, 0.0);
INSERT INTO mainrows(id, symbol_id, self_count, cumulative_count, kids, self_calls, total_calls, self_paths, total_paths, pct) VALUES(154, 154, 2704, 2704, 1, 0, 676, 30, 30, 0.0);
INSERT INTO mainrows(id, symbol_id, self_count, cumulative_count, kids, self_calls, total_calls, self_paths, total_paths, pct) VALUES(155, 155, 1312, 1312, 0, 0, 328, 16, 16, 0.0);
INSERT INTO mainrows(id, symbol_id, self_count, cumulative_count, kids, self_calls, total_calls, self_paths, total_paths, pct) VALUES(156, 156, 32, 32, 1, 0, 8, 2, 2, 0.0);
INSERT INTO mainrows(id, symbol_id, self_count, cumulative_count, kids, self_calls, total_calls, self_paths, total_paths, pct) VALUES(157, 157, 32, 32, 0, 0, 8, 2, 2, 0.0);
INSERT INTO mainrows(id, symbol_id, self_count, cumulative_count, kids, self_calls, total_calls, self_paths, total_paths, pct) VALUES(158, 158, 96888, 96888, 2, 10832, 24222, 406, 406, 0.0);
INSERT INTO mainrows(id, symbol_id, self_count, cumulative_count, kids, self_calls, total_calls, self_paths, total_paths, pct) VALUES(159, 159, 33384, 33384, 2, 3156, 8346, 138, 138, 0.0);
INSERT INTO mainrows(id, symbol_id, self_count, cumulative_count, kids, self_calls, total_calls, self_paths, total_paths, pct) VALUES(160, 160, 16692, 16692, 3, 1578, 4173, 69, 69, 0.0);
INSERT INTO mainrows(id, symbol_id, self_count, cumulative_count, kids, self_calls, total_calls, self_paths, total_paths, pct) VALUES(161, 161, 5564, 5564, 0, 526, 1391, 23, 23, 0.0);
INSERT INTO mainrows(id, symbol_id, self_count, cumulative_count, kids, self_calls, total_calls, self_paths, total_paths, pct) VALUES(162, 162, 5564, 5564, 0, 526, 1391, 23, 23, 0.0);
INSERT INTO mainrows(id, symbol_id, self_count, cumulative_count, kids, self_calls, total_calls, self_paths, total_paths, pct) VALUES(163, 163, 5564, 5564, 0, 526, 1391, 23, 23, 0.0);
INSERT INTO mainrows(id, symbol_id, self_count, cumulative_count, kids, self_calls, total_calls, self_paths, total_paths, pct) VALUES(164, 164, 16692, 16692, 3, 1578, 4173, 69, 69, 0.0);
INSERT INTO mainrows(id, symbol_id, self_count, cumulative_count, kids, self_calls, total_calls, self_paths, total_paths, pct) VALUES(165, 165, 5564, 5564, 0, 526, 1391, 23, 23, 0.0);
INSERT INTO mainrows(id, symbol_id, self_count, cumulative_count, kids, self_calls, total_calls, self_paths, total_paths, pct) VALUES(166, 166, 5564, 5564, 0, 526, 1391, 23, 23, 0.0);
INSERT INTO mainrows(id, symbol_id, self_count, cumulative_count, kids, self_calls, total_calls, self_paths, total_paths, pct) VALUES(167, 167, 5564, 5564, 0, 526, 1391, 23, 23, 0.0);
INSERT INTO mainrows(id, symbol_id, self_count, cumulative_count, kids, self_calls, total_calls, self_paths, total_paths, pct) VALUES(168, 168, 63504, 63504, 5, 7676, 15876, 268, 268, 0.0);
INSERT INTO mainrows(id, symbol_id, self_count, cumulative_count, kids, self_calls, total_calls, self_paths, total_paths, pct) VALUES(169, 169, 9036, 9036, 3, 1356, 2259, 39, 39, 0.0);
INSERT INTO mainrows(id, symbol_id, self_count, cumulative_count, kids, self_calls, total_calls, self_paths, total_paths, pct) VALUES(170, 170, 3012, 3012, 0, 452, 753, 13, 13, 0.0);
INSERT INTO mainrows(id, symbol_id, self_count, cumulative_count, kids, self_calls, total_calls, self_paths, total_paths, pct) VALUES(171, 171, 3012, 3012, 0, 452, 753, 13, 13, 0.0);
INSERT INTO mainrows(id, symbol_id, self_count, cumulative_count, kids, self_calls, total_calls, self_paths, total_paths, pct) VALUES(172, 172, 3012, 3012, 0, 452, 753, 13, 13, 0.0);
INSERT INTO mainrows(id, symbol_id, self_count, cumulative_count, kids, self_calls, total_calls, self_paths, total_paths, pct) VALUES(173, 173, 9036, 9036, 3, 1356, 2259, 39, 39, 0.0);
INSERT INTO mainrows(id, symbol_id, self_count, cumulative_count, kids, self_calls, total_calls, self_paths, total_paths, pct) VALUES(174, 174, 3012, 3012, 0, 452, 753, 13, 13, 0.0);
INSERT INTO mainrows(id, symbol_id, self_count, cumulative_count, kids, self_calls, total_calls, self_paths, total_paths, pct) VALUES(175, 175, 3012, 3012, 0, 452, 753, 13, 13, 0.0);
INSERT INTO mainrows(id, symbol_id, self_count, cumulative_count, kids, self_calls, total_calls, self_paths, total_paths, pct) VALUES(176, 176, 3012, 3012, 0, 452, 753, 13, 13, 0.0);
INSERT INTO mainrows(id, symbol_id, self_count, cumulative_count, kids, self_calls, total_calls, self_paths, total_paths, pct) VALUES(177, 177, 12048, 12048, 4, 1808, 3012, 52, 52, 0.0);
INSERT INTO mainrows(id, symbol_id, self_count, cumulative_count, kids, self_calls, total_calls, self_paths, total_paths, pct) VALUES(178, 178, 3012, 3012, 0, 452, 753, 13, 13, 0.0);
INSERT INTO mainrows(id, symbol_id, self_count, cumulative_count, kids, self_calls, total_calls, self_paths, total_paths, pct) VALUES(179, 179, 3012, 3012, 0, 452, 753, 13, 13, 0.0);
INSERT INTO mainrows(id, symbol_id, self_count, cumulative_count, kids, self_calls, total_calls, self_paths, total_paths, pct) VALUES(180, 180, 3012, 3012, 0, 452, 753, 13, 13, 0.0);
INSERT INTO mainrows(id, symbol_id, self_count, cumulative_count, kids, self_calls, total_calls, self_paths, total_paths, pct) VALUES(181, 181, 3012, 3012, 0, 452, 753, 13, 13, 0.0);
INSERT INTO mainrows(id, symbol_id, self_count, cumulative_count, kids, self_calls, total_calls, self_paths, total_paths, pct) VALUES(182, 182, 16692, 16692, 3, 1578, 4173, 69, 69, 0.0);
INSERT INTO mainrows(id, symbol_id, self_count, cumulative_count, kids, self_calls, total_calls, self_paths, total_paths, pct) VALUES(183, 183, 5564, 5564, 0, 526, 1391, 23, 23, 0.0);
INSERT INTO mainrows(id, symbol_id, self_count, cumulative_count, kids, self_calls, total_calls, self_paths, total_paths, pct) VALUES(184, 184, 5564, 5564, 0, 526, 1391, 23, 23, 0.0);
INSERT INTO mainrows(id, symbol_id, self_count, cumulative_count, kids, self_calls, total_calls, self_paths, total_paths, pct) VALUES(185, 185, 5564, 5564, 0, 526, 1391, 23, 23, 0.0);
INSERT INTO mainrows(id, symbol_id, self_count, cumulative_count, kids, self_calls, total_calls, self_paths, total_paths, pct) VALUES(186, 186, 16692, 16692, 3, 1578, 4173, 69, 69, 0.0);
INSERT INTO mainrows(id, symbol_id, self_count, cumulative_count, kids, self_calls, total_calls, self_paths, total_paths, pct) VALUES(187, 187, 5564, 5564, 0, 526, 1391, 23, 23, 0.0);
INSERT INTO mainrows(id, symbol_id, self_count, cumulative_count, kids, self_calls, total_calls, self_paths, total_paths, pct) VALUES(188, 188, 5564, 5564, 0, 526, 1391, 23, 23, 0.0);
INSERT INTO mainrows(id, symbol_id, self_count, cumulative_count, kids, self_calls, total_calls, self_paths, total_paths, pct) VALUES(189, 189, 5564, 5564, 0, 526, 1391, 23, 23, 0.0);
INSERT INTO mainrows(id, symbol_id, self_count, cumulative_count, kids, self_calls, total_calls, self_paths, total_paths, pct) VALUES(190, 190, 9696, 9696, 2, 0, 2424, 70, 70, 0.0);
INSERT INTO mainrows(id, symbol_id, self_count, cumulative_count, kids, self_calls, total_calls, self_paths, total_paths, pct) VALUES(191, 191, 2784, 2784, 2, 0, 696, 20, 20, 0.0);
INSERT INTO mainrows(id, symbol_id, self_count, cumulative_count, kids, self_calls, total_calls, self_paths, total_paths, pct) VALUES(192, 192, 1392, 1392, 0, 0, 348, 10, 10, 0.0);
INSERT INTO mainrows(id, symbol_id, self_count, cumulative_count, kids, self_calls, total_calls, self_paths, total_paths, pct) VALUES(193, 193, 1392, 1392, 0, 0, 348, 10, 10, 0.0);
INSERT INTO mainrows(id, symbol_id, self_count, cumulative_count, kids, self_calls, total_calls, self_paths, total_paths, pct) VALUES(194, 194, 6912, 6912, 5, 0, 1728, 50, 50, 0.0);
INSERT INTO mainrows(id, symbol_id, self_count, cumulative_count, kids, self_calls, total_calls, self_paths, total_paths, pct) VALUES(195, 195, 1368, 1368, 0, 0, 342, 10, 10, 0.0);
INSERT INTO mainrows(id, symbol_id, self_count, cumulative_count, kids, self_calls, total_calls, self_paths, total_paths, pct) VALUES(196, 196, 1384, 1384, 0, 0, 346, 10, 10, 0.0);
INSERT INTO mainrows(id, symbol_id, self_count, cumulative_count, kids, self_calls, total_calls, self_paths, total_paths, pct) VALUES(197, 197, 1376, 1376, 0, 0, 344, 10, 10, 0.0);
INSERT INTO mainrows(id, symbol_id, self_count, cumulative_count, kids, self_calls, total_calls, self_paths, total_paths, pct) VALUES(198, 198, 1392, 1392, 0, 0, 348, 10, 10, 0.0);
INSERT INTO mainrows(id, symbol_id, self_count, cumulative_count, kids, self_calls, total_calls, self_paths, total_paths, pct) VALUES(199, 199, 1392, 1392, 0, 0, 348, 10, 10, 0.0);
INSERT INTO mainrows(id, symbol_id, self_count, cumulative_count, kids, self_calls, total_calls, self_paths, total_paths, pct) VALUES(200, 200, 1200, 1200, 1, 0, 300, 3, 3, 0.0);
INSERT INTO mainrows(id, symbol_id, self_count, cumulative_count, kids, self_calls, total_calls, self_paths, total_paths, pct) VALUES(201, 201, 1200, 1200, 0, 0, 300, 3, 3, 0.0);
INSERT INTO parents(self_id, child_id, to_child_count, to_child_calls, to_child_paths, pct) VALUES(10,40,0,0,0,0);
INSERT INTO parents(self_id, child_id, to_child_count, to_child_calls, to_child_paths, pct) VALUES(40,41,0,0,0,0);
INSERT INTO parents(self_id, child_id, to_child_count, to_child_calls, to_child_paths, pct) VALUES(41,42,0,0,0,0);
INSERT INTO parents(self_id, child_id, to_child_count, to_child_calls, to_child_paths, pct) VALUES(42,43,1368,342,10,0);
INSERT INTO parents(self_id, child_id, to_child_count, to_child_calls, to_child_paths, pct) VALUES(42,44,1368,342,10,0);
INSERT INTO parents(self_id, child_id, to_child_count, to_child_calls, to_child_paths, pct) VALUES(42,45,728,182,6,0);
INSERT INTO parents(self_id, child_id, to_child_count, to_child_calls, to_child_paths, pct) VALUES(40,46,0,0,0,0);
INSERT INTO parents(self_id, child_id, to_child_count, to_child_calls, to_child_paths, pct) VALUES(46,47,122400,30600,11,0);
INSERT INTO parents(self_id, child_id, to_child_count, to_child_calls, to_child_paths, pct) VALUES(40,48,0,0,0,0);
INSERT INTO parents(self_id, child_id, to_child_count, to_child_calls, to_child_paths, pct) VALUES(48,49,4216,1054,27,0);
INSERT INTO parents(self_id, child_id, to_child_count, to_child_calls, to_child_paths, pct) VALUES(48,50,5512,1378,35,0);
INSERT INTO parents(self_id, child_id, to_child_count, to_child_calls, to_child_paths, pct) VALUES(48,51,2272,568,15,0);
INSERT INTO parents(self_id, child_id, to_child_count, to_child_calls, to_child_paths, pct) VALUES(48,52,7780,1945,49,0);
INSERT INTO parents(self_id, child_id, to_child_count, to_child_calls, to_child_paths, pct) VALUES(48,53,4864,1216,31,0);
INSERT INTO parents(self_id, child_id, to_child_count, to_child_calls, to_child_paths, pct) VALUES(48,54,4540,1135,29,0);
INSERT INTO parents(self_id, child_id, to_child_count, to_child_calls, to_child_paths, pct) VALUES(48,55,7456,1864,47,0);
INSERT INTO parents(self_id, child_id, to_child_count, to_child_calls, to_child_paths, pct) VALUES(48,56,4540,1135,29,0);
INSERT INTO parents(self_id, child_id, to_child_count, to_child_calls, to_child_paths, pct) VALUES(48,57,4540,1135,29,0);
INSERT INTO parents(self_id, child_id, to_child_count, to_child_calls, to_child_paths, pct) VALUES(48,58,4540,1135,29,0);
INSERT INTO parents(self_id, child_id, to_child_count, to_child_calls, to_child_paths, pct) VALUES(48,59,4540,1135,29,0);
INSERT INTO parents(self_id, child_id, to_child_count, to_child_calls, to_child_paths, pct) VALUES(48,60,4540,1135,29,0);
INSERT INTO parents(self_id, child_id, to_child_count, to_child_calls, to_child_paths, pct) VALUES(48,61,2920,730,19,0);
INSERT INTO parents(self_id, child_id, to_child_count, to_child_calls, to_child_paths, pct) VALUES(48,62,2920,730,19,0);
INSERT INTO parents(self_id, child_id, to_child_count, to_child_calls, to_child_paths, pct) VALUES(48,63,3892,973,25,0);
INSERT INTO parents(self_id, child_id, to_child_count, to_child_calls, to_child_paths, pct) VALUES(48,64,3892,973,25,0);
INSERT INTO parents(self_id, child_id, to_child_count, to_child_calls, to_child_paths, pct) VALUES(48,65,1624,406,11,0);
INSERT INTO parents(self_id, child_id, to_child_count, to_child_calls, to_child_paths, pct) VALUES(48,66,1624,406,11,0);
INSERT INTO parents(self_id, child_id, to_child_count, to_child_calls, to_child_paths, pct) VALUES(48,67,1624,406,11,0);
INSERT INTO parents(self_id, child_id, to_child_count, to_child_calls, to_child_paths, pct) VALUES(48,68,1624,406,11,0);
INSERT INTO parents(self_id, child_id, to_child_count, to_child_calls, to_child_paths, pct) VALUES(48,69,1624,406,11,0);
INSERT INTO parents(self_id, child_id, to_child_count, to_child_calls, to_child_paths, pct) VALUES(48,70,1624,406,11,0);
INSERT INTO parents(self_id, child_id, to_child_count, to_child_calls, to_child_paths, pct) VALUES(48,71,1624,406,11,0);
INSERT INTO parents(self_id, child_id, to_child_count, to_child_calls, to_child_paths, pct) VALUES(48,72,2920,730,19,0);
INSERT INTO parents(self_id, child_id, to_child_count, to_child_calls, to_child_paths, pct) VALUES(48,73,2920,730,19,0);
INSERT INTO parents(self_id, child_id, to_child_count, to_child_calls, to_child_paths, pct) VALUES(48,74,1300,325,9,0);
INSERT INTO parents(self_id, child_id, to_child_count, to_child_calls, to_child_paths, pct) VALUES(48,75,1300,325,9,0);
INSERT INTO parents(self_id, child_id, to_child_count, to_child_calls, to_child_paths, pct) VALUES(48,76,1300,325,9,0);
INSERT INTO parents(self_id, child_id, to_child_count, to_child_calls, to_child_paths, pct) VALUES(48,77,1300,325,9,0);
INSERT INTO parents(self_id, child_id, to_child_count, to_child_calls, to_child_paths, pct) VALUES(48,78,2920,730,19,0);
INSERT INTO parents(self_id, child_id, to_child_count, to_child_calls, to_child_paths, pct) VALUES(48,79,2920,730,19,0);
INSERT INTO parents(self_id, child_id, to_child_count, to_child_calls, to_child_paths, pct) VALUES(48,80,2920,730,19,0);
INSERT INTO parents(self_id, child_id, to_child_count, to_child_calls, to_child_paths, pct) VALUES(48,81,2920,730,19,0);
INSERT INTO parents(self_id, child_id, to_child_count, to_child_calls, to_child_paths, pct) VALUES(48,82,2920,730,19,0);
INSERT INTO parents(self_id, child_id, to_child_count, to_child_calls, to_child_paths, pct) VALUES(48,83,2920,730,19,0);
INSERT INTO parents(self_id, child_id, to_child_count, to_child_calls, to_child_paths, pct) VALUES(48,84,2920,730,19,0);
INSERT INTO parents(self_id, child_id, to_child_count, to_child_calls, to_child_paths, pct) VALUES(48,85,2920,730,19,0);
INSERT INTO parents(self_id, child_id, to_child_count, to_child_calls, to_child_paths, pct) VALUES(48,86,2920,730,19,0);
INSERT INTO parents(self_id, child_id, to_child_count, to_child_calls, to_child_paths, pct) VALUES(48,87,2920,730,19,0);
INSERT INTO parents(self_id, child_id, to_child_count, to_child_calls, to_child_paths, pct) VALUES(40,88,0,0,0,0);
INSERT INTO parents(self_id, child_id, to_child_count, to_child_calls, to_child_paths, pct) VALUES(88,89,9600,2400,24,0);
INSERT INTO parents(self_id, child_id, to_child_count, to_child_calls, to_child_paths, pct) VALUES(88,90,3200,800,8,0);
INSERT INTO parents(self_id, child_id, to_child_count, to_child_calls, to_child_paths, pct) VALUES(40,91,0,0,0,0);
INSERT INTO parents(self_id, child_id, to_child_count, to_child_calls, to_child_paths, pct) VALUES(91,92,8240,2060,62,0);
INSERT INTO parents(self_id, child_id, to_child_count, to_child_calls, to_child_paths, pct) VALUES(91,93,15296,3824,114,0);
INSERT INTO parents(self_id, child_id, to_child_count, to_child_calls, to_child_paths, pct) VALUES(91,94,5552,1388,44,0);
INSERT INTO parents(self_id, child_id, to_child_count, to_child_calls, to_child_paths, pct) VALUES(91,95,4448,1112,40,0);
INSERT INTO parents(self_id, child_id, to_child_count, to_child_calls, to_child_paths, pct) VALUES(91,96,5552,1388,44,0);
INSERT INTO parents(self_id, child_id, to_child_count, to_child_calls, to_child_paths, pct) VALUES(40,97,0,0,0,0);
INSERT INTO parents(self_id, child_id, to_child_count, to_child_calls, to_child_paths, pct) VALUES(97,98,0,0,0,0);
INSERT INTO parents(self_id, child_id, to_child_count, to_child_calls, to_child_paths, pct) VALUES(98,99,7280,1820,40,0);
INSERT INTO parents(self_id, child_id, to_child_count, to_child_calls, to_child_paths, pct) VALUES(98,100,5824,1456,32,0);
INSERT INTO parents(self_id, child_id, to_child_count, to_child_calls, to_child_paths, pct) VALUES(98,101,4368,1092,24,0);
INSERT INTO parents(self_id, child_id, to_child_count, to_child_calls, to_child_paths, pct) VALUES(98,102,5824,1456,32,0);
INSERT INTO parents(self_id, child_id, to_child_count, to_child_calls, to_child_paths, pct) VALUES(97,103,0,0,0,0);
INSERT INTO parents(self_id, child_id, to_child_count, to_child_calls, to_child_paths, pct) VALUES(103,104,683092,166776,93,0);
INSERT INTO parents(self_id, child_id, to_child_count, to_child_calls, to_child_paths, pct) VALUES(104,105,25200,6300,4,0);
INSERT INTO parents(self_id, child_id, to_child_count, to_child_calls, to_child_paths, pct) VALUES(103,106,683092,166776,93,0);
INSERT INTO parents(self_id, child_id, to_child_count, to_child_calls, to_child_paths, pct) VALUES(106,107,25200,6300,4,0);
INSERT INTO parents(self_id, child_id, to_child_count, to_child_calls, to_child_paths, pct) VALUES(103,108,683092,166776,93,0);
INSERT INTO parents(self_id, child_id, to_child_count, to_child_calls, to_child_paths, pct) VALUES(108,109,25200,6300,4,0);
INSERT INTO parents(self_id, child_id, to_child_count, to_child_calls, to_child_paths, pct) VALUES(103,110,683092,166776,93,0);
INSERT INTO parents(self_id, child_id, to_child_count, to_child_calls, to_child_paths, pct) VALUES(110,111,25200,6300,4,0);
INSERT INTO parents(self_id, child_id, to_child_count, to_child_calls, to_child_paths, pct) VALUES(40,112,0,0,0,0);
INSERT INTO parents(self_id, child_id, to_child_count, to_child_calls, to_child_paths, pct) VALUES(112,113,4800,1200,12,0);
INSERT INTO parents(self_id, child_id, to_child_count, to_child_calls, to_child_paths, pct) VALUES(112,114,4800,1200,12,0);
INSERT INTO parents(self_id, child_id, to_child_count, to_child_calls, to_child_paths, pct) VALUES(112,115,0,0,0,0);
INSERT INTO parents(self_id, child_id, to_child_count, to_child_calls, to_child_paths, pct) VALUES(115,116,1080,270,4,0);
INSERT INTO parents(self_id, child_id, to_child_count, to_child_calls, to_child_paths, pct) VALUES(115,117,1080,270,4,0);
INSERT INTO parents(self_id, child_id, to_child_count, to_child_calls, to_child_paths, pct) VALUES(115,118,1080,270,4,0);
INSERT INTO parents(self_id, child_id, to_child_count, to_child_calls, to_child_paths, pct) VALUES(115,119,1080,270,4,0);
INSERT INTO parents(self_id, child_id, to_child_count, to_child_calls, to_child_paths, pct) VALUES(115,120,1080,270,4,0);
INSERT INTO parents(self_id, child_id, to_child_count, to_child_calls, to_child_paths, pct) VALUES(115,121,1080,270,4,0);
INSERT INTO parents(self_id, child_id, to_child_count, to_child_calls, to_child_paths, pct) VALUES(115,122,1080,270,4,0);
INSERT INTO parents(self_id, child_id, to_child_count, to_child_calls, to_child_paths, pct) VALUES(115,123,1080,270,4,0);
INSERT INTO parents(self_id, child_id, to_child_count, to_child_calls, to_child_paths, pct) VALUES(115,124,1080,270,4,0);
INSERT INTO parents(self_id, child_id, to_child_count, to_child_calls, to_child_paths, pct) VALUES(115,125,1080,270,4,0);
INSERT INTO parents(self_id, child_id, to_child_count, to_child_calls, to_child_paths, pct) VALUES(115,126,1080,270,4,0);
INSERT INTO parents(self_id, child_id, to_child_count, to_child_calls, to_child_paths, pct) VALUES(115,127,1080,270,4,0);
INSERT INTO parents(self_id, child_id, to_child_count, to_child_calls, to_child_paths, pct) VALUES(112,128,0,0,0,0);
INSERT INTO parents(self_id, child_id, to_child_count, to_child_calls, to_child_paths, pct) VALUES(128,129,1080,270,4,0);
INSERT INTO parents(self_id, child_id, to_child_count, to_child_calls, to_child_paths, pct) VALUES(112,130,1080,270,4,0);
INSERT INTO parents(self_id, child_id, to_child_count, to_child_calls, to_child_paths, pct) VALUES(40,131,0,0,0,0);
INSERT INTO parents(self_id, child_id, to_child_count, to_child_calls, to_child_paths, pct) VALUES(131,132,0,0,0,0);
INSERT INTO parents(self_id, child_id, to_child_count, to_child_calls, to_child_paths, pct) VALUES(132,133,640,160,5,0);
INSERT INTO parents(self_id, child_id, to_child_count, to_child_calls, to_child_paths, pct) VALUES(133,134,1120,280,16,0);
INSERT INTO parents(self_id, child_id, to_child_count, to_child_calls, to_child_paths, pct) VALUES(132,135,212,53,4,0);
INSERT INTO parents(self_id, child_id, to_child_count, to_child_calls, to_child_paths, pct) VALUES(135,136,560,140,8,0);
INSERT INTO parents(self_id, child_id, to_child_count, to_child_calls, to_child_paths, pct) VALUES(132,137,620,155,5,0);
INSERT INTO parents(self_id, child_id, to_child_count, to_child_calls, to_child_paths, pct) VALUES(137,138,560,140,8,0);
INSERT INTO parents(self_id, child_id, to_child_count, to_child_calls, to_child_paths, pct) VALUES(132,139,232,58,4,0);
INSERT INTO parents(self_id, child_id, to_child_count, to_child_calls, to_child_paths, pct) VALUES(139,140,1120,280,16,0);
INSERT INTO parents(self_id, child_id, to_child_count, to_child_calls, to_child_paths, pct) VALUES(132,141,1392,348,14,0);
INSERT INTO parents(self_id, child_id, to_child_count, to_child_calls, to_child_paths, pct) VALUES(141,142,1312,328,16,0);
INSERT INTO parents(self_id, child_id, to_child_count, to_child_calls, to_child_paths, pct) VALUES(132,143,0,0,0,0);
INSERT INTO parents(self_id, child_id, to_child_count, to_child_calls, to_child_paths, pct) VALUES(143,144,32,8,2,0);
INSERT INTO parents(self_id, child_id, to_child_count, to_child_calls, to_child_paths, pct) VALUES(131,145,0,0,0,0);
INSERT INTO parents(self_id, child_id, to_child_count, to_child_calls, to_child_paths, pct) VALUES(145,146,640,160,5,0);
INSERT INTO parents(self_id, child_id, to_child_count, to_child_calls, to_child_paths, pct) VALUES(146,147,1120,280,16,0);
INSERT INTO parents(self_id, child_id, to_child_count, to_child_calls, to_child_paths, pct) VALUES(145,148,212,53,4,0);
INSERT INTO parents(self_id, child_id, to_child_count, to_child_calls, to_child_paths, pct) VALUES(148,149,560,140,8,0);
INSERT INTO parents(self_id, child_id, to_child_count, to_child_calls, to_child_paths, pct) VALUES(145,150,620,155,5,0);
INSERT INTO parents(self_id, child_id, to_child_count, to_child_calls, to_child_paths, pct) VALUES(150,151,560,140,8,0);
INSERT INTO parents(self_id, child_id, to_child_count, to_child_calls, to_child_paths, pct) VALUES(145,152,232,58,4,0);
INSERT INTO parents(self_id, child_id, to_child_count, to_child_calls, to_child_paths, pct) VALUES(152,153,1120,280,16,0);
INSERT INTO parents(self_id, child_id, to_child_count, to_child_calls, to_child_paths, pct) VALUES(145,154,1392,348,14,0);
INSERT INTO parents(self_id, child_id, to_child_count, to_child_calls, to_child_paths, pct) VALUES(154,155,1312,328,16,0);
INSERT INTO parents(self_id, child_id, to_child_count, to_child_calls, to_child_paths, pct) VALUES(145,156,0,0,0,0);
INSERT INTO parents(self_id, child_id, to_child_count, to_child_calls, to_child_paths, pct) VALUES(156,157,32,8,2,0);
INSERT INTO parents(self_id, child_id, to_child_count, to_child_calls, to_child_paths, pct) VALUES(40,158,0,0,0,0);
INSERT INTO parents(self_id, child_id, to_child_count, to_child_calls, to_child_paths, pct) VALUES(158,159,0,0,0,0);
INSERT INTO parents(self_id, child_id, to_child_count, to_child_calls, to_child_paths, pct) VALUES(159,160,0,0,0,0);
INSERT INTO parents(self_id, child_id, to_child_count, to_child_calls, to_child_paths, pct) VALUES(160,161,5564,1391,23,0);
INSERT INTO parents(self_id, child_id, to_child_count, to_child_calls, to_child_paths, pct) VALUES(160,162,5564,1391,23,0);
INSERT INTO parents(self_id, child_id, to_child_count, to_child_calls, to_child_paths, pct) VALUES(160,163,5564,1391,23,0);
INSERT INTO parents(self_id, child_id, to_child_count, to_child_calls, to_child_paths, pct) VALUES(159,164,0,0,0,0);
INSERT INTO parents(self_id, child_id, to_child_count, to_child_calls, to_child_paths, pct) VALUES(164,165,5564,1391,23,0);
INSERT INTO parents(self_id, child_id, to_child_count, to_child_calls, to_child_paths, pct) VALUES(164,166,5564,1391,23,0);
INSERT INTO parents(self_id, child_id, to_child_count, to_child_calls, to_child_paths, pct) VALUES(164,167,5564,1391,23,0);
INSERT INTO parents(self_id, child_id, to_child_count, to_child_calls, to_child_paths, pct) VALUES(158,168,0,0,0,0);
INSERT INTO parents(self_id, child_id, to_child_count, to_child_calls, to_child_paths, pct) VALUES(168,169,0,0,0,0);
INSERT INTO parents(self_id, child_id, to_child_count, to_child_calls, to_child_paths, pct) VALUES(169,170,3012,753,13,0);
INSERT INTO parents(self_id, child_id, to_child_count, to_child_calls, to_child_paths, pct) VALUES(169,171,3012,753,13,0);
INSERT INTO parents(self_id, child_id, to_child_count, to_child_calls, to_child_paths, pct) VALUES(169,172,3012,753,13,0);
INSERT INTO parents(self_id, child_id, to_child_count, to_child_calls, to_child_paths, pct) VALUES(168,173,0,0,0,0);
INSERT INTO parents(self_id, child_id, to_child_count, to_child_calls, to_child_paths, pct) VALUES(173,174,3012,753,13,0);
INSERT INTO parents(self_id, child_id, to_child_count, to_child_calls, to_child_paths, pct) VALUES(173,175,3012,753,13,0);
INSERT INTO parents(self_id, child_id, to_child_count, to_child_calls, to_child_paths, pct) VALUES(173,176,3012,753,13,0);
INSERT INTO parents(self_id, child_id, to_child_count, to_child_calls, to_child_paths, pct) VALUES(168,177,0,0,0,0);
INSERT INTO parents(self_id, child_id, to_child_count, to_child_calls, to_child_paths, pct) VALUES(177,178,3012,753,13,0);
INSERT INTO parents(self_id, child_id, to_child_count, to_child_calls, to_child_paths, pct) VALUES(177,179,3012,753,13,0);
INSERT INTO parents(self_id, child_id, to_child_count, to_child_calls, to_child_paths, pct) VALUES(177,180,3012,753,13,0);
INSERT INTO parents(self_id, child_id, to_child_count, to_child_calls, to_child_paths, pct) VALUES(177,181,3012,753,13,0);
INSERT INTO parents(self_id, child_id, to_child_count, to_child_calls, to_child_paths, pct) VALUES(168,182,0,0,0,0);
INSERT INTO parents(self_id, child_id, to_child_count, to_child_calls, to_child_paths, pct) VALUES(182,183,5564,1391,23,0);
INSERT INTO parents(self_id, child_id, to_child_count, to_child_calls, to_child_paths, pct) VALUES(182,184,5564,1391,23,0);
INSERT INTO parents(self_id, child_id, to_child_count, to_child_calls, to_child_paths, pct) VALUES(182,185,5564,1391,23,0);
INSERT INTO parents(self_id, child_id, to_child_count, to_child_calls, to_child_paths, pct) VALUES(168,186,0,0,0,0);
INSERT INTO parents(self_id, child_id, to_child_count, to_child_calls, to_child_paths, pct) VALUES(186,187,5564,1391,23,0);
INSERT INTO parents(self_id, child_id, to_child_count, to_child_calls, to_child_paths, pct) VALUES(186,188,5564,1391,23,0);
INSERT INTO parents(self_id, child_id, to_child_count, to_child_calls, to_child_paths, pct) VALUES(186,189,5564,1391,23,0);
INSERT INTO parents(self_id, child_id, to_child_count, to_child_calls, to_child_paths, pct) VALUES(40,190,0,0,0,0);
INSERT INTO parents(self_id, child_id, to_child_count, to_child_calls, to_child_paths, pct) VALUES(190,191,0,0,0,0);
INSERT INTO parents(self_id, child_id, to_child_count, to_child_calls, to_child_paths, pct) VALUES(191,192,1392,348,10,0);
INSERT INTO parents(self_id, child_id, to_child_count, to_child_calls, to_child_paths, pct) VALUES(191,193,1392,348,10,0);
INSERT INTO parents(self_id, child_id, to_child_count, to_child_calls, to_child_paths, pct) VALUES(190,194,0,0,0,0);
INSERT INTO parents(self_id, child_id, to_child_count, to_child_calls, to_child_paths, pct) VALUES(194,195,1368,342,10,0);
INSERT INTO parents(self_id, child_id, to_child_count, to_child_calls, to_child_paths, pct) VALUES(194,196,1384,346,10,0);
INSERT INTO parents(self_id, child_id, to_child_count, to_child_calls, to_child_paths, pct) VALUES(194,197,1376,344,10,0);
INSERT INTO parents(self_id, child_id, to_child_count, to_child_calls, to_child_paths, pct) VALUES(194,198,1392,348,10,0);
INSERT INTO parents(self_id, child_id, to_child_count, to_child_calls, to_child_paths, pct) VALUES(194,199,1392,348,10,0);
INSERT INTO parents(self_id, child_id, to_child_count, to_child_calls, to_child_paths, pct) VALUES(40,200,0,0,0,0);
INSERT INTO parents(self_id, child_id, to_child_count, to_child_calls, to_child_paths, pct) VALUES(200,201,1200,300,3,0);
INSERT INTO children(self_id, parent_id, from_parent_count, from_parent_calls, from_parent_paths, pct) VALUES(40,10,3306892,664216,0,0);
INSERT INTO children(self_id, parent_id, from_parent_count, from_parent_calls, from_parent_paths, pct) VALUES(41,40,3464,0,0,0);
INSERT INTO children(self_id, parent_id, from_parent_count, from_parent_calls, from_parent_paths, pct) VALUES(42,41,3464,0,0,0);
INSERT INTO children(self_id, parent_id, from_parent_count, from_parent_calls, from_parent_paths, pct) VALUES(43,42,1368,0,10,0);
INSERT INTO children(self_id, parent_id, from_parent_count, from_parent_calls, from_parent_paths, pct) VALUES(44,42,1368,0,10,0);
INSERT INTO children(self_id, parent_id, from_parent_count, from_parent_calls, from_parent_paths, pct) VALUES(45,42,728,0,6,0);
INSERT INTO children(self_id, parent_id, from_parent_count, from_parent_calls, from_parent_paths, pct) VALUES(46,40,122400,29200,0,0);
INSERT INTO children(self_id, parent_id, from_parent_count, from_parent_calls, from_parent_paths, pct) VALUES(47,46,122400,29200,11,0);
INSERT INTO children(self_id, parent_id, from_parent_count, from_parent_calls, from_parent_paths, pct) VALUES(48,40,124572,0,0,0);
INSERT INTO children(self_id, parent_id, from_parent_count, from_parent_calls, from_parent_paths, pct) VALUES(49,48,4216,0,27,0);
INSERT INTO children(self_id, parent_id, from_parent_count, from_parent_calls, from_parent_paths, pct) VALUES(50,48,5512,0,35,0);
INSERT INTO children(self_id, parent_id, from_parent_count, from_parent_calls, from_parent_paths, pct) VALUES(51,48,2272,0,15,0);
INSERT INTO children(self_id, parent_id, from_parent_count, from_parent_calls, from_parent_paths, pct) VALUES(52,48,7780,0,49,0);
INSERT INTO children(self_id, parent_id, from_parent_count, from_parent_calls, from_parent_paths, pct) VALUES(53,48,4864,0,31,0);
INSERT INTO children(self_id, parent_id, from_parent_count, from_parent_calls, from_parent_paths, pct) VALUES(54,48,4540,0,29,0);
INSERT INTO children(self_id, parent_id, from_parent_count, from_parent_calls, from_parent_paths, pct) VALUES(55,48,7456,0,47,0);
INSERT INTO children(self_id, parent_id, from_parent_count, from_parent_calls, from_parent_paths, pct) VALUES(56,48,4540,0,29,0);
INSERT INTO children(self_id, parent_id, from_parent_count, from_parent_calls, from_parent_paths, pct) VALUES(57,48,4540,0,29,0);
INSERT INTO children(self_id, parent_id, from_parent_count, from_parent_calls, from_parent_paths, pct) VALUES(58,48,4540,0,29,0);
INSERT INTO children(self_id, parent_id, from_parent_count, from_parent_calls, from_parent_paths, pct) VALUES(59,48,4540,0,29,0);
INSERT INTO children(self_id, parent_id, from_parent_count, from_parent_calls, from_parent_paths, pct) VALUES(60,48,4540,0,29,0);
INSERT INTO children(self_id, parent_id, from_parent_count, from_parent_calls, from_parent_paths, pct) VALUES(61,48,2920,0,19,0);
INSERT INTO children(self_id, parent_id, from_parent_count, from_parent_calls, from_parent_paths, pct) VALUES(62,48,2920,0,19,0);
INSERT INTO children(self_id, parent_id, from_parent_count, from_parent_calls, from_parent_paths, pct) VALUES(63,48,3892,0,25,0);
INSERT INTO children(self_id, parent_id, from_parent_count, from_parent_calls, from_parent_paths, pct) VALUES(64,48,3892,0,25,0);
INSERT INTO children(self_id, parent_id, from_parent_count, from_parent_calls, from_parent_paths, pct) VALUES(65,48,1624,0,11,0);
INSERT INTO children(self_id, parent_id, from_parent_count, from_parent_calls, from_parent_paths, pct) VALUES(66,48,1624,0,11,0);
INSERT INTO children(self_id, parent_id, from_parent_count, from_parent_calls, from_parent_paths, pct) VALUES(67,48,1624,0,11,0);
INSERT INTO children(self_id, parent_id, from_parent_count, from_parent_calls, from_parent_paths, pct) VALUES(68,48,1624,0,11,0);
INSERT INTO children(self_id, parent_id, from_parent_count, from_parent_calls, from_parent_paths, pct) VALUES(69,48,1624,0,11,0);
INSERT INTO children(self_id, parent_id, from_parent_count, from_parent_calls, from_parent_paths, pct) VALUES(70,48,1624,0,11,0);
INSERT INTO children(self_id, parent_id, from_parent_count, from_parent_calls, from_parent_paths, pct) VALUES(71,48,1624,0,11,0);
INSERT INTO children(self_id, parent_id, from_parent_count, from_parent_calls, from_parent_paths, pct) VALUES(72,48,2920,0,19,0);
INSERT INTO children(self_id, parent_id, from_parent_count, from_parent_calls, from_parent_paths, pct) VALUES(73,48,2920,0,19,0);
INSERT INTO children(self_id, parent_id, from_parent_count, from_parent_calls, from_parent_paths, pct) VALUES(74,48,1300,0,9,0);
INSERT INTO children(self_id, parent_id, from_parent_count, from_parent_calls, from_parent_paths, pct) VALUES(75,48,1300,0,9,0);
INSERT INTO children(self_id, parent_id, from_parent_count, from_parent_calls, from_parent_paths, pct) VALUES(76,48,1300,0,9,0);
INSERT INTO children(self_id, parent_id, from_parent_count, from_parent_calls, from_parent_paths, pct) VALUES(77,48,1300,0,9,0);
INSERT INTO children(self_id, parent_id, from_parent_count, from_parent_calls, from_parent_paths, pct) VALUES(78,48,2920,0,19,0);
INSERT INTO children(self_id, parent_id, from_parent_count, from_parent_calls, from_parent_paths, pct) VALUES(79,48,2920,0,19,0);
INSERT INTO children(self_id, parent_id, from_parent_count, from_parent_calls, from_parent_paths, pct) VALUES(80,48,2920,0,19,0);
INSERT INTO children(self_id, parent_id, from_parent_count, from_parent_calls, from_parent_paths, pct) VALUES(81,48,2920,0,19,0);
INSERT INTO children(self_id, parent_id, from_parent_count, from_parent_calls, from_parent_paths, pct) VALUES(82,48,2920,0,19,0);
INSERT INTO children(self_id, parent_id, from_parent_count, from_parent_calls, from_parent_paths, pct) VALUES(83,48,2920,0,19,0);
INSERT INTO children(self_id, parent_id, from_parent_count, from_parent_calls, from_parent_paths, pct) VALUES(84,48,2920,0,19,0);
INSERT INTO children(self_id, parent_id, from_parent_count, from_parent_calls, from_parent_paths, pct) VALUES(85,48,2920,0,19,0);
INSERT INTO children(self_id, parent_id, from_parent_count, from_parent_calls, from_parent_paths, pct) VALUES(86,48,2920,0,19,0);
INSERT INTO children(self_id, parent_id, from_parent_count, from_parent_calls, from_parent_paths, pct) VALUES(87,48,2920,0,19,0);
INSERT INTO children(self_id, parent_id, from_parent_count, from_parent_calls, from_parent_paths, pct) VALUES(88,40,12800,0,0,0);
INSERT INTO children(self_id, parent_id, from_parent_count, from_parent_calls, from_parent_paths, pct) VALUES(89,88,9600,0,24,0);
INSERT INTO children(self_id, parent_id, from_parent_count, from_parent_calls, from_parent_paths, pct) VALUES(90,88,3200,0,8,0);
INSERT INTO children(self_id, parent_id, from_parent_count, from_parent_calls, from_parent_paths, pct) VALUES(91,40,39088,0,0,0);
INSERT INTO children(self_id, parent_id, from_parent_count, from_parent_calls, from_parent_paths, pct) VALUES(92,91,8240,0,62,0);
INSERT INTO children(self_id, parent_id, from_parent_count, from_parent_calls, from_parent_paths, pct) VALUES(93,91,15296,0,114,0);
INSERT INTO children(self_id, parent_id, from_parent_count, from_parent_calls, from_parent_paths, pct) VALUES(94,91,5552,0,44,0);
INSERT INTO children(self_id, parent_id, from_parent_count, from_parent_calls, from_parent_paths, pct) VALUES(95,91,4448,0,40,0);
INSERT INTO children(self_id, parent_id, from_parent_count, from_parent_calls, from_parent_paths, pct) VALUES(96,91,5552,0,44,0);
INSERT INTO children(self_id, parent_id, from_parent_count, from_parent_calls, from_parent_paths, pct) VALUES(97,40,2856464,624184,0,0);
INSERT INTO children(self_id, parent_id, from_parent_count, from_parent_calls, from_parent_paths, pct) VALUES(98,97,23296,0,0,0);
INSERT INTO children(self_id, parent_id, from_parent_count, from_parent_calls, from_parent_paths, pct) VALUES(99,98,7280,0,40,0);
INSERT INTO children(self_id, parent_id, from_parent_count, from_parent_calls, from_parent_paths, pct) VALUES(100,98,5824,0,32,0);
INSERT INTO children(self_id, parent_id, from_parent_count, from_parent_calls, from_parent_paths, pct) VALUES(101,98,4368,0,24,0);
INSERT INTO children(self_id, parent_id, from_parent_count, from_parent_calls, from_parent_paths, pct) VALUES(102,98,5824,0,32,0);
INSERT INTO children(self_id, parent_id, from_parent_count, from_parent_calls, from_parent_paths, pct) VALUES(103,97,2833168,624184,0,0);
INSERT INTO children(self_id, parent_id, from_parent_count, from_parent_calls, from_parent_paths, pct) VALUES(104,103,708292,156046,93,0);
INSERT INTO children(self_id, parent_id, from_parent_count, from_parent_calls, from_parent_paths, pct) VALUES(105,104,25200,0,4,0);
INSERT INTO children(self_id, parent_id, from_parent_count, from_parent_calls, from_parent_paths, pct) VALUES(106,103,708292,156046,93,0);
INSERT INTO children(self_id, parent_id, from_parent_count, from_parent_calls, from_parent_paths, pct) VALUES(107,106,25200,0,4,0);
INSERT INTO children(self_id, parent_id, from_parent_count, from_parent_calls, from_parent_paths, pct) VALUES(108,103,708292,156046,93,0);
INSERT INTO children(self_id, parent_id, from_parent_count, from_parent_calls, from_parent_paths, pct) VALUES(109,108,25200,0,4,0);
INSERT INTO children(self_id, parent_id, from_parent_count, from_parent_calls, from_parent_paths, pct) VALUES(110,103,708292,156046,93,0);
INSERT INTO children(self_id, parent_id, from_parent_count, from_parent_calls, from_parent_paths, pct) VALUES(111,110,25200,0,4,0);
INSERT INTO children(self_id, parent_id, from_parent_count, from_parent_calls, from_parent_paths, pct) VALUES(112,40,24720,0,0,0);
INSERT INTO children(self_id, parent_id, from_parent_count, from_parent_calls, from_parent_paths, pct) VALUES(113,112,4800,0,12,0);
INSERT INTO children(self_id, parent_id, from_parent_count, from_parent_calls, from_parent_paths, pct) VALUES(114,112,4800,0,12,0);
INSERT INTO children(self_id, parent_id, from_parent_count, from_parent_calls, from_parent_paths, pct) VALUES(115,112,12960,0,0,0);
INSERT INTO children(self_id, parent_id, from_parent_count, from_parent_calls, from_parent_paths, pct) VALUES(116,115,1080,0,4,0);
INSERT INTO children(self_id, parent_id, from_parent_count, from_parent_calls, from_parent_paths, pct) VALUES(117,115,1080,0,4,0);
INSERT INTO children(self_id, parent_id, from_parent_count, from_parent_calls, from_parent_paths, pct) VALUES(118,115,1080,0,4,0);
INSERT INTO children(self_id, parent_id, from_parent_count, from_parent_calls, from_parent_paths, pct) VALUES(119,115,1080,0,4,0);
INSERT INTO children(self_id, parent_id, from_parent_count, from_parent_calls, from_parent_paths, pct) VALUES(120,115,1080,0,4,0);
INSERT INTO children(self_id, parent_id, from_parent_count, from_parent_calls, from_parent_paths, pct) VALUES(121,115,1080,0,4,0);
INSERT INTO children(self_id, parent_id, from_parent_count, from_parent_calls, from_parent_paths, pct) VALUES(122,115,1080,0,4,0);
INSERT INTO children(self_id, parent_id, from_parent_count, from_parent_calls, from_parent_paths, pct) VALUES(123,115,1080,0,4,0);
INSERT INTO children(self_id, parent_id, from_parent_count, from_parent_calls, from_parent_paths, pct) VALUES(124,115,1080,0,4,0);
INSERT INTO children(self_id, parent_id, from_parent_count, from_parent_calls, from_parent_paths, pct) VALUES(125,115,1080,0,4,0);
INSERT INTO children(self_id, parent_id, from_parent_count, from_parent_calls, from_parent_paths, pct) VALUES(126,115,1080,0,4,0);
INSERT INTO children(self_id, parent_id, from_parent_count, from_parent_calls, from_parent_paths, pct) VALUES(127,115,1080,0,4,0);
INSERT INTO children(self_id, parent_id, from_parent_count, from_parent_calls, from_parent_paths, pct) VALUES(128,112,1080,0,0,0);
INSERT INTO children(self_id, parent_id, from_parent_count, from_parent_calls, from_parent_paths, pct) VALUES(129,128,1080,0,4,0);
INSERT INTO children(self_id, parent_id, from_parent_count, from_parent_calls, from_parent_paths, pct) VALUES(130,112,1080,0,4,0);
INSERT INTO children(self_id, parent_id, from_parent_count, from_parent_calls, from_parent_paths, pct) VALUES(131,40,15600,0,0,0);
INSERT INTO children(self_id, parent_id, from_parent_count, from_parent_calls, from_parent_paths, pct) VALUES(132,131,7800,0,0,0);
INSERT INTO children(self_id, parent_id, from_parent_count, from_parent_calls, from_parent_paths, pct) VALUES(133,132,1760,0,5,0);
INSERT INTO children(self_id, parent_id, from_parent_count, from_parent_calls, from_parent_paths, pct) VALUES(134,133,1120,0,16,0);
INSERT INTO children(self_id, parent_id, from_parent_count, from_parent_calls, from_parent_paths, pct) VALUES(135,132,772,0,4,0);
INSERT INTO children(self_id, parent_id, from_parent_count, from_parent_calls, from_parent_paths, pct) VALUES(136,135,560,0,8,0);
INSERT INTO children(self_id, parent_id, from_parent_count, from_parent_calls, from_parent_paths, pct) VALUES(137,132,1180,0,5,0);
INSERT INTO children(self_id, parent_id, from_parent_count, from_parent_calls, from_parent_paths, pct) VALUES(138,137,560,0,8,0);
INSERT INTO children(self_id, parent_id, from_parent_count, from_parent_calls, from_parent_paths, pct) VALUES(139,132,1352,0,4,0);
INSERT INTO children(self_id, parent_id, from_parent_count, from_parent_calls, from_parent_paths, pct) VALUES(140,139,1120,0,16,0);
INSERT INTO children(self_id, parent_id, from_parent_count, from_parent_calls, from_parent_paths, pct) VALUES(141,132,2704,0,14,0);
INSERT INTO children(self_id, parent_id, from_parent_count, from_parent_calls, from_parent_paths, pct) VALUES(142,141,1312,0,16,0);
INSERT INTO children(self_id, parent_id, from_parent_count, from_parent_calls, from_parent_paths, pct) VALUES(143,132,32,0,0,0);
INSERT INTO children(self_id, parent_id, from_parent_count, from_parent_calls, from_parent_paths, pct) VALUES(144,143,32,0,2,0);
INSERT INTO children(self_id, parent_id, from_parent_count, from_parent_calls, from_parent_paths, pct) VALUES(145,131,7800,0,0,0);
INSERT INTO children(self_id, parent_id, from_parent_count, from_parent_calls, from_parent_paths, pct) VALUES(146,145,1760,0,5,0);
INSERT INTO children(self_id, parent_id, from_parent_count, from_parent_calls, from_parent_paths, pct) VALUES(147,146,1120,0,16,0);
INSERT INTO children(self_id, parent_id, from_parent_count, from_parent_calls, from_parent_paths, pct) VALUES(148,145,772,0,4,0);
INSERT INTO children(self_id, parent_id, from_parent_count, from_parent_calls, from_parent_paths, pct) VALUES(149,148,560,0,8,0);
INSERT INTO children(self_id, parent_id, from_parent_count, from_parent_calls, from_parent_paths, pct) VALUES(150,145,1180,0,5,0);
INSERT INTO children(self_id, parent_id, from_parent_count, from_parent_calls, from_parent_paths, pct) VALUES(151,150,560,0,8,0);
INSERT INTO children(self_id, parent_id, from_parent_count, from_parent_calls, from_parent_paths, pct) VALUES(152,145,1352,0,4,0);
INSERT INTO children(self_id, parent_id, from_parent_count, from_parent_calls, from_parent_paths, pct) VALUES(153,152,1120,0,16,0);
INSERT INTO children(self_id, parent_id, from_parent_count, from_parent_calls, from_parent_paths, pct) VALUES(154,145,2704,0,14,0);
INSERT INTO children(self_id, parent_id, from_parent_count, from_parent_calls, from_parent_paths, pct) VALUES(155,154,1312,0,16,0);
INSERT INTO children(self_id, parent_id, from_parent_count, from_parent_calls, from_parent_paths, pct) VALUES(156,145,32,0,0,0);
INSERT INTO children(self_id, parent_id, from_parent_count, from_parent_calls, from_parent_paths, pct) VALUES(157,156,32,0,2,0);
INSERT INTO children(self_id, parent_id, from_parent_count, from_parent_calls, from_parent_paths, pct) VALUES(158,40,96888,10832,0,0);
INSERT INTO children(self_id, parent_id, from_parent_count, from_parent_calls, from_parent_paths, pct) VALUES(159,158,33384,3156,0,0);
INSERT INTO children(self_id, parent_id, from_parent_count, from_parent_calls, from_parent_paths, pct) VALUES(160,159,16692,1578,0,0);
INSERT INTO children(self_id, parent_id, from_parent_count, from_parent_calls, from_parent_paths, pct) VALUES(161,160,5564,526,23,0);
INSERT INTO children(self_id, parent_id, from_parent_count, from_parent_calls, from_parent_paths, pct) VALUES(162,160,5564,526,23,0);
INSERT INTO children(self_id, parent_id, from_parent_count, from_parent_calls, from_parent_paths, pct) VALUES(163,160,5564,526,23,0);
INSERT INTO children(self_id, parent_id, from_parent_count, from_parent_calls, from_parent_paths, pct) VALUES(164,159,16692,1578,0,0);
INSERT INTO children(self_id, parent_id, from_parent_count, from_parent_calls, from_parent_paths, pct) VALUES(165,164,5564,526,23,0);
INSERT INTO children(self_id, parent_id, from_parent_count, from_parent_calls, from_parent_paths, pct) VALUES(166,164,5564,526,23,0);
INSERT INTO children(self_id, parent_id, from_parent_count, from_parent_calls, from_parent_paths, pct) VALUES(167,164,5564,526,23,0);
INSERT INTO children(self_id, parent_id, from_parent_count, from_parent_calls, from_parent_paths, pct) VALUES(168,158,63504,7676,0,0);
INSERT INTO children(self_id, parent_id, from_parent_count, from_parent_calls, from_parent_paths, pct) VALUES(169,168,9036,1356,0,0);
INSERT INTO children(self_id, parent_id, from_parent_count, from_parent_calls, from_parent_paths, pct) VALUES(170,169,3012,452,13,0);
INSERT INTO children(self_id, parent_id, from_parent_count, from_parent_calls, from_parent_paths, pct) VALUES(171,169,3012,452,13,0);
INSERT INTO children(self_id, parent_id, from_parent_count, from_parent_calls, from_parent_paths, pct) VALUES(172,169,3012,452,13,0);
INSERT INTO children(self_id, parent_id, from_parent_count, from_parent_calls, from_parent_paths, pct) VALUES(173,168,9036,1356,0,0);
INSERT INTO children(self_id, parent_id, from_parent_count, from_parent_calls, from_parent_paths, pct) VALUES(174,173,3012,452,13,0);
INSERT INTO children(self_id, parent_id, from_parent_count, from_parent_calls, from_parent_paths, pct) VALUES(175,173,3012,452,13,0);
INSERT INTO children(self_id, parent_id, from_parent_count, from_parent_calls, from_parent_paths, pct) VALUES(176,173,3012,452,13,0);
INSERT INTO children(self_id, parent_id, from_parent_count, from_parent_calls, from_parent_paths, pct) VALUES(177,168,12048,1808,0,0);
INSERT INTO children(self_id, parent_id, from_parent_count, from_parent_calls, from_parent_paths, pct) VALUES(178,177,3012,452,13,0);
INSERT INTO children(self_id, parent_id, from_parent_count, from_parent_calls, from_parent_paths, pct) VALUES(179,177,3012,452,13,0);
INSERT INTO children(self_id, parent_id, from_parent_count, from_parent_calls, from_parent_paths, pct) VALUES(180,177,3012,452,13,0);
INSERT INTO children(self_id, parent_id, from_parent_count, from_parent_calls, from_parent_paths, pct) VALUES(181,177,3012,452,13,0);
INSERT INTO children(self_id, parent_id, from_parent_count, from_parent_calls, from_parent_paths, pct) VALUES(182,168,16692,1578,0,0);
INSERT INTO children(self_id, parent_id, from_parent_count, from_parent_calls, from_parent_paths, pct) VALUES(183,182,5564,526,23,0);
INSERT INTO children(self_id, parent_id, from_parent_count, from_parent_calls, from_parent_paths, pct) VALUES(184,182,5564,526,23,0);
INSERT INTO children(self_id, parent_id, from_parent_count, from_parent_calls, from_parent_paths, pct) VALUES(185,182,5564,526,23,0);
INSERT INTO children(self_id, parent_id, from_parent_count, from_parent_calls, from_parent_paths, pct) VALUES(186,168,16692,1578,0,0);
INSERT INTO children(self_id, parent_id, from_parent_count, from_parent_calls, from_parent_paths, pct) VALUES(187,186,5564,526,23,0);
INSERT INTO children(self_id, parent_id, from_parent_count, from_parent_calls, from_parent_paths, pct) VALUES(188,186,5564,526,23,0);
INSERT INTO children(self_id, parent_id, from_parent_count, from_parent_calls, from_parent_paths, pct) VALUES(189,186,5564,526,23,0);
INSERT INTO children(self_id, parent_id, from_parent_count, from_parent_calls, from_parent_paths, pct) VALUES(190,40,9696,0,0,0);
INSERT INTO children(self_id, parent_id, from_parent_count, from_parent_calls, from_parent_paths, pct) VALUES(191,190,2784,0,0,0);
INSERT INTO children(self_id, parent_id, from_parent_count, from_parent_calls, from_parent_paths, pct) VALUES(192,191,1392,0,10,0);
INSERT INTO children(self_id, parent_id, from_parent_count, from_parent_calls, from_parent_paths, pct) VALUES(193,191,1392,0,10,0);
INSERT INTO children(self_id, parent_id, from_parent_count, from_parent_calls, from_parent_paths, pct) VALUES(194,190,6912,0,0,0);
INSERT INTO children(self_id, parent_id, from_parent_count, from_parent_calls, from_parent_paths, pct) VALUES(195,194,1368,0,10,0);
INSERT INTO children(self_id, parent_id, from_parent_count, from_parent_calls, from_parent_paths, pct) VALUES(196,194,1384,0,10,0);
INSERT INTO children(self_id, parent_id, from_parent_count, from_parent_calls, from_parent_paths, pct) VALUES(197,194,1376,0,10,0);
INSERT INTO children(self_id, parent_id, from_parent_count, from_parent_calls, from_parent_paths, pct) VALUES(198,194,1392,0,10,0);
INSERT INTO children(self_id, parent_id, from_parent_count, from_parent_calls, from_parent_paths, pct) VALUES(199,194,1392,0,10,0);
INSERT INTO children(self_id, parent_id, from_parent_count, from_parent_calls, from_parent_paths, pct) VALUES(200,40,1200,0,0,0);
INSERT INTO children(self_id, parent_id, from_parent_count, from_parent_calls, from_parent_paths, pct) VALUES(201,200,1200,0,3,0);
INSERT INTO mainrows(id, symbol_id, self_count, cumulative_count, kids, self_calls, total_calls, self_paths, total_paths, pct) VALUES(202, 202, 326556, 326556, 2, 0, 75897, 525, 525, 0.0);
INSERT INTO mainrows(id, symbol_id, self_count, cumulative_count, kids, self_calls, total_calls, self_paths, total_paths, pct) VALUES(203, 203, 99796, 99796, 3, 0, 19567, 306, 306, 0.0);
INSERT INTO mainrows(id, symbol_id, self_count, cumulative_count, kids, self_calls, total_calls, self_paths, total_paths, pct) VALUES(204, 204, 30812, 30812, 0, 0, 5909, 92, 92, 0.0);
INSERT INTO mainrows(id, symbol_id, self_count, cumulative_count, kids, self_calls, total_calls, self_paths, total_paths, pct) VALUES(205, 205, 34492, 34492, 0, 0, 6829, 107, 107, 0.0);
INSERT INTO mainrows(id, symbol_id, self_count, cumulative_count, kids, self_calls, total_calls, self_paths, total_paths, pct) VALUES(206, 206, 34492, 34492, 0, 0, 6829, 107, 107, 0.0);
INSERT INTO mainrows(id, symbol_id, self_count, cumulative_count, kids, self_calls, total_calls, self_paths, total_paths, pct) VALUES(207, 207, 226760, 226760, 6, 0, 56330, 219, 219, 0.0);
INSERT INTO mainrows(id, symbol_id, self_count, cumulative_count, kids, self_calls, total_calls, self_paths, total_paths, pct) VALUES(208, 208, 39580, 39580, 0, 0, 9835, 37, 37, 0.0);
INSERT INTO mainrows(id, symbol_id, self_count, cumulative_count, kids, self_calls, total_calls, self_paths, total_paths, pct) VALUES(209, 209, 35260, 35260, 0, 0, 8755, 30, 30, 0.0);
INSERT INTO mainrows(id, symbol_id, self_count, cumulative_count, kids, self_calls, total_calls, self_paths, total_paths, pct) VALUES(210, 210, 37980, 37980, 0, 0, 9435, 38, 38, 0.0);
INSERT INTO mainrows(id, symbol_id, self_count, cumulative_count, kids, self_calls, total_calls, self_paths, total_paths, pct) VALUES(211, 211, 37980, 37980, 0, 0, 9435, 38, 38, 0.0);
INSERT INTO mainrows(id, symbol_id, self_count, cumulative_count, kids, self_calls, total_calls, self_paths, total_paths, pct) VALUES(212, 212, 37980, 37980, 0, 0, 9435, 38, 38, 0.0);
INSERT INTO mainrows(id, symbol_id, self_count, cumulative_count, kids, self_calls, total_calls, self_paths, total_paths, pct) VALUES(213, 213, 37980, 37980, 0, 0, 9435, 38, 38, 0.0);
INSERT INTO parents(self_id, child_id, to_child_count, to_child_calls, to_child_paths, pct) VALUES(10,202,0,0,0,0);
INSERT INTO parents(self_id, child_id, to_child_count, to_child_calls, to_child_paths, pct) VALUES(202,203,0,0,0,0);
INSERT INTO parents(self_id, child_id, to_child_count, to_child_calls, to_child_paths, pct) VALUES(203,204,30812,5909,92,0);
INSERT INTO parents(self_id, child_id, to_child_count, to_child_calls, to_child_paths, pct) VALUES(203,205,34492,6829,107,0);
INSERT INTO parents(self_id, child_id, to_child_count, to_child_calls, to_child_paths, pct) VALUES(203,206,34492,6829,107,0);
INSERT INTO parents(self_id, child_id, to_child_count, to_child_calls, to_child_paths, pct) VALUES(202,207,0,0,0,0);
INSERT INTO parents(self_id, child_id, to_child_count, to_child_calls, to_child_paths, pct) VALUES(207,208,39580,9835,37,0);
INSERT INTO parents(self_id, child_id, to_child_count, to_child_calls, to_child_paths, pct) VALUES(207,209,35260,8755,30,0);
INSERT INTO parents(self_id, child_id, to_child_count, to_child_calls, to_child_paths, pct) VALUES(207,210,37980,9435,38,0);
INSERT INTO parents(self_id, child_id, to_child_count, to_child_calls, to_child_paths, pct) VALUES(207,211,37980,9435,38,0);
INSERT INTO parents(self_id, child_id, to_child_count, to_child_calls, to_child_paths, pct) VALUES(207,212,37980,9435,38,0);
INSERT INTO parents(self_id, child_id, to_child_count, to_child_calls, to_child_paths, pct) VALUES(207,213,37980,9435,38,0);
INSERT INTO children(self_id, parent_id, from_parent_count, from_parent_calls, from_parent_paths, pct) VALUES(202,10,326556,0,0,0);
INSERT INTO children(self_id, parent_id, from_parent_count, from_parent_calls, from_parent_paths, pct) VALUES(203,202,99796,0,0,0);
INSERT INTO children(self_id, parent_id, from_parent_count, from_parent_calls, from_parent_paths, pct) VALUES(204,203,30812,0,92,0);
INSERT INTO children(self_id, parent_id, from_parent_count, from_parent_calls, from_parent_paths, pct) VALUES(205,203,34492,0,107,0);
INSERT INTO children(self_id, parent_id, from_parent_count, from_parent_calls, from_parent_paths, pct) VALUES(206,203,34492,0,107,0);
INSERT INTO children(self_id, parent_id, from_parent_count, from_parent_calls, from_parent_paths, pct) VALUES(207,202,226760,0,0,0);
INSERT INTO children(self_id, parent_id, from_parent_count, from_parent_calls, from_parent_paths, pct) VALUES(208,207,39580,0,37,0);
INSERT INTO children(self_id, parent_id, from_parent_count, from_parent_calls, from_parent_paths, pct) VALUES(209,207,35260,0,30,0);
INSERT INTO children(self_id, parent_id, from_parent_count, from_parent_calls, from_parent_paths, pct) VALUES(210,207,37980,0,38,0);
INSERT INTO children(self_id, parent_id, from_parent_count, from_parent_calls, from_parent_paths, pct) VALUES(211,207,37980,0,38,0);
INSERT INTO children(self_id, parent_id, from_parent_count, from_parent_calls, from_parent_paths, pct) VALUES(212,207,37980,0,38,0);
INSERT INTO children(self_id, parent_id, from_parent_count, from_parent_calls, from_parent_paths, pct) VALUES(213,207,37980,0,38,0);
INSERT INTO mainrows(id, symbol_id, self_count, cumulative_count, kids, self_calls, total_calls, self_paths, total_paths, pct) VALUES(214, 214, 12232560, 12232560, 4, 2566306, 3001973, 3461, 3461, 0.0);
INSERT INTO mainrows(id, symbol_id, self_count, cumulative_count, kids, self_calls, total_calls, self_paths, total_paths, pct) VALUES(215, 215, 703576, 703576, 4, 0, 175894, 805, 805, 0.0);
INSERT INTO mainrows(id, symbol_id, self_count, cumulative_count, kids, self_calls, total_calls, self_paths, total_paths, pct) VALUES(216, 216, 175892, 175892, 0, 0, 43973, 201, 201, 0.0);
INSERT INTO mainrows(id, symbol_id, self_count, cumulative_count, kids, self_calls, total_calls, self_paths, total_paths, pct) VALUES(217, 217, 175892, 175892, 0, 0, 43973, 201, 201, 0.0);
INSERT INTO mainrows(id, symbol_id, self_count, cumulative_count, kids, self_calls, total_calls, self_paths, total_paths, pct) VALUES(218, 218, 175892, 175892, 0, 0, 43973, 201, 201, 0.0);
INSERT INTO mainrows(id, symbol_id, self_count, cumulative_count, kids, self_calls, total_calls, self_paths, total_paths, pct) VALUES(219, 219, 175892, 175892, 0, 0, 43973, 201, 201, 0.0);
INSERT INTO mainrows(id, symbol_id, self_count, cumulative_count, kids, self_calls, total_calls, self_paths, total_paths, pct) VALUES(220, 220, 52112, 52112, 0, 0, 6928, 460, 460, 0.0);
INSERT INTO mainrows(id, symbol_id, self_count, cumulative_count, kids, self_calls, total_calls, self_paths, total_paths, pct) VALUES(221, 221, 52112, 52112, 0, 0, 6928, 460, 460, 0.0);
INSERT INTO mainrows(id, symbol_id, self_count, cumulative_count, kids, self_calls, total_calls, self_paths, total_paths, pct) VALUES(222, 222, 11424760, 11424760, 8, 2566306, 2812223, 1736, 1736, 0.0);
INSERT INTO mainrows(id, symbol_id, self_count, cumulative_count, kids, self_calls, total_calls, self_paths, total_paths, pct) VALUES(223, 223, 7788604, 7788604, 11, 1716145, 1903184, 1060, 1060, 0.0);
INSERT INTO mainrows(id, symbol_id, self_count, cumulative_count, kids, self_calls, total_calls, self_paths, total_paths, pct) VALUES(224, 224, 708292, 708292, 1, 156046, 173076, 97, 97, 0.0);
INSERT INTO mainrows(id, symbol_id, self_count, cumulative_count, kids, self_calls, total_calls, self_paths, total_paths, pct) VALUES(225, 225, 25200, 25200, 0, 0, 6300, 4, 4, 0.0);
INSERT INTO mainrows(id, symbol_id, self_count, cumulative_count, kids, self_calls, total_calls, self_paths, total_paths, pct) VALUES(226, 226, 708292, 708292, 1, 156046, 173076, 97, 97, 0.0);
INSERT INTO mainrows(id, symbol_id, self_count, cumulative_count, kids, self_calls, total_calls, self_paths, total_paths, pct) VALUES(227, 227, 25200, 25200, 0, 0, 6300, 4, 4, 0.0);
INSERT INTO mainrows(id, symbol_id, self_count, cumulative_count, kids, self_calls, total_calls, self_paths, total_paths, pct) VALUES(228, 228, 705684, 705684, 1, 155685, 172424, 90, 90, 0.0);
INSERT INTO mainrows(id, symbol_id, self_count, cumulative_count, kids, self_calls, total_calls, self_paths, total_paths, pct) VALUES(229, 229, 25200, 25200, 0, 0, 6300, 4, 4, 0.0);
INSERT INTO mainrows(id, symbol_id, self_count, cumulative_count, kids, self_calls, total_calls, self_paths, total_paths, pct) VALUES(230, 230, 708292, 708292, 1, 156046, 173076, 97, 97, 0.0);
INSERT INTO mainrows(id, symbol_id, self_count, cumulative_count, kids, self_calls, total_calls, self_paths, total_paths, pct) VALUES(231, 231, 25200, 25200, 0, 0, 6300, 4, 4, 0.0);
INSERT INTO mainrows(id, symbol_id, self_count, cumulative_count, kids, self_calls, total_calls, self_paths, total_paths, pct) VALUES(232, 232, 708292, 708292, 1, 156046, 173076, 97, 97, 0.0);
INSERT INTO mainrows(id, symbol_id, self_count, cumulative_count, kids, self_calls, total_calls, self_paths, total_paths, pct) VALUES(233, 233, 25200, 25200, 0, 0, 6300, 4, 4, 0.0);
INSERT INTO mainrows(id, symbol_id, self_count, cumulative_count, kids, self_calls, total_calls, self_paths, total_paths, pct) VALUES(234, 234, 708292, 708292, 1, 156046, 173076, 97, 97, 0.0);
INSERT INTO mainrows(id, symbol_id, self_count, cumulative_count, kids, self_calls, total_calls, self_paths, total_paths, pct) VALUES(235, 235, 25200, 25200, 0, 0, 6300, 4, 4, 0.0);
INSERT INTO mainrows(id, symbol_id, self_count, cumulative_count, kids, self_calls, total_calls, self_paths, total_paths, pct) VALUES(236, 236, 708292, 708292, 1, 156046, 173076, 97, 97, 0.0);
INSERT INTO mainrows(id, symbol_id, self_count, cumulative_count, kids, self_calls, total_calls, self_paths, total_paths, pct) VALUES(237, 237, 25200, 25200, 0, 0, 6300, 4, 4, 0.0);
INSERT INTO mainrows(id, symbol_id, self_count, cumulative_count, kids, self_calls, total_calls, self_paths, total_paths, pct) VALUES(238, 238, 708292, 708292, 1, 156046, 173076, 97, 97, 0.0);
INSERT INTO mainrows(id, symbol_id, self_count, cumulative_count, kids, self_calls, total_calls, self_paths, total_paths, pct) VALUES(239, 239, 25200, 25200, 0, 0, 6300, 4, 4, 0.0);
INSERT INTO mainrows(id, symbol_id, self_count, cumulative_count, kids, self_calls, total_calls, self_paths, total_paths, pct) VALUES(240, 240, 708292, 708292, 1, 156046, 173076, 97, 97, 0.0);
INSERT INTO mainrows(id, symbol_id, self_count, cumulative_count, kids, self_calls, total_calls, self_paths, total_paths, pct) VALUES(241, 241, 25200, 25200, 0, 0, 6300, 4, 4, 0.0);
INSERT INTO mainrows(id, symbol_id, self_count, cumulative_count, kids, self_calls, total_calls, self_paths, total_paths, pct) VALUES(242, 242, 708292, 708292, 1, 156046, 173076, 97, 97, 0.0);
INSERT INTO mainrows(id, symbol_id, self_count, cumulative_count, kids, self_calls, total_calls, self_paths, total_paths, pct) VALUES(243, 243, 25200, 25200, 0, 0, 6300, 4, 4, 0.0);
INSERT INTO mainrows(id, symbol_id, self_count, cumulative_count, kids, self_calls, total_calls, self_paths, total_paths, pct) VALUES(244, 244, 708292, 708292, 1, 156046, 173076, 97, 97, 0.0);
INSERT INTO mainrows(id, symbol_id, self_count, cumulative_count, kids, self_calls, total_calls, self_paths, total_paths, pct) VALUES(245, 245, 25200, 25200, 0, 0, 6300, 4, 4, 0.0);
INSERT INTO mainrows(id, symbol_id, self_count, cumulative_count, kids, self_calls, total_calls, self_paths, total_paths, pct) VALUES(246, 246, 506076, 506076, 0, 118302, 126519, 94, 94, 0.0);
INSERT INTO mainrows(id, symbol_id, self_count, cumulative_count, kids, self_calls, total_calls, self_paths, total_paths, pct) VALUES(247, 247, 537284, 537284, 0, 125651, 134321, 100, 100, 0.0);
INSERT INTO mainrows(id, symbol_id, self_count, cumulative_count, kids, self_calls, total_calls, self_paths, total_paths, pct) VALUES(248, 248, 506076, 506076, 0, 118302, 126519, 94, 94, 0.0);
INSERT INTO mainrows(id, symbol_id, self_count, cumulative_count, kids, self_calls, total_calls, self_paths, total_paths, pct) VALUES(249, 249, 537284, 537284, 0, 125651, 134321, 100, 100, 0.0);
INSERT INTO mainrows(id, symbol_id, self_count, cumulative_count, kids, self_calls, total_calls, self_paths, total_paths, pct) VALUES(250, 250, 506076, 506076, 0, 118302, 126519, 94, 94, 0.0);
INSERT INTO mainrows(id, symbol_id, self_count, cumulative_count, kids, self_calls, total_calls, self_paths, total_paths, pct) VALUES(251, 251, 506076, 506076, 0, 118302, 126519, 94, 94, 0.0);
INSERT INTO mainrows(id, symbol_id, self_count, cumulative_count, kids, self_calls, total_calls, self_paths, total_paths, pct) VALUES(252, 252, 537284, 537284, 0, 125651, 134321, 100, 100, 0.0);
INSERT INTO parents(self_id, child_id, to_child_count, to_child_calls, to_child_paths, pct) VALUES(10,214,0,0,0,0);
INSERT INTO parents(self_id, child_id, to_child_count, to_child_calls, to_child_paths, pct) VALUES(214,215,8,2,1,0);
INSERT INTO parents(self_id, child_id, to_child_count, to_child_calls, to_child_paths, pct) VALUES(215,216,175892,43973,201,0);
INSERT INTO parents(self_id, child_id, to_child_count, to_child_calls, to_child_paths, pct) VALUES(215,217,175892,43973,201,0);
INSERT INTO parents(self_id, child_id, to_child_count, to_child_calls, to_child_paths, pct) VALUES(215,218,175892,43973,201,0);
INSERT INTO parents(self_id, child_id, to_child_count, to_child_calls, to_child_paths, pct) VALUES(215,219,175892,43973,201,0);
INSERT INTO parents(self_id, child_id, to_child_count, to_child_calls, to_child_paths, pct) VALUES(214,220,52112,6928,460,0);
INSERT INTO parents(self_id, child_id, to_child_count, to_child_calls, to_child_paths, pct) VALUES(214,221,52112,6928,460,0);
INSERT INTO parents(self_id, child_id, to_child_count, to_child_calls, to_child_paths, pct) VALUES(214,222,0,0,0,0);
INSERT INTO parents(self_id, child_id, to_child_count, to_child_calls, to_child_paths, pct) VALUES(222,223,0,0,0,0);
INSERT INTO parents(self_id, child_id, to_child_count, to_child_calls, to_child_paths, pct) VALUES(223,224,683092,166776,93,0);
INSERT INTO parents(self_id, child_id, to_child_count, to_child_calls, to_child_paths, pct) VALUES(224,225,25200,6300,4,0);
INSERT INTO parents(self_id, child_id, to_child_count, to_child_calls, to_child_paths, pct) VALUES(223,226,683092,166776,93,0);
INSERT INTO parents(self_id, child_id, to_child_count, to_child_calls, to_child_paths, pct) VALUES(226,227,25200,6300,4,0);
INSERT INTO parents(self_id, child_id, to_child_count, to_child_calls, to_child_paths, pct) VALUES(223,228,680484,166124,86,0);
INSERT INTO parents(self_id, child_id, to_child_count, to_child_calls, to_child_paths, pct) VALUES(228,229,25200,6300,4,0);
INSERT INTO parents(self_id, child_id, to_child_count, to_child_calls, to_child_paths, pct) VALUES(223,230,683092,166776,93,0);
INSERT INTO parents(self_id, child_id, to_child_count, to_child_calls, to_child_paths, pct) VALUES(230,231,25200,6300,4,0);
INSERT INTO parents(self_id, child_id, to_child_count, to_child_calls, to_child_paths, pct) VALUES(223,232,683092,166776,93,0);
INSERT INTO parents(self_id, child_id, to_child_count, to_child_calls, to_child_paths, pct) VALUES(232,233,25200,6300,4,0);
INSERT INTO parents(self_id, child_id, to_child_count, to_child_calls, to_child_paths, pct) VALUES(223,234,683092,166776,93,0);
INSERT INTO parents(self_id, child_id, to_child_count, to_child_calls, to_child_paths, pct) VALUES(234,235,25200,6300,4,0);
INSERT INTO parents(self_id, child_id, to_child_count, to_child_calls, to_child_paths, pct) VALUES(223,236,683092,166776,93,0);
INSERT INTO parents(self_id, child_id, to_child_count, to_child_calls, to_child_paths, pct) VALUES(236,237,25200,6300,4,0);
INSERT INTO parents(self_id, child_id, to_child_count, to_child_calls, to_child_paths, pct) VALUES(223,238,683092,166776,93,0);
INSERT INTO parents(self_id, child_id, to_child_count, to_child_calls, to_child_paths, pct) VALUES(238,239,25200,6300,4,0);
INSERT INTO parents(self_id, child_id, to_child_count, to_child_calls, to_child_paths, pct) VALUES(223,240,683092,166776,93,0);
INSERT INTO parents(self_id, child_id, to_child_count, to_child_calls, to_child_paths, pct) VALUES(240,241,25200,6300,4,0);
INSERT INTO parents(self_id, child_id, to_child_count, to_child_calls, to_child_paths, pct) VALUES(223,242,683092,166776,93,0);
INSERT INTO parents(self_id, child_id, to_child_count, to_child_calls, to_child_paths, pct) VALUES(242,243,25200,6300,4,0);
INSERT INTO parents(self_id, child_id, to_child_count, to_child_calls, to_child_paths, pct) VALUES(223,244,683092,166776,93,0);
INSERT INTO parents(self_id, child_id, to_child_count, to_child_calls, to_child_paths, pct) VALUES(244,245,25200,6300,4,0);
INSERT INTO parents(self_id, child_id, to_child_count, to_child_calls, to_child_paths, pct) VALUES(222,246,506076,126519,94,0);
INSERT INTO parents(self_id, child_id, to_child_count, to_child_calls, to_child_paths, pct) VALUES(222,247,537284,134321,100,0);
INSERT INTO parents(self_id, child_id, to_child_count, to_child_calls, to_child_paths, pct) VALUES(222,248,506076,126519,94,0);
INSERT INTO parents(self_id, child_id, to_child_count, to_child_calls, to_child_paths, pct) VALUES(222,249,537284,134321,100,0);
INSERT INTO parents(self_id, child_id, to_child_count, to_child_calls, to_child_paths, pct) VALUES(222,250,506076,126519,94,0);
INSERT INTO parents(self_id, child_id, to_child_count, to_child_calls, to_child_paths, pct) VALUES(222,251,506076,126519,94,0);
INSERT INTO parents(self_id, child_id, to_child_count, to_child_calls, to_child_paths, pct) VALUES(222,252,537284,134321,100,0);
INSERT INTO children(self_id, parent_id, from_parent_count, from_parent_calls, from_parent_paths, pct) VALUES(214,10,12232560,2566306,0,0);
INSERT INTO children(self_id, parent_id, from_parent_count, from_parent_calls, from_parent_paths, pct) VALUES(215,214,703576,0,1,0);
INSERT INTO children(self_id, parent_id, from_parent_count, from_parent_calls, from_parent_paths, pct) VALUES(216,215,175892,0,201,0);
INSERT INTO children(self_id, parent_id, from_parent_count, from_parent_calls, from_parent_paths, pct) VALUES(217,215,175892,0,201,0);
INSERT INTO children(self_id, parent_id, from_parent_count, from_parent_calls, from_parent_paths, pct) VALUES(218,215,175892,0,201,0);
INSERT INTO children(self_id, parent_id, from_parent_count, from_parent_calls, from_parent_paths, pct) VALUES(219,215,175892,0,201,0);
INSERT INTO children(self_id, parent_id, from_parent_count, from_parent_calls, from_parent_paths, pct) VALUES(220,214,52112,0,460,0);
INSERT INTO children(self_id, parent_id, from_parent_count, from_parent_calls, from_parent_paths, pct) VALUES(221,214,52112,0,460,0);
INSERT INTO children(self_id, parent_id, from_parent_count, from_parent_calls, from_parent_paths, pct) VALUES(222,214,11424760,2566306,0,0);
INSERT INTO children(self_id, parent_id, from_parent_count, from_parent_calls, from_parent_paths, pct) VALUES(223,222,7788604,1716145,0,0);
INSERT INTO children(self_id, parent_id, from_parent_count, from_parent_calls, from_parent_paths, pct) VALUES(224,223,708292,156046,93,0);
INSERT INTO children(self_id, parent_id, from_parent_count, from_parent_calls, from_parent_paths, pct) VALUES(225,224,25200,0,4,0);
INSERT INTO children(self_id, parent_id, from_parent_count, from_parent_calls, from_parent_paths, pct) VALUES(226,223,708292,156046,93,0);
INSERT INTO children(self_id, parent_id, from_parent_count, from_parent_calls, from_parent_paths, pct) VALUES(227,226,25200,0,4,0);
INSERT INTO children(self_id, parent_id, from_parent_count, from_parent_calls, from_parent_paths, pct) VALUES(228,223,705684,155685,86,0);
INSERT INTO children(self_id, parent_id, from_parent_count, from_parent_calls, from_parent_paths, pct) VALUES(229,228,25200,0,4,0);
INSERT INTO children(self_id, parent_id, from_parent_count, from_parent_calls, from_parent_paths, pct) VALUES(230,223,708292,156046,93,0);
INSERT INTO children(self_id, parent_id, from_parent_count, from_parent_calls, from_parent_paths, pct) VALUES(231,230,25200,0,4,0);
INSERT INTO children(self_id, parent_id, from_parent_count, from_parent_calls, from_parent_paths, pct) VALUES(232,223,708292,156046,93,0);
INSERT INTO children(self_id, parent_id, from_parent_count, from_parent_calls, from_parent_paths, pct) VALUES(233,232,25200,0,4,0);
INSERT INTO children(self_id, parent_id, from_parent_count, from_parent_calls, from_parent_paths, pct) VALUES(234,223,708292,156046,93,0);
INSERT INTO children(self_id, parent_id, from_parent_count, from_parent_calls, from_parent_paths, pct) VALUES(235,234,25200,0,4,0);
INSERT INTO children(self_id, parent_id, from_parent_count, from_parent_calls, from_parent_paths, pct) VALUES(236,223,708292,156046,93,0);
INSERT INTO children(self_id, parent_id, from_parent_count, from_parent_calls, from_parent_paths, pct) VALUES(237,236,25200,0,4,0);
INSERT INTO children(self_id, parent_id, from_parent_count, from_parent_calls, from_parent_paths, pct) VALUES(238,223,708292,156046,93,0);
INSERT INTO children(self_id, parent_id, from_parent_count, from_parent_calls, from_parent_paths, pct) VALUES(239,238,25200,0,4,0);
INSERT INTO children(self_id, parent_id, from_parent_count, from_parent_calls, from_parent_paths, pct) VALUES(240,223,708292,156046,93,0);
INSERT INTO children(self_id, parent_id, from_parent_count, from_parent_calls, from_parent_paths, pct) VALUES(241,240,25200,0,4,0);
INSERT INTO children(self_id, parent_id, from_parent_count, from_parent_calls, from_parent_paths, pct) VALUES(242,223,708292,156046,93,0);
INSERT INTO children(self_id, parent_id, from_parent_count, from_parent_calls, from_parent_paths, pct) VALUES(243,242,25200,0,4,0);
INSERT INTO children(self_id, parent_id, from_parent_count, from_parent_calls, from_parent_paths, pct) VALUES(244,223,708292,156046,93,0);
INSERT INTO children(self_id, parent_id, from_parent_count, from_parent_calls, from_parent_paths, pct) VALUES(245,244,25200,0,4,0);
INSERT INTO children(self_id, parent_id, from_parent_count, from_parent_calls, from_parent_paths, pct) VALUES(246,222,506076,118302,94,0);
INSERT INTO children(self_id, parent_id, from_parent_count, from_parent_calls, from_parent_paths, pct) VALUES(247,222,537284,125651,100,0);
INSERT INTO children(self_id, parent_id, from_parent_count, from_parent_calls, from_parent_paths, pct) VALUES(248,222,506076,118302,94,0);
INSERT INTO children(self_id, parent_id, from_parent_count, from_parent_calls, from_parent_paths, pct) VALUES(249,222,537284,125651,100,0);
INSERT INTO children(self_id, parent_id, from_parent_count, from_parent_calls, from_parent_paths, pct) VALUES(250,222,506076,118302,94,0);
INSERT INTO children(self_id, parent_id, from_parent_count, from_parent_calls, from_parent_paths, pct) VALUES(251,222,506076,118302,94,0);
INSERT INTO children(self_id, parent_id, from_parent_count, from_parent_calls, from_parent_paths, pct) VALUES(252,222,537284,125651,100,0);
INSERT INTO mainrows(id, symbol_id, self_count, cumulative_count, kids, self_calls, total_calls, self_paths, total_paths, pct) VALUES(253, 253, 1653488, 1653488, 10, 132802, 413372, 1702, 1702, 0.0);
INSERT INTO mainrows(id, symbol_id, self_count, cumulative_count, kids, self_calls, total_calls, self_paths, total_paths, pct) VALUES(254, 254, 23500, 23500, 9, 0, 5875, 112, 112, 0.0);
INSERT INTO mainrows(id, symbol_id, self_count, cumulative_count, kids, self_calls, total_calls, self_paths, total_paths, pct) VALUES(255, 255, 2560, 2560, 0, 0, 640, 11, 11, 0.0);
INSERT INTO mainrows(id, symbol_id, self_count, cumulative_count, kids, self_calls, total_calls, self_paths, total_paths, pct) VALUES(256, 256, 340, 340, 0, 0, 85, 2, 2, 0.0);
INSERT INTO mainrows(id, symbol_id, self_count, cumulative_count, kids, self_calls, total_calls, self_paths, total_paths, pct) VALUES(257, 257, 2800, 2800, 0, 0, 700, 12, 12, 0.0);
INSERT INTO mainrows(id, symbol_id, self_count, cumulative_count, kids, self_calls, total_calls, self_paths, total_paths, pct) VALUES(258, 258, 2800, 2800, 0, 0, 700, 12, 12, 0.0);
INSERT INTO mainrows(id, symbol_id, self_count, cumulative_count, kids, self_calls, total_calls, self_paths, total_paths, pct) VALUES(259, 259, 3000, 3000, 0, 0, 750, 15, 15, 0.0);
INSERT INTO mainrows(id, symbol_id, self_count, cumulative_count, kids, self_calls, total_calls, self_paths, total_paths, pct) VALUES(260, 260, 3000, 3000, 0, 0, 750, 15, 15, 0.0);
INSERT INTO mainrows(id, symbol_id, self_count, cumulative_count, kids, self_calls, total_calls, self_paths, total_paths, pct) VALUES(261, 261, 3000, 3000, 0, 0, 750, 15, 15, 0.0);
INSERT INTO mainrows(id, symbol_id, self_count, cumulative_count, kids, self_calls, total_calls, self_paths, total_paths, pct) VALUES(262, 262, 3000, 3000, 0, 0, 750, 15, 15, 0.0);
INSERT INTO mainrows(id, symbol_id, self_count, cumulative_count, kids, self_calls, total_calls, self_paths, total_paths, pct) VALUES(263, 263, 3000, 3000, 0, 0, 750, 15, 15, 0.0);
INSERT INTO mainrows(id, symbol_id, self_count, cumulative_count, kids, self_calls, total_calls, self_paths, total_paths, pct) VALUES(264, 264, 36760, 36760, 0, 0, 9190, 15, 15, 0.0);
INSERT INTO mainrows(id, symbol_id, self_count, cumulative_count, kids, self_calls, total_calls, self_paths, total_paths, pct) VALUES(265, 265, 18744, 18744, 0, 2176, 4686, 44, 44, 0.0);
INSERT INTO mainrows(id, symbol_id, self_count, cumulative_count, kids, self_calls, total_calls, self_paths, total_paths, pct) VALUES(266, 266, 16936, 16936, 0, 0, 4234, 56, 56, 0.0);
INSERT INTO mainrows(id, symbol_id, self_count, cumulative_count, kids, self_calls, total_calls, self_paths, total_paths, pct) VALUES(267, 267, 54000, 54000, 0, 0, 13500, 13, 13, 0.0);
INSERT INTO mainrows(id, symbol_id, self_count, cumulative_count, kids, self_calls, total_calls, self_paths, total_paths, pct) VALUES(268, 268, 3720, 3720, 3, 0, 930, 20, 20, 0.0);
INSERT INTO mainrows(id, symbol_id, self_count, cumulative_count, kids, self_calls, total_calls, self_paths, total_paths, pct) VALUES(269, 269, 320, 320, 0, 0, 80, 2, 2, 0.0);
INSERT INTO mainrows(id, symbol_id, self_count, cumulative_count, kids, self_calls, total_calls, self_paths, total_paths, pct) VALUES(270, 270, 400, 400, 0, 0, 100, 2, 2, 0.0);
INSERT INTO mainrows(id, symbol_id, self_count, cumulative_count, kids, self_calls, total_calls, self_paths, total_paths, pct) VALUES(271, 271, 3000, 3000, 0, 0, 750, 16, 16, 0.0);
INSERT INTO mainrows(id, symbol_id, self_count, cumulative_count, kids, self_calls, total_calls, self_paths, total_paths, pct) VALUES(272, 272, 9548, 9548, 0, 0, 2387, 39, 39, 0.0);
INSERT INTO mainrows(id, symbol_id, self_count, cumulative_count, kids, self_calls, total_calls, self_paths, total_paths, pct) VALUES(273, 273, 1556, 1556, 0, 0, 389, 28, 28, 0.0);
INSERT INTO mainrows(id, symbol_id, self_count, cumulative_count, kids, self_calls, total_calls, self_paths, total_paths, pct) VALUES(274, 274, 93480, 93480, 0, 21609, 23370, 28, 28, 0.0);
INSERT INTO mainrows(id, symbol_id, self_count, cumulative_count, kids, self_calls, total_calls, self_paths, total_paths, pct) VALUES(275, 275, 1395244, 1395244, 7, 109017, 348811, 1347, 1347, 0.0);
INSERT INTO mainrows(id, symbol_id, self_count, cumulative_count, kids, self_calls, total_calls, self_paths, total_paths, pct) VALUES(276, 276, 189712, 189712, 4, 33012, 47428, 240, 240, 0.0);
INSERT INTO mainrows(id, symbol_id, self_count, cumulative_count, kids, self_calls, total_calls, self_paths, total_paths, pct) VALUES(277, 277, 47428, 47428, 0, 8253, 11857, 60, 60, 0.0);
INSERT INTO mainrows(id, symbol_id, self_count, cumulative_count, kids, self_calls, total_calls, self_paths, total_paths, pct) VALUES(278, 278, 47428, 47428, 0, 8253, 11857, 60, 60, 0.0);
INSERT INTO mainrows(id, symbol_id, self_count, cumulative_count, kids, self_calls, total_calls, self_paths, total_paths, pct) VALUES(279, 279, 47428, 47428, 0, 8253, 11857, 60, 60, 0.0);
INSERT INTO mainrows(id, symbol_id, self_count, cumulative_count, kids, self_calls, total_calls, self_paths, total_paths, pct) VALUES(280, 280, 47428, 47428, 0, 8253, 11857, 60, 60, 0.0);
INSERT INTO mainrows(id, symbol_id, self_count, cumulative_count, kids, self_calls, total_calls, self_paths, total_paths, pct) VALUES(281, 281, 189712, 189712, 4, 33012, 47428, 240, 240, 0.0);
INSERT INTO mainrows(id, symbol_id, self_count, cumulative_count, kids, self_calls, total_calls, self_paths, total_paths, pct) VALUES(282, 282, 47428, 47428, 0, 8253, 11857, 60, 60, 0.0);
INSERT INTO mainrows(id, symbol_id, self_count, cumulative_count, kids, self_calls, total_calls, self_paths, total_paths, pct) VALUES(283, 283, 47428, 47428, 0, 8253, 11857, 60, 60, 0.0);
INSERT INTO mainrows(id, symbol_id, self_count, cumulative_count, kids, self_calls, total_calls, self_paths, total_paths, pct) VALUES(284, 284, 47428, 47428, 0, 8253, 11857, 60, 60, 0.0);
INSERT INTO mainrows(id, symbol_id, self_count, cumulative_count, kids, self_calls, total_calls, self_paths, total_paths, pct) VALUES(285, 285, 47428, 47428, 0, 8253, 11857, 60, 60, 0.0);
INSERT INTO mainrows(id, symbol_id, self_count, cumulative_count, kids, self_calls, total_calls, self_paths, total_paths, pct) VALUES(286, 286, 120440, 120440, 2, 5218, 30110, 102, 102, 0.0);
INSERT INTO mainrows(id, symbol_id, self_count, cumulative_count, kids, self_calls, total_calls, self_paths, total_paths, pct) VALUES(287, 287, 60220, 60220, 0, 2609, 15055, 51, 51, 0.0);
INSERT INTO mainrows(id, symbol_id, self_count, cumulative_count, kids, self_calls, total_calls, self_paths, total_paths, pct) VALUES(288, 288, 60220, 60220, 0, 2609, 15055, 51, 51, 0.0);
INSERT INTO mainrows(id, symbol_id, self_count, cumulative_count, kids, self_calls, total_calls, self_paths, total_paths, pct) VALUES(289, 289, 120440, 120440, 2, 5218, 30110, 102, 102, 0.0);
INSERT INTO mainrows(id, symbol_id, self_count, cumulative_count, kids, self_calls, total_calls, self_paths, total_paths, pct) VALUES(290, 290, 60220, 60220, 0, 2609, 15055, 51, 51, 0.0);
INSERT INTO mainrows(id, symbol_id, self_count, cumulative_count, kids, self_calls, total_calls, self_paths, total_paths, pct) VALUES(291, 291, 60220, 60220, 0, 2609, 15055, 51, 51, 0.0);
INSERT INTO mainrows(id, symbol_id, self_count, cumulative_count, kids, self_calls, total_calls, self_paths, total_paths, pct) VALUES(292, 292, 180660, 180660, 3, 7827, 45165, 153, 153, 0.0);
INSERT INTO mainrows(id, symbol_id, self_count, cumulative_count, kids, self_calls, total_calls, self_paths, total_paths, pct) VALUES(293, 293, 60220, 60220, 0, 2609, 15055, 51, 51, 0.0);
INSERT INTO mainrows(id, symbol_id, self_count, cumulative_count, kids, self_calls, total_calls, self_paths, total_paths, pct) VALUES(294, 294, 60220, 60220, 0, 2609, 15055, 51, 51, 0.0);
INSERT INTO mainrows(id, symbol_id, self_count, cumulative_count, kids, self_calls, total_calls, self_paths, total_paths, pct) VALUES(295, 295, 60220, 60220, 0, 2609, 15055, 51, 51, 0.0);
INSERT INTO mainrows(id, symbol_id, self_count, cumulative_count, kids, self_calls, total_calls, self_paths, total_paths, pct) VALUES(296, 296, 297140, 297140, 5, 12365, 74285, 255, 255, 0.0);
INSERT INTO mainrows(id, symbol_id, self_count, cumulative_count, kids, self_calls, total_calls, self_paths, total_paths, pct) VALUES(297, 297, 59428, 59428, 0, 2473, 14857, 51, 51, 0.0);
INSERT INTO mainrows(id, symbol_id, self_count, cumulative_count, kids, self_calls, total_calls, self_paths, total_paths, pct) VALUES(298, 298, 59428, 59428, 0, 2473, 14857, 51, 51, 0.0);
INSERT INTO mainrows(id, symbol_id, self_count, cumulative_count, kids, self_calls, total_calls, self_paths, total_paths, pct) VALUES(299, 299, 59428, 59428, 0, 2473, 14857, 51, 51, 0.0);
INSERT INTO mainrows(id, symbol_id, self_count, cumulative_count, kids, self_calls, total_calls, self_paths, total_paths, pct) VALUES(300, 300, 59428, 59428, 0, 2473, 14857, 51, 51, 0.0);
INSERT INTO mainrows(id, symbol_id, self_count, cumulative_count, kids, self_calls, total_calls, self_paths, total_paths, pct) VALUES(301, 301, 59428, 59428, 0, 2473, 14857, 51, 51, 0.0);
INSERT INTO mainrows(id, symbol_id, self_count, cumulative_count, kids, self_calls, total_calls, self_paths, total_paths, pct) VALUES(302, 302, 297140, 297140, 5, 12365, 74285, 255, 255, 0.0);
INSERT INTO mainrows(id, symbol_id, self_count, cumulative_count, kids, self_calls, total_calls, self_paths, total_paths, pct) VALUES(303, 303, 59428, 59428, 0, 2473, 14857, 51, 51, 0.0);
INSERT INTO mainrows(id, symbol_id, self_count, cumulative_count, kids, self_calls, total_calls, self_paths, total_paths, pct) VALUES(304, 304, 59428, 59428, 0, 2473, 14857, 51, 51, 0.0);
INSERT INTO mainrows(id, symbol_id, self_count, cumulative_count, kids, self_calls, total_calls, self_paths, total_paths, pct) VALUES(305, 305, 59428, 59428, 0, 2473, 14857, 51, 51, 0.0);
INSERT INTO mainrows(id, symbol_id, self_count, cumulative_count, kids, self_calls, total_calls, self_paths, total_paths, pct) VALUES(306, 306, 59428, 59428, 0, 2473, 14857, 51, 51, 0.0);
INSERT INTO mainrows(id, symbol_id, self_count, cumulative_count, kids, self_calls, total_calls, self_paths, total_paths, pct) VALUES(307, 307, 59428, 59428, 0, 2473, 14857, 51, 51, 0.0);
INSERT INTO parents(self_id, child_id, to_child_count, to_child_calls, to_child_paths, pct) VALUES(10,253,0,0,0,0);
INSERT INTO parents(self_id, child_id, to_child_count, to_child_calls, to_child_paths, pct) VALUES(253,254,0,0,0,0);
INSERT INTO parents(self_id, child_id, to_child_count, to_child_calls, to_child_paths, pct) VALUES(254,255,2560,640,11,0);
INSERT INTO parents(self_id, child_id, to_child_count, to_child_calls, to_child_paths, pct) VALUES(254,256,340,85,2,0);
INSERT INTO parents(self_id, child_id, to_child_count, to_child_calls, to_child_paths, pct) VALUES(254,257,2800,700,12,0);
INSERT INTO parents(self_id, child_id, to_child_count, to_child_calls, to_child_paths, pct) VALUES(254,258,2800,700,12,0);
INSERT INTO parents(self_id, child_id, to_child_count, to_child_calls, to_child_paths, pct) VALUES(254,259,3000,750,15,0);
INSERT INTO parents(self_id, child_id, to_child_count, to_child_calls, to_child_paths, pct) VALUES(254,260,3000,750,15,0);
INSERT INTO parents(self_id, child_id, to_child_count, to_child_calls, to_child_paths, pct) VALUES(254,261,3000,750,15,0);
INSERT INTO parents(self_id, child_id, to_child_count, to_child_calls, to_child_paths, pct) VALUES(254,262,3000,750,15,0);
INSERT INTO parents(self_id, child_id, to_child_count, to_child_calls, to_child_paths, pct) VALUES(254,263,3000,750,15,0);
INSERT INTO parents(self_id, child_id, to_child_count, to_child_calls, to_child_paths, pct) VALUES(253,264,36760,9190,15,0);
INSERT INTO parents(self_id, child_id, to_child_count, to_child_calls, to_child_paths, pct) VALUES(253,265,18744,4686,44,0);
INSERT INTO parents(self_id, child_id, to_child_count, to_child_calls, to_child_paths, pct) VALUES(253,266,16936,4234,56,0);
INSERT INTO parents(self_id, child_id, to_child_count, to_child_calls, to_child_paths, pct) VALUES(253,267,54000,13500,13,0);
INSERT INTO parents(self_id, child_id, to_child_count, to_child_calls, to_child_paths, pct) VALUES(253,268,0,0,0,0);
INSERT INTO parents(self_id, child_id, to_child_count, to_child_calls, to_child_paths, pct) VALUES(268,269,320,80,2,0);
INSERT INTO parents(self_id, child_id, to_child_count, to_child_calls, to_child_paths, pct) VALUES(268,270,400,100,2,0);
INSERT INTO parents(self_id, child_id, to_child_count, to_child_calls, to_child_paths, pct) VALUES(268,271,3000,750,16,0);
INSERT INTO parents(self_id, child_id, to_child_count, to_child_calls, to_child_paths, pct) VALUES(253,272,9548,2387,39,0);
INSERT INTO parents(self_id, child_id, to_child_count, to_child_calls, to_child_paths, pct) VALUES(253,273,1556,389,28,0);
INSERT INTO parents(self_id, child_id, to_child_count, to_child_calls, to_child_paths, pct) VALUES(253,274,93480,23370,28,0);
INSERT INTO parents(self_id, child_id, to_child_count, to_child_calls, to_child_paths, pct) VALUES(253,275,0,0,0,0);
INSERT INTO parents(self_id, child_id, to_child_count, to_child_calls, to_child_paths, pct) VALUES(275,276,0,0,0,0);
INSERT INTO parents(self_id, child_id, to_child_count, to_child_calls, to_child_paths, pct) VALUES(276,277,47428,11857,60,0);
INSERT INTO parents(self_id, child_id, to_child_count, to_child_calls, to_child_paths, pct) VALUES(276,278,47428,11857,60,0);
INSERT INTO parents(self_id, child_id, to_child_count, to_child_calls, to_child_paths, pct) VALUES(276,279,47428,11857,60,0);
INSERT INTO parents(self_id, child_id, to_child_count, to_child_calls, to_child_paths, pct) VALUES(276,280,47428,11857,60,0);
INSERT INTO parents(self_id, child_id, to_child_count, to_child_calls, to_child_paths, pct) VALUES(275,281,0,0,0,0);
INSERT INTO parents(self_id, child_id, to_child_count, to_child_calls, to_child_paths, pct) VALUES(281,282,47428,11857,60,0);
INSERT INTO parents(self_id, child_id, to_child_count, to_child_calls, to_child_paths, pct) VALUES(281,283,47428,11857,60,0);
INSERT INTO parents(self_id, child_id, to_child_count, to_child_calls, to_child_paths, pct) VALUES(281,284,47428,11857,60,0);
INSERT INTO parents(self_id, child_id, to_child_count, to_child_calls, to_child_paths, pct) VALUES(281,285,47428,11857,60,0);
INSERT INTO parents(self_id, child_id, to_child_count, to_child_calls, to_child_paths, pct) VALUES(275,286,0,0,0,0);
INSERT INTO parents(self_id, child_id, to_child_count, to_child_calls, to_child_paths, pct) VALUES(286,287,60220,15055,51,0);
INSERT INTO parents(self_id, child_id, to_child_count, to_child_calls, to_child_paths, pct) VALUES(286,288,60220,15055,51,0);
INSERT INTO parents(self_id, child_id, to_child_count, to_child_calls, to_child_paths, pct) VALUES(275,289,0,0,0,0);
INSERT INTO parents(self_id, child_id, to_child_count, to_child_calls, to_child_paths, pct) VALUES(289,290,60220,15055,51,0);
INSERT INTO parents(self_id, child_id, to_child_count, to_child_calls, to_child_paths, pct) VALUES(289,291,60220,15055,51,0);
INSERT INTO parents(self_id, child_id, to_child_count, to_child_calls, to_child_paths, pct) VALUES(275,292,0,0,0,0);
INSERT INTO parents(self_id, child_id, to_child_count, to_child_calls, to_child_paths, pct) VALUES(292,293,60220,15055,51,0);
INSERT INTO parents(self_id, child_id, to_child_count, to_child_calls, to_child_paths, pct) VALUES(292,294,60220,15055,51,0);
INSERT INTO parents(self_id, child_id, to_child_count, to_child_calls, to_child_paths, pct) VALUES(292,295,60220,15055,51,0);
INSERT INTO parents(self_id, child_id, to_child_count, to_child_calls, to_child_paths, pct) VALUES(275,296,0,0,0,0);
INSERT INTO parents(self_id, child_id, to_child_count, to_child_calls, to_child_paths, pct) VALUES(296,297,59428,14857,51,0);
INSERT INTO parents(self_id, child_id, to_child_count, to_child_calls, to_child_paths, pct) VALUES(296,298,59428,14857,51,0);
INSERT INTO parents(self_id, child_id, to_child_count, to_child_calls, to_child_paths, pct) VALUES(296,299,59428,14857,51,0);
INSERT INTO parents(self_id, child_id, to_child_count, to_child_calls, to_child_paths, pct) VALUES(296,300,59428,14857,51,0);
INSERT INTO parents(self_id, child_id, to_child_count, to_child_calls, to_child_paths, pct) VALUES(296,301,59428,14857,51,0);
INSERT INTO parents(self_id, child_id, to_child_count, to_child_calls, to_child_paths, pct) VALUES(275,302,0,0,0,0);
INSERT INTO parents(self_id, child_id, to_child_count, to_child_calls, to_child_paths, pct) VALUES(302,303,59428,14857,51,0);
INSERT INTO parents(self_id, child_id, to_child_count, to_child_calls, to_child_paths, pct) VALUES(302,304,59428,14857,51,0);
INSERT INTO parents(self_id, child_id, to_child_count, to_child_calls, to_child_paths, pct) VALUES(302,305,59428,14857,51,0);
INSERT INTO parents(self_id, child_id, to_child_count, to_child_calls, to_child_paths, pct) VALUES(302,306,59428,14857,51,0);
INSERT INTO parents(self_id, child_id, to_child_count, to_child_calls, to_child_paths, pct) VALUES(302,307,59428,14857,51,0);
INSERT INTO children(self_id, parent_id, from_parent_count, from_parent_calls, from_parent_paths, pct) VALUES(253,10,1653488,132802,0,0);
INSERT INTO children(self_id, parent_id, from_parent_count, from_parent_calls, from_parent_paths, pct) VALUES(254,253,23500,0,0,0);
INSERT INTO children(self_id, parent_id, from_parent_count, from_parent_calls, from_parent_paths, pct) VALUES(255,254,2560,0,11,0);
INSERT INTO children(self_id, parent_id, from_parent_count, from_parent_calls, from_parent_paths, pct) VALUES(256,254,340,0,2,0);
INSERT INTO children(self_id, parent_id, from_parent_count, from_parent_calls, from_parent_paths, pct) VALUES(257,254,2800,0,12,0);
INSERT INTO children(self_id, parent_id, from_parent_count, from_parent_calls, from_parent_paths, pct) VALUES(258,254,2800,0,12,0);
INSERT INTO children(self_id, parent_id, from_parent_count, from_parent_calls, from_parent_paths, pct) VALUES(259,254,3000,0,15,0);
INSERT INTO children(self_id, parent_id, from_parent_count, from_parent_calls, from_parent_paths, pct) VALUES(260,254,3000,0,15,0);
INSERT INTO children(self_id, parent_id, from_parent_count, from_parent_calls, from_parent_paths, pct) VALUES(261,254,3000,0,15,0);
INSERT INTO children(self_id, parent_id, from_parent_count, from_parent_calls, from_parent_paths, pct) VALUES(262,254,3000,0,15,0);
INSERT INTO children(self_id, parent_id, from_parent_count, from_parent_calls, from_parent_paths, pct) VALUES(263,254,3000,0,15,0);
INSERT INTO children(self_id, parent_id, from_parent_count, from_parent_calls, from_parent_paths, pct) VALUES(264,253,36760,0,15,0);
INSERT INTO children(self_id, parent_id, from_parent_count, from_parent_calls, from_parent_paths, pct) VALUES(265,253,18744,2176,44,0);
INSERT INTO children(self_id, parent_id, from_parent_count, from_parent_calls, from_parent_paths, pct) VALUES(266,253,16936,0,56,0);
INSERT INTO children(self_id, parent_id, from_parent_count, from_parent_calls, from_parent_paths, pct) VALUES(267,253,54000,0,13,0);
INSERT INTO children(self_id, parent_id, from_parent_count, from_parent_calls, from_parent_paths, pct) VALUES(268,253,3720,0,0,0);
INSERT INTO children(self_id, parent_id, from_parent_count, from_parent_calls, from_parent_paths, pct) VALUES(269,268,320,0,2,0);
INSERT INTO children(self_id, parent_id, from_parent_count, from_parent_calls, from_parent_paths, pct) VALUES(270,268,400,0,2,0);
INSERT INTO children(self_id, parent_id, from_parent_count, from_parent_calls, from_parent_paths, pct) VALUES(271,268,3000,0,16,0);
INSERT INTO children(self_id, parent_id, from_parent_count, from_parent_calls, from_parent_paths, pct) VALUES(272,253,9548,0,39,0);
INSERT INTO children(self_id, parent_id, from_parent_count, from_parent_calls, from_parent_paths, pct) VALUES(273,253,1556,0,28,0);
INSERT INTO children(self_id, parent_id, from_parent_count, from_parent_calls, from_parent_paths, pct) VALUES(274,253,93480,21609,28,0);
INSERT INTO children(self_id, parent_id, from_parent_count, from_parent_calls, from_parent_paths, pct) VALUES(275,253,1395244,109017,0,0);
INSERT INTO children(self_id, parent_id, from_parent_count, from_parent_calls, from_parent_paths, pct) VALUES(276,275,189712,33012,0,0);
INSERT INTO children(self_id, parent_id, from_parent_count, from_parent_calls, from_parent_paths, pct) VALUES(277,276,47428,8253,60,0);
INSERT INTO children(self_id, parent_id, from_parent_count, from_parent_calls, from_parent_paths, pct) VALUES(278,276,47428,8253,60,0);
INSERT INTO children(self_id, parent_id, from_parent_count, from_parent_calls, from_parent_paths, pct) VALUES(279,276,47428,8253,60,0);
INSERT INTO children(self_id, parent_id, from_parent_count, from_parent_calls, from_parent_paths, pct) VALUES(280,276,47428,8253,60,0);
INSERT INTO children(self_id, parent_id, from_parent_count, from_parent_calls, from_parent_paths, pct) VALUES(281,275,189712,33012,0,0);
INSERT INTO children(self_id, parent_id, from_parent_count, from_parent_calls, from_parent_paths, pct) VALUES(282,281,47428,8253,60,0);
INSERT INTO children(self_id, parent_id, from_parent_count, from_parent_calls, from_parent_paths, pct) VALUES(283,281,47428,8253,60,0);
INSERT INTO children(self_id, parent_id, from_parent_count, from_parent_calls, from_parent_paths, pct) VALUES(284,281,47428,8253,60,0);
INSERT INTO children(self_id, parent_id, from_parent_count, from_parent_calls, from_parent_paths, pct) VALUES(285,281,47428,8253,60,0);
INSERT INTO children(self_id, parent_id, from_parent_count, from_parent_calls, from_parent_paths, pct) VALUES(286,275,120440,5218,0,0);
INSERT INTO children(self_id, parent_id, from_parent_count, from_parent_calls, from_parent_paths, pct) VALUES(287,286,60220,2609,51,0);
INSERT INTO children(self_id, parent_id, from_parent_count, from_parent_calls, from_parent_paths, pct) VALUES(288,286,60220,2609,51,0);
INSERT INTO children(self_id, parent_id, from_parent_count, from_parent_calls, from_parent_paths, pct) VALUES(289,275,120440,5218,0,0);
INSERT INTO children(self_id, parent_id, from_parent_count, from_parent_calls, from_parent_paths, pct) VALUES(290,289,60220,2609,51,0);
INSERT INTO children(self_id, parent_id, from_parent_count, from_parent_calls, from_parent_paths, pct) VALUES(291,289,60220,2609,51,0);
INSERT INTO children(self_id, parent_id, from_parent_count, from_parent_calls, from_parent_paths, pct) VALUES(292,275,180660,7827,0,0);
INSERT INTO children(self_id, parent_id, from_parent_count, from_parent_calls, from_parent_paths, pct) VALUES(293,292,60220,2609,51,0);
INSERT INTO children(self_id, parent_id, from_parent_count, from_parent_calls, from_parent_paths, pct) VALUES(294,292,60220,2609,51,0);
INSERT INTO children(self_id, parent_id, from_parent_count, from_parent_calls, from_parent_paths, pct) VALUES(295,292,60220,2609,51,0);
INSERT INTO children(self_id, parent_id, from_parent_count, from_parent_calls, from_parent_paths, pct) VALUES(296,275,297140,12365,0,0);
INSERT INTO children(self_id, parent_id, from_parent_count, from_parent_calls, from_parent_paths, pct) VALUES(297,296,59428,2473,51,0);
INSERT INTO children(self_id, parent_id, from_parent_count, from_parent_calls, from_parent_paths, pct) VALUES(298,296,59428,2473,51,0);
INSERT INTO children(self_id, parent_id, from_parent_count, from_parent_calls, from_parent_paths, pct) VALUES(299,296,59428,2473,51,0);
INSERT INTO children(self_id, parent_id, from_parent_count, from_parent_calls, from_parent_paths, pct) VALUES(300,296,59428,2473,51,0);
INSERT INTO children(self_id, parent_id, from_parent_count, from_parent_calls, from_parent_paths, pct) VALUES(301,296,59428,2473,51,0);
INSERT INTO children(self_id, parent_id, from_parent_count, from_parent_calls, from_parent_paths, pct) VALUES(302,275,297140,12365,0,0);
INSERT INTO children(self_id, parent_id, from_parent_count, from_parent_calls, from_parent_paths, pct) VALUES(303,302,59428,2473,51,0);
INSERT INTO children(self_id, parent_id, from_parent_count, from_parent_calls, from_parent_paths, pct) VALUES(304,302,59428,2473,51,0);
INSERT INTO children(self_id, parent_id, from_parent_count, from_parent_calls, from_parent_paths, pct) VALUES(305,302,59428,2473,51,0);
INSERT INTO children(self_id, parent_id, from_parent_count, from_parent_calls, from_parent_paths, pct) VALUES(306,302,59428,2473,51,0);
INSERT INTO children(self_id, parent_id, from_parent_count, from_parent_calls, from_parent_paths, pct) VALUES(307,302,59428,2473,51,0);
INSERT INTO mainrows(id, symbol_id, self_count, cumulative_count, kids, self_calls, total_calls, self_paths, total_paths, pct) VALUES(308, 308, 336, 336, 0, 0, 84, 4, 4, 0.0);
INSERT INTO parents(self_id, child_id, to_child_count, to_child_calls, to_child_paths, pct) VALUES(10,308,336,84,4,0);
INSERT INTO children(self_id, parent_id, from_parent_count, from_parent_calls, from_parent_paths, pct) VALUES(308,10,336,0,4,0);
INSERT INTO mainrows(id, symbol_id, self_count, cumulative_count, kids, self_calls, total_calls, self_paths, total_paths, pct) VALUES(309, 309, 36454936, 36454936, 2, 8567526, 9034534, 2720, 2720, 0.0);
INSERT INTO mainrows(id, symbol_id, self_count, cumulative_count, kids, self_calls, total_calls, self_paths, total_paths, pct) VALUES(310, 310, 36448016, 36448016, 22, 8567526, 9032804, 2706, 2706, 0.0);
INSERT INTO mainrows(id, symbol_id, self_count, cumulative_count, kids, self_calls, total_calls, self_paths, total_paths, pct) VALUES(311, 311, 1656728, 1656728, 1, 389433, 410582, 123, 123, 0.0);
INSERT INTO mainrows(id, symbol_id, self_count, cumulative_count, kids, self_calls, total_calls, self_paths, total_paths, pct) VALUES(312, 312, 25288, 25288, 0, 0, 6322, 5, 5, 0.0);
INSERT INTO mainrows(id, symbol_id, self_count, cumulative_count, kids, self_calls, total_calls, self_paths, total_paths, pct) VALUES(313, 313, 1656728, 1656728, 1, 389433, 410582, 123, 123, 0.0);
INSERT INTO mainrows(id, symbol_id, self_count, cumulative_count, kids, self_calls, total_calls, self_paths, total_paths, pct) VALUES(314, 314, 25288, 25288, 0, 0, 6322, 5, 5, 0.0);
INSERT INTO mainrows(id, symbol_id, self_count, cumulative_count, kids, self_calls, total_calls, self_paths, total_paths, pct) VALUES(315, 315, 1656728, 1656728, 1, 389433, 410582, 123, 123, 0.0);
INSERT INTO mainrows(id, symbol_id, self_count, cumulative_count, kids, self_calls, total_calls, self_paths, total_paths, pct) VALUES(316, 316, 25288, 25288, 0, 0, 6322, 5, 5, 0.0);
INSERT INTO mainrows(id, symbol_id, self_count, cumulative_count, kids, self_calls, total_calls, self_paths, total_paths, pct) VALUES(317, 317, 1656728, 1656728, 1, 389433, 410582, 123, 123, 0.0);
INSERT INTO mainrows(id, symbol_id, self_count, cumulative_count, kids, self_calls, total_calls, self_paths, total_paths, pct) VALUES(318, 318, 25288, 25288, 0, 0, 6322, 5, 5, 0.0);
INSERT INTO mainrows(id, symbol_id, self_count, cumulative_count, kids, self_calls, total_calls, self_paths, total_paths, pct) VALUES(319, 319, 1656728, 1656728, 1, 389433, 410582, 123, 123, 0.0);
INSERT INTO mainrows(id, symbol_id, self_count, cumulative_count, kids, self_calls, total_calls, self_paths, total_paths, pct) VALUES(320, 320, 25288, 25288, 0, 0, 6322, 5, 5, 0.0);
INSERT INTO mainrows(id, symbol_id, self_count, cumulative_count, kids, self_calls, total_calls, self_paths, total_paths, pct) VALUES(321, 321, 1656728, 1656728, 1, 389433, 410582, 123, 123, 0.0);
INSERT INTO mainrows(id, symbol_id, self_count, cumulative_count, kids, self_calls, total_calls, self_paths, total_paths, pct) VALUES(322, 322, 25288, 25288, 0, 0, 6322, 5, 5, 0.0);
INSERT INTO mainrows(id, symbol_id, self_count, cumulative_count, kids, self_calls, total_calls, self_paths, total_paths, pct) VALUES(323, 323, 1656728, 1656728, 1, 389433, 410582, 123, 123, 0.0);
INSERT INTO mainrows(id, symbol_id, self_count, cumulative_count, kids, self_calls, total_calls, self_paths, total_paths, pct) VALUES(324, 324, 25288, 25288, 0, 0, 6322, 5, 5, 0.0);
INSERT INTO mainrows(id, symbol_id, self_count, cumulative_count, kids, self_calls, total_calls, self_paths, total_paths, pct) VALUES(325, 325, 1656728, 1656728, 1, 389433, 410582, 123, 123, 0.0);
INSERT INTO mainrows(id, symbol_id, self_count, cumulative_count, kids, self_calls, total_calls, self_paths, total_paths, pct) VALUES(326, 326, 25288, 25288, 0, 0, 6322, 5, 5, 0.0);
INSERT INTO mainrows(id, symbol_id, self_count, cumulative_count, kids, self_calls, total_calls, self_paths, total_paths, pct) VALUES(327, 327, 1656728, 1656728, 1, 389433, 410582, 123, 123, 0.0);
INSERT INTO mainrows(id, symbol_id, self_count, cumulative_count, kids, self_calls, total_calls, self_paths, total_paths, pct) VALUES(328, 328, 25288, 25288, 0, 0, 6322, 5, 5, 0.0);
INSERT INTO mainrows(id, symbol_id, self_count, cumulative_count, kids, self_calls, total_calls, self_paths, total_paths, pct) VALUES(329, 329, 1656728, 1656728, 1, 389433, 410582, 123, 123, 0.0);
INSERT INTO mainrows(id, symbol_id, self_count, cumulative_count, kids, self_calls, total_calls, self_paths, total_paths, pct) VALUES(330, 330, 25288, 25288, 0, 0, 6322, 5, 5, 0.0);
INSERT INTO mainrows(id, symbol_id, self_count, cumulative_count, kids, self_calls, total_calls, self_paths, total_paths, pct) VALUES(331, 331, 1656728, 1656728, 1, 389433, 410582, 123, 123, 0.0);
INSERT INTO mainrows(id, symbol_id, self_count, cumulative_count, kids, self_calls, total_calls, self_paths, total_paths, pct) VALUES(332, 332, 25288, 25288, 0, 0, 6322, 5, 5, 0.0);
INSERT INTO mainrows(id, symbol_id, self_count, cumulative_count, kids, self_calls, total_calls, self_paths, total_paths, pct) VALUES(333, 333, 1656728, 1656728, 1, 389433, 410582, 123, 123, 0.0);
INSERT INTO mainrows(id, symbol_id, self_count, cumulative_count, kids, self_calls, total_calls, self_paths, total_paths, pct) VALUES(334, 334, 25288, 25288, 0, 0, 6322, 5, 5, 0.0);
INSERT INTO mainrows(id, symbol_id, self_count, cumulative_count, kids, self_calls, total_calls, self_paths, total_paths, pct) VALUES(335, 335, 1656728, 1656728, 1, 389433, 410582, 123, 123, 0.0);
INSERT INTO mainrows(id, symbol_id, self_count, cumulative_count, kids, self_calls, total_calls, self_paths, total_paths, pct) VALUES(336, 336, 25288, 25288, 0, 0, 6322, 5, 5, 0.0);
INSERT INTO mainrows(id, symbol_id, self_count, cumulative_count, kids, self_calls, total_calls, self_paths, total_paths, pct) VALUES(337, 337, 1656728, 1656728, 1, 389433, 410582, 123, 123, 0.0);
INSERT INTO mainrows(id, symbol_id, self_count, cumulative_count, kids, self_calls, total_calls, self_paths, total_paths, pct) VALUES(338, 338, 25288, 25288, 0, 0, 6322, 5, 5, 0.0);
INSERT INTO mainrows(id, symbol_id, self_count, cumulative_count, kids, self_calls, total_calls, self_paths, total_paths, pct) VALUES(339, 339, 1656728, 1656728, 1, 389433, 410582, 123, 123, 0.0);
INSERT INTO mainrows(id, symbol_id, self_count, cumulative_count, kids, self_calls, total_calls, self_paths, total_paths, pct) VALUES(340, 340, 25288, 25288, 0, 0, 6322, 5, 5, 0.0);
INSERT INTO mainrows(id, symbol_id, self_count, cumulative_count, kids, self_calls, total_calls, self_paths, total_paths, pct) VALUES(341, 341, 1656728, 1656728, 1, 389433, 410582, 123, 123, 0.0);
INSERT INTO mainrows(id, symbol_id, self_count, cumulative_count, kids, self_calls, total_calls, self_paths, total_paths, pct) VALUES(342, 342, 25288, 25288, 0, 0, 6322, 5, 5, 0.0);
INSERT INTO mainrows(id, symbol_id, self_count, cumulative_count, kids, self_calls, total_calls, self_paths, total_paths, pct) VALUES(343, 343, 1656728, 1656728, 1, 389433, 410582, 123, 123, 0.0);
INSERT INTO mainrows(id, symbol_id, self_count, cumulative_count, kids, self_calls, total_calls, self_paths, total_paths, pct) VALUES(344, 344, 25288, 25288, 0, 0, 6322, 5, 5, 0.0);
INSERT INTO mainrows(id, symbol_id, self_count, cumulative_count, kids, self_calls, total_calls, self_paths, total_paths, pct) VALUES(345, 345, 1656728, 1656728, 1, 389433, 410582, 123, 123, 0.0);
INSERT INTO mainrows(id, symbol_id, self_count, cumulative_count, kids, self_calls, total_calls, self_paths, total_paths, pct) VALUES(346, 346, 25288, 25288, 0, 0, 6322, 5, 5, 0.0);
INSERT INTO mainrows(id, symbol_id, self_count, cumulative_count, kids, self_calls, total_calls, self_paths, total_paths, pct) VALUES(347, 347, 1656728, 1656728, 1, 389433, 410582, 123, 123, 0.0);
INSERT INTO mainrows(id, symbol_id, self_count, cumulative_count, kids, self_calls, total_calls, self_paths, total_paths, pct) VALUES(348, 348, 25288, 25288, 0, 0, 6322, 5, 5, 0.0);
INSERT INTO mainrows(id, symbol_id, self_count, cumulative_count, kids, self_calls, total_calls, self_paths, total_paths, pct) VALUES(349, 349, 1656728, 1656728, 1, 389433, 410582, 123, 123, 0.0);
INSERT INTO mainrows(id, symbol_id, self_count, cumulative_count, kids, self_calls, total_calls, self_paths, total_paths, pct) VALUES(350, 350, 25288, 25288, 0, 0, 6322, 5, 5, 0.0);
INSERT INTO mainrows(id, symbol_id, self_count, cumulative_count, kids, self_calls, total_calls, self_paths, total_paths, pct) VALUES(351, 351, 1656728, 1656728, 1, 389433, 410582, 123, 123, 0.0);
INSERT INTO mainrows(id, symbol_id, self_count, cumulative_count, kids, self_calls, total_calls, self_paths, total_paths, pct) VALUES(352, 352, 25288, 25288, 0, 0, 6322, 5, 5, 0.0);
INSERT INTO mainrows(id, symbol_id, self_count, cumulative_count, kids, self_calls, total_calls, self_paths, total_paths, pct) VALUES(353, 353, 1656728, 1656728, 1, 389433, 410582, 123, 123, 0.0);
INSERT INTO mainrows(id, symbol_id, self_count, cumulative_count, kids, self_calls, total_calls, self_paths, total_paths, pct) VALUES(354, 354, 25288, 25288, 0, 0, 6322, 5, 5, 0.0);
INSERT INTO mainrows(id, symbol_id, self_count, cumulative_count, kids, self_calls, total_calls, self_paths, total_paths, pct) VALUES(355, 355, 6920, 6920, 1, 0, 1730, 14, 14, 0.0);
INSERT INTO mainrows(id, symbol_id, self_count, cumulative_count, kids, self_calls, total_calls, self_paths, total_paths, pct) VALUES(356, 356, 6920, 6920, 0, 0, 1730, 14, 14, 0.0);
INSERT INTO parents(self_id, child_id, to_child_count, to_child_calls, to_child_paths, pct) VALUES(10,309,0,0,0,0);
INSERT INTO parents(self_id, child_id, to_child_count, to_child_calls, to_child_paths, pct) VALUES(309,310,0,0,0,0);
INSERT INTO parents(self_id, child_id, to_child_count, to_child_calls, to_child_paths, pct) VALUES(310,311,1631440,404260,118,0);
INSERT INTO parents(self_id, child_id, to_child_count, to_child_calls, to_child_paths, pct) VALUES(311,312,25288,6322,5,0);
INSERT INTO parents(self_id, child_id, to_child_count, to_child_calls, to_child_paths, pct) VALUES(310,313,1631440,404260,118,0);
INSERT INTO parents(self_id, child_id, to_child_count, to_child_calls, to_child_paths, pct) VALUES(313,314,25288,6322,5,0);
INSERT INTO parents(self_id, child_id, to_child_count, to_child_calls, to_child_paths, pct) VALUES(310,315,1631440,404260,118,0);
INSERT INTO parents(self_id, child_id, to_child_count, to_child_calls, to_child_paths, pct) VALUES(315,316,25288,6322,5,0);
INSERT INTO parents(self_id, child_id, to_child_count, to_child_calls, to_child_paths, pct) VALUES(310,317,1631440,404260,118,0);
INSERT INTO parents(self_id, child_id, to_child_count, to_child_calls, to_child_paths, pct) VALUES(317,318,25288,6322,5,0);
INSERT INTO parents(self_id, child_id, to_child_count, to_child_calls, to_child_paths, pct) VALUES(310,319,1631440,404260,118,0);
INSERT INTO parents(self_id, child_id, to_child_count, to_child_calls, to_child_paths, pct) VALUES(319,320,25288,6322,5,0);
INSERT INTO parents(self_id, child_id, to_child_count, to_child_calls, to_child_paths, pct) VALUES(310,321,1631440,404260,118,0);
INSERT INTO parents(self_id, child_id, to_child_count, to_child_calls, to_child_paths, pct) VALUES(321,322,25288,6322,5,0);
INSERT INTO parents(self_id, child_id, to_child_count, to_child_calls, to_child_paths, pct) VALUES(310,323,1631440,404260,118,0);
INSERT INTO parents(self_id, child_id, to_child_count, to_child_calls, to_child_paths, pct) VALUES(323,324,25288,6322,5,0);
INSERT INTO parents(self_id, child_id, to_child_count, to_child_calls, to_child_paths, pct) VALUES(310,325,1631440,404260,118,0);
INSERT INTO parents(self_id, child_id, to_child_count, to_child_calls, to_child_paths, pct) VALUES(325,326,25288,6322,5,0);
INSERT INTO parents(self_id, child_id, to_child_count, to_child_calls, to_child_paths, pct) VALUES(310,327,1631440,404260,118,0);
INSERT INTO parents(self_id, child_id, to_child_count, to_child_calls, to_child_paths, pct) VALUES(327,328,25288,6322,5,0);
INSERT INTO parents(self_id, child_id, to_child_count, to_child_calls, to_child_paths, pct) VALUES(310,329,1631440,404260,118,0);
INSERT INTO parents(self_id, child_id, to_child_count, to_child_calls, to_child_paths, pct) VALUES(329,330,25288,6322,5,0);
INSERT INTO parents(self_id, child_id, to_child_count, to_child_calls, to_child_paths, pct) VALUES(310,331,1631440,404260,118,0);
INSERT INTO parents(self_id, child_id, to_child_count, to_child_calls, to_child_paths, pct) VALUES(331,332,25288,6322,5,0);
INSERT INTO parents(self_id, child_id, to_child_count, to_child_calls, to_child_paths, pct) VALUES(310,333,1631440,404260,118,0);
INSERT INTO parents(self_id, child_id, to_child_count, to_child_calls, to_child_paths, pct) VALUES(333,334,25288,6322,5,0);
INSERT INTO parents(self_id, child_id, to_child_count, to_child_calls, to_child_paths, pct) VALUES(310,335,1631440,404260,118,0);
INSERT INTO parents(self_id, child_id, to_child_count, to_child_calls, to_child_paths, pct) VALUES(335,336,25288,6322,5,0);
INSERT INTO parents(self_id, child_id, to_child_count, to_child_calls, to_child_paths, pct) VALUES(310,337,1631440,404260,118,0);
INSERT INTO parents(self_id, child_id, to_child_count, to_child_calls, to_child_paths, pct) VALUES(337,338,25288,6322,5,0);
INSERT INTO parents(self_id, child_id, to_child_count, to_child_calls, to_child_paths, pct) VALUES(310,339,1631440,404260,118,0);
INSERT INTO parents(self_id, child_id, to_child_count, to_child_calls, to_child_paths, pct) VALUES(339,340,25288,6322,5,0);
INSERT INTO parents(self_id, child_id, to_child_count, to_child_calls, to_child_paths, pct) VALUES(310,341,1631440,404260,118,0);
INSERT INTO parents(self_id, child_id, to_child_count, to_child_calls, to_child_paths, pct) VALUES(341,342,25288,6322,5,0);
INSERT INTO parents(self_id, child_id, to_child_count, to_child_calls, to_child_paths, pct) VALUES(310,343,1631440,404260,118,0);
INSERT INTO parents(self_id, child_id, to_child_count, to_child_calls, to_child_paths, pct) VALUES(343,344,25288,6322,5,0);
INSERT INTO parents(self_id, child_id, to_child_count, to_child_calls, to_child_paths, pct) VALUES(310,345,1631440,404260,118,0);
INSERT INTO parents(self_id, child_id, to_child_count, to_child_calls, to_child_paths, pct) VALUES(345,346,25288,6322,5,0);
INSERT INTO parents(self_id, child_id, to_child_count, to_child_calls, to_child_paths, pct) VALUES(310,347,1631440,404260,118,0);
INSERT INTO parents(self_id, child_id, to_child_count, to_child_calls, to_child_paths, pct) VALUES(347,348,25288,6322,5,0);
INSERT INTO parents(self_id, child_id, to_child_count, to_child_calls, to_child_paths, pct) VALUES(310,349,1631440,404260,118,0);
INSERT INTO parents(self_id, child_id, to_child_count, to_child_calls, to_child_paths, pct) VALUES(349,350,25288,6322,5,0);
INSERT INTO parents(self_id, child_id, to_child_count, to_child_calls, to_child_paths, pct) VALUES(310,351,1631440,404260,118,0);
INSERT INTO parents(self_id, child_id, to_child_count, to_child_calls, to_child_paths, pct) VALUES(351,352,25288,6322,5,0);
INSERT INTO parents(self_id, child_id, to_child_count, to_child_calls, to_child_paths, pct) VALUES(310,353,1631440,404260,118,0);
INSERT INTO parents(self_id, child_id, to_child_count, to_child_calls, to_child_paths, pct) VALUES(353,354,25288,6322,5,0);
INSERT INTO parents(self_id, child_id, to_child_count, to_child_calls, to_child_paths, pct) VALUES(309,355,0,0,0,0);
INSERT INTO parents(self_id, child_id, to_child_count, to_child_calls, to_child_paths, pct) VALUES(355,356,6920,1730,14,0);
INSERT INTO children(self_id, parent_id, from_parent_count, from_parent_calls, from_parent_paths, pct) VALUES(309,10,36454936,8567526,0,0);
INSERT INTO children(self_id, parent_id, from_parent_count, from_parent_calls, from_parent_paths, pct) VALUES(310,309,36448016,8567526,0,0);
INSERT INTO children(self_id, parent_id, from_parent_count, from_parent_calls, from_parent_paths, pct) VALUES(311,310,1656728,389433,118,0);
INSERT INTO children(self_id, parent_id, from_parent_count, from_parent_calls, from_parent_paths, pct) VALUES(312,311,25288,0,5,0);
INSERT INTO children(self_id, parent_id, from_parent_count, from_parent_calls, from_parent_paths, pct) VALUES(313,310,1656728,389433,118,0);
INSERT INTO children(self_id, parent_id, from_parent_count, from_parent_calls, from_parent_paths, pct) VALUES(314,313,25288,0,5,0);
INSERT INTO children(self_id, parent_id, from_parent_count, from_parent_calls, from_parent_paths, pct) VALUES(315,310,1656728,389433,118,0);
INSERT INTO children(self_id, parent_id, from_parent_count, from_parent_calls, from_parent_paths, pct) VALUES(316,315,25288,0,5,0);
INSERT INTO children(self_id, parent_id, from_parent_count, from_parent_calls, from_parent_paths, pct) VALUES(317,310,1656728,389433,118,0);
INSERT INTO children(self_id, parent_id, from_parent_count, from_parent_calls, from_parent_paths, pct) VALUES(318,317,25288,0,5,0);
INSERT INTO children(self_id, parent_id, from_parent_count, from_parent_calls, from_parent_paths, pct) VALUES(319,310,1656728,389433,118,0);
INSERT INTO children(self_id, parent_id, from_parent_count, from_parent_calls, from_parent_paths, pct) VALUES(320,319,25288,0,5,0);
INSERT INTO children(self_id, parent_id, from_parent_count, from_parent_calls, from_parent_paths, pct) VALUES(321,310,1656728,389433,118,0);
INSERT INTO children(self_id, parent_id, from_parent_count, from_parent_calls, from_parent_paths, pct) VALUES(322,321,25288,0,5,0);
INSERT INTO children(self_id, parent_id, from_parent_count, from_parent_calls, from_parent_paths, pct) VALUES(323,310,1656728,389433,118,0);
INSERT INTO children(self_id, parent_id, from_parent_count, from_parent_calls, from_parent_paths, pct) VALUES(324,323,25288,0,5,0);
INSERT INTO children(self_id, parent_id, from_parent_count, from_parent_calls, from_parent_paths, pct) VALUES(325,310,1656728,389433,118,0);
INSERT INTO children(self_id, parent_id, from_parent_count, from_parent_calls, from_parent_paths, pct) VALUES(326,325,25288,0,5,0);
INSERT INTO children(self_id, parent_id, from_parent_count, from_parent_calls, from_parent_paths, pct) VALUES(327,310,1656728,389433,118,0);
INSERT INTO children(self_id, parent_id, from_parent_count, from_parent_calls, from_parent_paths, pct) VALUES(328,327,25288,0,5,0);
INSERT INTO children(self_id, parent_id, from_parent_count, from_parent_calls, from_parent_paths, pct) VALUES(329,310,1656728,389433,118,0);
INSERT INTO children(self_id, parent_id, from_parent_count, from_parent_calls, from_parent_paths, pct) VALUES(330,329,25288,0,5,0);
INSERT INTO children(self_id, parent_id, from_parent_count, from_parent_calls, from_parent_paths, pct) VALUES(331,310,1656728,389433,118,0);
INSERT INTO children(self_id, parent_id, from_parent_count, from_parent_calls, from_parent_paths, pct) VALUES(332,331,25288,0,5,0);
INSERT INTO children(self_id, parent_id, from_parent_count, from_parent_calls, from_parent_paths, pct) VALUES(333,310,1656728,389433,118,0);
INSERT INTO children(self_id, parent_id, from_parent_count, from_parent_calls, from_parent_paths, pct) VALUES(334,333,25288,0,5,0);
INSERT INTO children(self_id, parent_id, from_parent_count, from_parent_calls, from_parent_paths, pct) VALUES(335,310,1656728,389433,118,0);
INSERT INTO children(self_id, parent_id, from_parent_count, from_parent_calls, from_parent_paths, pct) VALUES(336,335,25288,0,5,0);
INSERT INTO children(self_id, parent_id, from_parent_count, from_parent_calls, from_parent_paths, pct) VALUES(337,310,1656728,389433,118,0);
INSERT INTO children(self_id, parent_id, from_parent_count, from_parent_calls, from_parent_paths, pct) VALUES(338,337,25288,0,5,0);
INSERT INTO children(self_id, parent_id, from_parent_count, from_parent_calls, from_parent_paths, pct) VALUES(339,310,1656728,389433,118,0);
INSERT INTO children(self_id, parent_id, from_parent_count, from_parent_calls, from_parent_paths, pct) VALUES(340,339,25288,0,5,0);
INSERT INTO children(self_id, parent_id, from_parent_count, from_parent_calls, from_parent_paths, pct) VALUES(341,310,1656728,389433,118,0);
INSERT INTO children(self_id, parent_id, from_parent_count, from_parent_calls, from_parent_paths, pct) VALUES(342,341,25288,0,5,0);
INSERT INTO children(self_id, parent_id, from_parent_count, from_parent_calls, from_parent_paths, pct) VALUES(343,310,1656728,389433,118,0);
INSERT INTO children(self_id, parent_id, from_parent_count, from_parent_calls, from_parent_paths, pct) VALUES(344,343,25288,0,5,0);
INSERT INTO children(self_id, parent_id, from_parent_count, from_parent_calls, from_parent_paths, pct) VALUES(345,310,1656728,389433,118,0);
INSERT INTO children(self_id, parent_id, from_parent_count, from_parent_calls, from_parent_paths, pct) VALUES(346,345,25288,0,5,0);
INSERT INTO children(self_id, parent_id, from_parent_count, from_parent_calls, from_parent_paths, pct) VALUES(347,310,1656728,389433,118,0);
INSERT INTO children(self_id, parent_id, from_parent_count, from_parent_calls, from_parent_paths, pct) VALUES(348,347,25288,0,5,0);
INSERT INTO children(self_id, parent_id, from_parent_count, from_parent_calls, from_parent_paths, pct) VALUES(349,310,1656728,389433,118,0);
INSERT INTO children(self_id, parent_id, from_parent_count, from_parent_calls, from_parent_paths, pct) VALUES(350,349,25288,0,5,0);
INSERT INTO children(self_id, parent_id, from_parent_count, from_parent_calls, from_parent_paths, pct) VALUES(351,310,1656728,389433,118,0);
INSERT INTO children(self_id, parent_id, from_parent_count, from_parent_calls, from_parent_paths, pct) VALUES(352,351,25288,0,5,0);
INSERT INTO children(self_id, parent_id, from_parent_count, from_parent_calls, from_parent_paths, pct) VALUES(353,310,1656728,389433,118,0);
INSERT INTO children(self_id, parent_id, from_parent_count, from_parent_calls, from_parent_paths, pct) VALUES(354,353,25288,0,5,0);
INSERT INTO children(self_id, parent_id, from_parent_count, from_parent_calls, from_parent_paths, pct) VALUES(355,309,6920,0,0,0);
INSERT INTO children(self_id, parent_id, from_parent_count, from_parent_calls, from_parent_paths, pct) VALUES(356,355,6920,0,14,0);

