    PRAGMA journal_mode=OFF;    PRAGMA count_changes=OFF;    DROP TABLE IF EXISTS files;    DROP TABLE IF EXISTS symbols;    DROP TABLE IF EXISTS mainrows;    DROP TABLE IF EXISTS children;    DROP TABLE IF EXISTS parents;    DROP TABLE IF EXISTS summary;    CREATE TABLE children (        self_id INTEGER CONSTRAINT self_exists REFERENCES mainrows(id),        parent_id INTEGER CONSTRAINT parent_exists REFERENCES mainrows(id),        from_parent_count INTEGER,        from_parent_calls INTEGER,        from_parent_paths INTEGER,        pct REAL    );    CREATE TABLE files (        id,        name TEXT    );    CREATE TABLE mainrows (        id INTEGER PRIMARY KEY,        symbol_id INTEGER CONSTRAINT symbol_id_exists REFERENCES symbols(id),        self_count INTEGER,        cumulative_count INTEGER,        kids INTEGER,        self_calls INTEGER,        total_calls INTEGER,        self_paths INTEGER,        total_paths INTEGER,        pct REAL    );    CREATE TABLE parents (        self_id INTEGER CONSTRAINT self_exists REFERENCES mainrows(id),        child_id INTEGER CONSTRAINT child_exists REFERENCES mainrows(id),        to_child_count INTEGER,        to_child_calls INTEGER,        to_child_paths INTEGER,        pct REAL    );    CREATE TABLE summary (        counter TEXT,        total_count INTEGER,        total_freq INTEGER,        tick_period REAL    );    CREATE TABLE symbols (        id,        name TEXT,        filename_id INTEGER CONSTRAINT file_id_exists REFERENCES files(id)    );    CREATE UNIQUE INDEX fileIndex ON files (id);    CREATE INDEX selfCountIndex ON mainrows(self_count);    CREATE UNIQUE INDEX symbolsIndex ON symbols (id);    CREATE INDEX totalCountIndex ON mainrows(cumulative_count);
INSERT INTO files(id, name) VALUES(10,"root");
INSERT INTO symbols(id, name, filename_id) VALUES (10,"root", 10);
INSERT INTO symbols(id, name, filename_id) VALUES (11,"Btag", 10);
INSERT INTO symbols(id, name, filename_id) VALUES (12,"CSVTag_GLOBAL", 11);
INSERT INTO symbols(id, name, filename_id) VALUES (13,"CSV_GLOBAL", 11);
INSERT INTO symbols(id, name, filename_id) VALUES (14,"GhTrk_GLOBAL", 11);
INSERT INTO symbols(id, name, filename_id) VALUES (15,"IPTag_GLOBAL", 11);
INSERT INTO symbols(id, name, filename_id) VALUES (16,"JBP_GLOBAL", 11);
INSERT INTO symbols(id, name, filename_id) VALUES (17,"JP_GLOBAL", 11);
INSERT INTO symbols(id, name, filename_id) VALUES (18,"SET_GLOBAL", 11);
INSERT INTO symbols(id, name, filename_id) VALUES (19,"SMT_GLOBAL", 11);
INSERT INTO symbols(id, name, filename_id) VALUES (20,"SSVHE_GLOBAL", 11);
INSERT INTO symbols(id, name, filename_id) VALUES (21,"SSVHP_GLOBAL", 11);
INSERT INTO symbols(id, name, filename_id) VALUES (22,"TCHE_GLOBAL", 11);
INSERT INTO symbols(id, name, filename_id) VALUES (23,"TCHP_GLOBAL", 11);
INSERT INTO symbols(id, name, filename_id) VALUES (24,"EgammaV", 10);
INSERT INTO symbols(id, name, filename_id) VALUES (25,"ElectronMcFakeValidator", 24);
INSERT INTO symbols(id, name, filename_id) VALUES (26,"ElectronMcSignalValidator", 24);
INSERT INTO symbols(id, name, filename_id) VALUES (27,"PhotonValidator", 24);
INSERT INTO symbols(id, name, filename_id) VALUES (28,"Background", 27);
INSERT INTO symbols(id, name, filename_id) VALUES (29,"ConversionInfo", 27);
INSERT INTO symbols(id, name, filename_id) VALUES (30,"Efficiencies", 27);
INSERT INTO symbols(id, name, filename_id) VALUES (31,"Photons", 27);
INSERT INTO symbols(id, name, filename_id) VALUES (32,"SimulationInfo", 27);
INSERT INTO symbols(id, name, filename_id) VALUES (33,"pfPhotonValidator", 24);
INSERT INTO symbols(id, name, filename_id) VALUES (34,"Background", 33);
INSERT INTO symbols(id, name, filename_id) VALUES (35,"ConversionInfo", 33);
INSERT INTO symbols(id, name, filename_id) VALUES (36,"Efficiencies", 33);
INSERT INTO symbols(id, name, filename_id) VALUES (37,"Photons", 33);
INSERT INTO symbols(id, name, filename_id) VALUES (38,"SimulationInfo", 33);
INSERT INTO symbols(id, name, filename_id) VALUES (39,"Generator", 10);
INSERT INTO symbols(id, name, filename_id) VALUES (40,"GenParticles", 39);
INSERT INTO symbols(id, name, filename_id) VALUES (41,"Particles", 39);
INSERT INTO symbols(id, name, filename_id) VALUES (42,"HLT", 10);
INSERT INTO symbols(id, name, filename_id) VALUES (43,"B2GHLTValidation", 42);
INSERT INTO symbols(id, name, filename_id) VALUES (44,"B2G", 43);
INSERT INTO symbols(id, name, filename_id) VALUES (45,"SemiElectronic", 44);
INSERT INTO symbols(id, name, filename_id) VALUES (46,"SemiMuonic", 44);
INSERT INTO symbols(id, name, filename_id) VALUES (47,"SingleJet", 44);
INSERT INTO symbols(id, name, filename_id) VALUES (48,"BTag", 42);
INSERT INTO symbols(id, name, filename_id) VALUES (49,"HLT_PFMET120_NoiseCleaned_BTagCSV07_v1", 48);
INSERT INTO symbols(id, name, filename_id) VALUES (50,"HLTEgammaValidation", 42);
INSERT INTO symbols(id, name, filename_id) VALUES (51,"HLT_DoubleEle33_CaloIdL_GsfTrkIdVL_DQM", 50);
INSERT INTO symbols(id, name, filename_id) VALUES (52,"HLT_DoubleEle33_CaloIdL_GsfTrkIdVL_MW_DQM", 50);
INSERT INTO symbols(id, name, filename_id) VALUES (53,"HLT_DoublePhoton85_DQM", 50);
INSERT INTO symbols(id, name, filename_id) VALUES (54,"HLT_Ele17_Ele12_Ele10_CaloId_TrackId_DQM", 50);
INSERT INTO symbols(id, name, filename_id) VALUES (55,"HLT_Ele17_Ele8_Gsf_DQM", 50);
INSERT INTO symbols(id, name, filename_id) VALUES (56,"HLT_Ele20WP60_Ele8_Mass55_DQM", 50);
INSERT INTO symbols(id, name, filename_id) VALUES (57,"HLT_Ele22_eta2p1_WP85_Gsf_LooseIsoPFTau20_DQM", 50);
INSERT INTO symbols(id, name, filename_id) VALUES (58,"HLT_Ele23_Ele12_CaloId_TrackId_Iso_DQM", 50);
INSERT INTO symbols(id, name, filename_id) VALUES (59,"HLT_Ele25WP60_SC4_Mass55_DQM", 50);
INSERT INTO symbols(id, name, filename_id) VALUES (60,"HLT_Ele27_WP85_Gsf_CentralPFJet30_BTagCSV_DQM", 50);
INSERT INTO symbols(id, name, filename_id) VALUES (61,"HLT_Ele27_WP85_Gsf_DQM", 50);
INSERT INTO symbols(id, name, filename_id) VALUES (62,"HLT_Ele27_WP85_Gsf_TriCentralPFJet40_DQM", 50);
INSERT INTO symbols(id, name, filename_id) VALUES (63,"HLT_Ele27_WP85_Gsf_TriCentralPFJet60_50_35_DQM", 50);
INSERT INTO symbols(id, name, filename_id) VALUES (64,"HLT_Ele45_CaloIdVT_GsfTrkIdT_PFJet200_PFJet50_DQM", 50);
INSERT INTO symbols(id, name, filename_id) VALUES (65,"HLT_Ele95_CaloIdVT_GsfTrkIdT_DQM", 50);
INSERT INTO symbols(id, name, filename_id) VALUES (66,"HLT_Mu23_TrkIsoVVL_Ele12_Gsf_CaloId_TrackId_Iso_MediumWP_DQM", 50);
INSERT INTO symbols(id, name, filename_id) VALUES (67,"HLT_Mu8_TrkIsoVVL_Ele23_Gsf_CaloId_TrackId_Iso_MediumWP_DQM", 50);
INSERT INTO symbols(id, name, filename_id) VALUES (68,"HLT_Photon135_PFMET40_DQM", 50);
INSERT INTO symbols(id, name, filename_id) VALUES (69,"HLT_Photon135_VBF_DQM", 50);
INSERT INTO symbols(id, name, filename_id) VALUES (70,"HLT_Photon150_PFMET40_DQM", 50);
INSERT INTO symbols(id, name, filename_id) VALUES (71,"HLT_Photon150_VBF_DQM", 50);
INSERT INTO symbols(id, name, filename_id) VALUES (72,"HLT_Photon155_DQM", 50);
INSERT INTO symbols(id, name, filename_id) VALUES (73,"HLT_Photon160_PFMET40_DQM", 50);
INSERT INTO symbols(id, name, filename_id) VALUES (74,"HLT_Photon160_VBF_DQM", 50);
INSERT INTO symbols(id, name, filename_id) VALUES (75,"HLT_Photon20_CaloIdVL_IsoL_DQM", 50);
INSERT INTO symbols(id, name, filename_id) VALUES (76,"HLT_Photon22_R9Id90_HE10_Iso40_EBOnly_PFMET40_DQM", 50);
INSERT INTO symbols(id, name, filename_id) VALUES (77,"HLT_Photon22_R9Id90_HE10_Iso40_EBOnly_VBF_DQM", 50);
INSERT INTO symbols(id, name, filename_id) VALUES (78,"HLT_Photon250_NoHE_PFMET40_DQM", 50);
INSERT INTO symbols(id, name, filename_id) VALUES (79,"HLT_Photon250_NoHE_VBF_DQM", 50);
INSERT INTO symbols(id, name, filename_id) VALUES (80,"HLT_Photon300_NoHE_PFMET40_DQM", 50);
INSERT INTO symbols(id, name, filename_id) VALUES (81,"HLT_Photon300_NoHE_VBF_DQM", 50);
INSERT INTO symbols(id, name, filename_id) VALUES (82,"HLT_Photon36_R9Id85_OR_CaloId24b40e_Iso50T80L_Photon18_AND_HE10_R9Id65_Mass95_DQM", 50);
INSERT INTO symbols(id, name, filename_id) VALUES (83,"HLT_Photon36_R9Id90_HE10_Iso40_EBOnly_PFMET40_DQM", 50);
INSERT INTO symbols(id, name, filename_id) VALUES (84,"HLT_Photon36_R9Id90_HE10_Iso40_EBOnly_VBF_DQM", 50);
INSERT INTO symbols(id, name, filename_id) VALUES (85,"HLT_Photon42_R9Id85_OR_CaloId24b40e_Iso50T80L_Photon22_AND_HE10_R9Id65_DQM", 50);
INSERT INTO symbols(id, name, filename_id) VALUES (86,"HLT_Photon50_R9Id90_HE10_Iso40_EBOnly_PFMET40_DQM", 50);
INSERT INTO symbols(id, name, filename_id) VALUES (87,"HLT_Photon50_R9Id90_HE10_Iso40_EBOnly_VBF_DQM", 50);
INSERT INTO symbols(id, name, filename_id) VALUES (88,"HLT_Photon75_R9Id90_HE10_Iso40_EBOnly_PFMET40_DQM", 50);
INSERT INTO symbols(id, name, filename_id) VALUES (89,"HLT_Photon75_R9Id90_HE10_Iso40_EBOnly_VBF_DQM", 50);
INSERT INTO symbols(id, name, filename_id) VALUES (90,"HLT_Photon90_R9Id90_HE10_Iso40_EBOnly_PFMET40_DQM", 50);
INSERT INTO symbols(id, name, filename_id) VALUES (91,"HLT_Photon90_R9Id90_HE10_Iso40_EBOnly_VBF_DQM", 50);
INSERT INTO symbols(id, name, filename_id) VALUES (92,"HLTJETMET", 42);
INSERT INTO symbols(id, name, filename_id) VALUES (93,"HLT_PFJet260", 92);
INSERT INTO symbols(id, name, filename_id) VALUES (94,"HLT_PFJet40", 92);
INSERT INTO symbols(id, name, filename_id) VALUES (95,"HLT_PFMET170_NoiseCleaned", 92);
INSERT INTO symbols(id, name, filename_id) VALUES (96,"HLT_PFchMET90_NoiseCleaned", 92);
INSERT INTO symbols(id, name, filename_id) VALUES (97,"Higgs", 42);
INSERT INTO symbols(id, name, filename_id) VALUES (98,"H2tau", 97);
INSERT INTO symbols(id, name, filename_id) VALUES (99,"HWW", 97);
INSERT INTO symbols(id, name, filename_id) VALUES (100,"HZZ", 97);
INSERT INTO symbols(id, name, filename_id) VALUES (101,"Hgg", 97);
INSERT INTO symbols(id, name, filename_id) VALUES (102,"Htaunu", 97);
INSERT INTO symbols(id, name, filename_id) VALUES (103,"Muon", 42);
INSERT INTO symbols(id, name, filename_id) VALUES (104,"Distributions", 103);
INSERT INTO symbols(id, name, filename_id) VALUES (105,"HLT_IsoMu24_IterTrk02", 104);
INSERT INTO symbols(id, name, filename_id) VALUES (106,"HLT_IsoTkMu24_IterTrk02", 104);
INSERT INTO symbols(id, name, filename_id) VALUES (107,"HLT_L2DoubleMu23_NoVertex", 104);
INSERT INTO symbols(id, name, filename_id) VALUES (108,"HLT_Mu17_NoFilters", 104);
INSERT INTO symbols(id, name, filename_id) VALUES (109,"HLT_Mu40", 104);
INSERT INTO symbols(id, name, filename_id) VALUES (110,"MultiTrack", 103);
INSERT INTO symbols(id, name, filename_id) VALUES (111,"hltL2Muons", 110);
INSERT INTO symbols(id, name, filename_id) VALUES (112,"simulation", 111);
INSERT INTO symbols(id, name, filename_id) VALUES (113,"hltL2Muons_UpdAtVtx", 110);
INSERT INTO symbols(id, name, filename_id) VALUES (114,"simulation", 113);
INSERT INTO symbols(id, name, filename_id) VALUES (115,"hltL3Muons", 110);
INSERT INTO symbols(id, name, filename_id) VALUES (116,"simulation", 115);
INSERT INTO symbols(id, name, filename_id) VALUES (117,"hltL3TkTrksFromL2", 110);
INSERT INTO symbols(id, name, filename_id) VALUES (118,"simulation", 117);
INSERT INTO symbols(id, name, filename_id) VALUES (119,"SusyExo", 42);
INSERT INTO symbols(id, name, filename_id) VALUES (120,"By_Event", 119);
INSERT INTO symbols(id, name, filename_id) VALUES (121,"By_Muon", 119);
INSERT INTO symbols(id, name, filename_id) VALUES (122,"McSelection", 119);
INSERT INTO symbols(id, name, filename_id) VALUES (123,"RA1", 122);
INSERT INTO symbols(id, name, filename_id) VALUES (124,"RA2", 122);
INSERT INTO symbols(id, name, filename_id) VALUES (125,"RA3", 122);
INSERT INTO symbols(id, name, filename_id) VALUES (126,"RA4_e", 122);
INSERT INTO symbols(id, name, filename_id) VALUES (127,"RA4_m", 122);
INSERT INTO symbols(id, name, filename_id) VALUES (128,"RA5RA6_1e1m", 122);
INSERT INTO symbols(id, name, filename_id) VALUES (129,"RA5RA6_2e", 122);
INSERT INTO symbols(id, name, filename_id) VALUES (130,"RA5RA6_2m", 122);
INSERT INTO symbols(id, name, filename_id) VALUES (131,"RA7_1e2m", 122);
INSERT INTO symbols(id, name, filename_id) VALUES (132,"RA7_2e1m", 122);
INSERT INTO symbols(id, name, filename_id) VALUES (133,"RA7_3e", 122);
INSERT INTO symbols(id, name, filename_id) VALUES (134,"RA7_3m", 122);
INSERT INTO symbols(id, name, filename_id) VALUES (135,"RecoElectrons", 119);
INSERT INTO symbols(id, name, filename_id) VALUES (136,"General", 135);
INSERT INTO symbols(id, name, filename_id) VALUES (137,"HLT", 135);
INSERT INTO symbols(id, name, filename_id) VALUES (138,"L1", 135);
INSERT INTO symbols(id, name, filename_id) VALUES (139,"RecoJets", 119);
INSERT INTO symbols(id, name, filename_id) VALUES (140,"General", 139);
INSERT INTO symbols(id, name, filename_id) VALUES (141,"HLT", 139);
INSERT INTO symbols(id, name, filename_id) VALUES (142,"L1", 139);
INSERT INTO symbols(id, name, filename_id) VALUES (143,"RecoMET", 119);
INSERT INTO symbols(id, name, filename_id) VALUES (144,"General", 143);
INSERT INTO symbols(id, name, filename_id) VALUES (145,"HLT", 143);
INSERT INTO symbols(id, name, filename_id) VALUES (146,"L1", 143);
INSERT INTO symbols(id, name, filename_id) VALUES (147,"RecoMuons", 119);
INSERT INTO symbols(id, name, filename_id) VALUES (148,"General", 147);
INSERT INTO symbols(id, name, filename_id) VALUES (149,"HLT", 147);
INSERT INTO symbols(id, name, filename_id) VALUES (150,"L1", 147);
INSERT INTO symbols(id, name, filename_id) VALUES (151,"RecoPhotons", 119);
INSERT INTO symbols(id, name, filename_id) VALUES (152,"General", 151);
INSERT INTO symbols(id, name, filename_id) VALUES (153,"HLT", 151);
INSERT INTO symbols(id, name, filename_id) VALUES (154,"L1", 151);
INSERT INTO symbols(id, name, filename_id) VALUES (155,"RecoSelection", 119);
INSERT INTO symbols(id, name, filename_id) VALUES (156,"Reco1", 155);
INSERT INTO symbols(id, name, filename_id) VALUES (157,"TriggerBits", 119);
INSERT INTO symbols(id, name, filename_id) VALUES (158,"TauRelVal", 42);
INSERT INTO symbols(id, name, filename_id) VALUES (159,"MC", 158);
INSERT INTO symbols(id, name, filename_id) VALUES (160,"HLT_DoubleMediumIsoPFTau40_Trk1_eta2p1", 159);
INSERT INTO symbols(id, name, filename_id) VALUES (161,"helpers", 160);
INSERT INTO symbols(id, name, filename_id) VALUES (162,"HLT_DoubleMediumIsoPFTau40_Trk1_eta2p1_Reg", 159);
INSERT INTO symbols(id, name, filename_id) VALUES (163,"helpers", 162);
INSERT INTO symbols(id, name, filename_id) VALUES (164,"HLT_Ele22_eta2p1_WP85_Gsf_LooseIsoPFTau20", 159);
INSERT INTO symbols(id, name, filename_id) VALUES (165,"helpers", 164);
INSERT INTO symbols(id, name, filename_id) VALUES (166,"HLT_IsoMu17_eta2p1_LooseIsoPFTau20", 159);
INSERT INTO symbols(id, name, filename_id) VALUES (167,"helpers", 166);
INSERT INTO symbols(id, name, filename_id) VALUES (168,"HLT_LooseIsoPFTau50_Trk30_eta2p1_MET120", 159);
INSERT INTO symbols(id, name, filename_id) VALUES (169,"helpers", 168);
INSERT INTO symbols(id, name, filename_id) VALUES (170,"L1", 159);
INSERT INTO symbols(id, name, filename_id) VALUES (171,"helpers", 170);
INSERT INTO symbols(id, name, filename_id) VALUES (172,"Summary", 159);
INSERT INTO symbols(id, name, filename_id) VALUES (173,"helpers", 172);
INSERT INTO symbols(id, name, filename_id) VALUES (174,"PF", 158);
INSERT INTO symbols(id, name, filename_id) VALUES (175,"HLT_DoubleMediumIsoPFTau40_Trk1_eta2p1", 174);
INSERT INTO symbols(id, name, filename_id) VALUES (176,"helpers", 175);
INSERT INTO symbols(id, name, filename_id) VALUES (177,"HLT_DoubleMediumIsoPFTau40_Trk1_eta2p1_Reg", 174);
INSERT INTO symbols(id, name, filename_id) VALUES (178,"helpers", 177);
INSERT INTO symbols(id, name, filename_id) VALUES (179,"HLT_Ele22_eta2p1_WP85_Gsf_LooseIsoPFTau20", 174);
INSERT INTO symbols(id, name, filename_id) VALUES (180,"helpers", 179);
INSERT INTO symbols(id, name, filename_id) VALUES (181,"HLT_IsoMu17_eta2p1_LooseIsoPFTau20", 174);
INSERT INTO symbols(id, name, filename_id) VALUES (182,"helpers", 181);
INSERT INTO symbols(id, name, filename_id) VALUES (183,"HLT_LooseIsoPFTau50_Trk30_eta2p1_MET120", 174);
INSERT INTO symbols(id, name, filename_id) VALUES (184,"helpers", 183);
INSERT INTO symbols(id, name, filename_id) VALUES (185,"L1", 174);
INSERT INTO symbols(id, name, filename_id) VALUES (186,"helpers", 185);
INSERT INTO symbols(id, name, filename_id) VALUES (187,"Summary", 174);
INSERT INTO symbols(id, name, filename_id) VALUES (188,"helpers", 187);
INSERT INTO symbols(id, name, filename_id) VALUES (189,"TopHLTOffline", 42);
INSERT INTO symbols(id, name, filename_id) VALUES (190,"SingleTop", 189);
INSERT INTO symbols(id, name, filename_id) VALUES (191,"SingleElectron", 190);
INSERT INTO symbols(id, name, filename_id) VALUES (192,"step0", 191);
INSERT INTO symbols(id, name, filename_id) VALUES (193,"step1", 191);
INSERT INTO symbols(id, name, filename_id) VALUES (194,"step2", 191);
INSERT INTO symbols(id, name, filename_id) VALUES (195,"SingleMuon", 190);
INSERT INTO symbols(id, name, filename_id) VALUES (196,"step0", 195);
INSERT INTO symbols(id, name, filename_id) VALUES (197,"step1", 195);
INSERT INTO symbols(id, name, filename_id) VALUES (198,"step2", 195);
INSERT INTO symbols(id, name, filename_id) VALUES (199,"Top", 189);
INSERT INTO symbols(id, name, filename_id) VALUES (200,"DiElectron", 199);
INSERT INTO symbols(id, name, filename_id) VALUES (201,"step0", 200);
INSERT INTO symbols(id, name, filename_id) VALUES (202,"step1", 200);
INSERT INTO symbols(id, name, filename_id) VALUES (203,"step2", 200);
INSERT INTO symbols(id, name, filename_id) VALUES (204,"DiMuon", 199);
INSERT INTO symbols(id, name, filename_id) VALUES (205,"step0", 204);
INSERT INTO symbols(id, name, filename_id) VALUES (206,"step1", 204);
INSERT INTO symbols(id, name, filename_id) VALUES (207,"step2", 204);
INSERT INTO symbols(id, name, filename_id) VALUES (208,"ElecMuon", 199);
INSERT INTO symbols(id, name, filename_id) VALUES (209,"step0", 208);
INSERT INTO symbols(id, name, filename_id) VALUES (210,"step1", 208);
INSERT INTO symbols(id, name, filename_id) VALUES (211,"step2", 208);
INSERT INTO symbols(id, name, filename_id) VALUES (212,"step3", 208);
INSERT INTO symbols(id, name, filename_id) VALUES (213,"SemiElectronic", 199);
INSERT INTO symbols(id, name, filename_id) VALUES (214,"step0", 213);
INSERT INTO symbols(id, name, filename_id) VALUES (215,"step1", 213);
INSERT INTO symbols(id, name, filename_id) VALUES (216,"step2", 213);
INSERT INTO symbols(id, name, filename_id) VALUES (217,"SemiMuonic", 199);
INSERT INTO symbols(id, name, filename_id) VALUES (218,"step0", 217);
INSERT INTO symbols(id, name, filename_id) VALUES (219,"step1", 217);
INSERT INTO symbols(id, name, filename_id) VALUES (220,"step2", 217);
INSERT INTO symbols(id, name, filename_id) VALUES (221,"TopHLTValidation", 42);
INSERT INTO symbols(id, name, filename_id) VALUES (222,"SingleTop", 221);
INSERT INTO symbols(id, name, filename_id) VALUES (223,"SingleElectron", 222);
INSERT INTO symbols(id, name, filename_id) VALUES (224,"SingleMuon", 222);
INSERT INTO symbols(id, name, filename_id) VALUES (225,"Top", 221);
INSERT INTO symbols(id, name, filename_id) VALUES (226,"DiElectron", 225);
INSERT INTO symbols(id, name, filename_id) VALUES (227,"DiMuon", 225);
INSERT INTO symbols(id, name, filename_id) VALUES (228,"ElecMuon", 225);
INSERT INTO symbols(id, name, filename_id) VALUES (229,"SemiElectronic", 225);
INSERT INTO symbols(id, name, filename_id) VALUES (230,"SemiMuonic", 225);
INSERT INTO symbols(id, name, filename_id) VALUES (231,"Vertex", 42);
INSERT INTO symbols(id, name, filename_id) VALUES (232,"HLT_PFMET120_NoiseCleaned_BTagCSV07_v1", 231);
INSERT INTO symbols(id, name, filename_id) VALUES (233,"JetMET", 10);
INSERT INTO symbols(id, name, filename_id) VALUES (234,"JetValidation", 233);
INSERT INTO symbols(id, name, filename_id) VALUES (235,"ak4CaloJets", 234);
INSERT INTO symbols(id, name, filename_id) VALUES (236,"ak4PFJets", 234);
INSERT INTO symbols(id, name, filename_id) VALUES (237,"ak4PFJetsCHS", 234);
INSERT INTO symbols(id, name, filename_id) VALUES (238,"METValidation", 233);
INSERT INTO symbols(id, name, filename_id) VALUES (239,"caloMet", 238);
INSERT INTO symbols(id, name, filename_id) VALUES (240,"genMetTrue", 238);
INSERT INTO symbols(id, name, filename_id) VALUES (241,"pfMet", 238);
INSERT INTO symbols(id, name, filename_id) VALUES (242,"pfMetT0pc", 238);
INSERT INTO symbols(id, name, filename_id) VALUES (243,"pfMetT0pcT1", 238);
INSERT INTO symbols(id, name, filename_id) VALUES (244,"pfMetT1", 238);
INSERT INTO symbols(id, name, filename_id) VALUES (245,"Muons", 10);
INSERT INTO symbols(id, name, filename_id) VALUES (246,"MuonIdentificationV", 245);
INSERT INTO symbols(id, name, filename_id) VALUES (247,"GlobalMuons", 246);
INSERT INTO symbols(id, name, filename_id) VALUES (248,"GlobalMuonsNotTrackerMuons", 246);
INSERT INTO symbols(id, name, filename_id) VALUES (249,"TrackerMuons", 246);
INSERT INTO symbols(id, name, filename_id) VALUES (250,"TrackerMuonsNotGlobalMuons", 246);
INSERT INTO symbols(id, name, filename_id) VALUES (251,"MuonIsolationV_global", 245);
INSERT INTO symbols(id, name, filename_id) VALUES (252,"MuonIsolationV_inc", 245);
INSERT INTO symbols(id, name, filename_id) VALUES (253,"RecoMuonV", 245);
INSERT INTO symbols(id, name, filename_id) VALUES (254,"MultiTrack", 253);
INSERT INTO symbols(id, name, filename_id) VALUES (255,"extractedGlobalMuons", 254);
INSERT INTO symbols(id, name, filename_id) VALUES (256,"simulation", 255);
INSERT INTO symbols(id, name, filename_id) VALUES (257,"probeTrks", 254);
INSERT INTO symbols(id, name, filename_id) VALUES (258,"simulation", 257);
INSERT INTO symbols(id, name, filename_id) VALUES (259,"probeTrks_TkAsso", 254);
INSERT INTO symbols(id, name, filename_id) VALUES (260,"simulation", 259);
INSERT INTO symbols(id, name, filename_id) VALUES (261,"refittedStandAloneMuons", 254);
INSERT INTO symbols(id, name, filename_id) VALUES (262,"simulation", 261);
INSERT INTO symbols(id, name, filename_id) VALUES (263,"refittedStandAloneMuons_UpdAtVtx", 254);
INSERT INTO symbols(id, name, filename_id) VALUES (264,"simulation", 263);
INSERT INTO symbols(id, name, filename_id) VALUES (265,"seedsOfSTAmuons", 254);
INSERT INTO symbols(id, name, filename_id) VALUES (266,"simulation", 265);
INSERT INTO symbols(id, name, filename_id) VALUES (267,"standAloneMuons", 254);
INSERT INTO symbols(id, name, filename_id) VALUES (268,"simulation", 267);
INSERT INTO symbols(id, name, filename_id) VALUES (269,"standAloneMuons_UpdAtVtx", 254);
INSERT INTO symbols(id, name, filename_id) VALUES (270,"simulation", 269);
INSERT INTO symbols(id, name, filename_id) VALUES (271,"tevMuons_dyt", 254);
INSERT INTO symbols(id, name, filename_id) VALUES (272,"simulation", 271);
INSERT INTO symbols(id, name, filename_id) VALUES (273,"tevMuons_firstHit", 254);
INSERT INTO symbols(id, name, filename_id) VALUES (274,"simulation", 273);
INSERT INTO symbols(id, name, filename_id) VALUES (275,"tevMuons_picky", 254);
INSERT INTO symbols(id, name, filename_id) VALUES (276,"simulation", 275);
INSERT INTO symbols(id, name, filename_id) VALUES (277,"RecoMuon_MuonAssoc_Glb", 253);
INSERT INTO symbols(id, name, filename_id) VALUES (278,"RecoMuon_MuonAssoc_GlbPF", 253);
INSERT INTO symbols(id, name, filename_id) VALUES (279,"RecoMuon_MuonAssoc_Sta", 253);
INSERT INTO symbols(id, name, filename_id) VALUES (280,"RecoMuon_MuonAssoc_StaPF", 253);
INSERT INTO symbols(id, name, filename_id) VALUES (281,"RecoMuon_MuonAssoc_Tgt", 253);
INSERT INTO symbols(id, name, filename_id) VALUES (282,"RecoMuon_MuonAssoc_Trk", 253);
INSERT INTO symbols(id, name, filename_id) VALUES (283,"RecoMuon_MuonAssoc_TrkPF", 253);
INSERT INTO symbols(id, name, filename_id) VALUES (284,"Physics", 10);
INSERT INTO symbols(id, name, filename_id) VALUES (285,"B2G", 284);
INSERT INTO symbols(id, name, filename_id) VALUES (286,"AllHad", 285);
INSERT INTO symbols(id, name, filename_id) VALUES (287,"MET", 285);
INSERT INTO symbols(id, name, filename_id) VALUES (288,"SemiE", 285);
INSERT INTO symbols(id, name, filename_id) VALUES (289,"SemiMu", 285);
INSERT INTO symbols(id, name, filename_id) VALUES (290,"ak4PFJets", 285);
INSERT INTO symbols(id, name, filename_id) VALUES (291,"ak4PFJetsCHS", 285);
INSERT INTO symbols(id, name, filename_id) VALUES (292,"ca8PFJetsCHS", 285);
INSERT INTO symbols(id, name, filename_id) VALUES (293,"ca8PFJetsCHSPruned", 285);
INSERT INTO symbols(id, name, filename_id) VALUES (294,"cmsTopTagPFJetsCHS", 285);
INSERT INTO symbols(id, name, filename_id) VALUES (295,"BPhysics", 284);
INSERT INTO symbols(id, name, filename_id) VALUES (296,"EwkElecDQM", 284);
INSERT INTO symbols(id, name, filename_id) VALUES (297,"EwkMuDQM", 284);
INSERT INTO symbols(id, name, filename_id) VALUES (298,"EwkMuLumiMonitorDQM", 284);
INSERT INTO symbols(id, name, filename_id) VALUES (299,"Exotica", 284);
INSERT INTO symbols(id, name, filename_id) VALUES (300,"EIComparison", 299);
INSERT INTO symbols(id, name, filename_id) VALUES (301,"LongLived", 299);
INSERT INTO symbols(id, name, filename_id) VALUES (302,"MultiJets", 299);
INSERT INTO symbols(id, name, filename_id) VALUES (303,"Higgs", 284);
INSERT INTO symbols(id, name, filename_id) VALUES (304,"QcdPhotons", 284);
INSERT INTO symbols(id, name, filename_id) VALUES (305,"Susy", 284);
INSERT INTO symbols(id, name, filename_id) VALUES (306,"Top", 284);
INSERT INTO symbols(id, name, filename_id) VALUES (307,"SingleTopElectronMediumDQM", 306);
INSERT INTO symbols(id, name, filename_id) VALUES (308,"presel", 307);
INSERT INTO symbols(id, name, filename_id) VALUES (309,"step0", 307);
INSERT INTO symbols(id, name, filename_id) VALUES (310,"step1", 307);
INSERT INTO symbols(id, name, filename_id) VALUES (311,"step2", 307);
INSERT INTO symbols(id, name, filename_id) VALUES (312,"SingleTopMuonMediumDQM", 306);
INSERT INTO symbols(id, name, filename_id) VALUES (313,"presel", 312);
INSERT INTO symbols(id, name, filename_id) VALUES (314,"step0", 312);
INSERT INTO symbols(id, name, filename_id) VALUES (315,"step1", 312);
INSERT INTO symbols(id, name, filename_id) VALUES (316,"step2", 312);
INSERT INTO symbols(id, name, filename_id) VALUES (317,"TopDiElectronDQM", 306);
INSERT INTO symbols(id, name, filename_id) VALUES (318,"step0", 317);
INSERT INTO symbols(id, name, filename_id) VALUES (319,"step1", 317);
INSERT INTO symbols(id, name, filename_id) VALUES (320,"TopDiMuonDQM", 306);
INSERT INTO symbols(id, name, filename_id) VALUES (321,"step0", 320);
INSERT INTO symbols(id, name, filename_id) VALUES (322,"step1", 320);
INSERT INTO symbols(id, name, filename_id) VALUES (323,"TopElecMuonDQM", 306);
INSERT INTO symbols(id, name, filename_id) VALUES (324,"step0", 323);
INSERT INTO symbols(id, name, filename_id) VALUES (325,"step1", 323);
INSERT INTO symbols(id, name, filename_id) VALUES (326,"step2", 323);
INSERT INTO symbols(id, name, filename_id) VALUES (327,"TopSingleElectronMediumDQM", 306);
INSERT INTO symbols(id, name, filename_id) VALUES (328,"step0", 327);
INSERT INTO symbols(id, name, filename_id) VALUES (329,"step1", 327);
INSERT INTO symbols(id, name, filename_id) VALUES (330,"step2", 327);
INSERT INTO symbols(id, name, filename_id) VALUES (331,"step3", 327);
INSERT INTO symbols(id, name, filename_id) VALUES (332,"step4", 327);
INSERT INTO symbols(id, name, filename_id) VALUES (333,"TopSingleMuonMediumDQM", 306);
INSERT INTO symbols(id, name, filename_id) VALUES (334,"step0", 333);
INSERT INTO symbols(id, name, filename_id) VALUES (335,"step1", 333);
INSERT INTO symbols(id, name, filename_id) VALUES (336,"step2", 333);
INSERT INTO symbols(id, name, filename_id) VALUES (337,"step3", 333);
INSERT INTO symbols(id, name, filename_id) VALUES (338,"step4", 333);
INSERT INTO symbols(id, name, filename_id) VALUES (339,"PhysicsHWW", 10);
INSERT INTO symbols(id, name, filename_id) VALUES (340,"Tracking", 10);
INSERT INTO symbols(id, name, filename_id) VALUES (341,"Track", 340);
INSERT INTO symbols(id, name, filename_id) VALUES (342,"cutsRecoFifthHp_AssociatorByHitsRecoDenom", 341);
INSERT INTO symbols(id, name, filename_id) VALUES (343,"simulation", 342);
INSERT INTO symbols(id, name, filename_id) VALUES (344,"cutsRecoFifth_AssociatorByHitsRecoDenom", 341);
INSERT INTO symbols(id, name, filename_id) VALUES (345,"simulation", 344);
INSERT INTO symbols(id, name, filename_id) VALUES (346,"cutsRecoFirstHp_AssociatorByHitsRecoDenom", 341);
INSERT INTO symbols(id, name, filename_id) VALUES (347,"simulation", 346);
INSERT INTO symbols(id, name, filename_id) VALUES (348,"cutsRecoFirst_AssociatorByHitsRecoDenom", 341);
INSERT INTO symbols(id, name, filename_id) VALUES (349,"simulation", 348);
INSERT INTO symbols(id, name, filename_id) VALUES (350,"cutsRecoFourthHp_AssociatorByHitsRecoDenom", 341);
INSERT INTO symbols(id, name, filename_id) VALUES (351,"simulation", 350);
INSERT INTO symbols(id, name, filename_id) VALUES (352,"cutsRecoFourth_AssociatorByHitsRecoDenom", 341);
INSERT INTO symbols(id, name, filename_id) VALUES (353,"simulation", 352);
INSERT INTO symbols(id, name, filename_id) VALUES (354,"cutsRecoHp_AssociatorByHitsRecoDenom", 341);
INSERT INTO symbols(id, name, filename_id) VALUES (355,"simulation", 354);
INSERT INTO symbols(id, name, filename_id) VALUES (356,"cutsRecoNinthHp_AssociatorByHitsRecoDenom", 341);
INSERT INTO symbols(id, name, filename_id) VALUES (357,"simulation", 356);
INSERT INTO symbols(id, name, filename_id) VALUES (358,"cutsRecoNinth_AssociatorByHitsRecoDenom", 341);
INSERT INTO symbols(id, name, filename_id) VALUES (359,"simulation", 358);
INSERT INTO symbols(id, name, filename_id) VALUES (360,"cutsRecoSecondHp_AssociatorByHitsRecoDenom", 341);
INSERT INTO symbols(id, name, filename_id) VALUES (361,"simulation", 360);
INSERT INTO symbols(id, name, filename_id) VALUES (362,"cutsRecoSecond_AssociatorByHitsRecoDenom", 341);
INSERT INTO symbols(id, name, filename_id) VALUES (363,"simulation", 362);
INSERT INTO symbols(id, name, filename_id) VALUES (364,"cutsRecoSeventhHp_AssociatorByHitsRecoDenom", 341);
INSERT INTO symbols(id, name, filename_id) VALUES (365,"simulation", 364);
INSERT INTO symbols(id, name, filename_id) VALUES (366,"cutsRecoSeventh_AssociatorByHitsRecoDenom", 341);
INSERT INTO symbols(id, name, filename_id) VALUES (367,"simulation", 366);
INSERT INTO symbols(id, name, filename_id) VALUES (368,"cutsRecoSixthHp_AssociatorByHitsRecoDenom", 341);
INSERT INTO symbols(id, name, filename_id) VALUES (369,"simulation", 368);
INSERT INTO symbols(id, name, filename_id) VALUES (370,"cutsRecoSixth_AssociatorByHitsRecoDenom", 341);
INSERT INTO symbols(id, name, filename_id) VALUES (371,"simulation", 370);
INSERT INTO symbols(id, name, filename_id) VALUES (372,"cutsRecoTenthHp_AssociatorByHitsRecoDenom", 341);
INSERT INTO symbols(id, name, filename_id) VALUES (373,"simulation", 372);
INSERT INTO symbols(id, name, filename_id) VALUES (374,"cutsRecoTenth_AssociatorByHitsRecoDenom", 341);
INSERT INTO symbols(id, name, filename_id) VALUES (375,"simulation", 374);
INSERT INTO symbols(id, name, filename_id) VALUES (376,"cutsRecoThirdHp_AssociatorByHitsRecoDenom", 341);
INSERT INTO symbols(id, name, filename_id) VALUES (377,"simulation", 376);
INSERT INTO symbols(id, name, filename_id) VALUES (378,"cutsRecoThird_AssociatorByHitsRecoDenom", 341);
INSERT INTO symbols(id, name, filename_id) VALUES (379,"simulation", 378);
INSERT INTO symbols(id, name, filename_id) VALUES (380,"cutsRecoZeroHp_AssociatorByHitsRecoDenom", 341);
INSERT INTO symbols(id, name, filename_id) VALUES (381,"simulation", 380);
INSERT INTO symbols(id, name, filename_id) VALUES (382,"cutsRecoZero_AssociatorByHitsRecoDenom", 341);
INSERT INTO symbols(id, name, filename_id) VALUES (383,"simulation", 382);
INSERT INTO symbols(id, name, filename_id) VALUES (384,"general_AssociatorByHitsRecoDenom", 341);
INSERT INTO symbols(id, name, filename_id) VALUES (385,"simulation", 384);
INSERT INTO symbols(id, name, filename_id) VALUES (386,"TrackingMCTruth", 340);
INSERT INTO symbols(id, name, filename_id) VALUES (387,"TrackingParticle", 386);
INSERT INTO mainrows(id, symbol_id, self_count, cumulative_count, kids, self_calls, total_calls, self_paths, total_paths, pct) VALUES(10,10,0,60502680, 0,12980307,14946563, 0, 20976, 0);
INSERT INTO summary(counter, total_count, total_freq, tick_period) VALUES ("BINS_LIVE",60502680,14946563, 1);
INSERT INTO mainrows(id, symbol_id, self_count, cumulative_count, kids, self_calls, total_calls, self_paths, total_paths, pct) VALUES(11, 11, 767112, 767112, 12, 14580, 191178, 2610, 2610, 0.0);
INSERT INTO mainrows(id, symbol_id, self_count, cumulative_count, kids, self_calls, total_calls, self_paths, total_paths, pct) VALUES(12, 12, 310728, 310728, 0, 1042, 77682, 1500, 1500, 0.0);
INSERT INTO mainrows(id, symbol_id, self_count, cumulative_count, kids, self_calls, total_calls, self_paths, total_paths, pct) VALUES(13, 13, 24840, 24840, 0, 64, 6210, 42, 42, 0.0);
INSERT INTO mainrows(id, symbol_id, self_count, cumulative_count, kids, self_calls, total_calls, self_paths, total_paths, pct) VALUES(14, 14, 24840, 24840, 0, 63, 6210, 42, 42, 0.0);
INSERT INTO mainrows(id, symbol_id, self_count, cumulative_count, kids, self_calls, total_calls, self_paths, total_paths, pct) VALUES(15, 15, 207984, 207984, 0, 12942, 51396, 690, 690, 0.0);
INSERT INTO mainrows(id, symbol_id, self_count, cumulative_count, kids, self_calls, total_calls, self_paths, total_paths, pct) VALUES(16, 16, 24840, 24840, 0, 64, 6210, 42, 42, 0.0);
INSERT INTO mainrows(id, symbol_id, self_count, cumulative_count, kids, self_calls, total_calls, self_paths, total_paths, pct) VALUES(17, 17, 24840, 24840, 0, 63, 6210, 42, 42, 0.0);
INSERT INTO mainrows(id, symbol_id, self_count, cumulative_count, kids, self_calls, total_calls, self_paths, total_paths, pct) VALUES(18, 18, 24840, 24840, 0, 54, 6210, 42, 42, 0.0);
INSERT INTO mainrows(id, symbol_id, self_count, cumulative_count, kids, self_calls, total_calls, self_paths, total_paths, pct) VALUES(19, 19, 24840, 24840, 0, 56, 6210, 42, 42, 0.0);
INSERT INTO mainrows(id, symbol_id, self_count, cumulative_count, kids, self_calls, total_calls, self_paths, total_paths, pct) VALUES(20, 20, 24840, 24840, 0, 56, 6210, 42, 42, 0.0);
INSERT INTO mainrows(id, symbol_id, self_count, cumulative_count, kids, self_calls, total_calls, self_paths, total_paths, pct) VALUES(21, 21, 24840, 24840, 0, 56, 6210, 42, 42, 0.0);
INSERT INTO mainrows(id, symbol_id, self_count, cumulative_count, kids, self_calls, total_calls, self_paths, total_paths, pct) VALUES(22, 22, 24840, 24840, 0, 60, 6210, 42, 42, 0.0);
INSERT INTO mainrows(id, symbol_id, self_count, cumulative_count, kids, self_calls, total_calls, self_paths, total_paths, pct) VALUES(23, 23, 24840, 24840, 0, 60, 6210, 42, 42, 0.0);
INSERT INTO parents(self_id, child_id, to_child_count, to_child_calls, to_child_paths, pct) VALUES(10,11,0,0,0,0);
INSERT INTO parents(self_id, child_id, to_child_count, to_child_calls, to_child_paths, pct) VALUES(11,12,310728,77682,1500,0);
INSERT INTO parents(self_id, child_id, to_child_count, to_child_calls, to_child_paths, pct) VALUES(11,13,24840,6210,42,0);
INSERT INTO parents(self_id, child_id, to_child_count, to_child_calls, to_child_paths, pct) VALUES(11,14,24840,6210,42,0);
INSERT INTO parents(self_id, child_id, to_child_count, to_child_calls, to_child_paths, pct) VALUES(11,15,207984,51396,690,0);
INSERT INTO parents(self_id, child_id, to_child_count, to_child_calls, to_child_paths, pct) VALUES(11,16,24840,6210,42,0);
INSERT INTO parents(self_id, child_id, to_child_count, to_child_calls, to_child_paths, pct) VALUES(11,17,24840,6210,42,0);
INSERT INTO parents(self_id, child_id, to_child_count, to_child_calls, to_child_paths, pct) VALUES(11,18,24840,6210,42,0);
INSERT INTO parents(self_id, child_id, to_child_count, to_child_calls, to_child_paths, pct) VALUES(11,19,24840,6210,42,0);
INSERT INTO parents(self_id, child_id, to_child_count, to_child_calls, to_child_paths, pct) VALUES(11,20,24840,6210,42,0);
INSERT INTO parents(self_id, child_id, to_child_count, to_child_calls, to_child_paths, pct) VALUES(11,21,24840,6210,42,0);
INSERT INTO parents(self_id, child_id, to_child_count, to_child_calls, to_child_paths, pct) VALUES(11,22,24840,6210,42,0);
INSERT INTO parents(self_id, child_id, to_child_count, to_child_calls, to_child_paths, pct) VALUES(11,23,24840,6210,42,0);
INSERT INTO children(self_id, parent_id, from_parent_count, from_parent_calls, from_parent_paths, pct) VALUES(11,10,767112,14580,0,0);
INSERT INTO children(self_id, parent_id, from_parent_count, from_parent_calls, from_parent_paths, pct) VALUES(12,11,310728,1042,1500,0);
INSERT INTO children(self_id, parent_id, from_parent_count, from_parent_calls, from_parent_paths, pct) VALUES(13,11,24840,64,42,0);
INSERT INTO children(self_id, parent_id, from_parent_count, from_parent_calls, from_parent_paths, pct) VALUES(14,11,24840,63,42,0);
INSERT INTO children(self_id, parent_id, from_parent_count, from_parent_calls, from_parent_paths, pct) VALUES(15,11,207984,12942,690,0);
INSERT INTO children(self_id, parent_id, from_parent_count, from_parent_calls, from_parent_paths, pct) VALUES(16,11,24840,64,42,0);
INSERT INTO children(self_id, parent_id, from_parent_count, from_parent_calls, from_parent_paths, pct) VALUES(17,11,24840,63,42,0);
INSERT INTO children(self_id, parent_id, from_parent_count, from_parent_calls, from_parent_paths, pct) VALUES(18,11,24840,54,42,0);
INSERT INTO children(self_id, parent_id, from_parent_count, from_parent_calls, from_parent_paths, pct) VALUES(19,11,24840,56,42,0);
INSERT INTO children(self_id, parent_id, from_parent_count, from_parent_calls, from_parent_paths, pct) VALUES(20,11,24840,56,42,0);
INSERT INTO children(self_id, parent_id, from_parent_count, from_parent_calls, from_parent_paths, pct) VALUES(21,11,24840,56,42,0);
INSERT INTO children(self_id, parent_id, from_parent_count, from_parent_calls, from_parent_paths, pct) VALUES(22,11,24840,60,42,0);
INSERT INTO children(self_id, parent_id, from_parent_count, from_parent_calls, from_parent_paths, pct) VALUES(23,11,24840,60,42,0);
INSERT INTO mainrows(id, symbol_id, self_count, cumulative_count, kids, self_calls, total_calls, self_paths, total_paths, pct) VALUES(24, 24, 4799536, 4799536, 4, 1013137, 1185482, 1863, 1863, 0.0);
INSERT INTO mainrows(id, symbol_id, self_count, cumulative_count, kids, self_calls, total_calls, self_paths, total_paths, pct) VALUES(25, 25, 864944, 864944, 0, 190275, 216136, 337, 337, 0.0);
INSERT INTO mainrows(id, symbol_id, self_count, cumulative_count, kids, self_calls, total_calls, self_paths, total_paths, pct) VALUES(26, 26, 935032, 935032, 0, 200490, 233658, 440, 440, 0.0);
INSERT INTO mainrows(id, symbol_id, self_count, cumulative_count, kids, self_calls, total_calls, self_paths, total_paths, pct) VALUES(27, 27, 1499780, 1499780, 5, 311201, 367844, 543, 543, 0.0);
INSERT INTO mainrows(id, symbol_id, self_count, cumulative_count, kids, self_calls, total_calls, self_paths, total_paths, pct) VALUES(28, 28, 27520, 27520, 0, 78, 6880, 63, 63, 0.0);
INSERT INTO mainrows(id, symbol_id, self_count, cumulative_count, kids, self_calls, total_calls, self_paths, total_paths, pct) VALUES(29, 29, 1315568, 1315568, 0, 311089, 327326, 149, 149, 0.0);
INSERT INTO mainrows(id, symbol_id, self_count, cumulative_count, kids, self_calls, total_calls, self_paths, total_paths, pct) VALUES(30, 30, 11144, 11144, 0, 9, 2786, 36, 36, 0.0);
INSERT INTO mainrows(id, symbol_id, self_count, cumulative_count, kids, self_calls, total_calls, self_paths, total_paths, pct) VALUES(31, 31, 124840, 124840, 0, 1, 25675, 231, 231, 0.0);
INSERT INTO mainrows(id, symbol_id, self_count, cumulative_count, kids, self_calls, total_calls, self_paths, total_paths, pct) VALUES(32, 32, 20708, 20708, 0, 24, 5177, 64, 64, 0.0);
INSERT INTO mainrows(id, symbol_id, self_count, cumulative_count, kids, self_calls, total_calls, self_paths, total_paths, pct) VALUES(33, 33, 1499780, 1499780, 5, 311171, 367844, 543, 543, 0.0);
INSERT INTO mainrows(id, symbol_id, self_count, cumulative_count, kids, self_calls, total_calls, self_paths, total_paths, pct) VALUES(34, 34, 27520, 27520, 0, 54, 6880, 63, 63, 0.0);
INSERT INTO mainrows(id, symbol_id, self_count, cumulative_count, kids, self_calls, total_calls, self_paths, total_paths, pct) VALUES(35, 35, 1315568, 1315568, 0, 311089, 327326, 149, 149, 0.0);
INSERT INTO mainrows(id, symbol_id, self_count, cumulative_count, kids, self_calls, total_calls, self_paths, total_paths, pct) VALUES(36, 36, 11144, 11144, 0, 6, 2786, 36, 36, 0.0);
INSERT INTO mainrows(id, symbol_id, self_count, cumulative_count, kids, self_calls, total_calls, self_paths, total_paths, pct) VALUES(37, 37, 124840, 124840, 0, 1, 25675, 231, 231, 0.0);
INSERT INTO mainrows(id, symbol_id, self_count, cumulative_count, kids, self_calls, total_calls, self_paths, total_paths, pct) VALUES(38, 38, 20708, 20708, 0, 21, 5177, 64, 64, 0.0);
INSERT INTO parents(self_id, child_id, to_child_count, to_child_calls, to_child_paths, pct) VALUES(10,24,0,0,0,0);
INSERT INTO parents(self_id, child_id, to_child_count, to_child_calls, to_child_paths, pct) VALUES(24,25,864944,216136,337,0);
INSERT INTO parents(self_id, child_id, to_child_count, to_child_calls, to_child_paths, pct) VALUES(24,26,935032,233658,440,0);
INSERT INTO parents(self_id, child_id, to_child_count, to_child_calls, to_child_paths, pct) VALUES(24,27,0,0,0,0);
INSERT INTO parents(self_id, child_id, to_child_count, to_child_calls, to_child_paths, pct) VALUES(27,28,27520,6880,63,0);
INSERT INTO parents(self_id, child_id, to_child_count, to_child_calls, to_child_paths, pct) VALUES(27,29,1315568,327326,149,0);
INSERT INTO parents(self_id, child_id, to_child_count, to_child_calls, to_child_paths, pct) VALUES(27,30,11144,2786,36,0);
INSERT INTO parents(self_id, child_id, to_child_count, to_child_calls, to_child_paths, pct) VALUES(27,31,124840,25675,231,0);
INSERT INTO parents(self_id, child_id, to_child_count, to_child_calls, to_child_paths, pct) VALUES(27,32,20708,5177,64,0);
INSERT INTO parents(self_id, child_id, to_child_count, to_child_calls, to_child_paths, pct) VALUES(24,33,0,0,0,0);
INSERT INTO parents(self_id, child_id, to_child_count, to_child_calls, to_child_paths, pct) VALUES(33,34,27520,6880,63,0);
INSERT INTO parents(self_id, child_id, to_child_count, to_child_calls, to_child_paths, pct) VALUES(33,35,1315568,327326,149,0);
INSERT INTO parents(self_id, child_id, to_child_count, to_child_calls, to_child_paths, pct) VALUES(33,36,11144,2786,36,0);
INSERT INTO parents(self_id, child_id, to_child_count, to_child_calls, to_child_paths, pct) VALUES(33,37,124840,25675,231,0);
INSERT INTO parents(self_id, child_id, to_child_count, to_child_calls, to_child_paths, pct) VALUES(33,38,20708,5177,64,0);
INSERT INTO children(self_id, parent_id, from_parent_count, from_parent_calls, from_parent_paths, pct) VALUES(24,10,4799536,1013137,0,0);
INSERT INTO children(self_id, parent_id, from_parent_count, from_parent_calls, from_parent_paths, pct) VALUES(25,24,864944,190275,337,0);
INSERT INTO children(self_id, parent_id, from_parent_count, from_parent_calls, from_parent_paths, pct) VALUES(26,24,935032,200490,440,0);
INSERT INTO children(self_id, parent_id, from_parent_count, from_parent_calls, from_parent_paths, pct) VALUES(27,24,1499780,311201,0,0);
INSERT INTO children(self_id, parent_id, from_parent_count, from_parent_calls, from_parent_paths, pct) VALUES(28,27,27520,78,63,0);
INSERT INTO children(self_id, parent_id, from_parent_count, from_parent_calls, from_parent_paths, pct) VALUES(29,27,1315568,311089,149,0);
INSERT INTO children(self_id, parent_id, from_parent_count, from_parent_calls, from_parent_paths, pct) VALUES(30,27,11144,9,36,0);
INSERT INTO children(self_id, parent_id, from_parent_count, from_parent_calls, from_parent_paths, pct) VALUES(31,27,124840,1,231,0);
INSERT INTO children(self_id, parent_id, from_parent_count, from_parent_calls, from_parent_paths, pct) VALUES(32,27,20708,24,64,0);
INSERT INTO children(self_id, parent_id, from_parent_count, from_parent_calls, from_parent_paths, pct) VALUES(33,24,1499780,311171,0,0);
INSERT INTO children(self_id, parent_id, from_parent_count, from_parent_calls, from_parent_paths, pct) VALUES(34,33,27520,54,63,0);
INSERT INTO children(self_id, parent_id, from_parent_count, from_parent_calls, from_parent_paths, pct) VALUES(35,33,1315568,311089,149,0);
INSERT INTO children(self_id, parent_id, from_parent_count, from_parent_calls, from_parent_paths, pct) VALUES(36,33,11144,6,36,0);
INSERT INTO children(self_id, parent_id, from_parent_count, from_parent_calls, from_parent_paths, pct) VALUES(37,33,124840,1,231,0);
INSERT INTO children(self_id, parent_id, from_parent_count, from_parent_calls, from_parent_paths, pct) VALUES(38,33,20708,21,64,0);
INSERT INTO mainrows(id, symbol_id, self_count, cumulative_count, kids, self_calls, total_calls, self_paths, total_paths, pct) VALUES(39, 39, 38232, 38232, 2, 1029, 9558, 136, 136, 0.0);
INSERT INTO mainrows(id, symbol_id, self_count, cumulative_count, kids, self_calls, total_calls, self_paths, total_paths, pct) VALUES(40, 40, 5204, 5204, 0, 82, 1301, 16, 16, 0.0);
INSERT INTO mainrows(id, symbol_id, self_count, cumulative_count, kids, self_calls, total_calls, self_paths, total_paths, pct) VALUES(41, 41, 33028, 33028, 0, 947, 8257, 120, 120, 0.0);
INSERT INTO parents(self_id, child_id, to_child_count, to_child_calls, to_child_paths, pct) VALUES(10,39,0,0,0,0);
INSERT INTO parents(self_id, child_id, to_child_count, to_child_calls, to_child_paths, pct) VALUES(39,40,5204,1301,16,0);
INSERT INTO parents(self_id, child_id, to_child_count, to_child_calls, to_child_paths, pct) VALUES(39,41,33028,8257,120,0);
INSERT INTO children(self_id, parent_id, from_parent_count, from_parent_calls, from_parent_paths, pct) VALUES(39,10,38232,1029,0,0);
INSERT INTO children(self_id, parent_id, from_parent_count, from_parent_calls, from_parent_paths, pct) VALUES(40,39,5204,82,16,0);
INSERT INTO children(self_id, parent_id, from_parent_count, from_parent_calls, from_parent_paths, pct) VALUES(41,39,33028,947,120,0);
INSERT INTO mainrows(id, symbol_id, self_count, cumulative_count, kids, self_calls, total_calls, self_paths, total_paths, pct) VALUES(42, 42, 4229924, 4229924, 11, 667117, 1034485, 7955, 7955, 0.0);
INSERT INTO mainrows(id, symbol_id, self_count, cumulative_count, kids, self_calls, total_calls, self_paths, total_paths, pct) VALUES(43, 43, 3464, 3464, 1, 0, 866, 26, 26, 0.0);
INSERT INTO mainrows(id, symbol_id, self_count, cumulative_count, kids, self_calls, total_calls, self_paths, total_paths, pct) VALUES(44, 44, 3464, 3464, 3, 0, 866, 26, 26, 0.0);
INSERT INTO mainrows(id, symbol_id, self_count, cumulative_count, kids, self_calls, total_calls, self_paths, total_paths, pct) VALUES(45, 45, 1368, 1368, 0, 0, 342, 10, 10, 0.0);
INSERT INTO mainrows(id, symbol_id, self_count, cumulative_count, kids, self_calls, total_calls, self_paths, total_paths, pct) VALUES(46, 46, 1368, 1368, 0, 0, 342, 10, 10, 0.0);
INSERT INTO mainrows(id, symbol_id, self_count, cumulative_count, kids, self_calls, total_calls, self_paths, total_paths, pct) VALUES(47, 47, 728, 728, 0, 0, 182, 6, 6, 0.0);
INSERT INTO mainrows(id, symbol_id, self_count, cumulative_count, kids, self_calls, total_calls, self_paths, total_paths, pct) VALUES(48, 48, 122400, 122400, 1, 29200, 30600, 11, 11, 0.0);
INSERT INTO mainrows(id, symbol_id, self_count, cumulative_count, kids, self_calls, total_calls, self_paths, total_paths, pct) VALUES(49, 49, 122400, 122400, 0, 29200, 30600, 11, 11, 0.0);
INSERT INTO mainrows(id, symbol_id, self_count, cumulative_count, kids, self_calls, total_calls, self_paths, total_paths, pct) VALUES(50, 50, 134300, 134300, 41, 0, 33575, 869, 869, 0.0);
INSERT INTO mainrows(id, symbol_id, self_count, cumulative_count, kids, self_calls, total_calls, self_paths, total_paths, pct) VALUES(51, 51, 4216, 4216, 0, 0, 1054, 27, 27, 0.0);
INSERT INTO mainrows(id, symbol_id, self_count, cumulative_count, kids, self_calls, total_calls, self_paths, total_paths, pct) VALUES(52, 52, 5512, 5512, 0, 0, 1378, 35, 35, 0.0);
INSERT INTO mainrows(id, symbol_id, self_count, cumulative_count, kids, self_calls, total_calls, self_paths, total_paths, pct) VALUES(53, 53, 2272, 2272, 0, 0, 568, 15, 15, 0.0);
INSERT INTO mainrows(id, symbol_id, self_count, cumulative_count, kids, self_calls, total_calls, self_paths, total_paths, pct) VALUES(54, 54, 7780, 7780, 0, 0, 1945, 49, 49, 0.0);
INSERT INTO mainrows(id, symbol_id, self_count, cumulative_count, kids, self_calls, total_calls, self_paths, total_paths, pct) VALUES(55, 55, 6808, 6808, 0, 0, 1702, 43, 43, 0.0);
INSERT INTO mainrows(id, symbol_id, self_count, cumulative_count, kids, self_calls, total_calls, self_paths, total_paths, pct) VALUES(56, 56, 4864, 4864, 0, 0, 1216, 31, 31, 0.0);
INSERT INTO mainrows(id, symbol_id, self_count, cumulative_count, kids, self_calls, total_calls, self_paths, total_paths, pct) VALUES(57, 57, 4540, 4540, 0, 0, 1135, 29, 29, 0.0);
INSERT INTO mainrows(id, symbol_id, self_count, cumulative_count, kids, self_calls, total_calls, self_paths, total_paths, pct) VALUES(58, 58, 7456, 7456, 0, 0, 1864, 47, 47, 0.0);
INSERT INTO mainrows(id, symbol_id, self_count, cumulative_count, kids, self_calls, total_calls, self_paths, total_paths, pct) VALUES(59, 59, 4540, 4540, 0, 0, 1135, 29, 29, 0.0);
INSERT INTO mainrows(id, symbol_id, self_count, cumulative_count, kids, self_calls, total_calls, self_paths, total_paths, pct) VALUES(60, 60, 4540, 4540, 0, 0, 1135, 29, 29, 0.0);
INSERT INTO mainrows(id, symbol_id, self_count, cumulative_count, kids, self_calls, total_calls, self_paths, total_paths, pct) VALUES(61, 61, 4540, 4540, 0, 0, 1135, 29, 29, 0.0);
INSERT INTO mainrows(id, symbol_id, self_count, cumulative_count, kids, self_calls, total_calls, self_paths, total_paths, pct) VALUES(62, 62, 4540, 4540, 0, 0, 1135, 29, 29, 0.0);
INSERT INTO mainrows(id, symbol_id, self_count, cumulative_count, kids, self_calls, total_calls, self_paths, total_paths, pct) VALUES(63, 63, 4540, 4540, 0, 0, 1135, 29, 29, 0.0);
INSERT INTO mainrows(id, symbol_id, self_count, cumulative_count, kids, self_calls, total_calls, self_paths, total_paths, pct) VALUES(64, 64, 2920, 2920, 0, 0, 730, 19, 19, 0.0);
INSERT INTO mainrows(id, symbol_id, self_count, cumulative_count, kids, self_calls, total_calls, self_paths, total_paths, pct) VALUES(65, 65, 2920, 2920, 0, 0, 730, 19, 19, 0.0);
INSERT INTO mainrows(id, symbol_id, self_count, cumulative_count, kids, self_calls, total_calls, self_paths, total_paths, pct) VALUES(66, 66, 3892, 3892, 0, 0, 973, 25, 25, 0.0);
INSERT INTO mainrows(id, symbol_id, self_count, cumulative_count, kids, self_calls, total_calls, self_paths, total_paths, pct) VALUES(67, 67, 3892, 3892, 0, 0, 973, 25, 25, 0.0);
INSERT INTO mainrows(id, symbol_id, self_count, cumulative_count, kids, self_calls, total_calls, self_paths, total_paths, pct) VALUES(68, 68, 1624, 1624, 0, 0, 406, 11, 11, 0.0);
INSERT INTO mainrows(id, symbol_id, self_count, cumulative_count, kids, self_calls, total_calls, self_paths, total_paths, pct) VALUES(69, 69, 1624, 1624, 0, 0, 406, 11, 11, 0.0);
INSERT INTO mainrows(id, symbol_id, self_count, cumulative_count, kids, self_calls, total_calls, self_paths, total_paths, pct) VALUES(70, 70, 1624, 1624, 0, 0, 406, 11, 11, 0.0);
INSERT INTO mainrows(id, symbol_id, self_count, cumulative_count, kids, self_calls, total_calls, self_paths, total_paths, pct) VALUES(71, 71, 1624, 1624, 0, 0, 406, 11, 11, 0.0);
INSERT INTO mainrows(id, symbol_id, self_count, cumulative_count, kids, self_calls, total_calls, self_paths, total_paths, pct) VALUES(72, 72, 1624, 1624, 0, 0, 406, 11, 11, 0.0);
INSERT INTO mainrows(id, symbol_id, self_count, cumulative_count, kids, self_calls, total_calls, self_paths, total_paths, pct) VALUES(73, 73, 1624, 1624, 0, 0, 406, 11, 11, 0.0);
INSERT INTO mainrows(id, symbol_id, self_count, cumulative_count, kids, self_calls, total_calls, self_paths, total_paths, pct) VALUES(74, 74, 1624, 1624, 0, 0, 406, 11, 11, 0.0);
INSERT INTO mainrows(id, symbol_id, self_count, cumulative_count, kids, self_calls, total_calls, self_paths, total_paths, pct) VALUES(75, 75, 2920, 2920, 0, 0, 730, 19, 19, 0.0);
INSERT INTO mainrows(id, symbol_id, self_count, cumulative_count, kids, self_calls, total_calls, self_paths, total_paths, pct) VALUES(76, 76, 2920, 2920, 0, 0, 730, 19, 19, 0.0);
INSERT INTO mainrows(id, symbol_id, self_count, cumulative_count, kids, self_calls, total_calls, self_paths, total_paths, pct) VALUES(77, 77, 2920, 2920, 0, 0, 730, 19, 19, 0.0);
INSERT INTO mainrows(id, symbol_id, self_count, cumulative_count, kids, self_calls, total_calls, self_paths, total_paths, pct) VALUES(78, 78, 1300, 1300, 0, 0, 325, 9, 9, 0.0);
INSERT INTO mainrows(id, symbol_id, self_count, cumulative_count, kids, self_calls, total_calls, self_paths, total_paths, pct) VALUES(79, 79, 1300, 1300, 0, 0, 325, 9, 9, 0.0);
INSERT INTO mainrows(id, symbol_id, self_count, cumulative_count, kids, self_calls, total_calls, self_paths, total_paths, pct) VALUES(80, 80, 1300, 1300, 0, 0, 325, 9, 9, 0.0);
INSERT INTO mainrows(id, symbol_id, self_count, cumulative_count, kids, self_calls, total_calls, self_paths, total_paths, pct) VALUES(81, 81, 1300, 1300, 0, 0, 325, 9, 9, 0.0);
INSERT INTO mainrows(id, symbol_id, self_count, cumulative_count, kids, self_calls, total_calls, self_paths, total_paths, pct) VALUES(82, 82, 2920, 2920, 0, 0, 730, 19, 19, 0.0);
INSERT INTO mainrows(id, symbol_id, self_count, cumulative_count, kids, self_calls, total_calls, self_paths, total_paths, pct) VALUES(83, 83, 2920, 2920, 0, 0, 730, 19, 19, 0.0);
INSERT INTO mainrows(id, symbol_id, self_count, cumulative_count, kids, self_calls, total_calls, self_paths, total_paths, pct) VALUES(84, 84, 2920, 2920, 0, 0, 730, 19, 19, 0.0);
INSERT INTO mainrows(id, symbol_id, self_count, cumulative_count, kids, self_calls, total_calls, self_paths, total_paths, pct) VALUES(85, 85, 2920, 2920, 0, 0, 730, 19, 19, 0.0);
INSERT INTO mainrows(id, symbol_id, self_count, cumulative_count, kids, self_calls, total_calls, self_paths, total_paths, pct) VALUES(86, 86, 2920, 2920, 0, 0, 730, 19, 19, 0.0);
INSERT INTO mainrows(id, symbol_id, self_count, cumulative_count, kids, self_calls, total_calls, self_paths, total_paths, pct) VALUES(87, 87, 2920, 2920, 0, 0, 730, 19, 19, 0.0);
INSERT INTO mainrows(id, symbol_id, self_count, cumulative_count, kids, self_calls, total_calls, self_paths, total_paths, pct) VALUES(88, 88, 2920, 2920, 0, 0, 730, 19, 19, 0.0);
INSERT INTO mainrows(id, symbol_id, self_count, cumulative_count, kids, self_calls, total_calls, self_paths, total_paths, pct) VALUES(89, 89, 2920, 2920, 0, 0, 730, 19, 19, 0.0);
INSERT INTO mainrows(id, symbol_id, self_count, cumulative_count, kids, self_calls, total_calls, self_paths, total_paths, pct) VALUES(90, 90, 2920, 2920, 0, 0, 730, 19, 19, 0.0);
INSERT INTO mainrows(id, symbol_id, self_count, cumulative_count, kids, self_calls, total_calls, self_paths, total_paths, pct) VALUES(91, 91, 2920, 2920, 0, 0, 730, 19, 19, 0.0);
INSERT INTO mainrows(id, symbol_id, self_count, cumulative_count, kids, self_calls, total_calls, self_paths, total_paths, pct) VALUES(92, 92, 51200, 51200, 4, 30, 9600, 96, 96, 0.0);
INSERT INTO mainrows(id, symbol_id, self_count, cumulative_count, kids, self_calls, total_calls, self_paths, total_paths, pct) VALUES(93, 93, 19200, 19200, 0, 6, 3600, 36, 36, 0.0);
INSERT INTO mainrows(id, symbol_id, self_count, cumulative_count, kids, self_calls, total_calls, self_paths, total_paths, pct) VALUES(94, 94, 19200, 19200, 0, 18, 3600, 36, 36, 0.0);
INSERT INTO mainrows(id, symbol_id, self_count, cumulative_count, kids, self_calls, total_calls, self_paths, total_paths, pct) VALUES(95, 95, 6400, 6400, 0, 2, 1200, 12, 12, 0.0);
INSERT INTO mainrows(id, symbol_id, self_count, cumulative_count, kids, self_calls, total_calls, self_paths, total_paths, pct) VALUES(96, 96, 6400, 6400, 0, 4, 1200, 12, 12, 0.0);
INSERT INTO mainrows(id, symbol_id, self_count, cumulative_count, kids, self_calls, total_calls, self_paths, total_paths, pct) VALUES(97, 97, 39088, 39088, 5, 76, 9772, 304, 304, 0.0);
INSERT INTO mainrows(id, symbol_id, self_count, cumulative_count, kids, self_calls, total_calls, self_paths, total_paths, pct) VALUES(98, 98, 8240, 8240, 0, 35, 2060, 62, 62, 0.0);
INSERT INTO mainrows(id, symbol_id, self_count, cumulative_count, kids, self_calls, total_calls, self_paths, total_paths, pct) VALUES(99, 99, 15296, 15296, 0, 0, 3824, 114, 114, 0.0);
INSERT INTO mainrows(id, symbol_id, self_count, cumulative_count, kids, self_calls, total_calls, self_paths, total_paths, pct) VALUES(100, 100, 5552, 5552, 0, 0, 1388, 44, 44, 0.0);
INSERT INTO mainrows(id, symbol_id, self_count, cumulative_count, kids, self_calls, total_calls, self_paths, total_paths, pct) VALUES(101, 101, 4448, 4448, 0, 9, 1112, 40, 40, 0.0);
INSERT INTO mainrows(id, symbol_id, self_count, cumulative_count, kids, self_calls, total_calls, self_paths, total_paths, pct) VALUES(102, 102, 5552, 5552, 0, 32, 1388, 44, 44, 0.0);
INSERT INTO mainrows(id, symbol_id, self_count, cumulative_count, kids, self_calls, total_calls, self_paths, total_paths, pct) VALUES(103, 103, 2862288, 2862288, 2, 624533, 699584, 548, 548, 0.0);
INSERT INTO mainrows(id, symbol_id, self_count, cumulative_count, kids, self_calls, total_calls, self_paths, total_paths, pct) VALUES(104, 104, 29120, 29120, 5, 104, 7280, 160, 160, 0.0);
INSERT INTO mainrows(id, symbol_id, self_count, cumulative_count, kids, self_calls, total_calls, self_paths, total_paths, pct) VALUES(105, 105, 7280, 7280, 0, 31, 1820, 40, 40, 0.0);
INSERT INTO mainrows(id, symbol_id, self_count, cumulative_count, kids, self_calls, total_calls, self_paths, total_paths, pct) VALUES(106, 106, 5824, 5824, 0, 19, 1456, 32, 32, 0.0);
INSERT INTO mainrows(id, symbol_id, self_count, cumulative_count, kids, self_calls, total_calls, self_paths, total_paths, pct) VALUES(107, 107, 4368, 4368, 0, 4, 1092, 24, 24, 0.0);
INSERT INTO mainrows(id, symbol_id, self_count, cumulative_count, kids, self_calls, total_calls, self_paths, total_paths, pct) VALUES(108, 108, 5824, 5824, 0, 25, 1456, 32, 32, 0.0);
INSERT INTO mainrows(id, symbol_id, self_count, cumulative_count, kids, self_calls, total_calls, self_paths, total_paths, pct) VALUES(109, 109, 5824, 5824, 0, 25, 1456, 32, 32, 0.0);
INSERT INTO mainrows(id, symbol_id, self_count, cumulative_count, kids, self_calls, total_calls, self_paths, total_paths, pct) VALUES(110, 110, 2833168, 2833168, 4, 624429, 692304, 388, 388, 0.0);
INSERT INTO mainrows(id, symbol_id, self_count, cumulative_count, kids, self_calls, total_calls, self_paths, total_paths, pct) VALUES(111, 111, 708292, 708292, 1, 156109, 173076, 97, 97, 0.0);
INSERT INTO mainrows(id, symbol_id, self_count, cumulative_count, kids, self_calls, total_calls, self_paths, total_paths, pct) VALUES(112, 112, 25200, 25200, 0, 4, 6300, 4, 4, 0.0);
INSERT INTO mainrows(id, symbol_id, self_count, cumulative_count, kids, self_calls, total_calls, self_paths, total_paths, pct) VALUES(113, 113, 708292, 708292, 1, 156109, 173076, 97, 97, 0.0);
INSERT INTO mainrows(id, symbol_id, self_count, cumulative_count, kids, self_calls, total_calls, self_paths, total_paths, pct) VALUES(114, 114, 25200, 25200, 0, 4, 6300, 4, 4, 0.0);
INSERT INTO mainrows(id, symbol_id, self_count, cumulative_count, kids, self_calls, total_calls, self_paths, total_paths, pct) VALUES(115, 115, 708292, 708292, 1, 156106, 173076, 97, 97, 0.0);
INSERT INTO mainrows(id, symbol_id, self_count, cumulative_count, kids, self_calls, total_calls, self_paths, total_paths, pct) VALUES(116, 116, 25200, 25200, 0, 4, 6300, 4, 4, 0.0);
INSERT INTO mainrows(id, symbol_id, self_count, cumulative_count, kids, self_calls, total_calls, self_paths, total_paths, pct) VALUES(117, 117, 708292, 708292, 1, 156105, 173076, 97, 97, 0.0);
INSERT INTO mainrows(id, symbol_id, self_count, cumulative_count, kids, self_calls, total_calls, self_paths, total_paths, pct) VALUES(118, 118, 25200, 25200, 0, 4, 6300, 4, 4, 0.0);
INSERT INTO mainrows(id, symbol_id, self_count, cumulative_count, kids, self_calls, total_calls, self_paths, total_paths, pct) VALUES(119, 119, 890264, 890264, 10, 2254, 218758, 5384, 5384, 0.0);
INSERT INTO mainrows(id, symbol_id, self_count, cumulative_count, kids, self_calls, total_calls, self_paths, total_paths, pct) VALUES(120, 120, 7200, 7200, 0, 4, 1800, 18, 18, 0.0);
INSERT INTO mainrows(id, symbol_id, self_count, cumulative_count, kids, self_calls, total_calls, self_paths, total_paths, pct) VALUES(121, 121, 7200, 7200, 0, 4, 1800, 18, 18, 0.0);
INSERT INTO mainrows(id, symbol_id, self_count, cumulative_count, kids, self_calls, total_calls, self_paths, total_paths, pct) VALUES(122, 122, 39072, 39072, 12, 274, 6504, 252, 252, 0.0);
INSERT INTO mainrows(id, symbol_id, self_count, cumulative_count, kids, self_calls, total_calls, self_paths, total_paths, pct) VALUES(123, 123, 3256, 3256, 0, 0, 542, 21, 21, 0.0);
INSERT INTO mainrows(id, symbol_id, self_count, cumulative_count, kids, self_calls, total_calls, self_paths, total_paths, pct) VALUES(124, 124, 3256, 3256, 0, 0, 542, 21, 21, 0.0);
INSERT INTO mainrows(id, symbol_id, self_count, cumulative_count, kids, self_calls, total_calls, self_paths, total_paths, pct) VALUES(125, 125, 3256, 3256, 0, 0, 542, 21, 21, 0.0);
INSERT INTO mainrows(id, symbol_id, self_count, cumulative_count, kids, self_calls, total_calls, self_paths, total_paths, pct) VALUES(126, 126, 3256, 3256, 0, 0, 542, 21, 21, 0.0);
INSERT INTO mainrows(id, symbol_id, self_count, cumulative_count, kids, self_calls, total_calls, self_paths, total_paths, pct) VALUES(127, 127, 3256, 3256, 0, 274, 542, 21, 21, 0.0);
INSERT INTO mainrows(id, symbol_id, self_count, cumulative_count, kids, self_calls, total_calls, self_paths, total_paths, pct) VALUES(128, 128, 3256, 3256, 0, 0, 542, 21, 21, 0.0);
INSERT INTO mainrows(id, symbol_id, self_count, cumulative_count, kids, self_calls, total_calls, self_paths, total_paths, pct) VALUES(129, 129, 3256, 3256, 0, 0, 542, 21, 21, 0.0);
INSERT INTO mainrows(id, symbol_id, self_count, cumulative_count, kids, self_calls, total_calls, self_paths, total_paths, pct) VALUES(130, 130, 3256, 3256, 0, 0, 542, 21, 21, 0.0);
INSERT INTO mainrows(id, symbol_id, self_count, cumulative_count, kids, self_calls, total_calls, self_paths, total_paths, pct) VALUES(131, 131, 3256, 3256, 0, 0, 542, 21, 21, 0.0);
INSERT INTO mainrows(id, symbol_id, self_count, cumulative_count, kids, self_calls, total_calls, self_paths, total_paths, pct) VALUES(132, 132, 3256, 3256, 0, 0, 542, 21, 21, 0.0);
INSERT INTO mainrows(id, symbol_id, self_count, cumulative_count, kids, self_calls, total_calls, self_paths, total_paths, pct) VALUES(133, 133, 3256, 3256, 0, 0, 542, 21, 21, 0.0);
INSERT INTO mainrows(id, symbol_id, self_count, cumulative_count, kids, self_calls, total_calls, self_paths, total_paths, pct) VALUES(134, 134, 3256, 3256, 0, 0, 542, 21, 21, 0.0);
INSERT INTO mainrows(id, symbol_id, self_count, cumulative_count, kids, self_calls, total_calls, self_paths, total_paths, pct) VALUES(135, 135, 186200, 186200, 3, 68, 46550, 1064, 1064, 0.0);
INSERT INTO mainrows(id, symbol_id, self_count, cumulative_count, kids, self_calls, total_calls, self_paths, total_paths, pct) VALUES(136, 136, 1400, 1400, 0, 1, 350, 8, 8, 0.0);
INSERT INTO mainrows(id, symbol_id, self_count, cumulative_count, kids, self_calls, total_calls, self_paths, total_paths, pct) VALUES(137, 137, 5600, 5600, 0, 0, 1400, 32, 32, 0.0);
INSERT INTO mainrows(id, symbol_id, self_count, cumulative_count, kids, self_calls, total_calls, self_paths, total_paths, pct) VALUES(138, 138, 179200, 179200, 0, 67, 44800, 1024, 1024, 0.0);
INSERT INTO mainrows(id, symbol_id, self_count, cumulative_count, kids, self_calls, total_calls, self_paths, total_paths, pct) VALUES(139, 139, 186200, 186200, 3, 544, 46550, 1064, 1064, 0.0);
INSERT INTO mainrows(id, symbol_id, self_count, cumulative_count, kids, self_calls, total_calls, self_paths, total_paths, pct) VALUES(140, 140, 1400, 1400, 0, 8, 350, 8, 8, 0.0);
INSERT INTO mainrows(id, symbol_id, self_count, cumulative_count, kids, self_calls, total_calls, self_paths, total_paths, pct) VALUES(141, 141, 5600, 5600, 0, 0, 1400, 32, 32, 0.0);
INSERT INTO mainrows(id, symbol_id, self_count, cumulative_count, kids, self_calls, total_calls, self_paths, total_paths, pct) VALUES(142, 142, 179200, 179200, 0, 536, 44800, 1024, 1024, 0.0);
INSERT INTO mainrows(id, symbol_id, self_count, cumulative_count, kids, self_calls, total_calls, self_paths, total_paths, pct) VALUES(143, 143, 85480, 85480, 3, 340, 21370, 798, 798, 0.0);
INSERT INTO mainrows(id, symbol_id, self_count, cumulative_count, kids, self_calls, total_calls, self_paths, total_paths, pct) VALUES(144, 144, 1000, 1000, 0, 5, 250, 6, 6, 0.0);
INSERT INTO mainrows(id, symbol_id, self_count, cumulative_count, kids, self_calls, total_calls, self_paths, total_paths, pct) VALUES(145, 145, 2560, 2560, 0, 0, 640, 24, 24, 0.0);
INSERT INTO mainrows(id, symbol_id, self_count, cumulative_count, kids, self_calls, total_calls, self_paths, total_paths, pct) VALUES(146, 146, 81920, 81920, 0, 335, 20480, 768, 768, 0.0);
INSERT INTO mainrows(id, symbol_id, self_count, cumulative_count, kids, self_calls, total_calls, self_paths, total_paths, pct) VALUES(147, 147, 186200, 186200, 3, 272, 46550, 1064, 1064, 0.0);
INSERT INTO mainrows(id, symbol_id, self_count, cumulative_count, kids, self_calls, total_calls, self_paths, total_paths, pct) VALUES(148, 148, 1400, 1400, 0, 4, 350, 8, 8, 0.0);
INSERT INTO mainrows(id, symbol_id, self_count, cumulative_count, kids, self_calls, total_calls, self_paths, total_paths, pct) VALUES(149, 149, 5600, 5600, 0, 0, 1400, 32, 32, 0.0);
INSERT INTO mainrows(id, symbol_id, self_count, cumulative_count, kids, self_calls, total_calls, self_paths, total_paths, pct) VALUES(150, 150, 179200, 179200, 0, 268, 44800, 1024, 1024, 0.0);
INSERT INTO mainrows(id, symbol_id, self_count, cumulative_count, kids, self_calls, total_calls, self_paths, total_paths, pct) VALUES(151, 151, 186200, 186200, 3, 476, 46550, 1064, 1064, 0.0);
INSERT INTO mainrows(id, symbol_id, self_count, cumulative_count, kids, self_calls, total_calls, self_paths, total_paths, pct) VALUES(152, 152, 1400, 1400, 0, 7, 350, 8, 8, 0.0);
INSERT INTO mainrows(id, symbol_id, self_count, cumulative_count, kids, self_calls, total_calls, self_paths, total_paths, pct) VALUES(153, 153, 5600, 5600, 0, 0, 1400, 32, 32, 0.0);
INSERT INTO mainrows(id, symbol_id, self_count, cumulative_count, kids, self_calls, total_calls, self_paths, total_paths, pct) VALUES(154, 154, 179200, 179200, 0, 469, 44800, 1024, 1024, 0.0);
INSERT INTO mainrows(id, symbol_id, self_count, cumulative_count, kids, self_calls, total_calls, self_paths, total_paths, pct) VALUES(155, 155, 3256, 3256, 1, 0, 542, 21, 21, 0.0);
INSERT INTO mainrows(id, symbol_id, self_count, cumulative_count, kids, self_calls, total_calls, self_paths, total_paths, pct) VALUES(156, 156, 3256, 3256, 0, 0, 542, 21, 21, 0.0);
INSERT INTO mainrows(id, symbol_id, self_count, cumulative_count, kids, self_calls, total_calls, self_paths, total_paths, pct) VALUES(157, 157, 3256, 3256, 0, 272, 542, 21, 21, 0.0);
INSERT INTO mainrows(id, symbol_id, self_count, cumulative_count, kids, self_calls, total_calls, self_paths, total_paths, pct) VALUES(158, 158, 19136, 19136, 2, 4, 4784, 238, 238, 0.0);
INSERT INTO mainrows(id, symbol_id, self_count, cumulative_count, kids, self_calls, total_calls, self_paths, total_paths, pct) VALUES(159, 159, 9568, 9568, 7, 2, 2392, 119, 119, 0.0);
INSERT INTO mainrows(id, symbol_id, self_count, cumulative_count, kids, self_calls, total_calls, self_paths, total_paths, pct) VALUES(160, 160, 1760, 1760, 1, 0, 440, 21, 21, 0.0);
INSERT INTO mainrows(id, symbol_id, self_count, cumulative_count, kids, self_calls, total_calls, self_paths, total_paths, pct) VALUES(161, 161, 1120, 1120, 0, 0, 280, 16, 16, 0.0);
INSERT INTO mainrows(id, symbol_id, self_count, cumulative_count, kids, self_calls, total_calls, self_paths, total_paths, pct) VALUES(162, 162, 1760, 1760, 1, 0, 440, 21, 21, 0.0);
INSERT INTO mainrows(id, symbol_id, self_count, cumulative_count, kids, self_calls, total_calls, self_paths, total_paths, pct) VALUES(163, 163, 1120, 1120, 0, 0, 280, 16, 16, 0.0);
INSERT INTO mainrows(id, symbol_id, self_count, cumulative_count, kids, self_calls, total_calls, self_paths, total_paths, pct) VALUES(164, 164, 772, 772, 1, 0, 193, 12, 12, 0.0);
INSERT INTO mainrows(id, symbol_id, self_count, cumulative_count, kids, self_calls, total_calls, self_paths, total_paths, pct) VALUES(165, 165, 560, 560, 0, 0, 140, 8, 8, 0.0);
INSERT INTO mainrows(id, symbol_id, self_count, cumulative_count, kids, self_calls, total_calls, self_paths, total_paths, pct) VALUES(166, 166, 1180, 1180, 1, 1, 295, 13, 13, 0.0);
INSERT INTO mainrows(id, symbol_id, self_count, cumulative_count, kids, self_calls, total_calls, self_paths, total_paths, pct) VALUES(167, 167, 560, 560, 0, 0, 140, 8, 8, 0.0);
INSERT INTO mainrows(id, symbol_id, self_count, cumulative_count, kids, self_calls, total_calls, self_paths, total_paths, pct) VALUES(168, 168, 1352, 1352, 1, 0, 338, 20, 20, 0.0);
INSERT INTO mainrows(id, symbol_id, self_count, cumulative_count, kids, self_calls, total_calls, self_paths, total_paths, pct) VALUES(169, 169, 1120, 1120, 0, 0, 280, 16, 16, 0.0);
INSERT INTO mainrows(id, symbol_id, self_count, cumulative_count, kids, self_calls, total_calls, self_paths, total_paths, pct) VALUES(170, 170, 2704, 2704, 1, 0, 676, 30, 30, 0.0);
INSERT INTO mainrows(id, symbol_id, self_count, cumulative_count, kids, self_calls, total_calls, self_paths, total_paths, pct) VALUES(171, 171, 1312, 1312, 0, 0, 328, 16, 16, 0.0);
INSERT INTO mainrows(id, symbol_id, self_count, cumulative_count, kids, self_calls, total_calls, self_paths, total_paths, pct) VALUES(172, 172, 40, 40, 1, 1, 10, 2, 2, 0.0);
INSERT INTO mainrows(id, symbol_id, self_count, cumulative_count, kids, self_calls, total_calls, self_paths, total_paths, pct) VALUES(173, 173, 40, 40, 0, 1, 10, 2, 2, 0.0);
INSERT INTO mainrows(id, symbol_id, self_count, cumulative_count, kids, self_calls, total_calls, self_paths, total_paths, pct) VALUES(174, 174, 9568, 9568, 7, 2, 2392, 119, 119, 0.0);
INSERT INTO mainrows(id, symbol_id, self_count, cumulative_count, kids, self_calls, total_calls, self_paths, total_paths, pct) VALUES(175, 175, 1760, 1760, 1, 0, 440, 21, 21, 0.0);
INSERT INTO mainrows(id, symbol_id, self_count, cumulative_count, kids, self_calls, total_calls, self_paths, total_paths, pct) VALUES(176, 176, 1120, 1120, 0, 0, 280, 16, 16, 0.0);
INSERT INTO mainrows(id, symbol_id, self_count, cumulative_count, kids, self_calls, total_calls, self_paths, total_paths, pct) VALUES(177, 177, 1760, 1760, 1, 0, 440, 21, 21, 0.0);
INSERT INTO mainrows(id, symbol_id, self_count, cumulative_count, kids, self_calls, total_calls, self_paths, total_paths, pct) VALUES(178, 178, 1120, 1120, 0, 0, 280, 16, 16, 0.0);
INSERT INTO mainrows(id, symbol_id, self_count, cumulative_count, kids, self_calls, total_calls, self_paths, total_paths, pct) VALUES(179, 179, 772, 772, 1, 0, 193, 12, 12, 0.0);
INSERT INTO mainrows(id, symbol_id, self_count, cumulative_count, kids, self_calls, total_calls, self_paths, total_paths, pct) VALUES(180, 180, 560, 560, 0, 0, 140, 8, 8, 0.0);
INSERT INTO mainrows(id, symbol_id, self_count, cumulative_count, kids, self_calls, total_calls, self_paths, total_paths, pct) VALUES(181, 181, 1180, 1180, 1, 1, 295, 13, 13, 0.0);
INSERT INTO mainrows(id, symbol_id, self_count, cumulative_count, kids, self_calls, total_calls, self_paths, total_paths, pct) VALUES(182, 182, 560, 560, 0, 0, 140, 8, 8, 0.0);
INSERT INTO mainrows(id, symbol_id, self_count, cumulative_count, kids, self_calls, total_calls, self_paths, total_paths, pct) VALUES(183, 183, 1352, 1352, 1, 0, 338, 20, 20, 0.0);
INSERT INTO mainrows(id, symbol_id, self_count, cumulative_count, kids, self_calls, total_calls, self_paths, total_paths, pct) VALUES(184, 184, 1120, 1120, 0, 0, 280, 16, 16, 0.0);
INSERT INTO mainrows(id, symbol_id, self_count, cumulative_count, kids, self_calls, total_calls, self_paths, total_paths, pct) VALUES(185, 185, 2704, 2704, 1, 0, 676, 30, 30, 0.0);
INSERT INTO mainrows(id, symbol_id, self_count, cumulative_count, kids, self_calls, total_calls, self_paths, total_paths, pct) VALUES(186, 186, 1312, 1312, 0, 0, 328, 16, 16, 0.0);
INSERT INTO mainrows(id, symbol_id, self_count, cumulative_count, kids, self_calls, total_calls, self_paths, total_paths, pct) VALUES(187, 187, 40, 40, 1, 1, 10, 2, 2, 0.0);
INSERT INTO mainrows(id, symbol_id, self_count, cumulative_count, kids, self_calls, total_calls, self_paths, total_paths, pct) VALUES(188, 188, 40, 40, 0, 1, 10, 2, 2, 0.0);
INSERT INTO mainrows(id, symbol_id, self_count, cumulative_count, kids, self_calls, total_calls, self_paths, total_paths, pct) VALUES(189, 189, 96888, 96888, 2, 10988, 24222, 406, 406, 0.0);
INSERT INTO mainrows(id, symbol_id, self_count, cumulative_count, kids, self_calls, total_calls, self_paths, total_paths, pct) VALUES(190, 190, 33384, 33384, 2, 3234, 8346, 138, 138, 0.0);
INSERT INTO mainrows(id, symbol_id, self_count, cumulative_count, kids, self_calls, total_calls, self_paths, total_paths, pct) VALUES(191, 191, 16692, 16692, 3, 1578, 4173, 69, 69, 0.0);
INSERT INTO mainrows(id, symbol_id, self_count, cumulative_count, kids, self_calls, total_calls, self_paths, total_paths, pct) VALUES(192, 192, 5564, 5564, 0, 526, 1391, 23, 23, 0.0);
INSERT INTO mainrows(id, symbol_id, self_count, cumulative_count, kids, self_calls, total_calls, self_paths, total_paths, pct) VALUES(193, 193, 5564, 5564, 0, 526, 1391, 23, 23, 0.0);
INSERT INTO mainrows(id, symbol_id, self_count, cumulative_count, kids, self_calls, total_calls, self_paths, total_paths, pct) VALUES(194, 194, 5564, 5564, 0, 526, 1391, 23, 23, 0.0);
INSERT INTO mainrows(id, symbol_id, self_count, cumulative_count, kids, self_calls, total_calls, self_paths, total_paths, pct) VALUES(195, 195, 16692, 16692, 3, 1656, 4173, 69, 69, 0.0);
INSERT INTO mainrows(id, symbol_id, self_count, cumulative_count, kids, self_calls, total_calls, self_paths, total_paths, pct) VALUES(196, 196, 5564, 5564, 0, 552, 1391, 23, 23, 0.0);
INSERT INTO mainrows(id, symbol_id, self_count, cumulative_count, kids, self_calls, total_calls, self_paths, total_paths, pct) VALUES(197, 197, 5564, 5564, 0, 552, 1391, 23, 23, 0.0);
INSERT INTO mainrows(id, symbol_id, self_count, cumulative_count, kids, self_calls, total_calls, self_paths, total_paths, pct) VALUES(198, 198, 5564, 5564, 0, 552, 1391, 23, 23, 0.0);
INSERT INTO mainrows(id, symbol_id, self_count, cumulative_count, kids, self_calls, total_calls, self_paths, total_paths, pct) VALUES(199, 199, 63504, 63504, 5, 7754, 15876, 268, 268, 0.0);
INSERT INTO mainrows(id, symbol_id, self_count, cumulative_count, kids, self_calls, total_calls, self_paths, total_paths, pct) VALUES(200, 200, 9036, 9036, 3, 1356, 2259, 39, 39, 0.0);
INSERT INTO mainrows(id, symbol_id, self_count, cumulative_count, kids, self_calls, total_calls, self_paths, total_paths, pct) VALUES(201, 201, 3012, 3012, 0, 452, 753, 13, 13, 0.0);
INSERT INTO mainrows(id, symbol_id, self_count, cumulative_count, kids, self_calls, total_calls, self_paths, total_paths, pct) VALUES(202, 202, 3012, 3012, 0, 452, 753, 13, 13, 0.0);
INSERT INTO mainrows(id, symbol_id, self_count, cumulative_count, kids, self_calls, total_calls, self_paths, total_paths, pct) VALUES(203, 203, 3012, 3012, 0, 452, 753, 13, 13, 0.0);
INSERT INTO mainrows(id, symbol_id, self_count, cumulative_count, kids, self_calls, total_calls, self_paths, total_paths, pct) VALUES(204, 204, 9036, 9036, 3, 1356, 2259, 39, 39, 0.0);
INSERT INTO mainrows(id, symbol_id, self_count, cumulative_count, kids, self_calls, total_calls, self_paths, total_paths, pct) VALUES(205, 205, 3012, 3012, 0, 452, 753, 13, 13, 0.0);
INSERT INTO mainrows(id, symbol_id, self_count, cumulative_count, kids, self_calls, total_calls, self_paths, total_paths, pct) VALUES(206, 206, 3012, 3012, 0, 452, 753, 13, 13, 0.0);
INSERT INTO mainrows(id, symbol_id, self_count, cumulative_count, kids, self_calls, total_calls, self_paths, total_paths, pct) VALUES(207, 207, 3012, 3012, 0, 452, 753, 13, 13, 0.0);
INSERT INTO mainrows(id, symbol_id, self_count, cumulative_count, kids, self_calls, total_calls, self_paths, total_paths, pct) VALUES(208, 208, 12048, 12048, 4, 1808, 3012, 52, 52, 0.0);
INSERT INTO mainrows(id, symbol_id, self_count, cumulative_count, kids, self_calls, total_calls, self_paths, total_paths, pct) VALUES(209, 209, 3012, 3012, 0, 452, 753, 13, 13, 0.0);
INSERT INTO mainrows(id, symbol_id, self_count, cumulative_count, kids, self_calls, total_calls, self_paths, total_paths, pct) VALUES(210, 210, 3012, 3012, 0, 452, 753, 13, 13, 0.0);
INSERT INTO mainrows(id, symbol_id, self_count, cumulative_count, kids, self_calls, total_calls, self_paths, total_paths, pct) VALUES(211, 211, 3012, 3012, 0, 452, 753, 13, 13, 0.0);
INSERT INTO mainrows(id, symbol_id, self_count, cumulative_count, kids, self_calls, total_calls, self_paths, total_paths, pct) VALUES(212, 212, 3012, 3012, 0, 452, 753, 13, 13, 0.0);
INSERT INTO mainrows(id, symbol_id, self_count, cumulative_count, kids, self_calls, total_calls, self_paths, total_paths, pct) VALUES(213, 213, 16692, 16692, 3, 1578, 4173, 69, 69, 0.0);
INSERT INTO mainrows(id, symbol_id, self_count, cumulative_count, kids, self_calls, total_calls, self_paths, total_paths, pct) VALUES(214, 214, 5564, 5564, 0, 526, 1391, 23, 23, 0.0);
INSERT INTO mainrows(id, symbol_id, self_count, cumulative_count, kids, self_calls, total_calls, self_paths, total_paths, pct) VALUES(215, 215, 5564, 5564, 0, 526, 1391, 23, 23, 0.0);
INSERT INTO mainrows(id, symbol_id, self_count, cumulative_count, kids, self_calls, total_calls, self_paths, total_paths, pct) VALUES(216, 216, 5564, 5564, 0, 526, 1391, 23, 23, 0.0);
INSERT INTO mainrows(id, symbol_id, self_count, cumulative_count, kids, self_calls, total_calls, self_paths, total_paths, pct) VALUES(217, 217, 16692, 16692, 3, 1656, 4173, 69, 69, 0.0);
INSERT INTO mainrows(id, symbol_id, self_count, cumulative_count, kids, self_calls, total_calls, self_paths, total_paths, pct) VALUES(218, 218, 5564, 5564, 0, 552, 1391, 23, 23, 0.0);
INSERT INTO mainrows(id, symbol_id, self_count, cumulative_count, kids, self_calls, total_calls, self_paths, total_paths, pct) VALUES(219, 219, 5564, 5564, 0, 552, 1391, 23, 23, 0.0);
INSERT INTO mainrows(id, symbol_id, self_count, cumulative_count, kids, self_calls, total_calls, self_paths, total_paths, pct) VALUES(220, 220, 5564, 5564, 0, 552, 1391, 23, 23, 0.0);
INSERT INTO mainrows(id, symbol_id, self_count, cumulative_count, kids, self_calls, total_calls, self_paths, total_paths, pct) VALUES(221, 221, 9696, 9696, 2, 32, 2424, 70, 70, 0.0);
INSERT INTO mainrows(id, symbol_id, self_count, cumulative_count, kids, self_calls, total_calls, self_paths, total_paths, pct) VALUES(222, 222, 2784, 2784, 2, 16, 696, 20, 20, 0.0);
INSERT INTO mainrows(id, symbol_id, self_count, cumulative_count, kids, self_calls, total_calls, self_paths, total_paths, pct) VALUES(223, 223, 1392, 1392, 0, 0, 348, 10, 10, 0.0);
INSERT INTO mainrows(id, symbol_id, self_count, cumulative_count, kids, self_calls, total_calls, self_paths, total_paths, pct) VALUES(224, 224, 1392, 1392, 0, 16, 348, 10, 10, 0.0);
INSERT INTO mainrows(id, symbol_id, self_count, cumulative_count, kids, self_calls, total_calls, self_paths, total_paths, pct) VALUES(225, 225, 6912, 6912, 5, 16, 1728, 50, 50, 0.0);
INSERT INTO mainrows(id, symbol_id, self_count, cumulative_count, kids, self_calls, total_calls, self_paths, total_paths, pct) VALUES(226, 226, 1368, 1368, 0, 0, 342, 10, 10, 0.0);
INSERT INTO mainrows(id, symbol_id, self_count, cumulative_count, kids, self_calls, total_calls, self_paths, total_paths, pct) VALUES(227, 227, 1384, 1384, 0, 0, 346, 10, 10, 0.0);
INSERT INTO mainrows(id, symbol_id, self_count, cumulative_count, kids, self_calls, total_calls, self_paths, total_paths, pct) VALUES(228, 228, 1376, 1376, 0, 0, 344, 10, 10, 0.0);
INSERT INTO mainrows(id, symbol_id, self_count, cumulative_count, kids, self_calls, total_calls, self_paths, total_paths, pct) VALUES(229, 229, 1392, 1392, 0, 0, 348, 10, 10, 0.0);
INSERT INTO mainrows(id, symbol_id, self_count, cumulative_count, kids, self_calls, total_calls, self_paths, total_paths, pct) VALUES(230, 230, 1392, 1392, 0, 16, 348, 10, 10, 0.0);
INSERT INTO mainrows(id, symbol_id, self_count, cumulative_count, kids, self_calls, total_calls, self_paths, total_paths, pct) VALUES(231, 231, 1200, 1200, 1, 0, 300, 3, 3, 0.0);
INSERT INTO mainrows(id, symbol_id, self_count, cumulative_count, kids, self_calls, total_calls, self_paths, total_paths, pct) VALUES(232, 232, 1200, 1200, 0, 0, 300, 3, 3, 0.0);
INSERT INTO parents(self_id, child_id, to_child_count, to_child_calls, to_child_paths, pct) VALUES(10,42,0,0,0,0);
INSERT INTO parents(self_id, child_id, to_child_count, to_child_calls, to_child_paths, pct) VALUES(42,43,0,0,0,0);
INSERT INTO parents(self_id, child_id, to_child_count, to_child_calls, to_child_paths, pct) VALUES(43,44,0,0,0,0);
INSERT INTO parents(self_id, child_id, to_child_count, to_child_calls, to_child_paths, pct) VALUES(44,45,1368,342,10,0);
INSERT INTO parents(self_id, child_id, to_child_count, to_child_calls, to_child_paths, pct) VALUES(44,46,1368,342,10,0);
INSERT INTO parents(self_id, child_id, to_child_count, to_child_calls, to_child_paths, pct) VALUES(44,47,728,182,6,0);
INSERT INTO parents(self_id, child_id, to_child_count, to_child_calls, to_child_paths, pct) VALUES(42,48,0,0,0,0);
INSERT INTO parents(self_id, child_id, to_child_count, to_child_calls, to_child_paths, pct) VALUES(48,49,122400,30600,11,0);
INSERT INTO parents(self_id, child_id, to_child_count, to_child_calls, to_child_paths, pct) VALUES(42,50,0,0,0,0);
INSERT INTO parents(self_id, child_id, to_child_count, to_child_calls, to_child_paths, pct) VALUES(50,51,4216,1054,27,0);
INSERT INTO parents(self_id, child_id, to_child_count, to_child_calls, to_child_paths, pct) VALUES(50,52,5512,1378,35,0);
INSERT INTO parents(self_id, child_id, to_child_count, to_child_calls, to_child_paths, pct) VALUES(50,53,2272,568,15,0);
INSERT INTO parents(self_id, child_id, to_child_count, to_child_calls, to_child_paths, pct) VALUES(50,54,7780,1945,49,0);
INSERT INTO parents(self_id, child_id, to_child_count, to_child_calls, to_child_paths, pct) VALUES(50,55,6808,1702,43,0);
INSERT INTO parents(self_id, child_id, to_child_count, to_child_calls, to_child_paths, pct) VALUES(50,56,4864,1216,31,0);
INSERT INTO parents(self_id, child_id, to_child_count, to_child_calls, to_child_paths, pct) VALUES(50,57,4540,1135,29,0);
INSERT INTO parents(self_id, child_id, to_child_count, to_child_calls, to_child_paths, pct) VALUES(50,58,7456,1864,47,0);
INSERT INTO parents(self_id, child_id, to_child_count, to_child_calls, to_child_paths, pct) VALUES(50,59,4540,1135,29,0);
INSERT INTO parents(self_id, child_id, to_child_count, to_child_calls, to_child_paths, pct) VALUES(50,60,4540,1135,29,0);
INSERT INTO parents(self_id, child_id, to_child_count, to_child_calls, to_child_paths, pct) VALUES(50,61,4540,1135,29,0);
INSERT INTO parents(self_id, child_id, to_child_count, to_child_calls, to_child_paths, pct) VALUES(50,62,4540,1135,29,0);
INSERT INTO parents(self_id, child_id, to_child_count, to_child_calls, to_child_paths, pct) VALUES(50,63,4540,1135,29,0);
INSERT INTO parents(self_id, child_id, to_child_count, to_child_calls, to_child_paths, pct) VALUES(50,64,2920,730,19,0);
INSERT INTO parents(self_id, child_id, to_child_count, to_child_calls, to_child_paths, pct) VALUES(50,65,2920,730,19,0);
INSERT INTO parents(self_id, child_id, to_child_count, to_child_calls, to_child_paths, pct) VALUES(50,66,3892,973,25,0);
INSERT INTO parents(self_id, child_id, to_child_count, to_child_calls, to_child_paths, pct) VALUES(50,67,3892,973,25,0);
INSERT INTO parents(self_id, child_id, to_child_count, to_child_calls, to_child_paths, pct) VALUES(50,68,1624,406,11,0);
INSERT INTO parents(self_id, child_id, to_child_count, to_child_calls, to_child_paths, pct) VALUES(50,69,1624,406,11,0);
INSERT INTO parents(self_id, child_id, to_child_count, to_child_calls, to_child_paths, pct) VALUES(50,70,1624,406,11,0);
INSERT INTO parents(self_id, child_id, to_child_count, to_child_calls, to_child_paths, pct) VALUES(50,71,1624,406,11,0);
INSERT INTO parents(self_id, child_id, to_child_count, to_child_calls, to_child_paths, pct) VALUES(50,72,1624,406,11,0);
INSERT INTO parents(self_id, child_id, to_child_count, to_child_calls, to_child_paths, pct) VALUES(50,73,1624,406,11,0);
INSERT INTO parents(self_id, child_id, to_child_count, to_child_calls, to_child_paths, pct) VALUES(50,74,1624,406,11,0);
INSERT INTO parents(self_id, child_id, to_child_count, to_child_calls, to_child_paths, pct) VALUES(50,75,2920,730,19,0);
INSERT INTO parents(self_id, child_id, to_child_count, to_child_calls, to_child_paths, pct) VALUES(50,76,2920,730,19,0);
INSERT INTO parents(self_id, child_id, to_child_count, to_child_calls, to_child_paths, pct) VALUES(50,77,2920,730,19,0);
INSERT INTO parents(self_id, child_id, to_child_count, to_child_calls, to_child_paths, pct) VALUES(50,78,1300,325,9,0);
INSERT INTO parents(self_id, child_id, to_child_count, to_child_calls, to_child_paths, pct) VALUES(50,79,1300,325,9,0);
INSERT INTO parents(self_id, child_id, to_child_count, to_child_calls, to_child_paths, pct) VALUES(50,80,1300,325,9,0);
INSERT INTO parents(self_id, child_id, to_child_count, to_child_calls, to_child_paths, pct) VALUES(50,81,1300,325,9,0);
INSERT INTO parents(self_id, child_id, to_child_count, to_child_calls, to_child_paths, pct) VALUES(50,82,2920,730,19,0);
INSERT INTO parents(self_id, child_id, to_child_count, to_child_calls, to_child_paths, pct) VALUES(50,83,2920,730,19,0);
INSERT INTO parents(self_id, child_id, to_child_count, to_child_calls, to_child_paths, pct) VALUES(50,84,2920,730,19,0);
INSERT INTO parents(self_id, child_id, to_child_count, to_child_calls, to_child_paths, pct) VALUES(50,85,2920,730,19,0);
INSERT INTO parents(self_id, child_id, to_child_count, to_child_calls, to_child_paths, pct) VALUES(50,86,2920,730,19,0);
INSERT INTO parents(self_id, child_id, to_child_count, to_child_calls, to_child_paths, pct) VALUES(50,87,2920,730,19,0);
INSERT INTO parents(self_id, child_id, to_child_count, to_child_calls, to_child_paths, pct) VALUES(50,88,2920,730,19,0);
INSERT INTO parents(self_id, child_id, to_child_count, to_child_calls, to_child_paths, pct) VALUES(50,89,2920,730,19,0);
INSERT INTO parents(self_id, child_id, to_child_count, to_child_calls, to_child_paths, pct) VALUES(50,90,2920,730,19,0);
INSERT INTO parents(self_id, child_id, to_child_count, to_child_calls, to_child_paths, pct) VALUES(50,91,2920,730,19,0);
INSERT INTO parents(self_id, child_id, to_child_count, to_child_calls, to_child_paths, pct) VALUES(42,92,0,0,0,0);
INSERT INTO parents(self_id, child_id, to_child_count, to_child_calls, to_child_paths, pct) VALUES(92,93,19200,3600,36,0);
INSERT INTO parents(self_id, child_id, to_child_count, to_child_calls, to_child_paths, pct) VALUES(92,94,19200,3600,36,0);
INSERT INTO parents(self_id, child_id, to_child_count, to_child_calls, to_child_paths, pct) VALUES(92,95,6400,1200,12,0);
INSERT INTO parents(self_id, child_id, to_child_count, to_child_calls, to_child_paths, pct) VALUES(92,96,6400,1200,12,0);
INSERT INTO parents(self_id, child_id, to_child_count, to_child_calls, to_child_paths, pct) VALUES(42,97,0,0,0,0);
INSERT INTO parents(self_id, child_id, to_child_count, to_child_calls, to_child_paths, pct) VALUES(97,98,8240,2060,62,0);
INSERT INTO parents(self_id, child_id, to_child_count, to_child_calls, to_child_paths, pct) VALUES(97,99,15296,3824,114,0);
INSERT INTO parents(self_id, child_id, to_child_count, to_child_calls, to_child_paths, pct) VALUES(97,100,5552,1388,44,0);
INSERT INTO parents(self_id, child_id, to_child_count, to_child_calls, to_child_paths, pct) VALUES(97,101,4448,1112,40,0);
INSERT INTO parents(self_id, child_id, to_child_count, to_child_calls, to_child_paths, pct) VALUES(97,102,5552,1388,44,0);
INSERT INTO parents(self_id, child_id, to_child_count, to_child_calls, to_child_paths, pct) VALUES(42,103,0,0,0,0);
INSERT INTO parents(self_id, child_id, to_child_count, to_child_calls, to_child_paths, pct) VALUES(103,104,0,0,0,0);
INSERT INTO parents(self_id, child_id, to_child_count, to_child_calls, to_child_paths, pct) VALUES(104,105,7280,1820,40,0);
INSERT INTO parents(self_id, child_id, to_child_count, to_child_calls, to_child_paths, pct) VALUES(104,106,5824,1456,32,0);
INSERT INTO parents(self_id, child_id, to_child_count, to_child_calls, to_child_paths, pct) VALUES(104,107,4368,1092,24,0);
INSERT INTO parents(self_id, child_id, to_child_count, to_child_calls, to_child_paths, pct) VALUES(104,108,5824,1456,32,0);
INSERT INTO parents(self_id, child_id, to_child_count, to_child_calls, to_child_paths, pct) VALUES(104,109,5824,1456,32,0);
INSERT INTO parents(self_id, child_id, to_child_count, to_child_calls, to_child_paths, pct) VALUES(103,110,0,0,0,0);
INSERT INTO parents(self_id, child_id, to_child_count, to_child_calls, to_child_paths, pct) VALUES(110,111,683092,166776,93,0);
INSERT INTO parents(self_id, child_id, to_child_count, to_child_calls, to_child_paths, pct) VALUES(111,112,25200,6300,4,0);
INSERT INTO parents(self_id, child_id, to_child_count, to_child_calls, to_child_paths, pct) VALUES(110,113,683092,166776,93,0);
INSERT INTO parents(self_id, child_id, to_child_count, to_child_calls, to_child_paths, pct) VALUES(113,114,25200,6300,4,0);
INSERT INTO parents(self_id, child_id, to_child_count, to_child_calls, to_child_paths, pct) VALUES(110,115,683092,166776,93,0);
INSERT INTO parents(self_id, child_id, to_child_count, to_child_calls, to_child_paths, pct) VALUES(115,116,25200,6300,4,0);
INSERT INTO parents(self_id, child_id, to_child_count, to_child_calls, to_child_paths, pct) VALUES(110,117,683092,166776,93,0);
INSERT INTO parents(self_id, child_id, to_child_count, to_child_calls, to_child_paths, pct) VALUES(117,118,25200,6300,4,0);
INSERT INTO parents(self_id, child_id, to_child_count, to_child_calls, to_child_paths, pct) VALUES(42,119,0,0,0,0);
INSERT INTO parents(self_id, child_id, to_child_count, to_child_calls, to_child_paths, pct) VALUES(119,120,7200,1800,18,0);
INSERT INTO parents(self_id, child_id, to_child_count, to_child_calls, to_child_paths, pct) VALUES(119,121,7200,1800,18,0);
INSERT INTO parents(self_id, child_id, to_child_count, to_child_calls, to_child_paths, pct) VALUES(119,122,0,0,0,0);
INSERT INTO parents(self_id, child_id, to_child_count, to_child_calls, to_child_paths, pct) VALUES(122,123,3256,542,21,0);
INSERT INTO parents(self_id, child_id, to_child_count, to_child_calls, to_child_paths, pct) VALUES(122,124,3256,542,21,0);
INSERT INTO parents(self_id, child_id, to_child_count, to_child_calls, to_child_paths, pct) VALUES(122,125,3256,542,21,0);
INSERT INTO parents(self_id, child_id, to_child_count, to_child_calls, to_child_paths, pct) VALUES(122,126,3256,542,21,0);
INSERT INTO parents(self_id, child_id, to_child_count, to_child_calls, to_child_paths, pct) VALUES(122,127,3256,542,21,0);
INSERT INTO parents(self_id, child_id, to_child_count, to_child_calls, to_child_paths, pct) VALUES(122,128,3256,542,21,0);
INSERT INTO parents(self_id, child_id, to_child_count, to_child_calls, to_child_paths, pct) VALUES(122,129,3256,542,21,0);
INSERT INTO parents(self_id, child_id, to_child_count, to_child_calls, to_child_paths, pct) VALUES(122,130,3256,542,21,0);
INSERT INTO parents(self_id, child_id, to_child_count, to_child_calls, to_child_paths, pct) VALUES(122,131,3256,542,21,0);
INSERT INTO parents(self_id, child_id, to_child_count, to_child_calls, to_child_paths, pct) VALUES(122,132,3256,542,21,0);
INSERT INTO parents(self_id, child_id, to_child_count, to_child_calls, to_child_paths, pct) VALUES(122,133,3256,542,21,0);
INSERT INTO parents(self_id, child_id, to_child_count, to_child_calls, to_child_paths, pct) VALUES(122,134,3256,542,21,0);
INSERT INTO parents(self_id, child_id, to_child_count, to_child_calls, to_child_paths, pct) VALUES(119,135,0,0,0,0);
INSERT INTO parents(self_id, child_id, to_child_count, to_child_calls, to_child_paths, pct) VALUES(135,136,1400,350,8,0);
INSERT INTO parents(self_id, child_id, to_child_count, to_child_calls, to_child_paths, pct) VALUES(135,137,5600,1400,32,0);
INSERT INTO parents(self_id, child_id, to_child_count, to_child_calls, to_child_paths, pct) VALUES(135,138,179200,44800,1024,0);
INSERT INTO parents(self_id, child_id, to_child_count, to_child_calls, to_child_paths, pct) VALUES(119,139,0,0,0,0);
INSERT INTO parents(self_id, child_id, to_child_count, to_child_calls, to_child_paths, pct) VALUES(139,140,1400,350,8,0);
INSERT INTO parents(self_id, child_id, to_child_count, to_child_calls, to_child_paths, pct) VALUES(139,141,5600,1400,32,0);
INSERT INTO parents(self_id, child_id, to_child_count, to_child_calls, to_child_paths, pct) VALUES(139,142,179200,44800,1024,0);
INSERT INTO parents(self_id, child_id, to_child_count, to_child_calls, to_child_paths, pct) VALUES(119,143,0,0,0,0);
INSERT INTO parents(self_id, child_id, to_child_count, to_child_calls, to_child_paths, pct) VALUES(143,144,1000,250,6,0);
INSERT INTO parents(self_id, child_id, to_child_count, to_child_calls, to_child_paths, pct) VALUES(143,145,2560,640,24,0);
INSERT INTO parents(self_id, child_id, to_child_count, to_child_calls, to_child_paths, pct) VALUES(143,146,81920,20480,768,0);
INSERT INTO parents(self_id, child_id, to_child_count, to_child_calls, to_child_paths, pct) VALUES(119,147,0,0,0,0);
INSERT INTO parents(self_id, child_id, to_child_count, to_child_calls, to_child_paths, pct) VALUES(147,148,1400,350,8,0);
INSERT INTO parents(self_id, child_id, to_child_count, to_child_calls, to_child_paths, pct) VALUES(147,149,5600,1400,32,0);
INSERT INTO parents(self_id, child_id, to_child_count, to_child_calls, to_child_paths, pct) VALUES(147,150,179200,44800,1024,0);
INSERT INTO parents(self_id, child_id, to_child_count, to_child_calls, to_child_paths, pct) VALUES(119,151,0,0,0,0);
INSERT INTO parents(self_id, child_id, to_child_count, to_child_calls, to_child_paths, pct) VALUES(151,152,1400,350,8,0);
INSERT INTO parents(self_id, child_id, to_child_count, to_child_calls, to_child_paths, pct) VALUES(151,153,5600,1400,32,0);
INSERT INTO parents(self_id, child_id, to_child_count, to_child_calls, to_child_paths, pct) VALUES(151,154,179200,44800,1024,0);
INSERT INTO parents(self_id, child_id, to_child_count, to_child_calls, to_child_paths, pct) VALUES(119,155,0,0,0,0);
INSERT INTO parents(self_id, child_id, to_child_count, to_child_calls, to_child_paths, pct) VALUES(155,156,3256,542,21,0);
INSERT INTO parents(self_id, child_id, to_child_count, to_child_calls, to_child_paths, pct) VALUES(119,157,3256,542,21,0);
INSERT INTO parents(self_id, child_id, to_child_count, to_child_calls, to_child_paths, pct) VALUES(42,158,0,0,0,0);
INSERT INTO parents(self_id, child_id, to_child_count, to_child_calls, to_child_paths, pct) VALUES(158,159,0,0,0,0);
INSERT INTO parents(self_id, child_id, to_child_count, to_child_calls, to_child_paths, pct) VALUES(159,160,640,160,5,0);
INSERT INTO parents(self_id, child_id, to_child_count, to_child_calls, to_child_paths, pct) VALUES(160,161,1120,280,16,0);
INSERT INTO parents(self_id, child_id, to_child_count, to_child_calls, to_child_paths, pct) VALUES(159,162,640,160,5,0);
INSERT INTO parents(self_id, child_id, to_child_count, to_child_calls, to_child_paths, pct) VALUES(162,163,1120,280,16,0);
INSERT INTO parents(self_id, child_id, to_child_count, to_child_calls, to_child_paths, pct) VALUES(159,164,212,53,4,0);
INSERT INTO parents(self_id, child_id, to_child_count, to_child_calls, to_child_paths, pct) VALUES(164,165,560,140,8,0);
INSERT INTO parents(self_id, child_id, to_child_count, to_child_calls, to_child_paths, pct) VALUES(159,166,620,155,5,0);
INSERT INTO parents(self_id, child_id, to_child_count, to_child_calls, to_child_paths, pct) VALUES(166,167,560,140,8,0);
INSERT INTO parents(self_id, child_id, to_child_count, to_child_calls, to_child_paths, pct) VALUES(159,168,232,58,4,0);
INSERT INTO parents(self_id, child_id, to_child_count, to_child_calls, to_child_paths, pct) VALUES(168,169,1120,280,16,0);
INSERT INTO parents(self_id, child_id, to_child_count, to_child_calls, to_child_paths, pct) VALUES(159,170,1392,348,14,0);
INSERT INTO parents(self_id, child_id, to_child_count, to_child_calls, to_child_paths, pct) VALUES(170,171,1312,328,16,0);
INSERT INTO parents(self_id, child_id, to_child_count, to_child_calls, to_child_paths, pct) VALUES(159,172,0,0,0,0);
INSERT INTO parents(self_id, child_id, to_child_count, to_child_calls, to_child_paths, pct) VALUES(172,173,40,10,2,0);
INSERT INTO parents(self_id, child_id, to_child_count, to_child_calls, to_child_paths, pct) VALUES(158,174,0,0,0,0);
INSERT INTO parents(self_id, child_id, to_child_count, to_child_calls, to_child_paths, pct) VALUES(174,175,640,160,5,0);
INSERT INTO parents(self_id, child_id, to_child_count, to_child_calls, to_child_paths, pct) VALUES(175,176,1120,280,16,0);
INSERT INTO parents(self_id, child_id, to_child_count, to_child_calls, to_child_paths, pct) VALUES(174,177,640,160,5,0);
INSERT INTO parents(self_id, child_id, to_child_count, to_child_calls, to_child_paths, pct) VALUES(177,178,1120,280,16,0);
INSERT INTO parents(self_id, child_id, to_child_count, to_child_calls, to_child_paths, pct) VALUES(174,179,212,53,4,0);
INSERT INTO parents(self_id, child_id, to_child_count, to_child_calls, to_child_paths, pct) VALUES(179,180,560,140,8,0);
INSERT INTO parents(self_id, child_id, to_child_count, to_child_calls, to_child_paths, pct) VALUES(174,181,620,155,5,0);
INSERT INTO parents(self_id, child_id, to_child_count, to_child_calls, to_child_paths, pct) VALUES(181,182,560,140,8,0);
INSERT INTO parents(self_id, child_id, to_child_count, to_child_calls, to_child_paths, pct) VALUES(174,183,232,58,4,0);
INSERT INTO parents(self_id, child_id, to_child_count, to_child_calls, to_child_paths, pct) VALUES(183,184,1120,280,16,0);
INSERT INTO parents(self_id, child_id, to_child_count, to_child_calls, to_child_paths, pct) VALUES(174,185,1392,348,14,0);
INSERT INTO parents(self_id, child_id, to_child_count, to_child_calls, to_child_paths, pct) VALUES(185,186,1312,328,16,0);
INSERT INTO parents(self_id, child_id, to_child_count, to_child_calls, to_child_paths, pct) VALUES(174,187,0,0,0,0);
INSERT INTO parents(self_id, child_id, to_child_count, to_child_calls, to_child_paths, pct) VALUES(187,188,40,10,2,0);
INSERT INTO parents(self_id, child_id, to_child_count, to_child_calls, to_child_paths, pct) VALUES(42,189,0,0,0,0);
INSERT INTO parents(self_id, child_id, to_child_count, to_child_calls, to_child_paths, pct) VALUES(189,190,0,0,0,0);
INSERT INTO parents(self_id, child_id, to_child_count, to_child_calls, to_child_paths, pct) VALUES(190,191,0,0,0,0);
INSERT INTO parents(self_id, child_id, to_child_count, to_child_calls, to_child_paths, pct) VALUES(191,192,5564,1391,23,0);
INSERT INTO parents(self_id, child_id, to_child_count, to_child_calls, to_child_paths, pct) VALUES(191,193,5564,1391,23,0);
INSERT INTO parents(self_id, child_id, to_child_count, to_child_calls, to_child_paths, pct) VALUES(191,194,5564,1391,23,0);
INSERT INTO parents(self_id, child_id, to_child_count, to_child_calls, to_child_paths, pct) VALUES(190,195,0,0,0,0);
INSERT INTO parents(self_id, child_id, to_child_count, to_child_calls, to_child_paths, pct) VALUES(195,196,5564,1391,23,0);
INSERT INTO parents(self_id, child_id, to_child_count, to_child_calls, to_child_paths, pct) VALUES(195,197,5564,1391,23,0);
INSERT INTO parents(self_id, child_id, to_child_count, to_child_calls, to_child_paths, pct) VALUES(195,198,5564,1391,23,0);
INSERT INTO parents(self_id, child_id, to_child_count, to_child_calls, to_child_paths, pct) VALUES(189,199,0,0,0,0);
INSERT INTO parents(self_id, child_id, to_child_count, to_child_calls, to_child_paths, pct) VALUES(199,200,0,0,0,0);
INSERT INTO parents(self_id, child_id, to_child_count, to_child_calls, to_child_paths, pct) VALUES(200,201,3012,753,13,0);
INSERT INTO parents(self_id, child_id, to_child_count, to_child_calls, to_child_paths, pct) VALUES(200,202,3012,753,13,0);
INSERT INTO parents(self_id, child_id, to_child_count, to_child_calls, to_child_paths, pct) VALUES(200,203,3012,753,13,0);
INSERT INTO parents(self_id, child_id, to_child_count, to_child_calls, to_child_paths, pct) VALUES(199,204,0,0,0,0);
INSERT INTO parents(self_id, child_id, to_child_count, to_child_calls, to_child_paths, pct) VALUES(204,205,3012,753,13,0);
INSERT INTO parents(self_id, child_id, to_child_count, to_child_calls, to_child_paths, pct) VALUES(204,206,3012,753,13,0);
INSERT INTO parents(self_id, child_id, to_child_count, to_child_calls, to_child_paths, pct) VALUES(204,207,3012,753,13,0);
INSERT INTO parents(self_id, child_id, to_child_count, to_child_calls, to_child_paths, pct) VALUES(199,208,0,0,0,0);
INSERT INTO parents(self_id, child_id, to_child_count, to_child_calls, to_child_paths, pct) VALUES(208,209,3012,753,13,0);
INSERT INTO parents(self_id, child_id, to_child_count, to_child_calls, to_child_paths, pct) VALUES(208,210,3012,753,13,0);
INSERT INTO parents(self_id, child_id, to_child_count, to_child_calls, to_child_paths, pct) VALUES(208,211,3012,753,13,0);
INSERT INTO parents(self_id, child_id, to_child_count, to_child_calls, to_child_paths, pct) VALUES(208,212,3012,753,13,0);
INSERT INTO parents(self_id, child_id, to_child_count, to_child_calls, to_child_paths, pct) VALUES(199,213,0,0,0,0);
INSERT INTO parents(self_id, child_id, to_child_count, to_child_calls, to_child_paths, pct) VALUES(213,214,5564,1391,23,0);
INSERT INTO parents(self_id, child_id, to_child_count, to_child_calls, to_child_paths, pct) VALUES(213,215,5564,1391,23,0);
INSERT INTO parents(self_id, child_id, to_child_count, to_child_calls, to_child_paths, pct) VALUES(213,216,5564,1391,23,0);
INSERT INTO parents(self_id, child_id, to_child_count, to_child_calls, to_child_paths, pct) VALUES(199,217,0,0,0,0);
INSERT INTO parents(self_id, child_id, to_child_count, to_child_calls, to_child_paths, pct) VALUES(217,218,5564,1391,23,0);
INSERT INTO parents(self_id, child_id, to_child_count, to_child_calls, to_child_paths, pct) VALUES(217,219,5564,1391,23,0);
INSERT INTO parents(self_id, child_id, to_child_count, to_child_calls, to_child_paths, pct) VALUES(217,220,5564,1391,23,0);
INSERT INTO parents(self_id, child_id, to_child_count, to_child_calls, to_child_paths, pct) VALUES(42,221,0,0,0,0);
INSERT INTO parents(self_id, child_id, to_child_count, to_child_calls, to_child_paths, pct) VALUES(221,222,0,0,0,0);
INSERT INTO parents(self_id, child_id, to_child_count, to_child_calls, to_child_paths, pct) VALUES(222,223,1392,348,10,0);
INSERT INTO parents(self_id, child_id, to_child_count, to_child_calls, to_child_paths, pct) VALUES(222,224,1392,348,10,0);
INSERT INTO parents(self_id, child_id, to_child_count, to_child_calls, to_child_paths, pct) VALUES(221,225,0,0,0,0);
INSERT INTO parents(self_id, child_id, to_child_count, to_child_calls, to_child_paths, pct) VALUES(225,226,1368,342,10,0);
INSERT INTO parents(self_id, child_id, to_child_count, to_child_calls, to_child_paths, pct) VALUES(225,227,1384,346,10,0);
INSERT INTO parents(self_id, child_id, to_child_count, to_child_calls, to_child_paths, pct) VALUES(225,228,1376,344,10,0);
INSERT INTO parents(self_id, child_id, to_child_count, to_child_calls, to_child_paths, pct) VALUES(225,229,1392,348,10,0);
INSERT INTO parents(self_id, child_id, to_child_count, to_child_calls, to_child_paths, pct) VALUES(225,230,1392,348,10,0);
INSERT INTO parents(self_id, child_id, to_child_count, to_child_calls, to_child_paths, pct) VALUES(42,231,0,0,0,0);
INSERT INTO parents(self_id, child_id, to_child_count, to_child_calls, to_child_paths, pct) VALUES(231,232,1200,300,3,0);
INSERT INTO children(self_id, parent_id, from_parent_count, from_parent_calls, from_parent_paths, pct) VALUES(42,10,4229924,667117,0,0);
INSERT INTO children(self_id, parent_id, from_parent_count, from_parent_calls, from_parent_paths, pct) VALUES(43,42,3464,0,0,0);
INSERT INTO children(self_id, parent_id, from_parent_count, from_parent_calls, from_parent_paths, pct) VALUES(44,43,3464,0,0,0);
INSERT INTO children(self_id, parent_id, from_parent_count, from_parent_calls, from_parent_paths, pct) VALUES(45,44,1368,0,10,0);
INSERT INTO children(self_id, parent_id, from_parent_count, from_parent_calls, from_parent_paths, pct) VALUES(46,44,1368,0,10,0);
INSERT INTO children(self_id, parent_id, from_parent_count, from_parent_calls, from_parent_paths, pct) VALUES(47,44,728,0,6,0);
INSERT INTO children(self_id, parent_id, from_parent_count, from_parent_calls, from_parent_paths, pct) VALUES(48,42,122400,29200,0,0);
INSERT INTO children(self_id, parent_id, from_parent_count, from_parent_calls, from_parent_paths, pct) VALUES(49,48,122400,29200,11,0);
INSERT INTO children(self_id, parent_id, from_parent_count, from_parent_calls, from_parent_paths, pct) VALUES(50,42,134300,0,0,0);
INSERT INTO children(self_id, parent_id, from_parent_count, from_parent_calls, from_parent_paths, pct) VALUES(51,50,4216,0,27,0);
INSERT INTO children(self_id, parent_id, from_parent_count, from_parent_calls, from_parent_paths, pct) VALUES(52,50,5512,0,35,0);
INSERT INTO children(self_id, parent_id, from_parent_count, from_parent_calls, from_parent_paths, pct) VALUES(53,50,2272,0,15,0);
INSERT INTO children(self_id, parent_id, from_parent_count, from_parent_calls, from_parent_paths, pct) VALUES(54,50,7780,0,49,0);
INSERT INTO children(self_id, parent_id, from_parent_count, from_parent_calls, from_parent_paths, pct) VALUES(55,50,6808,0,43,0);
INSERT INTO children(self_id, parent_id, from_parent_count, from_parent_calls, from_parent_paths, pct) VALUES(56,50,4864,0,31,0);
INSERT INTO children(self_id, parent_id, from_parent_count, from_parent_calls, from_parent_paths, pct) VALUES(57,50,4540,0,29,0);
INSERT INTO children(self_id, parent_id, from_parent_count, from_parent_calls, from_parent_paths, pct) VALUES(58,50,7456,0,47,0);
INSERT INTO children(self_id, parent_id, from_parent_count, from_parent_calls, from_parent_paths, pct) VALUES(59,50,4540,0,29,0);
INSERT INTO children(self_id, parent_id, from_parent_count, from_parent_calls, from_parent_paths, pct) VALUES(60,50,4540,0,29,0);
INSERT INTO children(self_id, parent_id, from_parent_count, from_parent_calls, from_parent_paths, pct) VALUES(61,50,4540,0,29,0);
INSERT INTO children(self_id, parent_id, from_parent_count, from_parent_calls, from_parent_paths, pct) VALUES(62,50,4540,0,29,0);
INSERT INTO children(self_id, parent_id, from_parent_count, from_parent_calls, from_parent_paths, pct) VALUES(63,50,4540,0,29,0);
INSERT INTO children(self_id, parent_id, from_parent_count, from_parent_calls, from_parent_paths, pct) VALUES(64,50,2920,0,19,0);
INSERT INTO children(self_id, parent_id, from_parent_count, from_parent_calls, from_parent_paths, pct) VALUES(65,50,2920,0,19,0);
INSERT INTO children(self_id, parent_id, from_parent_count, from_parent_calls, from_parent_paths, pct) VALUES(66,50,3892,0,25,0);
INSERT INTO children(self_id, parent_id, from_parent_count, from_parent_calls, from_parent_paths, pct) VALUES(67,50,3892,0,25,0);
INSERT INTO children(self_id, parent_id, from_parent_count, from_parent_calls, from_parent_paths, pct) VALUES(68,50,1624,0,11,0);
INSERT INTO children(self_id, parent_id, from_parent_count, from_parent_calls, from_parent_paths, pct) VALUES(69,50,1624,0,11,0);
INSERT INTO children(self_id, parent_id, from_parent_count, from_parent_calls, from_parent_paths, pct) VALUES(70,50,1624,0,11,0);
INSERT INTO children(self_id, parent_id, from_parent_count, from_parent_calls, from_parent_paths, pct) VALUES(71,50,1624,0,11,0);
INSERT INTO children(self_id, parent_id, from_parent_count, from_parent_calls, from_parent_paths, pct) VALUES(72,50,1624,0,11,0);
INSERT INTO children(self_id, parent_id, from_parent_count, from_parent_calls, from_parent_paths, pct) VALUES(73,50,1624,0,11,0);
INSERT INTO children(self_id, parent_id, from_parent_count, from_parent_calls, from_parent_paths, pct) VALUES(74,50,1624,0,11,0);
INSERT INTO children(self_id, parent_id, from_parent_count, from_parent_calls, from_parent_paths, pct) VALUES(75,50,2920,0,19,0);
INSERT INTO children(self_id, parent_id, from_parent_count, from_parent_calls, from_parent_paths, pct) VALUES(76,50,2920,0,19,0);
INSERT INTO children(self_id, parent_id, from_parent_count, from_parent_calls, from_parent_paths, pct) VALUES(77,50,2920,0,19,0);
INSERT INTO children(self_id, parent_id, from_parent_count, from_parent_calls, from_parent_paths, pct) VALUES(78,50,1300,0,9,0);
INSERT INTO children(self_id, parent_id, from_parent_count, from_parent_calls, from_parent_paths, pct) VALUES(79,50,1300,0,9,0);
INSERT INTO children(self_id, parent_id, from_parent_count, from_parent_calls, from_parent_paths, pct) VALUES(80,50,1300,0,9,0);
INSERT INTO children(self_id, parent_id, from_parent_count, from_parent_calls, from_parent_paths, pct) VALUES(81,50,1300,0,9,0);
INSERT INTO children(self_id, parent_id, from_parent_count, from_parent_calls, from_parent_paths, pct) VALUES(82,50,2920,0,19,0);
INSERT INTO children(self_id, parent_id, from_parent_count, from_parent_calls, from_parent_paths, pct) VALUES(83,50,2920,0,19,0);
INSERT INTO children(self_id, parent_id, from_parent_count, from_parent_calls, from_parent_paths, pct) VALUES(84,50,2920,0,19,0);
INSERT INTO children(self_id, parent_id, from_parent_count, from_parent_calls, from_parent_paths, pct) VALUES(85,50,2920,0,19,0);
INSERT INTO children(self_id, parent_id, from_parent_count, from_parent_calls, from_parent_paths, pct) VALUES(86,50,2920,0,19,0);
INSERT INTO children(self_id, parent_id, from_parent_count, from_parent_calls, from_parent_paths, pct) VALUES(87,50,2920,0,19,0);
INSERT INTO children(self_id, parent_id, from_parent_count, from_parent_calls, from_parent_paths, pct) VALUES(88,50,2920,0,19,0);
INSERT INTO children(self_id, parent_id, from_parent_count, from_parent_calls, from_parent_paths, pct) VALUES(89,50,2920,0,19,0);
INSERT INTO children(self_id, parent_id, from_parent_count, from_parent_calls, from_parent_paths, pct) VALUES(90,50,2920,0,19,0);
INSERT INTO children(self_id, parent_id, from_parent_count, from_parent_calls, from_parent_paths, pct) VALUES(91,50,2920,0,19,0);
INSERT INTO children(self_id, parent_id, from_parent_count, from_parent_calls, from_parent_paths, pct) VALUES(92,42,51200,30,0,0);
INSERT INTO children(self_id, parent_id, from_parent_count, from_parent_calls, from_parent_paths, pct) VALUES(93,92,19200,6,36,0);
INSERT INTO children(self_id, parent_id, from_parent_count, from_parent_calls, from_parent_paths, pct) VALUES(94,92,19200,18,36,0);
INSERT INTO children(self_id, parent_id, from_parent_count, from_parent_calls, from_parent_paths, pct) VALUES(95,92,6400,2,12,0);
INSERT INTO children(self_id, parent_id, from_parent_count, from_parent_calls, from_parent_paths, pct) VALUES(96,92,6400,4,12,0);
INSERT INTO children(self_id, parent_id, from_parent_count, from_parent_calls, from_parent_paths, pct) VALUES(97,42,39088,76,0,0);
INSERT INTO children(self_id, parent_id, from_parent_count, from_parent_calls, from_parent_paths, pct) VALUES(98,97,8240,35,62,0);
INSERT INTO children(self_id, parent_id, from_parent_count, from_parent_calls, from_parent_paths, pct) VALUES(99,97,15296,0,114,0);
INSERT INTO children(self_id, parent_id, from_parent_count, from_parent_calls, from_parent_paths, pct) VALUES(100,97,5552,0,44,0);
INSERT INTO children(self_id, parent_id, from_parent_count, from_parent_calls, from_parent_paths, pct) VALUES(101,97,4448,9,40,0);
INSERT INTO children(self_id, parent_id, from_parent_count, from_parent_calls, from_parent_paths, pct) VALUES(102,97,5552,32,44,0);
INSERT INTO children(self_id, parent_id, from_parent_count, from_parent_calls, from_parent_paths, pct) VALUES(103,42,2862288,624533,0,0);
INSERT INTO children(self_id, parent_id, from_parent_count, from_parent_calls, from_parent_paths, pct) VALUES(104,103,29120,104,0,0);
INSERT INTO children(self_id, parent_id, from_parent_count, from_parent_calls, from_parent_paths, pct) VALUES(105,104,7280,31,40,0);
INSERT INTO children(self_id, parent_id, from_parent_count, from_parent_calls, from_parent_paths, pct) VALUES(106,104,5824,19,32,0);
INSERT INTO children(self_id, parent_id, from_parent_count, from_parent_calls, from_parent_paths, pct) VALUES(107,104,4368,4,24,0);
INSERT INTO children(self_id, parent_id, from_parent_count, from_parent_calls, from_parent_paths, pct) VALUES(108,104,5824,25,32,0);
INSERT INTO children(self_id, parent_id, from_parent_count, from_parent_calls, from_parent_paths, pct) VALUES(109,104,5824,25,32,0);
INSERT INTO children(self_id, parent_id, from_parent_count, from_parent_calls, from_parent_paths, pct) VALUES(110,103,2833168,624429,0,0);
INSERT INTO children(self_id, parent_id, from_parent_count, from_parent_calls, from_parent_paths, pct) VALUES(111,110,708292,156109,93,0);
INSERT INTO children(self_id, parent_id, from_parent_count, from_parent_calls, from_parent_paths, pct) VALUES(112,111,25200,4,4,0);
INSERT INTO children(self_id, parent_id, from_parent_count, from_parent_calls, from_parent_paths, pct) VALUES(113,110,708292,156109,93,0);
INSERT INTO children(self_id, parent_id, from_parent_count, from_parent_calls, from_parent_paths, pct) VALUES(114,113,25200,4,4,0);
INSERT INTO children(self_id, parent_id, from_parent_count, from_parent_calls, from_parent_paths, pct) VALUES(115,110,708292,156106,93,0);
INSERT INTO children(self_id, parent_id, from_parent_count, from_parent_calls, from_parent_paths, pct) VALUES(116,115,25200,4,4,0);
INSERT INTO children(self_id, parent_id, from_parent_count, from_parent_calls, from_parent_paths, pct) VALUES(117,110,708292,156105,93,0);
INSERT INTO children(self_id, parent_id, from_parent_count, from_parent_calls, from_parent_paths, pct) VALUES(118,117,25200,4,4,0);
INSERT INTO children(self_id, parent_id, from_parent_count, from_parent_calls, from_parent_paths, pct) VALUES(119,42,890264,2254,0,0);
INSERT INTO children(self_id, parent_id, from_parent_count, from_parent_calls, from_parent_paths, pct) VALUES(120,119,7200,4,18,0);
INSERT INTO children(self_id, parent_id, from_parent_count, from_parent_calls, from_parent_paths, pct) VALUES(121,119,7200,4,18,0);
INSERT INTO children(self_id, parent_id, from_parent_count, from_parent_calls, from_parent_paths, pct) VALUES(122,119,39072,274,0,0);
INSERT INTO children(self_id, parent_id, from_parent_count, from_parent_calls, from_parent_paths, pct) VALUES(123,122,3256,0,21,0);
INSERT INTO children(self_id, parent_id, from_parent_count, from_parent_calls, from_parent_paths, pct) VALUES(124,122,3256,0,21,0);
INSERT INTO children(self_id, parent_id, from_parent_count, from_parent_calls, from_parent_paths, pct) VALUES(125,122,3256,0,21,0);
INSERT INTO children(self_id, parent_id, from_parent_count, from_parent_calls, from_parent_paths, pct) VALUES(126,122,3256,0,21,0);
INSERT INTO children(self_id, parent_id, from_parent_count, from_parent_calls, from_parent_paths, pct) VALUES(127,122,3256,274,21,0);
INSERT INTO children(self_id, parent_id, from_parent_count, from_parent_calls, from_parent_paths, pct) VALUES(128,122,3256,0,21,0);
INSERT INTO children(self_id, parent_id, from_parent_count, from_parent_calls, from_parent_paths, pct) VALUES(129,122,3256,0,21,0);
INSERT INTO children(self_id, parent_id, from_parent_count, from_parent_calls, from_parent_paths, pct) VALUES(130,122,3256,0,21,0);
INSERT INTO children(self_id, parent_id, from_parent_count, from_parent_calls, from_parent_paths, pct) VALUES(131,122,3256,0,21,0);
INSERT INTO children(self_id, parent_id, from_parent_count, from_parent_calls, from_parent_paths, pct) VALUES(132,122,3256,0,21,0);
INSERT INTO children(self_id, parent_id, from_parent_count, from_parent_calls, from_parent_paths, pct) VALUES(133,122,3256,0,21,0);
INSERT INTO children(self_id, parent_id, from_parent_count, from_parent_calls, from_parent_paths, pct) VALUES(134,122,3256,0,21,0);
INSERT INTO children(self_id, parent_id, from_parent_count, from_parent_calls, from_parent_paths, pct) VALUES(135,119,186200,68,0,0);
INSERT INTO children(self_id, parent_id, from_parent_count, from_parent_calls, from_parent_paths, pct) VALUES(136,135,1400,1,8,0);
INSERT INTO children(self_id, parent_id, from_parent_count, from_parent_calls, from_parent_paths, pct) VALUES(137,135,5600,0,32,0);
INSERT INTO children(self_id, parent_id, from_parent_count, from_parent_calls, from_parent_paths, pct) VALUES(138,135,179200,67,1024,0);
INSERT INTO children(self_id, parent_id, from_parent_count, from_parent_calls, from_parent_paths, pct) VALUES(139,119,186200,544,0,0);
INSERT INTO children(self_id, parent_id, from_parent_count, from_parent_calls, from_parent_paths, pct) VALUES(140,139,1400,8,8,0);
INSERT INTO children(self_id, parent_id, from_parent_count, from_parent_calls, from_parent_paths, pct) VALUES(141,139,5600,0,32,0);
INSERT INTO children(self_id, parent_id, from_parent_count, from_parent_calls, from_parent_paths, pct) VALUES(142,139,179200,536,1024,0);
INSERT INTO children(self_id, parent_id, from_parent_count, from_parent_calls, from_parent_paths, pct) VALUES(143,119,85480,340,0,0);
INSERT INTO children(self_id, parent_id, from_parent_count, from_parent_calls, from_parent_paths, pct) VALUES(144,143,1000,5,6,0);
INSERT INTO children(self_id, parent_id, from_parent_count, from_parent_calls, from_parent_paths, pct) VALUES(145,143,2560,0,24,0);
INSERT INTO children(self_id, parent_id, from_parent_count, from_parent_calls, from_parent_paths, pct) VALUES(146,143,81920,335,768,0);
INSERT INTO children(self_id, parent_id, from_parent_count, from_parent_calls, from_parent_paths, pct) VALUES(147,119,186200,272,0,0);
INSERT INTO children(self_id, parent_id, from_parent_count, from_parent_calls, from_parent_paths, pct) VALUES(148,147,1400,4,8,0);
INSERT INTO children(self_id, parent_id, from_parent_count, from_parent_calls, from_parent_paths, pct) VALUES(149,147,5600,0,32,0);
INSERT INTO children(self_id, parent_id, from_parent_count, from_parent_calls, from_parent_paths, pct) VALUES(150,147,179200,268,1024,0);
INSERT INTO children(self_id, parent_id, from_parent_count, from_parent_calls, from_parent_paths, pct) VALUES(151,119,186200,476,0,0);
INSERT INTO children(self_id, parent_id, from_parent_count, from_parent_calls, from_parent_paths, pct) VALUES(152,151,1400,7,8,0);
INSERT INTO children(self_id, parent_id, from_parent_count, from_parent_calls, from_parent_paths, pct) VALUES(153,151,5600,0,32,0);
INSERT INTO children(self_id, parent_id, from_parent_count, from_parent_calls, from_parent_paths, pct) VALUES(154,151,179200,469,1024,0);
INSERT INTO children(self_id, parent_id, from_parent_count, from_parent_calls, from_parent_paths, pct) VALUES(155,119,3256,0,0,0);
INSERT INTO children(self_id, parent_id, from_parent_count, from_parent_calls, from_parent_paths, pct) VALUES(156,155,3256,0,21,0);
INSERT INTO children(self_id, parent_id, from_parent_count, from_parent_calls, from_parent_paths, pct) VALUES(157,119,3256,272,21,0);
INSERT INTO children(self_id, parent_id, from_parent_count, from_parent_calls, from_parent_paths, pct) VALUES(158,42,19136,4,0,0);
INSERT INTO children(self_id, parent_id, from_parent_count, from_parent_calls, from_parent_paths, pct) VALUES(159,158,9568,2,0,0);
INSERT INTO children(self_id, parent_id, from_parent_count, from_parent_calls, from_parent_paths, pct) VALUES(160,159,1760,0,5,0);
INSERT INTO children(self_id, parent_id, from_parent_count, from_parent_calls, from_parent_paths, pct) VALUES(161,160,1120,0,16,0);
INSERT INTO children(self_id, parent_id, from_parent_count, from_parent_calls, from_parent_paths, pct) VALUES(162,159,1760,0,5,0);
INSERT INTO children(self_id, parent_id, from_parent_count, from_parent_calls, from_parent_paths, pct) VALUES(163,162,1120,0,16,0);
INSERT INTO children(self_id, parent_id, from_parent_count, from_parent_calls, from_parent_paths, pct) VALUES(164,159,772,0,4,0);
INSERT INTO children(self_id, parent_id, from_parent_count, from_parent_calls, from_parent_paths, pct) VALUES(165,164,560,0,8,0);
INSERT INTO children(self_id, parent_id, from_parent_count, from_parent_calls, from_parent_paths, pct) VALUES(166,159,1180,1,5,0);
INSERT INTO children(self_id, parent_id, from_parent_count, from_parent_calls, from_parent_paths, pct) VALUES(167,166,560,0,8,0);
INSERT INTO children(self_id, parent_id, from_parent_count, from_parent_calls, from_parent_paths, pct) VALUES(168,159,1352,0,4,0);
INSERT INTO children(self_id, parent_id, from_parent_count, from_parent_calls, from_parent_paths, pct) VALUES(169,168,1120,0,16,0);
INSERT INTO children(self_id, parent_id, from_parent_count, from_parent_calls, from_parent_paths, pct) VALUES(170,159,2704,0,14,0);
INSERT INTO children(self_id, parent_id, from_parent_count, from_parent_calls, from_parent_paths, pct) VALUES(171,170,1312,0,16,0);
INSERT INTO children(self_id, parent_id, from_parent_count, from_parent_calls, from_parent_paths, pct) VALUES(172,159,40,1,0,0);
INSERT INTO children(self_id, parent_id, from_parent_count, from_parent_calls, from_parent_paths, pct) VALUES(173,172,40,1,2,0);
INSERT INTO children(self_id, parent_id, from_parent_count, from_parent_calls, from_parent_paths, pct) VALUES(174,158,9568,2,0,0);
INSERT INTO children(self_id, parent_id, from_parent_count, from_parent_calls, from_parent_paths, pct) VALUES(175,174,1760,0,5,0);
INSERT INTO children(self_id, parent_id, from_parent_count, from_parent_calls, from_parent_paths, pct) VALUES(176,175,1120,0,16,0);
INSERT INTO children(self_id, parent_id, from_parent_count, from_parent_calls, from_parent_paths, pct) VALUES(177,174,1760,0,5,0);
INSERT INTO children(self_id, parent_id, from_parent_count, from_parent_calls, from_parent_paths, pct) VALUES(178,177,1120,0,16,0);
INSERT INTO children(self_id, parent_id, from_parent_count, from_parent_calls, from_parent_paths, pct) VALUES(179,174,772,0,4,0);
INSERT INTO children(self_id, parent_id, from_parent_count, from_parent_calls, from_parent_paths, pct) VALUES(180,179,560,0,8,0);
INSERT INTO children(self_id, parent_id, from_parent_count, from_parent_calls, from_parent_paths, pct) VALUES(181,174,1180,1,5,0);
INSERT INTO children(self_id, parent_id, from_parent_count, from_parent_calls, from_parent_paths, pct) VALUES(182,181,560,0,8,0);
INSERT INTO children(self_id, parent_id, from_parent_count, from_parent_calls, from_parent_paths, pct) VALUES(183,174,1352,0,4,0);
INSERT INTO children(self_id, parent_id, from_parent_count, from_parent_calls, from_parent_paths, pct) VALUES(184,183,1120,0,16,0);
INSERT INTO children(self_id, parent_id, from_parent_count, from_parent_calls, from_parent_paths, pct) VALUES(185,174,2704,0,14,0);
INSERT INTO children(self_id, parent_id, from_parent_count, from_parent_calls, from_parent_paths, pct) VALUES(186,185,1312,0,16,0);
INSERT INTO children(self_id, parent_id, from_parent_count, from_parent_calls, from_parent_paths, pct) VALUES(187,174,40,1,0,0);
INSERT INTO children(self_id, parent_id, from_parent_count, from_parent_calls, from_parent_paths, pct) VALUES(188,187,40,1,2,0);
INSERT INTO children(self_id, parent_id, from_parent_count, from_parent_calls, from_parent_paths, pct) VALUES(189,42,96888,10988,0,0);
INSERT INTO children(self_id, parent_id, from_parent_count, from_parent_calls, from_parent_paths, pct) VALUES(190,189,33384,3234,0,0);
INSERT INTO children(self_id, parent_id, from_parent_count, from_parent_calls, from_parent_paths, pct) VALUES(191,190,16692,1578,0,0);
INSERT INTO children(self_id, parent_id, from_parent_count, from_parent_calls, from_parent_paths, pct) VALUES(192,191,5564,526,23,0);
INSERT INTO children(self_id, parent_id, from_parent_count, from_parent_calls, from_parent_paths, pct) VALUES(193,191,5564,526,23,0);
INSERT INTO children(self_id, parent_id, from_parent_count, from_parent_calls, from_parent_paths, pct) VALUES(194,191,5564,526,23,0);
INSERT INTO children(self_id, parent_id, from_parent_count, from_parent_calls, from_parent_paths, pct) VALUES(195,190,16692,1656,0,0);
INSERT INTO children(self_id, parent_id, from_parent_count, from_parent_calls, from_parent_paths, pct) VALUES(196,195,5564,552,23,0);
INSERT INTO children(self_id, parent_id, from_parent_count, from_parent_calls, from_parent_paths, pct) VALUES(197,195,5564,552,23,0);
INSERT INTO children(self_id, parent_id, from_parent_count, from_parent_calls, from_parent_paths, pct) VALUES(198,195,5564,552,23,0);
INSERT INTO children(self_id, parent_id, from_parent_count, from_parent_calls, from_parent_paths, pct) VALUES(199,189,63504,7754,0,0);
INSERT INTO children(self_id, parent_id, from_parent_count, from_parent_calls, from_parent_paths, pct) VALUES(200,199,9036,1356,0,0);
INSERT INTO children(self_id, parent_id, from_parent_count, from_parent_calls, from_parent_paths, pct) VALUES(201,200,3012,452,13,0);
INSERT INTO children(self_id, parent_id, from_parent_count, from_parent_calls, from_parent_paths, pct) VALUES(202,200,3012,452,13,0);
INSERT INTO children(self_id, parent_id, from_parent_count, from_parent_calls, from_parent_paths, pct) VALUES(203,200,3012,452,13,0);
INSERT INTO children(self_id, parent_id, from_parent_count, from_parent_calls, from_parent_paths, pct) VALUES(204,199,9036,1356,0,0);
INSERT INTO children(self_id, parent_id, from_parent_count, from_parent_calls, from_parent_paths, pct) VALUES(205,204,3012,452,13,0);
INSERT INTO children(self_id, parent_id, from_parent_count, from_parent_calls, from_parent_paths, pct) VALUES(206,204,3012,452,13,0);
INSERT INTO children(self_id, parent_id, from_parent_count, from_parent_calls, from_parent_paths, pct) VALUES(207,204,3012,452,13,0);
INSERT INTO children(self_id, parent_id, from_parent_count, from_parent_calls, from_parent_paths, pct) VALUES(208,199,12048,1808,0,0);
INSERT INTO children(self_id, parent_id, from_parent_count, from_parent_calls, from_parent_paths, pct) VALUES(209,208,3012,452,13,0);
INSERT INTO children(self_id, parent_id, from_parent_count, from_parent_calls, from_parent_paths, pct) VALUES(210,208,3012,452,13,0);
INSERT INTO children(self_id, parent_id, from_parent_count, from_parent_calls, from_parent_paths, pct) VALUES(211,208,3012,452,13,0);
INSERT INTO children(self_id, parent_id, from_parent_count, from_parent_calls, from_parent_paths, pct) VALUES(212,208,3012,452,13,0);
INSERT INTO children(self_id, parent_id, from_parent_count, from_parent_calls, from_parent_paths, pct) VALUES(213,199,16692,1578,0,0);
INSERT INTO children(self_id, parent_id, from_parent_count, from_parent_calls, from_parent_paths, pct) VALUES(214,213,5564,526,23,0);
INSERT INTO children(self_id, parent_id, from_parent_count, from_parent_calls, from_parent_paths, pct) VALUES(215,213,5564,526,23,0);
INSERT INTO children(self_id, parent_id, from_parent_count, from_parent_calls, from_parent_paths, pct) VALUES(216,213,5564,526,23,0);
INSERT INTO children(self_id, parent_id, from_parent_count, from_parent_calls, from_parent_paths, pct) VALUES(217,199,16692,1656,0,0);
INSERT INTO children(self_id, parent_id, from_parent_count, from_parent_calls, from_parent_paths, pct) VALUES(218,217,5564,552,23,0);
INSERT INTO children(self_id, parent_id, from_parent_count, from_parent_calls, from_parent_paths, pct) VALUES(219,217,5564,552,23,0);
INSERT INTO children(self_id, parent_id, from_parent_count, from_parent_calls, from_parent_paths, pct) VALUES(220,217,5564,552,23,0);
INSERT INTO children(self_id, parent_id, from_parent_count, from_parent_calls, from_parent_paths, pct) VALUES(221,42,9696,32,0,0);
INSERT INTO children(self_id, parent_id, from_parent_count, from_parent_calls, from_parent_paths, pct) VALUES(222,221,2784,16,0,0);
INSERT INTO children(self_id, parent_id, from_parent_count, from_parent_calls, from_parent_paths, pct) VALUES(223,222,1392,0,10,0);
INSERT INTO children(self_id, parent_id, from_parent_count, from_parent_calls, from_parent_paths, pct) VALUES(224,222,1392,16,10,0);
INSERT INTO children(self_id, parent_id, from_parent_count, from_parent_calls, from_parent_paths, pct) VALUES(225,221,6912,16,0,0);
INSERT INTO children(self_id, parent_id, from_parent_count, from_parent_calls, from_parent_paths, pct) VALUES(226,225,1368,0,10,0);
INSERT INTO children(self_id, parent_id, from_parent_count, from_parent_calls, from_parent_paths, pct) VALUES(227,225,1384,0,10,0);
INSERT INTO children(self_id, parent_id, from_parent_count, from_parent_calls, from_parent_paths, pct) VALUES(228,225,1376,0,10,0);
INSERT INTO children(self_id, parent_id, from_parent_count, from_parent_calls, from_parent_paths, pct) VALUES(229,225,1392,0,10,0);
INSERT INTO children(self_id, parent_id, from_parent_count, from_parent_calls, from_parent_paths, pct) VALUES(230,225,1392,16,10,0);
INSERT INTO children(self_id, parent_id, from_parent_count, from_parent_calls, from_parent_paths, pct) VALUES(231,42,1200,0,0,0);
INSERT INTO children(self_id, parent_id, from_parent_count, from_parent_calls, from_parent_paths, pct) VALUES(232,231,1200,0,3,0);
INSERT INTO mainrows(id, symbol_id, self_count, cumulative_count, kids, self_calls, total_calls, self_paths, total_paths, pct) VALUES(233, 233, 326556, 326556, 2, 1005, 75897, 525, 525, 0.0);
INSERT INTO mainrows(id, symbol_id, self_count, cumulative_count, kids, self_calls, total_calls, self_paths, total_paths, pct) VALUES(234, 234, 99796, 99796, 3, 841, 19567, 306, 306, 0.0);
INSERT INTO mainrows(id, symbol_id, self_count, cumulative_count, kids, self_calls, total_calls, self_paths, total_paths, pct) VALUES(235, 235, 30812, 30812, 0, 225, 5909, 92, 92, 0.0);
INSERT INTO mainrows(id, symbol_id, self_count, cumulative_count, kids, self_calls, total_calls, self_paths, total_paths, pct) VALUES(236, 236, 34492, 34492, 0, 308, 6829, 107, 107, 0.0);
INSERT INTO mainrows(id, symbol_id, self_count, cumulative_count, kids, self_calls, total_calls, self_paths, total_paths, pct) VALUES(237, 237, 34492, 34492, 0, 308, 6829, 107, 107, 0.0);
INSERT INTO mainrows(id, symbol_id, self_count, cumulative_count, kids, self_calls, total_calls, self_paths, total_paths, pct) VALUES(238, 238, 226760, 226760, 6, 164, 56330, 219, 219, 0.0);
INSERT INTO mainrows(id, symbol_id, self_count, cumulative_count, kids, self_calls, total_calls, self_paths, total_paths, pct) VALUES(239, 239, 39580, 39580, 0, 28, 9835, 37, 37, 0.0);
INSERT INTO mainrows(id, symbol_id, self_count, cumulative_count, kids, self_calls, total_calls, self_paths, total_paths, pct) VALUES(240, 240, 35260, 35260, 0, 20, 8755, 30, 30, 0.0);
INSERT INTO mainrows(id, symbol_id, self_count, cumulative_count, kids, self_calls, total_calls, self_paths, total_paths, pct) VALUES(241, 241, 37980, 37980, 0, 29, 9435, 38, 38, 0.0);
INSERT INTO mainrows(id, symbol_id, self_count, cumulative_count, kids, self_calls, total_calls, self_paths, total_paths, pct) VALUES(242, 242, 37980, 37980, 0, 29, 9435, 38, 38, 0.0);
INSERT INTO mainrows(id, symbol_id, self_count, cumulative_count, kids, self_calls, total_calls, self_paths, total_paths, pct) VALUES(243, 243, 37980, 37980, 0, 29, 9435, 38, 38, 0.0);
INSERT INTO mainrows(id, symbol_id, self_count, cumulative_count, kids, self_calls, total_calls, self_paths, total_paths, pct) VALUES(244, 244, 37980, 37980, 0, 29, 9435, 38, 38, 0.0);
INSERT INTO parents(self_id, child_id, to_child_count, to_child_calls, to_child_paths, pct) VALUES(10,233,0,0,0,0);
INSERT INTO parents(self_id, child_id, to_child_count, to_child_calls, to_child_paths, pct) VALUES(233,234,0,0,0,0);
INSERT INTO parents(self_id, child_id, to_child_count, to_child_calls, to_child_paths, pct) VALUES(234,235,30812,5909,92,0);
INSERT INTO parents(self_id, child_id, to_child_count, to_child_calls, to_child_paths, pct) VALUES(234,236,34492,6829,107,0);
INSERT INTO parents(self_id, child_id, to_child_count, to_child_calls, to_child_paths, pct) VALUES(234,237,34492,6829,107,0);
INSERT INTO parents(self_id, child_id, to_child_count, to_child_calls, to_child_paths, pct) VALUES(233,238,0,0,0,0);
INSERT INTO parents(self_id, child_id, to_child_count, to_child_calls, to_child_paths, pct) VALUES(238,239,39580,9835,37,0);
INSERT INTO parents(self_id, child_id, to_child_count, to_child_calls, to_child_paths, pct) VALUES(238,240,35260,8755,30,0);
INSERT INTO parents(self_id, child_id, to_child_count, to_child_calls, to_child_paths, pct) VALUES(238,241,37980,9435,38,0);
INSERT INTO parents(self_id, child_id, to_child_count, to_child_calls, to_child_paths, pct) VALUES(238,242,37980,9435,38,0);
INSERT INTO parents(self_id, child_id, to_child_count, to_child_calls, to_child_paths, pct) VALUES(238,243,37980,9435,38,0);
INSERT INTO parents(self_id, child_id, to_child_count, to_child_calls, to_child_paths, pct) VALUES(238,244,37980,9435,38,0);
INSERT INTO children(self_id, parent_id, from_parent_count, from_parent_calls, from_parent_paths, pct) VALUES(233,10,326556,1005,0,0);
INSERT INTO children(self_id, parent_id, from_parent_count, from_parent_calls, from_parent_paths, pct) VALUES(234,233,99796,841,0,0);
INSERT INTO children(self_id, parent_id, from_parent_count, from_parent_calls, from_parent_paths, pct) VALUES(235,234,30812,225,92,0);
INSERT INTO children(self_id, parent_id, from_parent_count, from_parent_calls, from_parent_paths, pct) VALUES(236,234,34492,308,107,0);
INSERT INTO children(self_id, parent_id, from_parent_count, from_parent_calls, from_parent_paths, pct) VALUES(237,234,34492,308,107,0);
INSERT INTO children(self_id, parent_id, from_parent_count, from_parent_calls, from_parent_paths, pct) VALUES(238,233,226760,164,0,0);
INSERT INTO children(self_id, parent_id, from_parent_count, from_parent_calls, from_parent_paths, pct) VALUES(239,238,39580,28,37,0);
INSERT INTO children(self_id, parent_id, from_parent_count, from_parent_calls, from_parent_paths, pct) VALUES(240,238,35260,20,30,0);
INSERT INTO children(self_id, parent_id, from_parent_count, from_parent_calls, from_parent_paths, pct) VALUES(241,238,37980,29,38,0);
INSERT INTO children(self_id, parent_id, from_parent_count, from_parent_calls, from_parent_paths, pct) VALUES(242,238,37980,29,38,0);
INSERT INTO children(self_id, parent_id, from_parent_count, from_parent_calls, from_parent_paths, pct) VALUES(243,238,37980,29,38,0);
INSERT INTO children(self_id, parent_id, from_parent_count, from_parent_calls, from_parent_paths, pct) VALUES(244,238,37980,29,38,0);
INSERT INTO mainrows(id, symbol_id, self_count, cumulative_count, kids, self_calls, total_calls, self_paths, total_paths, pct) VALUES(245, 245, 12232560, 12232560, 4, 2568358, 3001973, 3461, 3461, 0.0);
INSERT INTO mainrows(id, symbol_id, self_count, cumulative_count, kids, self_calls, total_calls, self_paths, total_paths, pct) VALUES(246, 246, 703576, 703576, 4, 207, 175894, 805, 805, 0.0);
INSERT INTO mainrows(id, symbol_id, self_count, cumulative_count, kids, self_calls, total_calls, self_paths, total_paths, pct) VALUES(247, 247, 175892, 175892, 0, 103, 43973, 201, 201, 0.0);
INSERT INTO mainrows(id, symbol_id, self_count, cumulative_count, kids, self_calls, total_calls, self_paths, total_paths, pct) VALUES(248, 248, 175892, 175892, 0, 0, 43973, 201, 201, 0.0);
INSERT INTO mainrows(id, symbol_id, self_count, cumulative_count, kids, self_calls, total_calls, self_paths, total_paths, pct) VALUES(249, 249, 175892, 175892, 0, 103, 43973, 201, 201, 0.0);
INSERT INTO mainrows(id, symbol_id, self_count, cumulative_count, kids, self_calls, total_calls, self_paths, total_paths, pct) VALUES(250, 250, 175892, 175892, 0, 0, 43973, 201, 201, 0.0);
INSERT INTO mainrows(id, symbol_id, self_count, cumulative_count, kids, self_calls, total_calls, self_paths, total_paths, pct) VALUES(251, 251, 52112, 52112, 0, 181, 6928, 460, 460, 0.0);
INSERT INTO mainrows(id, symbol_id, self_count, cumulative_count, kids, self_calls, total_calls, self_paths, total_paths, pct) VALUES(252, 252, 52112, 52112, 0, 181, 6928, 460, 460, 0.0);
INSERT INTO mainrows(id, symbol_id, self_count, cumulative_count, kids, self_calls, total_calls, self_paths, total_paths, pct) VALUES(253, 253, 11424760, 11424760, 8, 2567789, 2812223, 1736, 1736, 0.0);
INSERT INTO mainrows(id, symbol_id, self_count, cumulative_count, kids, self_calls, total_calls, self_paths, total_paths, pct) VALUES(254, 254, 7788604, 7788604, 11, 1717213, 1903184, 1060, 1060, 0.0);
INSERT INTO mainrows(id, symbol_id, self_count, cumulative_count, kids, self_calls, total_calls, self_paths, total_paths, pct) VALUES(255, 255, 708292, 708292, 1, 156106, 173076, 97, 97, 0.0);
INSERT INTO mainrows(id, symbol_id, self_count, cumulative_count, kids, self_calls, total_calls, self_paths, total_paths, pct) VALUES(256, 256, 25200, 25200, 0, 4, 6300, 4, 4, 0.0);
INSERT INTO mainrows(id, symbol_id, self_count, cumulative_count, kids, self_calls, total_calls, self_paths, total_paths, pct) VALUES(257, 257, 708292, 708292, 1, 156303, 173076, 97, 97, 0.0);
INSERT INTO mainrows(id, symbol_id, self_count, cumulative_count, kids, self_calls, total_calls, self_paths, total_paths, pct) VALUES(258, 258, 25200, 25200, 0, 4, 6300, 4, 4, 0.0);
INSERT INTO mainrows(id, symbol_id, self_count, cumulative_count, kids, self_calls, total_calls, self_paths, total_paths, pct) VALUES(259, 259, 705684, 705684, 1, 155936, 172424, 90, 90, 0.0);
INSERT INTO mainrows(id, symbol_id, self_count, cumulative_count, kids, self_calls, total_calls, self_paths, total_paths, pct) VALUES(260, 260, 25200, 25200, 0, 4, 6300, 4, 4, 0.0);
INSERT INTO mainrows(id, symbol_id, self_count, cumulative_count, kids, self_calls, total_calls, self_paths, total_paths, pct) VALUES(261, 261, 708292, 708292, 1, 156111, 173076, 97, 97, 0.0);
INSERT INTO mainrows(id, symbol_id, self_count, cumulative_count, kids, self_calls, total_calls, self_paths, total_paths, pct) VALUES(262, 262, 25200, 25200, 0, 4, 6300, 4, 4, 0.0);
INSERT INTO mainrows(id, symbol_id, self_count, cumulative_count, kids, self_calls, total_calls, self_paths, total_paths, pct) VALUES(263, 263, 708292, 708292, 1, 156109, 173076, 97, 97, 0.0);
INSERT INTO mainrows(id, symbol_id, self_count, cumulative_count, kids, self_calls, total_calls, self_paths, total_paths, pct) VALUES(264, 264, 25200, 25200, 0, 4, 6300, 4, 4, 0.0);
INSERT INTO mainrows(id, symbol_id, self_count, cumulative_count, kids, self_calls, total_calls, self_paths, total_paths, pct) VALUES(265, 265, 708292, 708292, 1, 156113, 173076, 97, 97, 0.0);
INSERT INTO mainrows(id, symbol_id, self_count, cumulative_count, kids, self_calls, total_calls, self_paths, total_paths, pct) VALUES(266, 266, 25200, 25200, 0, 4, 6300, 4, 4, 0.0);
INSERT INTO mainrows(id, symbol_id, self_count, cumulative_count, kids, self_calls, total_calls, self_paths, total_paths, pct) VALUES(267, 267, 708292, 708292, 1, 156111, 173076, 97, 97, 0.0);
INSERT INTO mainrows(id, symbol_id, self_count, cumulative_count, kids, self_calls, total_calls, self_paths, total_paths, pct) VALUES(268, 268, 25200, 25200, 0, 4, 6300, 4, 4, 0.0);
INSERT INTO mainrows(id, symbol_id, self_count, cumulative_count, kids, self_calls, total_calls, self_paths, total_paths, pct) VALUES(269, 269, 708292, 708292, 1, 156109, 173076, 97, 97, 0.0);
INSERT INTO mainrows(id, symbol_id, self_count, cumulative_count, kids, self_calls, total_calls, self_paths, total_paths, pct) VALUES(270, 270, 25200, 25200, 0, 4, 6300, 4, 4, 0.0);
INSERT INTO mainrows(id, symbol_id, self_count, cumulative_count, kids, self_calls, total_calls, self_paths, total_paths, pct) VALUES(271, 271, 708292, 708292, 1, 156103, 173076, 97, 97, 0.0);
INSERT INTO mainrows(id, symbol_id, self_count, cumulative_count, kids, self_calls, total_calls, self_paths, total_paths, pct) VALUES(272, 272, 25200, 25200, 0, 4, 6300, 4, 4, 0.0);
INSERT INTO mainrows(id, symbol_id, self_count, cumulative_count, kids, self_calls, total_calls, self_paths, total_paths, pct) VALUES(273, 273, 708292, 708292, 1, 156106, 173076, 97, 97, 0.0);
INSERT INTO mainrows(id, symbol_id, self_count, cumulative_count, kids, self_calls, total_calls, self_paths, total_paths, pct) VALUES(274, 274, 25200, 25200, 0, 4, 6300, 4, 4, 0.0);
INSERT INTO mainrows(id, symbol_id, self_count, cumulative_count, kids, self_calls, total_calls, self_paths, total_paths, pct) VALUES(275, 275, 708292, 708292, 1, 156106, 173076, 97, 97, 0.0);
INSERT INTO mainrows(id, symbol_id, self_count, cumulative_count, kids, self_calls, total_calls, self_paths, total_paths, pct) VALUES(276, 276, 25200, 25200, 0, 4, 6300, 4, 4, 0.0);
INSERT INTO mainrows(id, symbol_id, self_count, cumulative_count, kids, self_calls, total_calls, self_paths, total_paths, pct) VALUES(277, 277, 506076, 506076, 0, 118360, 126519, 94, 94, 0.0);
INSERT INTO mainrows(id, symbol_id, self_count, cumulative_count, kids, self_calls, total_calls, self_paths, total_paths, pct) VALUES(278, 278, 537284, 537284, 0, 125712, 134321, 100, 100, 0.0);
INSERT INTO mainrows(id, symbol_id, self_count, cumulative_count, kids, self_calls, total_calls, self_paths, total_paths, pct) VALUES(279, 279, 506076, 506076, 0, 118360, 126519, 94, 94, 0.0);
INSERT INTO mainrows(id, symbol_id, self_count, cumulative_count, kids, self_calls, total_calls, self_paths, total_paths, pct) VALUES(280, 280, 537284, 537284, 0, 125712, 134321, 100, 100, 0.0);
INSERT INTO mainrows(id, symbol_id, self_count, cumulative_count, kids, self_calls, total_calls, self_paths, total_paths, pct) VALUES(281, 281, 506076, 506076, 0, 118360, 126519, 94, 94, 0.0);
INSERT INTO mainrows(id, symbol_id, self_count, cumulative_count, kids, self_calls, total_calls, self_paths, total_paths, pct) VALUES(282, 282, 506076, 506076, 0, 118360, 126519, 94, 94, 0.0);
INSERT INTO mainrows(id, symbol_id, self_count, cumulative_count, kids, self_calls, total_calls, self_paths, total_paths, pct) VALUES(283, 283, 537284, 537284, 0, 125712, 134321, 100, 100, 0.0);
INSERT INTO parents(self_id, child_id, to_child_count, to_child_calls, to_child_paths, pct) VALUES(10,245,0,0,0,0);
INSERT INTO parents(self_id, child_id, to_child_count, to_child_calls, to_child_paths, pct) VALUES(245,246,8,2,1,0);
INSERT INTO parents(self_id, child_id, to_child_count, to_child_calls, to_child_paths, pct) VALUES(246,247,175892,43973,201,0);
INSERT INTO parents(self_id, child_id, to_child_count, to_child_calls, to_child_paths, pct) VALUES(246,248,175892,43973,201,0);
INSERT INTO parents(self_id, child_id, to_child_count, to_child_calls, to_child_paths, pct) VALUES(246,249,175892,43973,201,0);
INSERT INTO parents(self_id, child_id, to_child_count, to_child_calls, to_child_paths, pct) VALUES(246,250,175892,43973,201,0);
INSERT INTO parents(self_id, child_id, to_child_count, to_child_calls, to_child_paths, pct) VALUES(245,251,52112,6928,460,0);
INSERT INTO parents(self_id, child_id, to_child_count, to_child_calls, to_child_paths, pct) VALUES(245,252,52112,6928,460,0);
INSERT INTO parents(self_id, child_id, to_child_count, to_child_calls, to_child_paths, pct) VALUES(245,253,0,0,0,0);
INSERT INTO parents(self_id, child_id, to_child_count, to_child_calls, to_child_paths, pct) VALUES(253,254,0,0,0,0);
INSERT INTO parents(self_id, child_id, to_child_count, to_child_calls, to_child_paths, pct) VALUES(254,255,683092,166776,93,0);
INSERT INTO parents(self_id, child_id, to_child_count, to_child_calls, to_child_paths, pct) VALUES(255,256,25200,6300,4,0);
INSERT INTO parents(self_id, child_id, to_child_count, to_child_calls, to_child_paths, pct) VALUES(254,257,683092,166776,93,0);
INSERT INTO parents(self_id, child_id, to_child_count, to_child_calls, to_child_paths, pct) VALUES(257,258,25200,6300,4,0);
INSERT INTO parents(self_id, child_id, to_child_count, to_child_calls, to_child_paths, pct) VALUES(254,259,680484,166124,86,0);
INSERT INTO parents(self_id, child_id, to_child_count, to_child_calls, to_child_paths, pct) VALUES(259,260,25200,6300,4,0);
INSERT INTO parents(self_id, child_id, to_child_count, to_child_calls, to_child_paths, pct) VALUES(254,261,683092,166776,93,0);
INSERT INTO parents(self_id, child_id, to_child_count, to_child_calls, to_child_paths, pct) VALUES(261,262,25200,6300,4,0);
INSERT INTO parents(self_id, child_id, to_child_count, to_child_calls, to_child_paths, pct) VALUES(254,263,683092,166776,93,0);
INSERT INTO parents(self_id, child_id, to_child_count, to_child_calls, to_child_paths, pct) VALUES(263,264,25200,6300,4,0);
INSERT INTO parents(self_id, child_id, to_child_count, to_child_calls, to_child_paths, pct) VALUES(254,265,683092,166776,93,0);
INSERT INTO parents(self_id, child_id, to_child_count, to_child_calls, to_child_paths, pct) VALUES(265,266,25200,6300,4,0);
INSERT INTO parents(self_id, child_id, to_child_count, to_child_calls, to_child_paths, pct) VALUES(254,267,683092,166776,93,0);
INSERT INTO parents(self_id, child_id, to_child_count, to_child_calls, to_child_paths, pct) VALUES(267,268,25200,6300,4,0);
INSERT INTO parents(self_id, child_id, to_child_count, to_child_calls, to_child_paths, pct) VALUES(254,269,683092,166776,93,0);
INSERT INTO parents(self_id, child_id, to_child_count, to_child_calls, to_child_paths, pct) VALUES(269,270,25200,6300,4,0);
INSERT INTO parents(self_id, child_id, to_child_count, to_child_calls, to_child_paths, pct) VALUES(254,271,683092,166776,93,0);
INSERT INTO parents(self_id, child_id, to_child_count, to_child_calls, to_child_paths, pct) VALUES(271,272,25200,6300,4,0);
INSERT INTO parents(self_id, child_id, to_child_count, to_child_calls, to_child_paths, pct) VALUES(254,273,683092,166776,93,0);
INSERT INTO parents(self_id, child_id, to_child_count, to_child_calls, to_child_paths, pct) VALUES(273,274,25200,6300,4,0);
INSERT INTO parents(self_id, child_id, to_child_count, to_child_calls, to_child_paths, pct) VALUES(254,275,683092,166776,93,0);
INSERT INTO parents(self_id, child_id, to_child_count, to_child_calls, to_child_paths, pct) VALUES(275,276,25200,6300,4,0);
INSERT INTO parents(self_id, child_id, to_child_count, to_child_calls, to_child_paths, pct) VALUES(253,277,506076,126519,94,0);
INSERT INTO parents(self_id, child_id, to_child_count, to_child_calls, to_child_paths, pct) VALUES(253,278,537284,134321,100,0);
INSERT INTO parents(self_id, child_id, to_child_count, to_child_calls, to_child_paths, pct) VALUES(253,279,506076,126519,94,0);
INSERT INTO parents(self_id, child_id, to_child_count, to_child_calls, to_child_paths, pct) VALUES(253,280,537284,134321,100,0);
INSERT INTO parents(self_id, child_id, to_child_count, to_child_calls, to_child_paths, pct) VALUES(253,281,506076,126519,94,0);
INSERT INTO parents(self_id, child_id, to_child_count, to_child_calls, to_child_paths, pct) VALUES(253,282,506076,126519,94,0);
INSERT INTO parents(self_id, child_id, to_child_count, to_child_calls, to_child_paths, pct) VALUES(253,283,537284,134321,100,0);
INSERT INTO children(self_id, parent_id, from_parent_count, from_parent_calls, from_parent_paths, pct) VALUES(245,10,12232560,2568358,0,0);
INSERT INTO children(self_id, parent_id, from_parent_count, from_parent_calls, from_parent_paths, pct) VALUES(246,245,703576,207,1,0);
INSERT INTO children(self_id, parent_id, from_parent_count, from_parent_calls, from_parent_paths, pct) VALUES(247,246,175892,103,201,0);
INSERT INTO children(self_id, parent_id, from_parent_count, from_parent_calls, from_parent_paths, pct) VALUES(248,246,175892,0,201,0);
INSERT INTO children(self_id, parent_id, from_parent_count, from_parent_calls, from_parent_paths, pct) VALUES(249,246,175892,103,201,0);
INSERT INTO children(self_id, parent_id, from_parent_count, from_parent_calls, from_parent_paths, pct) VALUES(250,246,175892,0,201,0);
INSERT INTO children(self_id, parent_id, from_parent_count, from_parent_calls, from_parent_paths, pct) VALUES(251,245,52112,181,460,0);
INSERT INTO children(self_id, parent_id, from_parent_count, from_parent_calls, from_parent_paths, pct) VALUES(252,245,52112,181,460,0);
INSERT INTO children(self_id, parent_id, from_parent_count, from_parent_calls, from_parent_paths, pct) VALUES(253,245,11424760,2567789,0,0);
INSERT INTO children(self_id, parent_id, from_parent_count, from_parent_calls, from_parent_paths, pct) VALUES(254,253,7788604,1717213,0,0);
INSERT INTO children(self_id, parent_id, from_parent_count, from_parent_calls, from_parent_paths, pct) VALUES(255,254,708292,156106,93,0);
INSERT INTO children(self_id, parent_id, from_parent_count, from_parent_calls, from_parent_paths, pct) VALUES(256,255,25200,4,4,0);
INSERT INTO children(self_id, parent_id, from_parent_count, from_parent_calls, from_parent_paths, pct) VALUES(257,254,708292,156303,93,0);
INSERT INTO children(self_id, parent_id, from_parent_count, from_parent_calls, from_parent_paths, pct) VALUES(258,257,25200,4,4,0);
INSERT INTO children(self_id, parent_id, from_parent_count, from_parent_calls, from_parent_paths, pct) VALUES(259,254,705684,155936,86,0);
INSERT INTO children(self_id, parent_id, from_parent_count, from_parent_calls, from_parent_paths, pct) VALUES(260,259,25200,4,4,0);
INSERT INTO children(self_id, parent_id, from_parent_count, from_parent_calls, from_parent_paths, pct) VALUES(261,254,708292,156111,93,0);
INSERT INTO children(self_id, parent_id, from_parent_count, from_parent_calls, from_parent_paths, pct) VALUES(262,261,25200,4,4,0);
INSERT INTO children(self_id, parent_id, from_parent_count, from_parent_calls, from_parent_paths, pct) VALUES(263,254,708292,156109,93,0);
INSERT INTO children(self_id, parent_id, from_parent_count, from_parent_calls, from_parent_paths, pct) VALUES(264,263,25200,4,4,0);
INSERT INTO children(self_id, parent_id, from_parent_count, from_parent_calls, from_parent_paths, pct) VALUES(265,254,708292,156113,93,0);
INSERT INTO children(self_id, parent_id, from_parent_count, from_parent_calls, from_parent_paths, pct) VALUES(266,265,25200,4,4,0);
INSERT INTO children(self_id, parent_id, from_parent_count, from_parent_calls, from_parent_paths, pct) VALUES(267,254,708292,156111,93,0);
INSERT INTO children(self_id, parent_id, from_parent_count, from_parent_calls, from_parent_paths, pct) VALUES(268,267,25200,4,4,0);
INSERT INTO children(self_id, parent_id, from_parent_count, from_parent_calls, from_parent_paths, pct) VALUES(269,254,708292,156109,93,0);
INSERT INTO children(self_id, parent_id, from_parent_count, from_parent_calls, from_parent_paths, pct) VALUES(270,269,25200,4,4,0);
INSERT INTO children(self_id, parent_id, from_parent_count, from_parent_calls, from_parent_paths, pct) VALUES(271,254,708292,156103,93,0);
INSERT INTO children(self_id, parent_id, from_parent_count, from_parent_calls, from_parent_paths, pct) VALUES(272,271,25200,4,4,0);
INSERT INTO children(self_id, parent_id, from_parent_count, from_parent_calls, from_parent_paths, pct) VALUES(273,254,708292,156106,93,0);
INSERT INTO children(self_id, parent_id, from_parent_count, from_parent_calls, from_parent_paths, pct) VALUES(274,273,25200,4,4,0);
INSERT INTO children(self_id, parent_id, from_parent_count, from_parent_calls, from_parent_paths, pct) VALUES(275,254,708292,156106,93,0);
INSERT INTO children(self_id, parent_id, from_parent_count, from_parent_calls, from_parent_paths, pct) VALUES(276,275,25200,4,4,0);
INSERT INTO children(self_id, parent_id, from_parent_count, from_parent_calls, from_parent_paths, pct) VALUES(277,253,506076,118360,94,0);
INSERT INTO children(self_id, parent_id, from_parent_count, from_parent_calls, from_parent_paths, pct) VALUES(278,253,537284,125712,100,0);
INSERT INTO children(self_id, parent_id, from_parent_count, from_parent_calls, from_parent_paths, pct) VALUES(279,253,506076,118360,94,0);
INSERT INTO children(self_id, parent_id, from_parent_count, from_parent_calls, from_parent_paths, pct) VALUES(280,253,537284,125712,100,0);
INSERT INTO children(self_id, parent_id, from_parent_count, from_parent_calls, from_parent_paths, pct) VALUES(281,253,506076,118360,94,0);
INSERT INTO children(self_id, parent_id, from_parent_count, from_parent_calls, from_parent_paths, pct) VALUES(282,253,506076,118360,94,0);
INSERT INTO children(self_id, parent_id, from_parent_count, from_parent_calls, from_parent_paths, pct) VALUES(283,253,537284,125712,100,0);
INSERT INTO mainrows(id, symbol_id, self_count, cumulative_count, kids, self_calls, total_calls, self_paths, total_paths, pct) VALUES(284, 284, 1653488, 1653488, 10, 132802, 413372, 1702, 1702, 0.0);
INSERT INTO mainrows(id, symbol_id, self_count, cumulative_count, kids, self_calls, total_calls, self_paths, total_paths, pct) VALUES(285, 285, 23500, 23500, 9, 0, 5875, 112, 112, 0.0);
INSERT INTO mainrows(id, symbol_id, self_count, cumulative_count, kids, self_calls, total_calls, self_paths, total_paths, pct) VALUES(286, 286, 2560, 2560, 0, 0, 640, 11, 11, 0.0);
INSERT INTO mainrows(id, symbol_id, self_count, cumulative_count, kids, self_calls, total_calls, self_paths, total_paths, pct) VALUES(287, 287, 340, 340, 0, 0, 85, 2, 2, 0.0);
INSERT INTO mainrows(id, symbol_id, self_count, cumulative_count, kids, self_calls, total_calls, self_paths, total_paths, pct) VALUES(288, 288, 2800, 2800, 0, 0, 700, 12, 12, 0.0);
INSERT INTO mainrows(id, symbol_id, self_count, cumulative_count, kids, self_calls, total_calls, self_paths, total_paths, pct) VALUES(289, 289, 2800, 2800, 0, 0, 700, 12, 12, 0.0);
INSERT INTO mainrows(id, symbol_id, self_count, cumulative_count, kids, self_calls, total_calls, self_paths, total_paths, pct) VALUES(290, 290, 3000, 3000, 0, 0, 750, 15, 15, 0.0);
INSERT INTO mainrows(id, symbol_id, self_count, cumulative_count, kids, self_calls, total_calls, self_paths, total_paths, pct) VALUES(291, 291, 3000, 3000, 0, 0, 750, 15, 15, 0.0);
INSERT INTO mainrows(id, symbol_id, self_count, cumulative_count, kids, self_calls, total_calls, self_paths, total_paths, pct) VALUES(292, 292, 3000, 3000, 0, 0, 750, 15, 15, 0.0);
INSERT INTO mainrows(id, symbol_id, self_count, cumulative_count, kids, self_calls, total_calls, self_paths, total_paths, pct) VALUES(293, 293, 3000, 3000, 0, 0, 750, 15, 15, 0.0);
INSERT INTO mainrows(id, symbol_id, self_count, cumulative_count, kids, self_calls, total_calls, self_paths, total_paths, pct) VALUES(294, 294, 3000, 3000, 0, 0, 750, 15, 15, 0.0);
INSERT INTO mainrows(id, symbol_id, self_count, cumulative_count, kids, self_calls, total_calls, self_paths, total_paths, pct) VALUES(295, 295, 36760, 36760, 0, 0, 9190, 15, 15, 0.0);
INSERT INTO mainrows(id, symbol_id, self_count, cumulative_count, kids, self_calls, total_calls, self_paths, total_paths, pct) VALUES(296, 296, 18744, 18744, 0, 2176, 4686, 44, 44, 0.0);
INSERT INTO mainrows(id, symbol_id, self_count, cumulative_count, kids, self_calls, total_calls, self_paths, total_paths, pct) VALUES(297, 297, 16936, 16936, 0, 0, 4234, 56, 56, 0.0);
INSERT INTO mainrows(id, symbol_id, self_count, cumulative_count, kids, self_calls, total_calls, self_paths, total_paths, pct) VALUES(298, 298, 54000, 54000, 0, 0, 13500, 13, 13, 0.0);
INSERT INTO mainrows(id, symbol_id, self_count, cumulative_count, kids, self_calls, total_calls, self_paths, total_paths, pct) VALUES(299, 299, 3720, 3720, 3, 0, 930, 20, 20, 0.0);
INSERT INTO mainrows(id, symbol_id, self_count, cumulative_count, kids, self_calls, total_calls, self_paths, total_paths, pct) VALUES(300, 300, 320, 320, 0, 0, 80, 2, 2, 0.0);
INSERT INTO mainrows(id, symbol_id, self_count, cumulative_count, kids, self_calls, total_calls, self_paths, total_paths, pct) VALUES(301, 301, 400, 400, 0, 0, 100, 2, 2, 0.0);
INSERT INTO mainrows(id, symbol_id, self_count, cumulative_count, kids, self_calls, total_calls, self_paths, total_paths, pct) VALUES(302, 302, 3000, 3000, 0, 0, 750, 16, 16, 0.0);
INSERT INTO mainrows(id, symbol_id, self_count, cumulative_count, kids, self_calls, total_calls, self_paths, total_paths, pct) VALUES(303, 303, 9548, 9548, 0, 0, 2387, 39, 39, 0.0);
INSERT INTO mainrows(id, symbol_id, self_count, cumulative_count, kids, self_calls, total_calls, self_paths, total_paths, pct) VALUES(304, 304, 1556, 1556, 0, 0, 389, 28, 28, 0.0);
INSERT INTO mainrows(id, symbol_id, self_count, cumulative_count, kids, self_calls, total_calls, self_paths, total_paths, pct) VALUES(305, 305, 93480, 93480, 0, 21609, 23370, 28, 28, 0.0);
INSERT INTO mainrows(id, symbol_id, self_count, cumulative_count, kids, self_calls, total_calls, self_paths, total_paths, pct) VALUES(306, 306, 1395244, 1395244, 7, 109017, 348811, 1347, 1347, 0.0);
INSERT INTO mainrows(id, symbol_id, self_count, cumulative_count, kids, self_calls, total_calls, self_paths, total_paths, pct) VALUES(307, 307, 189712, 189712, 4, 33012, 47428, 240, 240, 0.0);
INSERT INTO mainrows(id, symbol_id, self_count, cumulative_count, kids, self_calls, total_calls, self_paths, total_paths, pct) VALUES(308, 308, 47428, 47428, 0, 8253, 11857, 60, 60, 0.0);
INSERT INTO mainrows(id, symbol_id, self_count, cumulative_count, kids, self_calls, total_calls, self_paths, total_paths, pct) VALUES(309, 309, 47428, 47428, 0, 8253, 11857, 60, 60, 0.0);
INSERT INTO mainrows(id, symbol_id, self_count, cumulative_count, kids, self_calls, total_calls, self_paths, total_paths, pct) VALUES(310, 310, 47428, 47428, 0, 8253, 11857, 60, 60, 0.0);
INSERT INTO mainrows(id, symbol_id, self_count, cumulative_count, kids, self_calls, total_calls, self_paths, total_paths, pct) VALUES(311, 311, 47428, 47428, 0, 8253, 11857, 60, 60, 0.0);
INSERT INTO mainrows(id, symbol_id, self_count, cumulative_count, kids, self_calls, total_calls, self_paths, total_paths, pct) VALUES(312, 312, 189712, 189712, 4, 33012, 47428, 240, 240, 0.0);
INSERT INTO mainrows(id, symbol_id, self_count, cumulative_count, kids, self_calls, total_calls, self_paths, total_paths, pct) VALUES(313, 313, 47428, 47428, 0, 8253, 11857, 60, 60, 0.0);
INSERT INTO mainrows(id, symbol_id, self_count, cumulative_count, kids, self_calls, total_calls, self_paths, total_paths, pct) VALUES(314, 314, 47428, 47428, 0, 8253, 11857, 60, 60, 0.0);
INSERT INTO mainrows(id, symbol_id, self_count, cumulative_count, kids, self_calls, total_calls, self_paths, total_paths, pct) VALUES(315, 315, 47428, 47428, 0, 8253, 11857, 60, 60, 0.0);
INSERT INTO mainrows(id, symbol_id, self_count, cumulative_count, kids, self_calls, total_calls, self_paths, total_paths, pct) VALUES(316, 316, 47428, 47428, 0, 8253, 11857, 60, 60, 0.0);
INSERT INTO mainrows(id, symbol_id, self_count, cumulative_count, kids, self_calls, total_calls, self_paths, total_paths, pct) VALUES(317, 317, 120440, 120440, 2, 5218, 30110, 102, 102, 0.0);
INSERT INTO mainrows(id, symbol_id, self_count, cumulative_count, kids, self_calls, total_calls, self_paths, total_paths, pct) VALUES(318, 318, 60220, 60220, 0, 2609, 15055, 51, 51, 0.0);
INSERT INTO mainrows(id, symbol_id, self_count, cumulative_count, kids, self_calls, total_calls, self_paths, total_paths, pct) VALUES(319, 319, 60220, 60220, 0, 2609, 15055, 51, 51, 0.0);
INSERT INTO mainrows(id, symbol_id, self_count, cumulative_count, kids, self_calls, total_calls, self_paths, total_paths, pct) VALUES(320, 320, 120440, 120440, 2, 5218, 30110, 102, 102, 0.0);
INSERT INTO mainrows(id, symbol_id, self_count, cumulative_count, kids, self_calls, total_calls, self_paths, total_paths, pct) VALUES(321, 321, 60220, 60220, 0, 2609, 15055, 51, 51, 0.0);
INSERT INTO mainrows(id, symbol_id, self_count, cumulative_count, kids, self_calls, total_calls, self_paths, total_paths, pct) VALUES(322, 322, 60220, 60220, 0, 2609, 15055, 51, 51, 0.0);
INSERT INTO mainrows(id, symbol_id, self_count, cumulative_count, kids, self_calls, total_calls, self_paths, total_paths, pct) VALUES(323, 323, 180660, 180660, 3, 7827, 45165, 153, 153, 0.0);
INSERT INTO mainrows(id, symbol_id, self_count, cumulative_count, kids, self_calls, total_calls, self_paths, total_paths, pct) VALUES(324, 324, 60220, 60220, 0, 2609, 15055, 51, 51, 0.0);
INSERT INTO mainrows(id, symbol_id, self_count, cumulative_count, kids, self_calls, total_calls, self_paths, total_paths, pct) VALUES(325, 325, 60220, 60220, 0, 2609, 15055, 51, 51, 0.0);
INSERT INTO mainrows(id, symbol_id, self_count, cumulative_count, kids, self_calls, total_calls, self_paths, total_paths, pct) VALUES(326, 326, 60220, 60220, 0, 2609, 15055, 51, 51, 0.0);
INSERT INTO mainrows(id, symbol_id, self_count, cumulative_count, kids, self_calls, total_calls, self_paths, total_paths, pct) VALUES(327, 327, 297140, 297140, 5, 12365, 74285, 255, 255, 0.0);
INSERT INTO mainrows(id, symbol_id, self_count, cumulative_count, kids, self_calls, total_calls, self_paths, total_paths, pct) VALUES(328, 328, 59428, 59428, 0, 2473, 14857, 51, 51, 0.0);
INSERT INTO mainrows(id, symbol_id, self_count, cumulative_count, kids, self_calls, total_calls, self_paths, total_paths, pct) VALUES(329, 329, 59428, 59428, 0, 2473, 14857, 51, 51, 0.0);
INSERT INTO mainrows(id, symbol_id, self_count, cumulative_count, kids, self_calls, total_calls, self_paths, total_paths, pct) VALUES(330, 330, 59428, 59428, 0, 2473, 14857, 51, 51, 0.0);
INSERT INTO mainrows(id, symbol_id, self_count, cumulative_count, kids, self_calls, total_calls, self_paths, total_paths, pct) VALUES(331, 331, 59428, 59428, 0, 2473, 14857, 51, 51, 0.0);
INSERT INTO mainrows(id, symbol_id, self_count, cumulative_count, kids, self_calls, total_calls, self_paths, total_paths, pct) VALUES(332, 332, 59428, 59428, 0, 2473, 14857, 51, 51, 0.0);
INSERT INTO mainrows(id, symbol_id, self_count, cumulative_count, kids, self_calls, total_calls, self_paths, total_paths, pct) VALUES(333, 333, 297140, 297140, 5, 12365, 74285, 255, 255, 0.0);
INSERT INTO mainrows(id, symbol_id, self_count, cumulative_count, kids, self_calls, total_calls, self_paths, total_paths, pct) VALUES(334, 334, 59428, 59428, 0, 2473, 14857, 51, 51, 0.0);
INSERT INTO mainrows(id, symbol_id, self_count, cumulative_count, kids, self_calls, total_calls, self_paths, total_paths, pct) VALUES(335, 335, 59428, 59428, 0, 2473, 14857, 51, 51, 0.0);
INSERT INTO mainrows(id, symbol_id, self_count, cumulative_count, kids, self_calls, total_calls, self_paths, total_paths, pct) VALUES(336, 336, 59428, 59428, 0, 2473, 14857, 51, 51, 0.0);
INSERT INTO mainrows(id, symbol_id, self_count, cumulative_count, kids, self_calls, total_calls, self_paths, total_paths, pct) VALUES(337, 337, 59428, 59428, 0, 2473, 14857, 51, 51, 0.0);
INSERT INTO mainrows(id, symbol_id, self_count, cumulative_count, kids, self_calls, total_calls, self_paths, total_paths, pct) VALUES(338, 338, 59428, 59428, 0, 2473, 14857, 51, 51, 0.0);
INSERT INTO parents(self_id, child_id, to_child_count, to_child_calls, to_child_paths, pct) VALUES(10,284,0,0,0,0);
INSERT INTO parents(self_id, child_id, to_child_count, to_child_calls, to_child_paths, pct) VALUES(284,285,0,0,0,0);
INSERT INTO parents(self_id, child_id, to_child_count, to_child_calls, to_child_paths, pct) VALUES(285,286,2560,640,11,0);
INSERT INTO parents(self_id, child_id, to_child_count, to_child_calls, to_child_paths, pct) VALUES(285,287,340,85,2,0);
INSERT INTO parents(self_id, child_id, to_child_count, to_child_calls, to_child_paths, pct) VALUES(285,288,2800,700,12,0);
INSERT INTO parents(self_id, child_id, to_child_count, to_child_calls, to_child_paths, pct) VALUES(285,289,2800,700,12,0);
INSERT INTO parents(self_id, child_id, to_child_count, to_child_calls, to_child_paths, pct) VALUES(285,290,3000,750,15,0);
INSERT INTO parents(self_id, child_id, to_child_count, to_child_calls, to_child_paths, pct) VALUES(285,291,3000,750,15,0);
INSERT INTO parents(self_id, child_id, to_child_count, to_child_calls, to_child_paths, pct) VALUES(285,292,3000,750,15,0);
INSERT INTO parents(self_id, child_id, to_child_count, to_child_calls, to_child_paths, pct) VALUES(285,293,3000,750,15,0);
INSERT INTO parents(self_id, child_id, to_child_count, to_child_calls, to_child_paths, pct) VALUES(285,294,3000,750,15,0);
INSERT INTO parents(self_id, child_id, to_child_count, to_child_calls, to_child_paths, pct) VALUES(284,295,36760,9190,15,0);
INSERT INTO parents(self_id, child_id, to_child_count, to_child_calls, to_child_paths, pct) VALUES(284,296,18744,4686,44,0);
INSERT INTO parents(self_id, child_id, to_child_count, to_child_calls, to_child_paths, pct) VALUES(284,297,16936,4234,56,0);
INSERT INTO parents(self_id, child_id, to_child_count, to_child_calls, to_child_paths, pct) VALUES(284,298,54000,13500,13,0);
INSERT INTO parents(self_id, child_id, to_child_count, to_child_calls, to_child_paths, pct) VALUES(284,299,0,0,0,0);
INSERT INTO parents(self_id, child_id, to_child_count, to_child_calls, to_child_paths, pct) VALUES(299,300,320,80,2,0);
INSERT INTO parents(self_id, child_id, to_child_count, to_child_calls, to_child_paths, pct) VALUES(299,301,400,100,2,0);
INSERT INTO parents(self_id, child_id, to_child_count, to_child_calls, to_child_paths, pct) VALUES(299,302,3000,750,16,0);
INSERT INTO parents(self_id, child_id, to_child_count, to_child_calls, to_child_paths, pct) VALUES(284,303,9548,2387,39,0);
INSERT INTO parents(self_id, child_id, to_child_count, to_child_calls, to_child_paths, pct) VALUES(284,304,1556,389,28,0);
INSERT INTO parents(self_id, child_id, to_child_count, to_child_calls, to_child_paths, pct) VALUES(284,305,93480,23370,28,0);
INSERT INTO parents(self_id, child_id, to_child_count, to_child_calls, to_child_paths, pct) VALUES(284,306,0,0,0,0);
INSERT INTO parents(self_id, child_id, to_child_count, to_child_calls, to_child_paths, pct) VALUES(306,307,0,0,0,0);
INSERT INTO parents(self_id, child_id, to_child_count, to_child_calls, to_child_paths, pct) VALUES(307,308,47428,11857,60,0);
INSERT INTO parents(self_id, child_id, to_child_count, to_child_calls, to_child_paths, pct) VALUES(307,309,47428,11857,60,0);
INSERT INTO parents(self_id, child_id, to_child_count, to_child_calls, to_child_paths, pct) VALUES(307,310,47428,11857,60,0);
INSERT INTO parents(self_id, child_id, to_child_count, to_child_calls, to_child_paths, pct) VALUES(307,311,47428,11857,60,0);
INSERT INTO parents(self_id, child_id, to_child_count, to_child_calls, to_child_paths, pct) VALUES(306,312,0,0,0,0);
INSERT INTO parents(self_id, child_id, to_child_count, to_child_calls, to_child_paths, pct) VALUES(312,313,47428,11857,60,0);
INSERT INTO parents(self_id, child_id, to_child_count, to_child_calls, to_child_paths, pct) VALUES(312,314,47428,11857,60,0);
INSERT INTO parents(self_id, child_id, to_child_count, to_child_calls, to_child_paths, pct) VALUES(312,315,47428,11857,60,0);
INSERT INTO parents(self_id, child_id, to_child_count, to_child_calls, to_child_paths, pct) VALUES(312,316,47428,11857,60,0);
INSERT INTO parents(self_id, child_id, to_child_count, to_child_calls, to_child_paths, pct) VALUES(306,317,0,0,0,0);
INSERT INTO parents(self_id, child_id, to_child_count, to_child_calls, to_child_paths, pct) VALUES(317,318,60220,15055,51,0);
INSERT INTO parents(self_id, child_id, to_child_count, to_child_calls, to_child_paths, pct) VALUES(317,319,60220,15055,51,0);
INSERT INTO parents(self_id, child_id, to_child_count, to_child_calls, to_child_paths, pct) VALUES(306,320,0,0,0,0);
INSERT INTO parents(self_id, child_id, to_child_count, to_child_calls, to_child_paths, pct) VALUES(320,321,60220,15055,51,0);
INSERT INTO parents(self_id, child_id, to_child_count, to_child_calls, to_child_paths, pct) VALUES(320,322,60220,15055,51,0);
INSERT INTO parents(self_id, child_id, to_child_count, to_child_calls, to_child_paths, pct) VALUES(306,323,0,0,0,0);
INSERT INTO parents(self_id, child_id, to_child_count, to_child_calls, to_child_paths, pct) VALUES(323,324,60220,15055,51,0);
INSERT INTO parents(self_id, child_id, to_child_count, to_child_calls, to_child_paths, pct) VALUES(323,325,60220,15055,51,0);
INSERT INTO parents(self_id, child_id, to_child_count, to_child_calls, to_child_paths, pct) VALUES(323,326,60220,15055,51,0);
INSERT INTO parents(self_id, child_id, to_child_count, to_child_calls, to_child_paths, pct) VALUES(306,327,0,0,0,0);
INSERT INTO parents(self_id, child_id, to_child_count, to_child_calls, to_child_paths, pct) VALUES(327,328,59428,14857,51,0);
INSERT INTO parents(self_id, child_id, to_child_count, to_child_calls, to_child_paths, pct) VALUES(327,329,59428,14857,51,0);
INSERT INTO parents(self_id, child_id, to_child_count, to_child_calls, to_child_paths, pct) VALUES(327,330,59428,14857,51,0);
INSERT INTO parents(self_id, child_id, to_child_count, to_child_calls, to_child_paths, pct) VALUES(327,331,59428,14857,51,0);
INSERT INTO parents(self_id, child_id, to_child_count, to_child_calls, to_child_paths, pct) VALUES(327,332,59428,14857,51,0);
INSERT INTO parents(self_id, child_id, to_child_count, to_child_calls, to_child_paths, pct) VALUES(306,333,0,0,0,0);
INSERT INTO parents(self_id, child_id, to_child_count, to_child_calls, to_child_paths, pct) VALUES(333,334,59428,14857,51,0);
INSERT INTO parents(self_id, child_id, to_child_count, to_child_calls, to_child_paths, pct) VALUES(333,335,59428,14857,51,0);
INSERT INTO parents(self_id, child_id, to_child_count, to_child_calls, to_child_paths, pct) VALUES(333,336,59428,14857,51,0);
INSERT INTO parents(self_id, child_id, to_child_count, to_child_calls, to_child_paths, pct) VALUES(333,337,59428,14857,51,0);
INSERT INTO parents(self_id, child_id, to_child_count, to_child_calls, to_child_paths, pct) VALUES(333,338,59428,14857,51,0);
INSERT INTO children(self_id, parent_id, from_parent_count, from_parent_calls, from_parent_paths, pct) VALUES(284,10,1653488,132802,0,0);
INSERT INTO children(self_id, parent_id, from_parent_count, from_parent_calls, from_parent_paths, pct) VALUES(285,284,23500,0,0,0);
INSERT INTO children(self_id, parent_id, from_parent_count, from_parent_calls, from_parent_paths, pct) VALUES(286,285,2560,0,11,0);
INSERT INTO children(self_id, parent_id, from_parent_count, from_parent_calls, from_parent_paths, pct) VALUES(287,285,340,0,2,0);
INSERT INTO children(self_id, parent_id, from_parent_count, from_parent_calls, from_parent_paths, pct) VALUES(288,285,2800,0,12,0);
INSERT INTO children(self_id, parent_id, from_parent_count, from_parent_calls, from_parent_paths, pct) VALUES(289,285,2800,0,12,0);
INSERT INTO children(self_id, parent_id, from_parent_count, from_parent_calls, from_parent_paths, pct) VALUES(290,285,3000,0,15,0);
INSERT INTO children(self_id, parent_id, from_parent_count, from_parent_calls, from_parent_paths, pct) VALUES(291,285,3000,0,15,0);
INSERT INTO children(self_id, parent_id, from_parent_count, from_parent_calls, from_parent_paths, pct) VALUES(292,285,3000,0,15,0);
INSERT INTO children(self_id, parent_id, from_parent_count, from_parent_calls, from_parent_paths, pct) VALUES(293,285,3000,0,15,0);
INSERT INTO children(self_id, parent_id, from_parent_count, from_parent_calls, from_parent_paths, pct) VALUES(294,285,3000,0,15,0);
INSERT INTO children(self_id, parent_id, from_parent_count, from_parent_calls, from_parent_paths, pct) VALUES(295,284,36760,0,15,0);
INSERT INTO children(self_id, parent_id, from_parent_count, from_parent_calls, from_parent_paths, pct) VALUES(296,284,18744,2176,44,0);
INSERT INTO children(self_id, parent_id, from_parent_count, from_parent_calls, from_parent_paths, pct) VALUES(297,284,16936,0,56,0);
INSERT INTO children(self_id, parent_id, from_parent_count, from_parent_calls, from_parent_paths, pct) VALUES(298,284,54000,0,13,0);
INSERT INTO children(self_id, parent_id, from_parent_count, from_parent_calls, from_parent_paths, pct) VALUES(299,284,3720,0,0,0);
INSERT INTO children(self_id, parent_id, from_parent_count, from_parent_calls, from_parent_paths, pct) VALUES(300,299,320,0,2,0);
INSERT INTO children(self_id, parent_id, from_parent_count, from_parent_calls, from_parent_paths, pct) VALUES(301,299,400,0,2,0);
INSERT INTO children(self_id, parent_id, from_parent_count, from_parent_calls, from_parent_paths, pct) VALUES(302,299,3000,0,16,0);
INSERT INTO children(self_id, parent_id, from_parent_count, from_parent_calls, from_parent_paths, pct) VALUES(303,284,9548,0,39,0);
INSERT INTO children(self_id, parent_id, from_parent_count, from_parent_calls, from_parent_paths, pct) VALUES(304,284,1556,0,28,0);
INSERT INTO children(self_id, parent_id, from_parent_count, from_parent_calls, from_parent_paths, pct) VALUES(305,284,93480,21609,28,0);
INSERT INTO children(self_id, parent_id, from_parent_count, from_parent_calls, from_parent_paths, pct) VALUES(306,284,1395244,109017,0,0);
INSERT INTO children(self_id, parent_id, from_parent_count, from_parent_calls, from_parent_paths, pct) VALUES(307,306,189712,33012,0,0);
INSERT INTO children(self_id, parent_id, from_parent_count, from_parent_calls, from_parent_paths, pct) VALUES(308,307,47428,8253,60,0);
INSERT INTO children(self_id, parent_id, from_parent_count, from_parent_calls, from_parent_paths, pct) VALUES(309,307,47428,8253,60,0);
INSERT INTO children(self_id, parent_id, from_parent_count, from_parent_calls, from_parent_paths, pct) VALUES(310,307,47428,8253,60,0);
INSERT INTO children(self_id, parent_id, from_parent_count, from_parent_calls, from_parent_paths, pct) VALUES(311,307,47428,8253,60,0);
INSERT INTO children(self_id, parent_id, from_parent_count, from_parent_calls, from_parent_paths, pct) VALUES(312,306,189712,33012,0,0);
INSERT INTO children(self_id, parent_id, from_parent_count, from_parent_calls, from_parent_paths, pct) VALUES(313,312,47428,8253,60,0);
INSERT INTO children(self_id, parent_id, from_parent_count, from_parent_calls, from_parent_paths, pct) VALUES(314,312,47428,8253,60,0);
INSERT INTO children(self_id, parent_id, from_parent_count, from_parent_calls, from_parent_paths, pct) VALUES(315,312,47428,8253,60,0);
INSERT INTO children(self_id, parent_id, from_parent_count, from_parent_calls, from_parent_paths, pct) VALUES(316,312,47428,8253,60,0);
INSERT INTO children(self_id, parent_id, from_parent_count, from_parent_calls, from_parent_paths, pct) VALUES(317,306,120440,5218,0,0);
INSERT INTO children(self_id, parent_id, from_parent_count, from_parent_calls, from_parent_paths, pct) VALUES(318,317,60220,2609,51,0);
INSERT INTO children(self_id, parent_id, from_parent_count, from_parent_calls, from_parent_paths, pct) VALUES(319,317,60220,2609,51,0);
INSERT INTO children(self_id, parent_id, from_parent_count, from_parent_calls, from_parent_paths, pct) VALUES(320,306,120440,5218,0,0);
INSERT INTO children(self_id, parent_id, from_parent_count, from_parent_calls, from_parent_paths, pct) VALUES(321,320,60220,2609,51,0);
INSERT INTO children(self_id, parent_id, from_parent_count, from_parent_calls, from_parent_paths, pct) VALUES(322,320,60220,2609,51,0);
INSERT INTO children(self_id, parent_id, from_parent_count, from_parent_calls, from_parent_paths, pct) VALUES(323,306,180660,7827,0,0);
INSERT INTO children(self_id, parent_id, from_parent_count, from_parent_calls, from_parent_paths, pct) VALUES(324,323,60220,2609,51,0);
INSERT INTO children(self_id, parent_id, from_parent_count, from_parent_calls, from_parent_paths, pct) VALUES(325,323,60220,2609,51,0);
INSERT INTO children(self_id, parent_id, from_parent_count, from_parent_calls, from_parent_paths, pct) VALUES(326,323,60220,2609,51,0);
INSERT INTO children(self_id, parent_id, from_parent_count, from_parent_calls, from_parent_paths, pct) VALUES(327,306,297140,12365,0,0);
INSERT INTO children(self_id, parent_id, from_parent_count, from_parent_calls, from_parent_paths, pct) VALUES(328,327,59428,2473,51,0);
INSERT INTO children(self_id, parent_id, from_parent_count, from_parent_calls, from_parent_paths, pct) VALUES(329,327,59428,2473,51,0);
INSERT INTO children(self_id, parent_id, from_parent_count, from_parent_calls, from_parent_paths, pct) VALUES(330,327,59428,2473,51,0);
INSERT INTO children(self_id, parent_id, from_parent_count, from_parent_calls, from_parent_paths, pct) VALUES(331,327,59428,2473,51,0);
INSERT INTO children(self_id, parent_id, from_parent_count, from_parent_calls, from_parent_paths, pct) VALUES(332,327,59428,2473,51,0);
INSERT INTO children(self_id, parent_id, from_parent_count, from_parent_calls, from_parent_paths, pct) VALUES(333,306,297140,12365,0,0);
INSERT INTO children(self_id, parent_id, from_parent_count, from_parent_calls, from_parent_paths, pct) VALUES(334,333,59428,2473,51,0);
INSERT INTO children(self_id, parent_id, from_parent_count, from_parent_calls, from_parent_paths, pct) VALUES(335,333,59428,2473,51,0);
INSERT INTO children(self_id, parent_id, from_parent_count, from_parent_calls, from_parent_paths, pct) VALUES(336,333,59428,2473,51,0);
INSERT INTO children(self_id, parent_id, from_parent_count, from_parent_calls, from_parent_paths, pct) VALUES(337,333,59428,2473,51,0);
INSERT INTO children(self_id, parent_id, from_parent_count, from_parent_calls, from_parent_paths, pct) VALUES(338,333,59428,2473,51,0);
INSERT INTO mainrows(id, symbol_id, self_count, cumulative_count, kids, self_calls, total_calls, self_paths, total_paths, pct) VALUES(339, 339, 336, 336, 0, 0, 84, 4, 4, 0.0);
INSERT INTO parents(self_id, child_id, to_child_count, to_child_calls, to_child_paths, pct) VALUES(10,339,336,84,4,0);
INSERT INTO children(self_id, parent_id, from_parent_count, from_parent_calls, from_parent_paths, pct) VALUES(339,10,336,0,4,0);
INSERT INTO mainrows(id, symbol_id, self_count, cumulative_count, kids, self_calls, total_calls, self_paths, total_paths, pct) VALUES(340, 340, 36454936, 36454936, 2, 8582279, 9034534, 2720, 2720, 0.0);
INSERT INTO mainrows(id, symbol_id, self_count, cumulative_count, kids, self_calls, total_calls, self_paths, total_paths, pct) VALUES(341, 341, 36448016, 36448016, 22, 8581787, 9032804, 2706, 2706, 0.0);
INSERT INTO mainrows(id, symbol_id, self_count, cumulative_count, kids, self_calls, total_calls, self_paths, total_paths, pct) VALUES(342, 342, 1656728, 1656728, 1, 389925, 410582, 123, 123, 0.0);
INSERT INTO mainrows(id, symbol_id, self_count, cumulative_count, kids, self_calls, total_calls, self_paths, total_paths, pct) VALUES(343, 343, 25288, 25288, 0, 227, 6322, 5, 5, 0.0);
INSERT INTO mainrows(id, symbol_id, self_count, cumulative_count, kids, self_calls, total_calls, self_paths, total_paths, pct) VALUES(344, 344, 1656728, 1656728, 1, 389974, 410582, 123, 123, 0.0);
INSERT INTO mainrows(id, symbol_id, self_count, cumulative_count, kids, self_calls, total_calls, self_paths, total_paths, pct) VALUES(345, 345, 25288, 25288, 0, 227, 6322, 5, 5, 0.0);
INSERT INTO mainrows(id, symbol_id, self_count, cumulative_count, kids, self_calls, total_calls, self_paths, total_paths, pct) VALUES(346, 346, 1656728, 1656728, 1, 389913, 410582, 123, 123, 0.0);
INSERT INTO mainrows(id, symbol_id, self_count, cumulative_count, kids, self_calls, total_calls, self_paths, total_paths, pct) VALUES(347, 347, 25288, 25288, 0, 227, 6322, 5, 5, 0.0);
INSERT INTO mainrows(id, symbol_id, self_count, cumulative_count, kids, self_calls, total_calls, self_paths, total_paths, pct) VALUES(348, 348, 1656728, 1656728, 1, 389941, 410582, 123, 123, 0.0);
INSERT INTO mainrows(id, symbol_id, self_count, cumulative_count, kids, self_calls, total_calls, self_paths, total_paths, pct) VALUES(349, 349, 25288, 25288, 0, 227, 6322, 5, 5, 0.0);
INSERT INTO mainrows(id, symbol_id, self_count, cumulative_count, kids, self_calls, total_calls, self_paths, total_paths, pct) VALUES(350, 350, 1656728, 1656728, 1, 389970, 410582, 123, 123, 0.0);
INSERT INTO mainrows(id, symbol_id, self_count, cumulative_count, kids, self_calls, total_calls, self_paths, total_paths, pct) VALUES(351, 351, 25288, 25288, 0, 227, 6322, 5, 5, 0.0);
INSERT INTO mainrows(id, symbol_id, self_count, cumulative_count, kids, self_calls, total_calls, self_paths, total_paths, pct) VALUES(352, 352, 1656728, 1656728, 1, 389989, 410582, 123, 123, 0.0);
INSERT INTO mainrows(id, symbol_id, self_count, cumulative_count, kids, self_calls, total_calls, self_paths, total_paths, pct) VALUES(353, 353, 25288, 25288, 0, 227, 6322, 5, 5, 0.0);
INSERT INTO mainrows(id, symbol_id, self_count, cumulative_count, kids, self_calls, total_calls, self_paths, total_paths, pct) VALUES(354, 354, 1656728, 1656728, 1, 390885, 410582, 123, 123, 0.0);
INSERT INTO mainrows(id, symbol_id, self_count, cumulative_count, kids, self_calls, total_calls, self_paths, total_paths, pct) VALUES(355, 355, 25288, 25288, 0, 227, 6322, 5, 5, 0.0);
INSERT INTO mainrows(id, symbol_id, self_count, cumulative_count, kids, self_calls, total_calls, self_paths, total_paths, pct) VALUES(356, 356, 1656728, 1656728, 1, 389814, 410582, 123, 123, 0.0);
INSERT INTO mainrows(id, symbol_id, self_count, cumulative_count, kids, self_calls, total_calls, self_paths, total_paths, pct) VALUES(357, 357, 25288, 25288, 0, 227, 6322, 5, 5, 0.0);
INSERT INTO mainrows(id, symbol_id, self_count, cumulative_count, kids, self_calls, total_calls, self_paths, total_paths, pct) VALUES(358, 358, 1656728, 1656728, 1, 389814, 410582, 123, 123, 0.0);
INSERT INTO mainrows(id, symbol_id, self_count, cumulative_count, kids, self_calls, total_calls, self_paths, total_paths, pct) VALUES(359, 359, 25288, 25288, 0, 227, 6322, 5, 5, 0.0);
INSERT INTO mainrows(id, symbol_id, self_count, cumulative_count, kids, self_calls, total_calls, self_paths, total_paths, pct) VALUES(360, 360, 1656728, 1656728, 1, 390003, 410582, 123, 123, 0.0);
INSERT INTO mainrows(id, symbol_id, self_count, cumulative_count, kids, self_calls, total_calls, self_paths, total_paths, pct) VALUES(361, 361, 25288, 25288, 0, 227, 6322, 5, 5, 0.0);
INSERT INTO mainrows(id, symbol_id, self_count, cumulative_count, kids, self_calls, total_calls, self_paths, total_paths, pct) VALUES(362, 362, 1656728, 1656728, 1, 390016, 410582, 123, 123, 0.0);
INSERT INTO mainrows(id, symbol_id, self_count, cumulative_count, kids, self_calls, total_calls, self_paths, total_paths, pct) VALUES(363, 363, 25288, 25288, 0, 227, 6322, 5, 5, 0.0);
INSERT INTO mainrows(id, symbol_id, self_count, cumulative_count, kids, self_calls, total_calls, self_paths, total_paths, pct) VALUES(364, 364, 1656728, 1656728, 1, 389814, 410582, 123, 123, 0.0);
INSERT INTO mainrows(id, symbol_id, self_count, cumulative_count, kids, self_calls, total_calls, self_paths, total_paths, pct) VALUES(365, 365, 25288, 25288, 0, 227, 6322, 5, 5, 0.0);
INSERT INTO mainrows(id, symbol_id, self_count, cumulative_count, kids, self_calls, total_calls, self_paths, total_paths, pct) VALUES(366, 366, 1656728, 1656728, 1, 389814, 410582, 123, 123, 0.0);
INSERT INTO mainrows(id, symbol_id, self_count, cumulative_count, kids, self_calls, total_calls, self_paths, total_paths, pct) VALUES(367, 367, 25288, 25288, 0, 227, 6322, 5, 5, 0.0);
INSERT INTO mainrows(id, symbol_id, self_count, cumulative_count, kids, self_calls, total_calls, self_paths, total_paths, pct) VALUES(368, 368, 1656728, 1656728, 1, 389901, 410582, 123, 123, 0.0);
INSERT INTO mainrows(id, symbol_id, self_count, cumulative_count, kids, self_calls, total_calls, self_paths, total_paths, pct) VALUES(369, 369, 25288, 25288, 0, 227, 6322, 5, 5, 0.0);
INSERT INTO mainrows(id, symbol_id, self_count, cumulative_count, kids, self_calls, total_calls, self_paths, total_paths, pct) VALUES(370, 370, 1656728, 1656728, 1, 390028, 410582, 123, 123, 0.0);
INSERT INTO mainrows(id, symbol_id, self_count, cumulative_count, kids, self_calls, total_calls, self_paths, total_paths, pct) VALUES(371, 371, 25288, 25288, 0, 227, 6322, 5, 5, 0.0);
INSERT INTO mainrows(id, symbol_id, self_count, cumulative_count, kids, self_calls, total_calls, self_paths, total_paths, pct) VALUES(372, 372, 1656728, 1656728, 1, 389814, 410582, 123, 123, 0.0);
INSERT INTO mainrows(id, symbol_id, self_count, cumulative_count, kids, self_calls, total_calls, self_paths, total_paths, pct) VALUES(373, 373, 25288, 25288, 0, 227, 6322, 5, 5, 0.0);
INSERT INTO mainrows(id, symbol_id, self_count, cumulative_count, kids, self_calls, total_calls, self_paths, total_paths, pct) VALUES(374, 374, 1656728, 1656728, 1, 389814, 410582, 123, 123, 0.0);
INSERT INTO mainrows(id, symbol_id, self_count, cumulative_count, kids, self_calls, total_calls, self_paths, total_paths, pct) VALUES(375, 375, 25288, 25288, 0, 227, 6322, 5, 5, 0.0);
INSERT INTO mainrows(id, symbol_id, self_count, cumulative_count, kids, self_calls, total_calls, self_paths, total_paths, pct) VALUES(376, 376, 1656728, 1656728, 1, 389926, 410582, 123, 123, 0.0);
INSERT INTO mainrows(id, symbol_id, self_count, cumulative_count, kids, self_calls, total_calls, self_paths, total_paths, pct) VALUES(377, 377, 25288, 25288, 0, 227, 6322, 5, 5, 0.0);
INSERT INTO mainrows(id, symbol_id, self_count, cumulative_count, kids, self_calls, total_calls, self_paths, total_paths, pct) VALUES(378, 378, 1656728, 1656728, 1, 389926, 410582, 123, 123, 0.0);
INSERT INTO mainrows(id, symbol_id, self_count, cumulative_count, kids, self_calls, total_calls, self_paths, total_paths, pct) VALUES(379, 379, 25288, 25288, 0, 227, 6322, 5, 5, 0.0);
INSERT INTO mainrows(id, symbol_id, self_count, cumulative_count, kids, self_calls, total_calls, self_paths, total_paths, pct) VALUES(380, 380, 1656728, 1656728, 1, 390706, 410582, 123, 123, 0.0);
INSERT INTO mainrows(id, symbol_id, self_count, cumulative_count, kids, self_calls, total_calls, self_paths, total_paths, pct) VALUES(381, 381, 25288, 25288, 0, 227, 6322, 5, 5, 0.0);
INSERT INTO mainrows(id, symbol_id, self_count, cumulative_count, kids, self_calls, total_calls, self_paths, total_paths, pct) VALUES(382, 382, 1656728, 1656728, 1, 390785, 410582, 123, 123, 0.0);
INSERT INTO mainrows(id, symbol_id, self_count, cumulative_count, kids, self_calls, total_calls, self_paths, total_paths, pct) VALUES(383, 383, 25288, 25288, 0, 227, 6322, 5, 5, 0.0);
INSERT INTO mainrows(id, symbol_id, self_count, cumulative_count, kids, self_calls, total_calls, self_paths, total_paths, pct) VALUES(384, 384, 1656728, 1656728, 1, 391015, 410582, 123, 123, 0.0);
INSERT INTO mainrows(id, symbol_id, self_count, cumulative_count, kids, self_calls, total_calls, self_paths, total_paths, pct) VALUES(385, 385, 25288, 25288, 0, 227, 6322, 5, 5, 0.0);
INSERT INTO mainrows(id, symbol_id, self_count, cumulative_count, kids, self_calls, total_calls, self_paths, total_paths, pct) VALUES(386, 386, 6920, 6920, 1, 492, 1730, 14, 14, 0.0);
INSERT INTO mainrows(id, symbol_id, self_count, cumulative_count, kids, self_calls, total_calls, self_paths, total_paths, pct) VALUES(387, 387, 6920, 6920, 0, 492, 1730, 14, 14, 0.0);
INSERT INTO parents(self_id, child_id, to_child_count, to_child_calls, to_child_paths, pct) VALUES(10,340,0,0,0,0);
INSERT INTO parents(self_id, child_id, to_child_count, to_child_calls, to_child_paths, pct) VALUES(340,341,0,0,0,0);
INSERT INTO parents(self_id, child_id, to_child_count, to_child_calls, to_child_paths, pct) VALUES(341,342,1631440,404260,118,0);
INSERT INTO parents(self_id, child_id, to_child_count, to_child_calls, to_child_paths, pct) VALUES(342,343,25288,6322,5,0);
INSERT INTO parents(self_id, child_id, to_child_count, to_child_calls, to_child_paths, pct) VALUES(341,344,1631440,404260,118,0);
INSERT INTO parents(self_id, child_id, to_child_count, to_child_calls, to_child_paths, pct) VALUES(344,345,25288,6322,5,0);
INSERT INTO parents(self_id, child_id, to_child_count, to_child_calls, to_child_paths, pct) VALUES(341,346,1631440,404260,118,0);
INSERT INTO parents(self_id, child_id, to_child_count, to_child_calls, to_child_paths, pct) VALUES(346,347,25288,6322,5,0);
INSERT INTO parents(self_id, child_id, to_child_count, to_child_calls, to_child_paths, pct) VALUES(341,348,1631440,404260,118,0);
INSERT INTO parents(self_id, child_id, to_child_count, to_child_calls, to_child_paths, pct) VALUES(348,349,25288,6322,5,0);
INSERT INTO parents(self_id, child_id, to_child_count, to_child_calls, to_child_paths, pct) VALUES(341,350,1631440,404260,118,0);
INSERT INTO parents(self_id, child_id, to_child_count, to_child_calls, to_child_paths, pct) VALUES(350,351,25288,6322,5,0);
INSERT INTO parents(self_id, child_id, to_child_count, to_child_calls, to_child_paths, pct) VALUES(341,352,1631440,404260,118,0);
INSERT INTO parents(self_id, child_id, to_child_count, to_child_calls, to_child_paths, pct) VALUES(352,353,25288,6322,5,0);
INSERT INTO parents(self_id, child_id, to_child_count, to_child_calls, to_child_paths, pct) VALUES(341,354,1631440,404260,118,0);
INSERT INTO parents(self_id, child_id, to_child_count, to_child_calls, to_child_paths, pct) VALUES(354,355,25288,6322,5,0);
INSERT INTO parents(self_id, child_id, to_child_count, to_child_calls, to_child_paths, pct) VALUES(341,356,1631440,404260,118,0);
INSERT INTO parents(self_id, child_id, to_child_count, to_child_calls, to_child_paths, pct) VALUES(356,357,25288,6322,5,0);
INSERT INTO parents(self_id, child_id, to_child_count, to_child_calls, to_child_paths, pct) VALUES(341,358,1631440,404260,118,0);
INSERT INTO parents(self_id, child_id, to_child_count, to_child_calls, to_child_paths, pct) VALUES(358,359,25288,6322,5,0);
INSERT INTO parents(self_id, child_id, to_child_count, to_child_calls, to_child_paths, pct) VALUES(341,360,1631440,404260,118,0);
INSERT INTO parents(self_id, child_id, to_child_count, to_child_calls, to_child_paths, pct) VALUES(360,361,25288,6322,5,0);
INSERT INTO parents(self_id, child_id, to_child_count, to_child_calls, to_child_paths, pct) VALUES(341,362,1631440,404260,118,0);
INSERT INTO parents(self_id, child_id, to_child_count, to_child_calls, to_child_paths, pct) VALUES(362,363,25288,6322,5,0);
INSERT INTO parents(self_id, child_id, to_child_count, to_child_calls, to_child_paths, pct) VALUES(341,364,1631440,404260,118,0);
INSERT INTO parents(self_id, child_id, to_child_count, to_child_calls, to_child_paths, pct) VALUES(364,365,25288,6322,5,0);
INSERT INTO parents(self_id, child_id, to_child_count, to_child_calls, to_child_paths, pct) VALUES(341,366,1631440,404260,118,0);
INSERT INTO parents(self_id, child_id, to_child_count, to_child_calls, to_child_paths, pct) VALUES(366,367,25288,6322,5,0);
INSERT INTO parents(self_id, child_id, to_child_count, to_child_calls, to_child_paths, pct) VALUES(341,368,1631440,404260,118,0);
INSERT INTO parents(self_id, child_id, to_child_count, to_child_calls, to_child_paths, pct) VALUES(368,369,25288,6322,5,0);
INSERT INTO parents(self_id, child_id, to_child_count, to_child_calls, to_child_paths, pct) VALUES(341,370,1631440,404260,118,0);
INSERT INTO parents(self_id, child_id, to_child_count, to_child_calls, to_child_paths, pct) VALUES(370,371,25288,6322,5,0);
INSERT INTO parents(self_id, child_id, to_child_count, to_child_calls, to_child_paths, pct) VALUES(341,372,1631440,404260,118,0);
INSERT INTO parents(self_id, child_id, to_child_count, to_child_calls, to_child_paths, pct) VALUES(372,373,25288,6322,5,0);
INSERT INTO parents(self_id, child_id, to_child_count, to_child_calls, to_child_paths, pct) VALUES(341,374,1631440,404260,118,0);
INSERT INTO parents(self_id, child_id, to_child_count, to_child_calls, to_child_paths, pct) VALUES(374,375,25288,6322,5,0);
INSERT INTO parents(self_id, child_id, to_child_count, to_child_calls, to_child_paths, pct) VALUES(341,376,1631440,404260,118,0);
INSERT INTO parents(self_id, child_id, to_child_count, to_child_calls, to_child_paths, pct) VALUES(376,377,25288,6322,5,0);
INSERT INTO parents(self_id, child_id, to_child_count, to_child_calls, to_child_paths, pct) VALUES(341,378,1631440,404260,118,0);
INSERT INTO parents(self_id, child_id, to_child_count, to_child_calls, to_child_paths, pct) VALUES(378,379,25288,6322,5,0);
INSERT INTO parents(self_id, child_id, to_child_count, to_child_calls, to_child_paths, pct) VALUES(341,380,1631440,404260,118,0);
INSERT INTO parents(self_id, child_id, to_child_count, to_child_calls, to_child_paths, pct) VALUES(380,381,25288,6322,5,0);
INSERT INTO parents(self_id, child_id, to_child_count, to_child_calls, to_child_paths, pct) VALUES(341,382,1631440,404260,118,0);
INSERT INTO parents(self_id, child_id, to_child_count, to_child_calls, to_child_paths, pct) VALUES(382,383,25288,6322,5,0);
INSERT INTO parents(self_id, child_id, to_child_count, to_child_calls, to_child_paths, pct) VALUES(341,384,1631440,404260,118,0);
INSERT INTO parents(self_id, child_id, to_child_count, to_child_calls, to_child_paths, pct) VALUES(384,385,25288,6322,5,0);
INSERT INTO parents(self_id, child_id, to_child_count, to_child_calls, to_child_paths, pct) VALUES(340,386,0,0,0,0);
INSERT INTO parents(self_id, child_id, to_child_count, to_child_calls, to_child_paths, pct) VALUES(386,387,6920,1730,14,0);
INSERT INTO children(self_id, parent_id, from_parent_count, from_parent_calls, from_parent_paths, pct) VALUES(340,10,36454936,8582279,0,0);
INSERT INTO children(self_id, parent_id, from_parent_count, from_parent_calls, from_parent_paths, pct) VALUES(341,340,36448016,8581787,0,0);
INSERT INTO children(self_id, parent_id, from_parent_count, from_parent_calls, from_parent_paths, pct) VALUES(342,341,1656728,389925,118,0);
INSERT INTO children(self_id, parent_id, from_parent_count, from_parent_calls, from_parent_paths, pct) VALUES(343,342,25288,227,5,0);
INSERT INTO children(self_id, parent_id, from_parent_count, from_parent_calls, from_parent_paths, pct) VALUES(344,341,1656728,389974,118,0);
INSERT INTO children(self_id, parent_id, from_parent_count, from_parent_calls, from_parent_paths, pct) VALUES(345,344,25288,227,5,0);
INSERT INTO children(self_id, parent_id, from_parent_count, from_parent_calls, from_parent_paths, pct) VALUES(346,341,1656728,389913,118,0);
INSERT INTO children(self_id, parent_id, from_parent_count, from_parent_calls, from_parent_paths, pct) VALUES(347,346,25288,227,5,0);
INSERT INTO children(self_id, parent_id, from_parent_count, from_parent_calls, from_parent_paths, pct) VALUES(348,341,1656728,389941,118,0);
INSERT INTO children(self_id, parent_id, from_parent_count, from_parent_calls, from_parent_paths, pct) VALUES(349,348,25288,227,5,0);
INSERT INTO children(self_id, parent_id, from_parent_count, from_parent_calls, from_parent_paths, pct) VALUES(350,341,1656728,389970,118,0);
INSERT INTO children(self_id, parent_id, from_parent_count, from_parent_calls, from_parent_paths, pct) VALUES(351,350,25288,227,5,0);
INSERT INTO children(self_id, parent_id, from_parent_count, from_parent_calls, from_parent_paths, pct) VALUES(352,341,1656728,389989,118,0);
INSERT INTO children(self_id, parent_id, from_parent_count, from_parent_calls, from_parent_paths, pct) VALUES(353,352,25288,227,5,0);
INSERT INTO children(self_id, parent_id, from_parent_count, from_parent_calls, from_parent_paths, pct) VALUES(354,341,1656728,390885,118,0);
INSERT INTO children(self_id, parent_id, from_parent_count, from_parent_calls, from_parent_paths, pct) VALUES(355,354,25288,227,5,0);
INSERT INTO children(self_id, parent_id, from_parent_count, from_parent_calls, from_parent_paths, pct) VALUES(356,341,1656728,389814,118,0);
INSERT INTO children(self_id, parent_id, from_parent_count, from_parent_calls, from_parent_paths, pct) VALUES(357,356,25288,227,5,0);
INSERT INTO children(self_id, parent_id, from_parent_count, from_parent_calls, from_parent_paths, pct) VALUES(358,341,1656728,389814,118,0);
INSERT INTO children(self_id, parent_id, from_parent_count, from_parent_calls, from_parent_paths, pct) VALUES(359,358,25288,227,5,0);
INSERT INTO children(self_id, parent_id, from_parent_count, from_parent_calls, from_parent_paths, pct) VALUES(360,341,1656728,390003,118,0);
INSERT INTO children(self_id, parent_id, from_parent_count, from_parent_calls, from_parent_paths, pct) VALUES(361,360,25288,227,5,0);
INSERT INTO children(self_id, parent_id, from_parent_count, from_parent_calls, from_parent_paths, pct) VALUES(362,341,1656728,390016,118,0);
INSERT INTO children(self_id, parent_id, from_parent_count, from_parent_calls, from_parent_paths, pct) VALUES(363,362,25288,227,5,0);
INSERT INTO children(self_id, parent_id, from_parent_count, from_parent_calls, from_parent_paths, pct) VALUES(364,341,1656728,389814,118,0);
INSERT INTO children(self_id, parent_id, from_parent_count, from_parent_calls, from_parent_paths, pct) VALUES(365,364,25288,227,5,0);
INSERT INTO children(self_id, parent_id, from_parent_count, from_parent_calls, from_parent_paths, pct) VALUES(366,341,1656728,389814,118,0);
INSERT INTO children(self_id, parent_id, from_parent_count, from_parent_calls, from_parent_paths, pct) VALUES(367,366,25288,227,5,0);
INSERT INTO children(self_id, parent_id, from_parent_count, from_parent_calls, from_parent_paths, pct) VALUES(368,341,1656728,389901,118,0);
INSERT INTO children(self_id, parent_id, from_parent_count, from_parent_calls, from_parent_paths, pct) VALUES(369,368,25288,227,5,0);
INSERT INTO children(self_id, parent_id, from_parent_count, from_parent_calls, from_parent_paths, pct) VALUES(370,341,1656728,390028,118,0);
INSERT INTO children(self_id, parent_id, from_parent_count, from_parent_calls, from_parent_paths, pct) VALUES(371,370,25288,227,5,0);
INSERT INTO children(self_id, parent_id, from_parent_count, from_parent_calls, from_parent_paths, pct) VALUES(372,341,1656728,389814,118,0);
INSERT INTO children(self_id, parent_id, from_parent_count, from_parent_calls, from_parent_paths, pct) VALUES(373,372,25288,227,5,0);
INSERT INTO children(self_id, parent_id, from_parent_count, from_parent_calls, from_parent_paths, pct) VALUES(374,341,1656728,389814,118,0);
INSERT INTO children(self_id, parent_id, from_parent_count, from_parent_calls, from_parent_paths, pct) VALUES(375,374,25288,227,5,0);
INSERT INTO children(self_id, parent_id, from_parent_count, from_parent_calls, from_parent_paths, pct) VALUES(376,341,1656728,389926,118,0);
INSERT INTO children(self_id, parent_id, from_parent_count, from_parent_calls, from_parent_paths, pct) VALUES(377,376,25288,227,5,0);
INSERT INTO children(self_id, parent_id, from_parent_count, from_parent_calls, from_parent_paths, pct) VALUES(378,341,1656728,389926,118,0);
INSERT INTO children(self_id, parent_id, from_parent_count, from_parent_calls, from_parent_paths, pct) VALUES(379,378,25288,227,5,0);
INSERT INTO children(self_id, parent_id, from_parent_count, from_parent_calls, from_parent_paths, pct) VALUES(380,341,1656728,390706,118,0);
INSERT INTO children(self_id, parent_id, from_parent_count, from_parent_calls, from_parent_paths, pct) VALUES(381,380,25288,227,5,0);
INSERT INTO children(self_id, parent_id, from_parent_count, from_parent_calls, from_parent_paths, pct) VALUES(382,341,1656728,390785,118,0);
INSERT INTO children(self_id, parent_id, from_parent_count, from_parent_calls, from_parent_paths, pct) VALUES(383,382,25288,227,5,0);
INSERT INTO children(self_id, parent_id, from_parent_count, from_parent_calls, from_parent_paths, pct) VALUES(384,341,1656728,391015,118,0);
INSERT INTO children(self_id, parent_id, from_parent_count, from_parent_calls, from_parent_paths, pct) VALUES(385,384,25288,227,5,0);
INSERT INTO children(self_id, parent_id, from_parent_count, from_parent_calls, from_parent_paths, pct) VALUES(386,340,6920,492,0,0);
INSERT INTO children(self_id, parent_id, from_parent_count, from_parent_calls, from_parent_paths, pct) VALUES(387,386,6920,492,14,0);

